date,time,tara,tweight,dweight,pweight,chemical_id,MUESTRA,%Fe,%Cu,%Zn,%Mo,%Ins,pSol,CODIGO_MUESTRA
2022/12/05,15:27,109.5,1255.0,433.0,1145.5,4845.0,Rebose Hidrociclones L1,2752.0,0.512,0.005,0.02,,37.8,C_01_S01
2022/12/05,15:23,109.0,1177.5,310.5,1068.5,4846.0,Relave Final,2.394,0.058,0.0,0.005,0.0,29.06,C_01_S03
2022/12/05,15:38,110.0,1027.0,234.5,917.0,4847.0,Concentrado Colectivo,31.31,22.19,0.111,0.93,10.56,25.57,C_01_S10
2022/12/05,15:25,110.0,1205.5,325.5,1095.5,4848.0,Concentrado Primario L1,25.65,12.44,0.067,0.545,29.9,29.71,C_01_S15
2022/12/07,12:04,109.5,1230.0,415.5,1120.5,4851.0,Rebose Hidrociclones L1,2596.0,0.481,0.004,0.017,,37.08,C_01_S01
2022/12/07,12:06,110.0,1210.0,372.5,1100.0,4852.0,Relave Final,2.377,0.072,0.0,0.005,0.0,33.86,C_01_S03
2022/12/07,12:08,109.0,964.5,163.5,855.5,4853.0,Concentrado Colectivo,29.19,26.77,0.081,1.18,10.0,19.11,C_01_S10
2022/12/07,12:10,111.5,1176.0,319.0,1064.5,4854.0,Concentrado Primario L1,24.27,15.22,0.056,0.69,29.54,29.97,C_01_S15
2022/12/09,10:50,109.5,1206.0,386.0,1096.5,4859.0,Rebose Hidrociclones L1,2.648,0.512,0.003,0.014,,35.2,C_01_S01
2022/12/09,10:54,109.0,1168.0,326.0,1059.0,4860.0,Relave Final,2.089,0.045,0.0,0.005,0.0,30.78,C_01_S03
2022/12/09,10:52,110.0,966.0,213.5,856.0,4861.0,Concentrado Colectivo,31.11,23.491,0.057,0.736,11.16,24.94,C_01_S10
2022/12/09,10:55,109.0,1249.0,453.0,1140.0,4862.0,Concentrado Primario L2,27.5,16.057,0.036,0.384,25.1,39.74,C_01_S14
2022/12/09,10:58,110.0,1112.0,223.5,1002.0,4863.0,Concentrado Primario L1,24.79,13.679,0.036,0.368,30.68,22.31,C_01_S15
2022/12/14,10:20,109.5,1216.0,360.0,1106.5,4878.0,Rebose Hidrociclones L1,2.459,0.421,0.003,0.016,,32.54,C_01_S01
2022/12/14,10:16,109.0,1165.0,315.0,1056.0,4879.0,Relave Final,2.068,0.049,0.0,0.002,0.0,29.83,C_01_S03
2022/12/14,10:21,110.0,1070.0,283.5,960.0,4880.0,Concentrado Colectivo,29.49,24.331,0.068,1.03,10.1,29.53,C_01_S10
2022/12/14,10:23,109.0,1219.0,362.0,1110.0,4881.0,Concentrado Primario L2,27.84,16.188,0.058,0.67,22.4,32.61,C_01_S14
2022/12/14,10:25,110.0,1192.0,310.5,1082.0,4882.0,Concentrado Primario L1,27.27,14.201,0.054,0.62,24.24,28.7,C_01_S15
19-Dec-22,12:29,110.0,1136.0,181.5,1026.0,4887.0,Rebose Hidrociclones L2,2.591,0.612,0.003,0.015,,17.69,C_01_S02
2022/12/19,12:23,109.0,1242.0,388.5,1133.0,4888.0,Relave Final,1.832,0.048,0.0,0.002,0.0,34.29,C_01_S03
2022/12/19,12:31,110.0,1004.0,217.5,894.0,4889.0,Concentrado Colectivo,30.57,24.726,0.079,0.9,9.06,24.33,C_01_S10
2022/12/19,12:22,109.0,904.0,316.0,795.0,4890.0,Concentrado Primario L2,27.86,12.116,0.045,0.42,24.26,39.75,C_01_S14
2022/12/19,12:25,110.0,1179.5,293.0,1069.5,4891.0,Concentrado Primario L1,28.44,13.208,0.055,0.53,22.6,27.4,C_01_S15
2022/12/21,11:29,108.0,1327.5,520.5,1219.5,4895.0,Rebose Hidrociclones L1,2.635,0.484,0.005,0.014,,42.68,C_01_S01
21-Dec-22,11:32,109.0,1300.0,475.5,1191.0,4896.0,Rebose Hidrociclones L2,2.829,0.598,0.005,0.017,,39.92,C_01_S02
2022/12/21,11:26,110.0,1260.0,410.5,1150.0,4897.0,Relave Final,2.202,0.055,0.0,0.003,0.0,35.7,C_01_S03
2022/12/21,11:33,109.0,1019.0,236.0,910.0,4898.0,Concentrado Colectivo,28.18,25.92,0.112,1.09,11.78,25.93,C_01_S10
2022/12/21,11:35,109.5,1254.5,447.5,1145.0,4899.0,Concentrado Primario L2,25.82,17.88,0.092,0.66,24.46,39.08,C_01_S14
2022/12/21,11:37,111.5,1269.0,403.0,1157.5,4900.0,Concentrado Primario L1,27.9,14.5,0.092,0.63,23.66,34.82,C_01_S15
2022/12/26,11:52,108.0,1143.0,394.0,1035.0,4905.0,Rebose Hidrociclones L1,2.361,0.394,0.003,0.023,,38.07,C_01_S01
26-Dec-22,11:58,110.0,1195.0,427.0,1085.0,4906.0,Rebose Hidrociclones L2,2.385,0.518,0.003,0.027,,39.35,C_01_S02
2022/12/26,11:55,109.0,1134.0,338.0,1025.0,4907.0,Relave Final,2.153,0.044,0.0,0.003,0.0,32.98,C_01_S03
2022/12/26,11:53,110.0,933.5,230.0,823.5,4908.0,Concentrado Colectivo,27.8,23.97,0.072,1.35,13.16,27.93,C_01_S10
2022/12/26,12:00,109.0,1176.5,402.0,1067.5,4909.0,Concentrado Primario L2,25.28,16.48,0.05,0.92,26.6,37.66,C_01_S14
2022/12/26,11:57,109.5,983.5,101.5,874.0,4910.0,Concentrado Primario L1,21.59,14.58,0.046,0.877,34.24,11.61,C_01_S15
2022/12/28,9:54,112.0,1296.5,474.5,1184.5,4914.0,Rebose Hidrociclones L1,2.112,0.478,0.004,0.032,,40.06,C_01_S01
28-Dec-22,9:59,109.0,1319.5,516.5,1210.5,4915.0,Rebose Hidrociclones L2,2.129,0.568,0.004,0.037,,42.67,C_01_S02
2022/12/28,10:02,110.0,1226.0,346.5,1116.0,4916.0,Relave Final,1.688,0.059,0.0,0.008,0.0,31.05,C_01_S03
2022/12/28,9:56,109.0,1015.0,230.5,906.0,4917.0,Concentrado Colectivo,26.84,27.01,0.261,1.56,10.52,25.44,C_01_S10
2022/12/28,9:52,109.5,1160.0,312.0,1050.5,4918.0,Concentrado Primario L2,23.14,18.34,0.176,1.08,27.02,29.7,C_01_S14
2022/12/28,10:01,111.5,1086.0,172.5,974.5,4919.0,Concentrado Primario L1,22.73,17.15,0.176,1.03,29.04,17.7,C_01_S15
2023/01/02,11:44,112.0,1225.0,384.0,1113.0,4922.0,Rebose Hidrociclones L1,2.65,0.369,0.006,0.02,,34.5,C_01_S01
02-Jan-23,11:58,109.0,1088.0,169.0,979.0,4923.0,Rebose Hidrociclones L2,3.367,0.405,0.006,0.022,,17.26,C_01_S02
2023/01/02,11:48,110.0,1185.5,339.0,1075.5,4924.0,Relave Final,2.424,0.05,0.0,0.005,0.0,31.52,C_01_S03
2023/01/02,11:57,109.0,983.5,158.5,874.5,4925.0,Concentrado Colectivo,30.11,24.48,0.204,1.156,8.68,18.12,C_01_S10
2023/01/02,11:53,109.5,1238.5,384.0,1129.0,4926.0,Concentrado Primario L2,26.66,13.53,0.122,0.745,25.9,34.01,C_01_S14
2023/01/02,11:50,111.5,902.5,107.0,791.0,4927.0,Concentrado Primario L1,22.61,13.93,0.128,0.798,33.1,13.53,C_01_S15
2023/01/04,10:52,108.0,1266.0,371.5,1158.0,4931.0,Rebose Hidrociclones L1,2.524,0.312,0.003,0.03,,32.08,C_01_S01
2023/01/04,10:48,109.0,1113.0,190.5,1004.0,4932.0,Relave Final,3.295,0.053,0.0,0.006,0.0,18.97,C_01_S03
2023/01/04,10:54,110.0,949.0,131.5,839.0,4933.0,Concentrado Colectivo,28.97,22.39,0.084,2.248,11.32,15.67,C_01_S10
2023/01/09,11:14,108.0,1157.5,247.5,1049.5,4937.0,Rebose Hidrociclones L1,2.135,0.366,0.003,0.025,0.0,23.58,C_01_S01
2023/01/09,11:10,109.0,1240.5,360.5,1131.5,4938.0,Relave Final,1.775,0.034,0.0,0.003,0.0,31.86,C_01_S03
2023/01/09,11:03,110.0,1013.0,241.0,903.0,4939.0,Concentrado Colectivo,30.28,23.57,0.094,1.49,9.28,26.69,C_01_S10
2023/01/11,15:19,108.0,1306.0,466.0,1198.0,4943.0,Rebose Hidrociclones L1,2.247,0.361,0.004,0.02,0.0,38.9,C_01_S01
2023/01/11,15:22,109.0,1180.0,260.0,1071.0,4944.0,Relave Final,2.041,0.036,0.0,0.004,0.0,24.28,C_01_S03
2023/01/11,15:24,110.0,1056.0,293.0,946.0,4945.0,Concentrado Colectivo,28.88,23.57,0.166,1.08,7.86,30.97,C_01_S10
2023/01/11,15:25,109.0,1251.5,454.0,1142.5,4946.0,Concentrado Primario L2,24.34,16.48,0.107,0.81,22.36,39.74,C_01_S14
2023/01/16,22:24,108.0,1249.0,357.5,1141.0,4954.0,Rebose Hidrociclones L1,3.378,0.302,0.004,0.011,0.0,31.33,C_01_S01
16-Jan-23,22:17,110.0,1160.0,221.5,1050.0,4955.0,Rebose Hidrociclones L2,3.545,0.315,0.004,0.012,0.0,21.1,C_01_S02
2023/01/16,22:08,110.0,1198.0,290.5,1088.0,4956.0,Relave Final,2.762,0.032,0.0,0.002,0.0,26.7,C_01_S03
2023/01/16,22:12,109.0,931.0,106.0,822.0,4957.0,Concentrado Colectivo,31.25,22.6,0.159,0.924,6.62,12.9,C_01_S10
18-Jan-23,9:43,110.0,1290.5,432.0,1180.5,4963.0,Rebose Hidrociclones L2,3.632,0.3,0.005,0.016,0.0,36.59,C_01_S02
2023/01/18,9:45,110.0,1197.0,285.5,1087.0,4964.0,Relave Final,3.276,0.039,0.0,0.003,0.0,26.26,C_01_S03
2023/01/18,9:47,109.0,969.0,149.5,860.0,4965.0,Concentrado Colectivo,30.09,22.698,0.244,1.46,8.24,17.38,C_01_S10
2023/01/18,9:49,109.5,1225.0,407.5,1115.5,4966.0,Concentrado Primario L2,29.21,13.48,0.14,0.776,17.94,36.53,C_01_S14
2023/01/23,10:41,108.0,1269.5,415.5,1161.5,4975.0,Rebose Hidrociclones L1,2.975,0.319,0.003,0.015,0.0,35.77,C_01_S01
23-Jan-23,10:43,109.0,1304.0,462.5,1195.0,4976.0,Rebose Hidrociclones L2,3.105,0.35,0.003,0.016,0.0,38.7,C_01_S02
2023/01/23,10:46,110.0,1197.0,289.0,1087.0,4977.0,Relave Final,2.684,0.043,0.0,0.003,0.0,26.59,C_01_S03
2023/01/23,10:48,109.0,960.5,146.5,851.5,4978.0,Concentrado Colectivo,30.89,25.873,0.129,1.2,5.36,17.2,C_01_S10
2023/01/23,10:49,109.0,1288.0,484.5,1179.0,4979.0,Concentrado Primario L2,30.17,14.516,0.071,0.7,20.16,41.09,C_01_S14
2023/01/25,10:51,109.5,1244.0,350.0,1134.5,4984.0,Rebose Hidrociclones L1,3.56,0.449,0.006,0.013,0.0,30.85,C_01_S01
25-Jan-23,11.06,110.0,1302.0,435.5,1192.0,4985.0,Rebose Hidrociclones L2,3.525,0.545,0.006,0.015,0.0,36.54,C_01_S02
2023/01/25,10:41,109.0,1189.5,271.5,1080.5,4986.0,Relave Final,3.09,0.07,0.0,0.003,0.0,25.13,C_01_S03
2023/01/25,10:45,110.0,984.0,130.0,874.0,4987.0,Concentrado Colectivo,31.57,29.625,0.193,0.829,4.08,14.87,C_01_S10
2023/01/25,10:43,110.0,1316.5,470.5,1206.5,4988.0,Concentrado Primario L2,31.44,17.479,0.111,0.542,17.12,39.0,C_01_S14
2023/01/27,10:42,108.0,1312.0,465.0,1204.0,4989.0,Rebose Hidrociclones L1,3.019,0.345,0.004,0.016,0.0,38.62,C_01_S01
27-Jan-23,10:45,109.0,1322.5,490.5,1213.5,4990.0,Rebose Hidrociclones L2,2.786,0.512,0.005,0.02,0.0,40.42,C_01_S02
2023/01/27,10:47,110.0,1176.0,239.0,1066.0,4991.0,Relave Final,2.64,0.044,0.0,0.004,0.0,22.42,C_01_S03
2023/01/27,10:49,109.0,1026.0,214.0,917.0,4992.0,Concentrado Colectivo,32.88,21.923,0.162,0.969,8.68,23.34,C_01_S10
2023/01/27,11:24,109.0,902.0,222.0,793.0,4993.0,Concentrado Primario L2,31.02,14.911,0.104,0.66,19.2,27.99,C_01_S14
30-Jan-23,11:42,110.0,1312.5,485.0,1202.5,4994.0,Rebose Hidrociclones L2,2.507,0.469,0.004,0.024,0.0,40.33,C_01_S02
2023/01/30,11:51,110.0,1049.0,268.0,939.0,4995.0,Concentrado Colectivo,32.41,20.384,0.106,1.148,8.36,28.54,C_01_S10
2023/01/30,11:52,110.0,1329.0,513.5,1219.0,4996.0,Concentrado Primario L2,32.04,10.29,0.052,0.559,19.8,42.12,C_01_S14
2023/02/01,11:46,112.5,1281.0,397.0,1168.5,5000.0,Rebose Hidrociclones L1,2.704,0.428,0.004,0.017,0.0,33.98,C_01_S01
01-Feb-23,11:49,112.0,1176.0,232.5,1064.0,5001.0,Rebose Hidrociclones L2,3.869,0.821,0.006,0.036,0.0,21.85,C_01_S02
2023/02/01,11:51,109.5,1169.5,210.5,1060.0,5002.0,Relave Final,3.261,0.055,0.0,0.002,0.0,19.86,C_01_S03
2023/02/01,11:53,111.0,1008.0,223.0,897.0,5003.0,Concentrado Colectivo,31.55,19.969,0.105,0.99,10.8,24.86,C_01_S10
2023/02/01,11:55,109.5,1261.0,409.0,1151.5,5004.0,Concentrado Primario L2,31.34,13.969,0.076,0.597,17.8,35.52,C_01_S14
2023/02/06,11:47,109.5,1174.5,347.5,1065.0,5011.0,Rebose Hidrociclones L1,2.456,0.376,0.005,0.019,0.0,32.63,C_01_S01
06-Feb-23,11:43,110.0,1206.0,393.5,1096.0,5012.0,Rebose Hidrociclones L2,2.641,0.702,0.007,0.029,0.0,35.9,C_01_S02
2023/02/06,11:41,109.0,1019.0,112.5,910.0,5013.0,Relave Final,2.235,0.04,0.003,0.004,0.0,12.36,C_01_S03
2023/02/06,11:52,110.0,961.5,224.0,851.5,5014.0,Concentrado Colectivo,30.0,23.01,0.203,1.32,10.26,26.31,C_01_S10
2023/02/08,11:31,108.0,1114.0,440.0,1006.0,5018.0,Rebose Hidrociclones L1,3.04,0.469,0.005,0.021,0.0,43.74,C_01_S01
08-Feb-23,11:27,109.0,1121.5,478.5,1012.5,5019.0,Rebose Hidrociclones L2,2.641,0.428,0.005,0.018,0.0,47.26,C_01_S02
2023/02/08,11:25,110.0,1167.0,233.5,1057.0,5020.0,Relave Final,2.383,0.064,0.003,0.003,0.0,22.09,C_01_S03
2023/02/08,11:32,109.0,1036.0,209.5,927.0,5021.0,Concentrado Colectivo,29.44,26.52,0.139,1.065,8.84,22.6,C_01_S10
2023/02/08,11:43,109.0,987.5,402.0,878.5,5022.0,Concentrado Primario L2,24.79,16.92,0.098,0.715,26.2,45.76,C_01_S14
2023/02/10,11:12,109.5,1301.5,141.0,1192.0,5023.0,Rebose Hidrociclones L1,2.727,0.573,0.005,0.02,0.0,11.83,C_01_S01
10-Feb-23,11:14,110.0,1319.0,152.5,1209.0,5024.0,Rebose Hidrociclones L2,2.824,0.591,0.005,0.022,0.0,12.61,C_01_S02
2023/02/10,11:17,109.0,1159.5,255.0,1050.5,5025.0,Relave Final,2.402,0.074,0.002,0.002,0.0,24.27,C_01_S03
2023/02/10,11:19,110.0,1020.5,252.0,910.5,5026.0,Concentrado Colectivo,28.71,25.07,0.125,1.263,11.56,27.68,C_01_S10
2023/02/10,11:29,110.0,1232.0,194.5,1122.0,5027.0,Concentrado Primario L2,23.76,12.04,0.071,0.6,34.16,17.34,C_01_S14
2023/02/13,11:22,108.0,1229.5,399.0,1121.5,5031.0,Rebose Hidrociclones L1,3.476,0.443,0.005,0.015,0.0,35.58,C_01_S01
13-Feb-23,11:25,109.0,1234.0,428.5,1125.0,5032.0,Rebose Hidrociclones L2,3.252,0.474,0.004,0.015,0.0,38.09,C_01_S02
2023/02/13,11:16,110.0,1159.0,271.0,1049.0,5033.0,Relave Final,3.402,0.071,0.002,0.003,0.0,25.83,C_01_S03
2023/02/13,11:47,111.5,1234.5,399.0,1123.0,5034.0,Concentrado Primario L2,26.04,15.67,0.0,0.601,25.46,35.53,C_01_S14
2023/02/15,15:36,108.0,1250.0,420.5,1142.0,5038.0,Rebose Hidrociclones L1,3.31,0.448,0.008,0.006,0.0,36.82,C_01_S01
15-Feb-23,15:39,109.0,1242.0,403.5,1133.0,5039.0,Rebose Hidrociclones L2,3.342,0.58,0.009,0.008,0.0,35.61,C_01_S02
2023/02/15,15:33,110.0,1153.5,270.5,1043.5,5040.0,Relave Final,2.934,0.054,0.0,0.001,0.0,25.92,C_01_S03
2023/02/15,15:41,109.0,1127.0,390.5,1018.0,5041.0,Concentrado Colectivo,28.74,22.37,0.267,0.489,13.84,38.36,C_01_S10
2023/02/15,15:42,109.0,1234.5,402.5,1125.5,5042.0,Concentrado Primario L2,25.19,13.98,0.161,0.261,29.4,35.76,C_01_S14
2023/02/17,10:59,108.0,1236.5,348.5,1128.5,5045.0,Rebose Hidrociclones L1,3.495,0.411,0.005,0.012,0.0,30.88,C_01_S01
17-Feb-23,10:51,109.0,1276.0,397.5,1167.0,5046.0,Rebose Hidrociclones L2,3.643,0.563,0.006,0.013,0.0,34.06,C_01_S02
2023/02/17,10:49,110.0,1209.5,276.0,1099.5,5047.0,Relave Final,3.065,0.048,0.0,0.002,0.0,25.1,C_01_S03
2023/02/17,10:53,109.0,1015.5,208.0,906.5,5048.0,Concentrado Colectivo,29.99,22.77,0.186,0.628,10.34,22.95,C_01_S10
2023/02/17,10:55,109.0,1255.0,406.5,1146.0,5049.0,Concentrado Primario L2,27.11,14.08,0.109,0.394,25.22,35.47,C_01_S14
2023/02/20,11:34,108.0,1289.0,434.0,1181.0,5052.0,Rebose Hidrociclones L1,3.637,0.353,0.01,0.004,0.0,36.75,C_01_S01
2023/02/20,11:36,110.0,1242.0,333.0,1132.0,5053.0,Relave Final,3.419,0.04,0.0,0.001,0.0,29.42,C_01_S03
2023/02/20,11:38,109.0,1015.0,214.0,906.0,5054.0,Concentrado Colectivo,28.87,24.47,0.392,0.31,8.96,23.62,C_01_S10
2023/02/20,11:40,109.0,1250.5,402.5,1141.5,5055.0,Concentrado Primario L2,25.75,13.28,0.264,0.181,26.02,35.26,C_01_S14
2023/02/22,10:34,108.0,1243.5,412.5,1135.5,5056.0,Rebose Hidrociclones L1,3.21,0.361,0.006,0.007,0.0,36.33,C_01_S01
22-Feb-23,10:37,109.0,1281.5,441.5,1172.5,5057.0,Rebose Hidrociclones L2,3.253,0.401,0.007,0.008,0.0,37.65,C_01_S02
2023/02/22,10:31,110.0,1204.5,322.5,1094.5,5058.0,Relave Final,2.986,0.041,0.0,0.002,0.0,29.47,C_01_S03
2023/02/22,10:49,109.0,976.0,178.5,867.0,5059.0,Concentrado Colectivo,29.71,25.17,0.306,0.504,6.86,20.59,C_01_S10
2023/02/22,10:38,109.0,1209.0,380.0,1100.0,5060.0,Concentrado Primario L2,27.64,14.58,0.175,0.326,21.86,34.55,C_01_S14
2023/02/24,11:25,108.0,1152.5,199.5,1044.5,5063.0,Rebose Hidrociclones L1,4.655,0.377,0.017,0.013,0.0,19.1,C_01_S01
24-Feb-23,11:27,109.0,1302.0,443.5,1193.0,5064.0,Rebose Hidrociclones L2,4.161,0.429,0.017,0.015,0.0,37.18,C_01_S02
2023/02/24,11:17,110.0,1205.5,287.0,1095.5,5065.0,Relave Final,4.082,0.044,0.0,0.002,0.0,26.2,C_01_S03
2023/02/24,11:23,109.0,999.5,176.5,890.5,5066.0,Concentrado Colectivo,29.0,22.97,0.802,1.111,10.86,19.82,C_01_S10
2023/02/24,11:25,109.0,1251.5,432.0,1142.5,5067.0,Concentrado Primario L2,27.64,11.89,0.467,0.542,24.68,37.81,C_01_S14
2023/02/27,18:18,109.5,1318.5,446.5,1209.0,5071.0,Rebose Hidrociclones L1,3.816,0.368,0.016,0.016,0.0,36.93,C_01_S01
27-Feb-23,18:20,110.0,1336.5,489.0,1226.5,5072.0,Rebose Hidrociclones L2,3.882,0.391,0.017,0.018,0.0,39.87,C_01_S02
2023/02/27,18:15,109.0,1278.5,417.5,1169.5,5073.0,Relave Final,3.209,0.051,0.0,0.003,0.0,35.7,C_01_S03
2023/02/27,18:25,111.0,1115.0,332.0,1004.0,5074.0,Concentrado Colectivo,30.92,20.4,0.286,0.974,10.18,33.07,C_01_S10
2023/02/27,18:23,110.0,1299.5,467.5,1189.5,5075.0,Concentrado Primario L2,28.32,14.63,0.227,0.688,10.3,39.3,C_01_S14
01-Mar-23,10:50,109.0,1336.0,498.0,1227.0,5076.0,Rebose Hidrociclones L2,3.128,0.417,0.52,0.016,0.0,40.59,C_01_S02
2023/03/01,10:48,110.0,1222.5,300.5,1112.5,5077.0,Relave Final,3.514,0.074,0.0,0.004,0.0,27.01,C_01_S03
2023/03/01,11:58,109.0,1362.0,123.5,1253.0,5078.0,Concentrado Colectivo,30.37,24.38,0.248,1.022,6.3,9.86,C_01_S10
2023/03/01,10:52,109.0,815.5,553.5,706.5,5079.0,Concentrado Primario L2,27.53,9.65,0.246,0.415,19.96,78.34,C_01_S14
03-Mar-23,10:35,108.0,1102.5,84.5,994.5,5082.0,Rebose Hidrociclones L2,8.76,0.382,0.011,0.009,,8.5,C_01_S02
03-Mar-23,10:30,109.0,1115.5,100.0,1006.5,5083.0,Rebose Hidrociclones L2,7.888,0.582,0.011,0.012,,9.94,C_01_S02
2023/03/03,10:33,110.0,1220.5,251.5,1110.5,5084.0,Relave Final,4368.0,0.049,,0.002,,22.65,C_01_S03
2023/03/03,10:29,109.0,1066.5,252.0,957.5,5085.0,Concentrado Colectivo,30.72,23.88,0.303,0.67,8.28,26.32,C_01_S10
2023/03/03,10:32,109.0,1169.5,247.5,1060.5,5086.0,Concentrado Primario L2,31.5,8.96,0.135,0.241,21.98,23.34,C_01_S14
2023/03/06,12:36,108.0,1266.5,372.0,1158.5,5090.0,Rebose Hidrociclones L1,2946.0,0.423,0.008,0.009,,32.11,C_01_S01
06-Mar-23,12:20,109.0,1303.5,419.5,1194.5,5091.0,Rebose Hidrociclones L2,3.017,0.449,0.009,0.009,,35.12,C_01_S02
2023/03/06,12:17,110.0,1159.5,172.5,1049.5,5092.0,Relave Final,4926.0,0.037,,0.002,,16.44,C_01_S03
2023/03/06,12:25,109.0,952.0,103.0,843.0,5093.0,Concentrado Colectivo,32.77,25.17,0.377,0.395,6.26,12.22,C_01_S10
2023/03/06,12:31,109.0,1155.5,249.5,1046.5,5094.0,Concentrado Primario L2,28.4,15.92,0.213,0.314,21.06,23.84,C_01_S14
2023/03/08,11:28,108.0,1249.0,422.0,1141.0,5098.0,Rebose Hidrociclones L1,3088.0,0.376,0.006,0.011,,36.99,C_01_S01
08-Mar-23,11:25,109.0,1247.5,420.5,1138.5,5099.0,Rebose Hidrociclones L2,3.219,0.412,0.007,0.011,,36.93,C_01_S02
2023/03/08,11:22,110.0,1192.0,331.5,1082.0,5100.0,Relave Final,2701.0,0.044,,0.002,,30.64,C_01_S03
2023/03/08,11:32,109.0,987.0,170.0,878.0,5101.0,Concentrado Colectivo,28.72,23.32,0.251,0.8,9.72,19.36,C_01_S10
2023/03/08,11:30,109.0,1282.0,436.0,1173.0,5102.0,Concentrado Primario L2,26.73,14.03,0.167,0.442,23.82,37.17,C_01_S14
2023/03/13,12:34,108.0,1129.5,375.0,1021.5,5103.0,Rebose Hidrociclones L1,2969.0,0.342,0.01,0.012,,36.71,C_01_S01
13-Mar-23,12:20,111.5,1237.5,440.0,1126.0,5104.0,Rebose Hidrociclones L2,3.875,0.387,0.012,0.012,,39.08,C_01_S02
2023/03/13,12:22,109.0,1072.5,329.5,963.5,5105.0,Concentrado Colectivo,30.03,22.86,0.355,0.722,10.1,34.2,C_01_S10
2023/03/13,12:24,109.0,1013.0,329.0,904.0,5106.0,Concentrado Primario L2,27.1,13.49,0.274,0.464,24.82,36.39,C_01_S14
15-Mar-23,11:11,108.0,1192.0,305.5,1084.0,5110.0,Rebose Hidrociclones L2,3.164,0.364,0.005,0.022,,28.18,C_01_S02
2023/03/15,11:14,111.5,1280.5,482.0,1169.0,5111.0,Rebose Hidrociclones L1,2842.0,0.506,0.004,0.026,,41.23,C_01_S01
2023/03/15,11:08,110.0,1116.0,204.0,1006.0,5112.0,Relave Final,2.59,0.05,0.002,0.004,,20.28,C_01_S03
2023/03/15,12:22,109.0,1000.0,252.5,891.0,5113.0,Concentrado Colectivo,28.17,25.02,0.122,1.33,11.48,28.34,C_01_S10
2023/03/15,11:16,109.0,1218.0,407.0,1109.0,5114.0,Concentrado Primario L2,24.18,16.14,0.083,0.931,27.4,36.7,C_01_S14
17-Mar,17:15,,,,,,,,,,,,,
17-Mar-23,17:18,110.0,1247.0,417.0,1137.0,5081.0,Rebose Hidrociclones L2,2.777,0.539,0.005,0.022,,36.68,C_01_S02
2023/03/17,17:22,109.0,1164.0,320.0,1055.0,5082.0,Relave Final,2574.0,0.052,,0.003,,30.33,C_01_S03
2023/03/17,17:20,110.0,1034.0,231.0,924.0,5083.0,Concentrado Colectivo,28.92,26.37,0.153,1.07,7.82,25.0,C_01_S10
2023/03/17,17:17,109.5,698.0,243.0,588.5,5084.0,Concentrado Primario L2,27.39,16.18,0.085,0.69,21.2,41.29,C_01_S14
22-Mar-23,16:48,108.0,1181.0,294.0,1073.0,5126.0,Rebose Hidrociclones L2,2.302,0.433,0.005,0.019,,27.4,C_01_S02
2023/03/22,17:28,110.0,1238.0,403.0,1128.0,5127.0,Rebose Hidrociclones L1,2618.0,0.407,0.005,0.017,,35.73,C_01_S01
2023/03/22,16:44,109.0,1069.0,88.0,960.0,5128.0,Relave Final,6437.0,0.061,0.004,0.004,,9.17,C_01_S03
2023/03/22,16:43,109.0,832.5,195.0,723.5,5129.0,Concentrado Colectivo,31.56,23.44,0.144,1.336,6.9,26.95,C_01_S10
2023/03/22,16:54,111.5,1237.0,400.0,1125.5,5130.0,Concentrado Primario L2,30.39,11.12,0.11,0.646,22.08,35.54,C_01_S14
2023/03/24,12:26,108.0,937.5,286.0,829.5,5135.0,Rebose Hidrociclones L1,3.751,0.458,0.007,0.011,,34.48,C_01_S01
2023/03/24,12:31,109.0,968.0,236.5,859.0,5136.0,Relave Final,3.144,0.063,0.003,0.003,,27.53,C_01_S03
2023/03/24,12:33,109.0,897.0,211.5,788.0,5137.0,Concentrado Colectivo,33.42,22.123,0.186,0.536,5.48,26.84,C_01_S10
2023/03/24,12:35,111.5,1169.5,427.0,1058.0,5138.0,Concentrado Primario L1,33.4,9.489,0.104,0.271,18.84,40.36,C_01_S15
27-Mar-23,11:21,109.5,1102.0,136.5,992.5,5142.0,Rebose Hidrociclones L2,5.973,0.335,0.006,0.011,,13.75,C_01_S02
2023/03/27,11:09,110.0,1292.0,472.5,1182.0,5143.0,Rebose Hidrociclones L1,3.243,0.445,0.006,0.011,,39.97,C_01_S01
2023/03/27,11:05,110.0,1144.5,236.5,1034.5,5144.0,Relave Final,2.545,0.062,0.002,0.003,,22.86,C_01_S03
2023/03/27,11:07,110.0,1046.5,267.0,936.5,5145.0,Concentrado Colectivo,32.31,22.373,,0.811,7.22,28.51,C_01_S10
2023/03/29,11:33,108.0,1276.0,436.5,1168.0,5146.0,Rebose Hidrociclones L1,3.549,0.358,0.005,0.011,,37.37,C_01_S01
29-Mar-23,11:30,110.0,1285.5,454.5,1175.5,5147.0,Rebose Hidrociclones L2,3.646,0.387,0.007,0.01,,38.66,C_01_S02
2023/03/29,11:27,109.0,1194.0,315.5,1085.0,5148.0,Relave Final,2.645,0.053,0.002,0.021,,29.08,C_01_S03
2023/03/29,11:35,109.0,1040.0,252.5,931.0,5149.0,Concentrado Colectivo,30.24,24.68,0.219,0.774,6.0,27.12,C_01_S10
2023/04/10,12:19,109.5,1293.5,433.5,1184.0,,,,,,,,36.61,
2023/04/10,12:21,110.0,1243.5,384.0,1133.5,,,,,,,,33.88,
2023/04/10,12:23,110.0,995.5,160.5,885.5,,,,,,,,18.13,
2023/04/10,12:25,109.0,987.5,26.0,878.5,,,,,,,,2.96,
2023/04/10,12:28,111.5,1012.0,60.0,900.5,,,,,,,,6.66,
2023/04/14,11:26,109.5,1324.0,441.5,1214.5,5158.0,Rebose Hidrociclones L1,3.64,0.51,0.008,0.027,0.0,36.35,C_01_S01
2023/04/14,10:55,110.0,1230.0,318.0,1120.0,5159.0,Relave Final,2.924,0.06,0.004,0.005,0.0,28.39,C_01_S03
2023/04/14,10:57,110.0,1017.0,200.0,907.0,5160.0,Concentrado Colectivo,29.86,25.18,0.177,1.44,9.44,22.05,C_01_S10
2023/04/14,10:58,109.0,996.0,57.0,887.0,5161.0,Concentrado Primario L2,27.59,20.23,0.152,1.032,18.56,6.43,C_01_S14
2023/04/14,11:01,111.5,1132.5,213.5,1021.0,5162.0,Concentrado Primario L1,26.26,13.85,0.0,0.853,27.8,20.91,C_01_S15
2023/04/17,16:01,108.0,1325.0,492.0,1217.0,5166.0,Rebose Hidrociclones L1,1.96,0.42,0.007,0.028,84.35,40.43,C_01_S01
2023/04/17,16:07,109.5,1221.5,310.5,1112.0,5167.0,Relave Final,1.22,0.073,0.002,0.008,85.95,27.92,C_01_S03
2023/04/17,16:13,109.0,994.5,179.5,885.5,5168.0,Concentrado Colectivo,25.24,27.56,0.149,1.51,8.02,20.27,C_01_S10
2023/04/17,16:11,109.5,1007.0,81.5,897.5,5169.0,Concentrado Primario L2,25.56,17.51,0.115,0.8,24.14,9.08,C_01_S14
2023/04/17,16:09,111.0,1030.0,106.0,919.0,5170.0,Concentrado Primario L1,25.04,15.224,0.0,0.76,27.48,11.53,C_01_S15
2023/04/19,10:34,109.5,1191.5,290.0,1082.0,5174.0,Rebose Hidrociclones L1,3.792,0.293,0.005,0.012,80.91,26.8,C_01_S01
2023/04/19,11:09,110.0,1056.0,106.5,946.0,5175.0,Relave Final,4.541,0.042,0.003,0.005,78.64,11.26,C_01_S03
2023/04/19,10:36,100.0,972.0,156.0,872.0,5176.0,Concentrado Colectivo,30.24,24.78,0.2,1.11,6.5,17.89,C_01_S10
2023/04/19,10:37,109.0,1009.0,70.0,900.0,5177.0,Concentrado Primario L2,30.47,10.35,0.097,0.35,20.8,7.78,C_01_S14
2023/04/19,10:40,111.5,993.0,60.0,881.5,5178.0,Concentrado Primario L1,29.16,6.965,0.0,0.288,26.78,6.81,C_01_S15
2023/04/21,10:44,108.0,1279.5,415.0,1171.5,5179.0,Rebose Hidrociclones L1,3.443,0.338,0.006,0.016,81.28,35.42,C_01_S01
2023/04/21,10:41,109.0,1178.0,303.5,1069.0,5180.0,Relave Final,2.967,0.056,0.004,0.003,82.36,28.39,C_01_S03
2023/04/21,10:46,109.0,998.5,232.0,889.5,5181.0,Concentrado Colectivo,30.7,27.96,0.292,1.47,4.88,26.08,C_01_S10
2023/04/21,10:47,109.5,1081.0,138.0,971.5,5182.0,Concentrado Primario L2,30.84,16.02,0.115,0.8,16.3,14.2,C_01_S14
2023/04/21,10:50,111.0,983.5,55.0,872.5,5183.0,Concentrado Primario L1,29.07,13.831,0.0,0.784,22.46,6.3,C_01_S15
2023/04/24,12:28,109.5,1311.0,426.5,1201.5,5188.0,Rebose Hidrociclones L1,2.864,0.381,0.004,0.019,82.08,35.5,C_01_S01
2023/04/24,12:24,110.0,1246.5,288.5,1136.5,5189.0,Relave Final,2.374,0.052,0.003,0.004,83.34,25.38,C_01_S03
2023/04/24,12:29,110.0,1053.0,270.0,943.0,5190.0,Concentrado Colectivo,31.61,23.98,0.094,1.23,6.48,28.63,C_01_S10
2023/04/24,12:31,111.5,1070.0,151.0,958.5,5191.0,Concentrado Primario L2,30.57,12.14,0.055,0.78,20.22,15.75,C_01_S14
2023/04/24,12:33,109.0,1052.0,175.0,943.0,5192.0,Concentrado Primario L1,33.62,11.443,0.0,0.7,15.04,18.56,C_01_S15
2023/04/26,12:03,109.5,1318.0,456.0,1208.5,5196.0,Rebose Hidrociclones L1,2.917,0.417,0.005,0.018,81.7,37.73,C_01_S01
26-Apr-23,12:20,110.0,1358.5,500.0,1248.5,5197.0,Rebose Hidrociclones L2,2.871,0.365,0.004,0.019,81.84,40.05,C_01_S02
2023/04/26,11:59,109.0,1191.0,269.5,1082.0,5198.0,Relave Final,2.455,0.049,0.0,0.003,82.87,24.91,C_01_S03
2023/04/26,12:12,110.0,1057.0,284.0,947.0,5199.0,Concentrado Colectivo,30.71,23.82,0.137,1.21,9.18,29.99,C_01_S10
2023/04/26,12:08,109.5,1050.5,143.5,941.0,5200.0,Concentrado Primario L2,30.57,12.98,0.075,0.698,19.36,15.25,C_01_S14
2023/04/26,12:11,111.0,1091.0,212.5,980.0,5201.0,Concentrado Primario L1,32.03,12.58,0.078,0.68,17.34,21.68,C_01_S15
2023/04/28,10:53,110.0,1124.5,167.0,1014.5,5206.0,Relave Final,1.972,0.051,0.0,0.004,83.88,16.46,C_01_S03
2023/04/28,10:55,109.0,1044.5,232.5,935.5,5207.0,Concentrado Colectivo,30.92,25.37,0.203,1.61,6.0,24.85,C_01_S10
2023/04/28,11:08,111.5,1272.5,439.5,1161.0,5208.0,Concentrado Primario L1,27.95,9.39,0.094,0.561,29.16,37.86,C_01_S15
2023/05/03,11:24,108.0,1266.5,460.5,1158.5,5216.0,Rebose Hidrociclones L1,3.195,0.456,0.005,0.013,81.76,39.75,C_01_S01
2023/05/03,11:21,109.0,1236.0,404.5,1127.0,5217.0,Relave Final,2.907,0.082,0.0,0.002,82.8,35.89,C_01_S03
2023/05/03,11:20,110.0,762.5,26.5,652.5,5218.0,Concentrado Colectivo,30.37,23.17,0.129,0.811,7.12,4.06,C_01_S10
2023/05/03,11:16,109.0,1297.0,454.0,1188.0,5219.0,Concentrado Primario L2,26.07,13.78,0.072,0.404,26.04,38.22,C_01_S14
2023/05/03,11:18,111.5,1350.0,497.5,1238.5,5220.0,Concentrado Primario L1,25.46,11.89,0.071,0.399,28.72,40.17,C_01_S15
2023/05/10,11:58,109.5,1172.0,323.0,1062.5,5228.0,Rebose Hidrociclones L1,3.421,0.329,0.005,0.015,0.0,30.4,C_01_S01
10-May-23,11:54,112.0,1238.0,444.5,1126.0,5229.0,Rebose Hidrociclones L2,3.118,0.318,0.005,0.014,0.0,39.48,C_01_S02
2023/05/10,11:52,109.0,1129.5,280.0,1020.5,5230.0,Relave Final,2.869,0.061,0.002,0.004,0.0,27.44,C_01_S03
2023/05/10,11:59,110.0,1028.5,277.5,918.5,5231.0,Concentrado Colectivo,30.91,25.62,0.292,1.26,5.4,30.21,C_01_S10
2023/05/10,12:01,109.5,1209.0,369.5,1099.5,5232.0,Concentrado Primario L2,28.36,11.13,0.125,0.5,23.28,33.61,C_01_S14
2023/05/10,12:03,111.0,1199.0,413.0,1088.0,5233.0,Concentrado Primario L1,28.01,9.074,0.113,0.437,26.36,37.96,C_01_S15
2023/05/12,12:26,108.0,1192.0,355.5,1084.0,5237.0,Rebose Hidrociclones L1,2.777,0.423,0.004,0.036,0.0,32.8,C_01_S01
2023/05/12,12:29,108.5,1155.5,300.0,1047.0,5238.0,Relave Final,2.395,0.051,0.002,0.006,0.0,28.65,C_01_S03
2023/05/12,12:33,111.5,976.0,182.0,864.5,5239.0,Concentrado Colectivo,29.99,24.87,0.141,1.85,6.54,21.05,C_01_S10
2023/05/12,12:30,109.0,1231.0,391.5,1122.0,5240.0,Concentrado Primario L2,28.43,14.18,0.062,1.05,22.9,34.89,C_01_S14
17-May-23,11:15,110.5,1075.5,367.0,965.0,5252.0,Rebose Hidrociclones L1,3.089,0.361,0.005,0.03,0.0,38.03,C_01_S01
17-May-23,10:38,111.0,917.0,229.5,806.0,5253.0,Relave Final,2.843,0.048,0.002,0.007,0.0,28.47,C_01_S03
17-May-23,10:39,110.0,616.5,109.0,506.5,5254.0,Concentrado Colectivo,29.68,20.97,0.156,2.411,10.16,21.52,C_01_S10
17-May-23,10:46,110.0,1719.5,433.0,1609.5,5255.0,Concentrado Primario L2,26.22,12.98,0.1,1254.0,26.52,26.9,C_01_S14
22-May-23,11:39,109.5,1211.0,346.0,1101.5,5259.0,Rebose Hidrociclones L1,3.017,0.37,0.005,0.015,80.87,31.41,C_01_S01
22-May-23,11:32,109.0,1097.5,200.0,988.5,5260.0,Relave Final,2.734,0.068,0.0,0.003,82.61,20.23,C_01_S03
22-May-23,11:30,110.0,973.0,145.5,863.0,5261.0,Concentrado Colectivo,31.49,21.17,0.133,1.324,7.76,16.86,C_01_S10
22-May-23,11:33,109.5,1187.0,310.0,1077.5,5262.0,Concentrado Primario L2,28.11,11.99,0.075,0.633,23.62,28.77,C_01_S14
22-May-23,11:29,112.0,1217.0,355.0,1105.0,5263.0,Concentrado Primario L1,27.44,8.19,0.064,0.483,29.22,32.13,C_01_S15
24-May-23,16:56,112.5,1238.5,385.0,1126.0,5267.0,Rebose Hidrociclones L1,2.471,0.387,0.005,0.019,86.82,34.19,C_01_S01
24-May-23,17:28,110.5,1126.0,237.5,1015.5,5268.0,Relave Final,2.271,0.085,0.0,0.005,86.5,23.39,C_01_S03
24-May-23,17:26,110.0,942.5,215.5,832.5,5269.0,Concentrado Colectivo,30.63,24.88,0.142,1.326,6.6,25.89,C_01_S10
24-May-23,17:25,110.0,1194.5,377.0,1084.5,5270.0,Concentrado Primario L2,27.65,14.73,0.085,0.735,22.74,34.76,C_01_S14
24-May-23,16:54,110.0,1186.0,525.5,1076.0,5271.0,Concentrado Primario L1,27.9,13.03,0.085,0.739,25.08,48.84,C_01_S15
26-May-23,11:11,109.5,1189.5,415.0,1080.0,5275.0,Rebose Hidrociclones L1,2.39,0.419,0.005,0.016,84.78,38.43,C_01_S01
26-May-23,11:14,109.0,1094.5,215.5,985.5,5276.0,Relave Final,2.074,0.055,0.0,0.003,85.15,21.87,C_01_S03
26-May-23,11:15,110.0,922.5,204.0,812.5,5277.0,Concentrado Colectivo,30.1,23.98,0.204,1.197,7.76,25.11,C_01_S10
26-May-23,11:17,109.5,1162.5,371.0,1053.0,5278.0,Concentrado Primario L2,25.02,13.93,0.116,0.596,27.1,35.23,C_01_S14
26-May-23,11:20,110.0,1206.0,405.5,1096.0,5279.0,Concentrado Primario L1,25.58,14.53,0.122,0.623,25.66,37.0,C_01_S15
31-May-23,12:03,108.0,1126.0,328.0,1018.0,5286.0,Rebose Hidrociclones L1,3.878,0.483,0.004,0.017,81.58,32.22,C_01_S01
31-May-23,12:06,110.0,1277.0,468.5,1167.0,5287.0,Rebose Hidrociclones L2,3.402,0.443,0.004,0.016,82.38,40.15,C_01_S02
31-May-23,11:59,109.0,1116.0,228.0,1007.0,5288.0,Relave Final,3.297,0.069,0.0,0.004,83.47,22.64,C_01_S03
31-May-23,12:01,110.0,965.5,186.5,855.5,5289.0,Concentrado Colectivo,30.12,25.47,0.131,0.943,7.42,21.8,C_01_S10
31-May-23,12:05,109.5,1269.5,450.0,1160.0,5290.0,Concentrado Primario L2,27.18,15.82,0.081,0.527,23.74,38.79,C_01_S14
31-May-23,12:08,112.0,1232.5,96.0,1120.5,5291.0,Concentrado Primario L1,30.11,11.642,0.062,0.403,20.56,8.57,C_01_S15
02-Jun-23,10:27,108.0,1230.0,362.0,1122.0,5294.0,Rebose Hidrociclones L1,4.23,0.345,0.007,0.013,82.28,32.26,C_01_S01
02-Jun-23,10:51,110.0,1245.5,375.5,1135.5,5295.0,Rebose Hidrociclones L2,3.991,0.23,0.006,0.011,81.79,33.07,C_01_S02
02-Jun-23,10:20,109.0,1046.0,207.5,937.0,5296.0,Relave Final,3.684,0.036,0.0,0.003,82.25,22.15,C_01_S03
02-Jun-23,10:21,110.0,914.0,137.5,804.0,5297.0,Concentrado Colectivo,29.5,22.39,0.373,1.281,10.4,17.1,C_01_S10
02-Jun-23,10:24,109.5,1209.5,396.5,1100.0,5298.0,Concentrado Primario L2,25.62,13.33,0.195,0.587,27.78,36.05,C_01_S14
05-Jun-23,10:36,110.5,1102.0,292.5,991.5,5299.0,Rebose Hidrociclones L1,3.126,0.349,0.006,0.014,80.69,29.5,C_01_S01
05-Jun-23,10:32,110.5,1140.5,244.0,1030.0,5300.0,Relave Final,2.664,0.061,0.002,0.003,82.59,23.69,C_01_S03
05-Jun-23,10:42,111.0,934.5,212.5,823.5,5301.0,Concentrado Colectivo,29.91,22.4,0.0,1.104,9.28,25.8,C_01_S10
05-Jun-23,10:37,111.0,1213.0,346.5,1102.0,5302.0,Concentrado Primario L2,24.95,12.89,0.108,0.578,28.72,31.44,C_01_S14
05-Jun-23,10:41,110.5,1165.0,306.0,1054.5,5303.0,Concentrado Primario L1,20.06,7.33,0.076,0.449,43.52,29.02,C_01_S15
07-Jun-23,12:11,110.5,1069.0,356.0,958.5,5305.0,Rebose Hidrociclones L1,2.917,0.407,0.005,0.021,82.31,37.14,C_01_S01
07-Jun-23,12:14,110.5,1059.0,245.5,948.5,5306.0,Relave Final,2.63,0.077,0.0,0.005,83.09,25.88,C_01_S03
07-Jun-23,12:16,111.0,937.0,188.5,826.0,5307.0,Concentrado Colectivo,28.53,22.7,0.17,1.342,11.0,22.82,C_01_S10
07-Jun-23,12:09,111.0,1223.5,409.0,1112.5,5308.0,Concentrado Primario L2,26.24,13.78,0.108,0.676,28.7,36.76,C_01_S14
07-Jun-23,12:13,110.5,1156.0,376.5,1045.5,5309.0,Concentrado Primario L1,24.45,12.79,0.11,0.684,28.5,36.01,C_01_S15
14-Jun-23,17:10,108.0,800.0,311.5,692.0,5309.0,Rebose Hidrociclones L1,2.732,0.413,0.004,0.012,81.18,45.01,C_01_S01
14-Jun-23,16:44,109.0,609.0,191.5,500.0,5310.0,Relave Final,3.289,0.042,0.0,0.002,81.82,38.3,C_01_S03
14-Jun-23,16:45,111.5,444.0,113.0,332.5,5311.0,Concentrado Colectivo,28.78,20.7,0.121,0.711,10.52,33.98,C_01_S10
14-Jun-23,16:56,109.0,1853.0,409.5,1744.0,5312.0,Concentrado Primario L2,23.53,12.84,0.077,0.526,29.68,23.48,C_01_S14
14-Jun-23,16:59,111.5,1900.0,426.5,1788.5,5313.0,Concentrado Primario L1,21.32,10.45,0.07,0.396,36.26,23.85,C_01_S15
19-Jun-23,11:18,108.0,1106.0,226.0,998.0,5318.0,Rebose Hidrociclones L1,3.857,0.333,0.007,0.004,80.53,22.65,C_01_S01
19-Jun-23,11:26,110.0,1234.0,453.5,1124.0,5319.0,Rebose Hidrociclones L2,3.566,0.3,0.007,0.004,81.31,40.35,C_01_S02
19-Jun-23,11:12,109.0,1123.0,265.5,1014.0,5320.0,Relave Final,3.23,0.054,0.0,0.001,82.05,26.18,C_01_S03
19-Jun-23,11:19,111.5,776.0,135.0,664.5,5321.0,Concentrado Colectivo,30.7,20.3,0.263,0.379,7.6,20.32,C_01_S10
19-Jun-23,11:25,111.5,1229.0,389.0,1117.5,5322.0,Concentrado Primario L1,29.5,10.15,0.151,0.185,18.5,34.81,C_01_S15
26-Jun-23,11:30,108.0,1196.0,384.5,1088.0,5327.0,Rebose Hidrociclones L1,2.808,0.415,0.006,0.009,0.0,35.34,C_01_S01
26-Jun-23,11:22,110.0,1217.0,441.0,1107.0,5328.0,Rebose Hidrociclones L2,2.759,0.389,0.005,0.009,,39.84,C_01_S02
26-Jun-23,11:20,109.0,1111.5,246.5,1002.5,5329.0,Relave Final,2.079,0.054,0.0,0.002,0.0,24.59,C_01_S03
26-Jun-23,11:28,111.5,1011.5,340.0,900.0,5330.0,Concentrado Colectivo,30.72,23.07,0.247,0.485,,37.78,C_01_S10
26-Jun-23,11:26,109.0,1220.5,410.5,1111.5,5331.0,Concentrado Primario L1,28.06,13.68,0.141,0.286,,36.93,C_01_S15
26-Jun-23,11:24,111.5,1105.5,404.0,994.0,5332.0,Concentrado Primario L1,27.77,14.18,0.146,0.298,,40.64,C_01_S15
13-Jul-23,16:59,108.5,988.0,99.5,879.5,5339.0,Cola Scavenger L1,15.78,0.437,,0.014,,11.31,C_01_S04
13-Jul-23,17:02,108.5,986.0,96.0,877.5,5340.0,Cola Scavenger L2,15.43,0.315,,0.01,,10.94,C_01_S05
14-Jul-23,12:05,110.5,1022.5,318.5,912.0,5341.0,Rebose Hidrociclones L1,2.968,0.434,0.004,0.012,0.0,34.92,C_01_S01
14-Jul-23,12:08,110.5,907.5,134.5,797.0,5342.0,Rebose Hidrociclones L2,2.971,0.359,0.004,0.009,,16.88,C_01_S02
14-Jul-23,12:02,109.0,953.5,209.5,844.5,5343.0,Relave Final,2.538,0.061,0.0,0.002,0.0,24.81,C_01_S03
14-Jul-23,11:56,110.5,985.0,85.5,874.5,5344.0,Cola Scavenger L1,16.4,0.362,,0.018,,9.78,C_01_S04
14-Jul-23,11:59,109.5,1002.5,93.0,893.0,5345.0,Cola Scavenger L2,16.27,0.327,,0.014,,10.41,C_01_S05
14-Jul-23,12:10,110.0,1020.5,317.5,910.5,5346.0,Concentrado Colectivo,30.05,24.87,0.133,0.578,8.12,34.87,C_01_S10
14-Jul-23,12:11,109.5,1216.0,376.5,1106.5,5347.0,Concentrado Primario L2,28.66,14.18,0.079,0.396,21.42,34.03,C_01_S14
14-Jul-23,12:14,110.5,1102.5,141.0,992.0,5348.0,Concentrado Primario L1,28.79,13.58,0.079,0.394,22.88,14.21,C_01_S15
19-Jul-23,11:42,110.5,792.0,258.0,681.5,5352.0,Rebose Hidrociclones L1,2.945,0.322,0.005,0.012,0.0,37.86,C_01_S01
19-Jul-23,11:39,110.0,730.0,245.0,620.0,5353.0,Rebose Hidrociclones L2,2.903,0.304,0.005,0.009,,39.52,C_01_S02
19-Jul-23,11:36,109.0,740.5,193.0,631.5,5354.0,Relave Final,2.659,0.064,0.0,0.003,0.0,30.56,C_01_S03
19-Jul-23,11:34,108.5,1062.5,74.0,954.0,5355.0,Cola Scavenger L1,19.13,0.384,,0.018,,7.76,C_01_S04
19-Jul-23,11:31,111.5,1072.0,102.5,960.5,5356.0,Cola Scavenger L2,17.08,0.368,,0.016,,10.67,C_01_S05
19-Jul-23,11:28,110.0,990.0,290.0,880.0,5357.0,Concentrado Colectivo,30.09,20.19,0.178,0.73,12.8,32.95,C_01_S10
19-Jul-23,11:26,111.0,1049.0,393.0,938.0,5358.0,Concentrado Primario L2,27.5,13.36,0.125,0.42,24.2,41.9,C_01_S14
19-Jul-23,11:24,110.5,1078.5,148.0,968.0,5359.0,Concentrado Primario L1,25.69,10.52,0.116,0.4,31.0,15.29,C_01_S15
20-Jul-23,11:27,108.0,803.0,253.0,695.0,5360.0,Rebose Hidrociclones L1,2.721,0.329,0.003,0.014,0.0,36.4,C_01_S01
20-Jul-23,11:29,110.5,743.0,150.5,632.5,5361.0,Relave Final,2.278,0.036,0.0,0.003,0.0,23.79,C_01_S03
20-Jul-23,11:33,108.5,1061.0,88.0,952.5,5362.0,Cola Scavenger L2,17.28,0.31,,0.012,,9.24,C_01_S05
20-Jul-23,11:34,111.0,977.0,281.0,866.0,5363.0,Concentrado Colectivo,30.8,22.18,0.112,0.88,9.52,32.45,C_01_S10
20-Jul-23,11:36,109.0,1234.0,435.5,1125.0,5364.0,Concentrado Primario L2,26.41,12.46,0.05,0.53,28.36,38.71,C_01_S14
20-Jul-23,11:38,111.5,1091.0,140.0,979.5,5365.0,Concentrado Primario L1,26.58,13.26,0.054,0.565,27.3,14.29,C_01_S15
31-Jul-23,10:46,110.0,856.0,291.5,746.0,5366.0,Rebose Hidrociclones L1,2.495,0.469,0.003,0.023,0.0,39.08,C_01_S01
31-Jul-23,10:36,110.5,798.0,168.0,687.5,5367.0,Relave Final,2.185,0.067,0.0,0.006,0.0,24.44,C_01_S03
31-Jul-23,10:40,111.0,1080.0,168.0,969.0,5368.0,Cola Scavenger L1,17.88,0.353,,0.022,,17.34,C_01_S04
31-Aug-23,10:44,110.0,1196.5,130.0,1086.5,5369.0,Cola Scavenger L2,17.88,0.31,,0.023,,11.97,C_01_S05
31-Jul-23,10:52,111.0,1036.0,321.0,925.0,5370.0,Concentrado Colectivo,30.53,23.23,0.073,1.04,10.08,34.7,C_01_S10
31-Jul-23,10:48,111.0,1231.0,448.0,1120.0,5371.0,Concentrado Primario L2,27.25,17.41,0.055,0.81,21.16,40.0,C_01_S14
31-Aug-23,10:50,110.5,1087.5,146.0,977.0,5372.0,Concentrado Primario L1,28.51,16.12,0.056,0.82,21.12,14.94,C_01_S15
02-Aug-23,12:05,110.0,805.5,218.5,695.5,5373.0,Rebose Hidrociclones L1,2.587,0.273,0.004,0.019,,31.42,C_01_S01
02-Aug-23,11:45,110.5,793.5,154.0,683.0,5374.0,Relave Final,2.583,0.052,0.0,0.005,0.0,22.55,C_01_S03
02-Aug-23,11:49,111.0,1080.0,86.5,969.0,5375.0,Cola Scavenger L1,18.89,1.073,,0.076,,8.93,C_01_S04
02-Aug-23,11:52,110.0,1175.5,96.5,1065.5,5376.0,Cola Scavenger L2,17.68,0.266,,0.031,,9.06,C_01_S05
02-Aug-23,11:54,111.0,832.0,334.5,721.0,5377.0,Concentrado Colectivo,30.15,21.07,0.075,1.4,11.32,46.39,C_01_S10
07-Aug-23,17:02,111.5,992.0,239.5,880.5,5391.0,Concentrado Colectivo,28.3,20.58,0.079,1680.0,14.7,27.2,C_01_S10
02-Aug-23,11:55,111.0,832.0,334.5,721.0,5378.0,Concentrado Primario L2,27.15,11.99,0.046,0.8,25.78,46.39,C_01_S14
02-Aug-23,11:58,110.5,793.0,33.0,682.5,5379.0,Concentrado Primario L1,27.01,19.18,0.074,1170.0,18.36,4.84,C_01_S15
07-Aug-23,15:06,111.0,768.0,168.0,657.0,5388.0,Relave Final,2.49,0.075,0.0,0.005,0.0,25.57,C_01_S03
07-Aug-23,15:00,108.5,1175.5,98.0,1067.0,5389.0,Cola Scavenger L1,13.04,0.417,,0.024,,9.18,C_01_S04
07-Aug-23,15:04,108.5,1190.5,127.0,1082.0,5390.0,Cola Scavenger L2,8.89,0.27,,0.018,,11.74,C_01_S05
07-Aug-23,17:04,109.0,1226.5,424.5,1117.5,5392.0,Concentrado Primario L2,24.12,17.38,0.063,1110.0,24.84,37.99,C_01_S14
07-Aug-23,17:06,111.5,1117.5,163.5,1006.0,5393.0,Concentrado Primario L1,24.42,16.29,0.064,1120.0,26.06,16.25,C_01_S15
09-Aug-23,12:35,110.0,870.5,296.5,760.5,5398.0,Rebose Hidrociclones L1,2.448,0.496,,0.027,,38.99,C_01_S01
09-Aug-23,12:37,110.5,882.0,274.0,771.5,5399.0,Relave Final,2.174,0.073,0.0,0.005,0.0,35.52,C_01_S03
09-Aug-23,12:40,111.0,1208.0,104.0,1097.0,5400.0,Cola Scavenger L1,12.2,0.296,0.0,0.018,0.0,9.48,C_01_S04
09-Aug-23,12:44,110.0,1132.0,96.5,1022.0,5401.0,Cola Scavenger L2,11.02,0.276,0.01,0.02,64.64,9.44,C_01_S05
09-Aug-23,12:51,111.0,1322.0,496.5,1211.0,5402.0,Concentrado Primario L2,24.23,13.98,0.083,0.895,30.24,41.0,C_01_S14
09-Aug-23,12:49,110.5,1051.5,144.5,941.0,5403.0,Concentrado Primario L1,22.79,14.08,0.084,0.868,33.18,15.36,C_01_S15
11-Aug-23,11:43,110.5,805.5,185.0,695.0,5408.0,Relave Final,1.71,0.068,0.0,0.005,0.0,26.62,C_01_S03
11-Aug-23,11:46,111.0,1192.5,108.5,1081.5,5409.0,Cola Scavenger L1,10.64,0.28,0.0,0.015,0.0,10.03,C_01_S04
11-Aug-23,11:50,110.0,1171.5,93.5,1061.5,5410.0,Cola Scavenger L2,10.09,0.24,0.0,0.016,0.0,8.81,C_01_S05
11-Aug-23,11:52,111.0,1023.5,241.5,912.5,5411.0,Concentrado Colectivo,27.35,22.47,0.112,1470.0,16.08,26.47,C_01_S10
11-Aug-23,11:53,111.0,1226.5,322.5,1115.5,5412.0,Concentrado Primario L2,20.51,10.68,0.058,0.69,40.7,28.91,C_01_S14
11-Aug-23,11:56,110.5,1112.5,130.0,1002.0,5413.0,Concentrado Primario L1,21.44,9.69,0.056,0.669,39.78,12.97,C_01_S15
14-Aug-23,9:46,111.5,841.0,286.5,729.5,5418.0,Rebose Hidrociclones L2,2.446,0.452,0.0,0.03,0.0,39.27,C_01_S02
14-Aug-23,9:36,111.0,806.5,197.5,695.5,5419.0,Relave Final,1.798,0.074,0.0,0.004,0.0,28.4,C_01_S03
14-Aug-23,9:43,108.5,1126.0,74.5,1017.5,5420.0,Cola Scavenger L1,15.99,0.501,0.0,0.016,0.0,7.32,C_01_S04
14-Aug-23,9:40,108.5,1107.0,53.5,998.5,5421.0,Cola Scavenger L2,15.83,0.616,0.0,0.026,0.0,5.36,C_01_S05
14-Aug-23,9:48,111.5,1028.0,305.0,916.5,5422.0,Concentrado Colectivo,30.36,22.67,0.116,1480.0,9.44,33.28,C_01_S10
14-Aug-23,9:52,109.0,1284.0,459.5,1175.0,5423.0,Concentrado Primario L2,26.78,12.39,0.079,0.91,25.98,39.11,C_01_S14
14-Aug-23,9:49,111.5,1094.5,148.0,983.0,5424.0,Concentrado Primario L1,25.85,12.88,0.085,0.975,27.14,15.06,C_01_S15
18-Aug-23,10:55,111.5,895.5,314.0,784.0,5429.0,Rebose Hidrociclones L2,2.695,0.42,0.006,0.02,0.0,40.05,C_01_S02
18-Aug-23,10:48,111.0,840.0,190.0,729.0,5430.0,Relave Final,2.721,0.081,0.0,0.004,0.0,26.06,C_01_S03
18-Aug-23,10:45,108.5,1242.0,97.0,1133.5,5431.0,Cola Scavenger L1,23.36,0.385,0.0,0.032,0.0,8.56,C_01_S04
18-Aug-23,10:42,108.5,1189.0,48.5,1080.5,5432.0,Cola Scavenger L2,23.67,0.361,0.0,0.028,0.0,4.49,C_01_S05
18-Aug-23,10:57,111.5,11175.0,339.5,11063.5,5433.0,Concentrado Colectivo,29.54,25.67,0.173,0.874,6.98,3.07,C_01_S10
18-Aug-23,11:01,111.5,1086.0,76.0,974.5,5434.0,Concentrado Primario L1,28.26,19.78,0.135,0.725,14.34,7.8,C_01_S15
21-Aug-23,9:58,110.0,917.0,299.0,807.0,5439.0,Rebose Hidrociclones L1,2.492,0.488,0.005,0.024,0.0,37.05,C_01_S01
21-Aug-23,10:02,111.5,891.5,322.5,780.0,5440.0,Rebose Hidrociclones L2,2.493,0.466,0.004,0.024,0.0,41.35,C_01_S02
21-Aug-23,9:48,110.5,862.5,209.5,752.0,5441.0,Relave Final,1.901,0.067,0.0,0.004,0.0,27.86,C_01_S03
21-Aug-23,9:52,111.0,1250.0,96.5,1139.0,5442.0,Cola Scavenger L1,13.49,0.438,0.0,0.022,0.0,8.47,C_01_S04
21-Aug-23,9:55,110.0,1395.0,57.0,1285.0,5443.0,Cola Scavenger L2,14.06,0.715,0.0,0.019,0.0,4.44,C_01_S05
21-Aug-23,10:10,111.0,3280.0,77.5,3169.0,5444.0,Concentrado Colectivo,28.27,23.67,0.098,1098.0,9.94,2.45,C_01_S10
21-Aug-23,10:06,111.0,1197.0,504.5,1086.0,5445.0,Concentrado Primario L2,25.46,17.48,0.075,0.792,21.98,46.45,C_01_S14
21-Aug-23,10:09,110.5,1212.5,200.0,1102.0,5446.0,Concentrado Primario L1,25.15,16.48,0.079,0.824,24.2,18.15,C_01_S15
23-Aug-23,9:56,110.0,879.0,263.0,769.0,5451.0,Rebose Hidrociclones L1,3.55,0.459,0.009,0.017,0.0,34.2,C_01_S01
23-Aug-23,10:05,111.5,896.0,312.5,784.5,5452.0,Rebose Hidrociclones L2,3.342,0.411,0.009,0.014,0.0,39.83,C_01_S02
23-Aug-23,9:43,110.5,840.0,175.5,729.5,5453.0,Relave Final,2.481,0.063,0.0,0.002,0.0,24.06,C_01_S03
23-Aug-23,9:47,111.0,1247.5,108.5,1136.5,5454.0,Cola Scavenger L1,14.91,0.452,0.0,0.018,0.0,9.55,C_01_S04
23-Aug-23,9:52,110.0,1175.0,43.0,1065.0,5455.0,Cola Scavenger L2,14.41,0.495,0.0,0.016,0.0,4.04,C_01_S05
23-Aug-23,9:53,111.0,316.0,59.5,205.0,5456.0,Concentrado Colectivo,29.73,22.79,0.254,0.774,8.7,29.02,C_01_S10
23-Aug-23,9:49,111.0,1385.5,504.5,1274.5,5457.0,Concentrado Primario L2,28.39,14.23,0.185,0.481,19.7,39.58,C_01_S14
23-Aug-23,9:45,110.5,1202.5,184.5,1092.0,5458.0,Concentrado Primario L1,26.37,13.08,0.198,0.496,24.9,16.9,C_01_S15
25-Aug-23,,,,,,5463.0,Rebose Hidrociclones L1,3.616,0.375,0.005,0.011,0.0,22.0,C_01_S01
25-Aug-23,,,,,,5464.0,Relave Final,2.072,0.047,0.0,0.002,0.0,24.0,C_01_S03
25-Aug-23,,,,,,5465.0,Cola Scavenger L1,13.45,0.409,0.0,0.018,0.0,8.0,C_01_S04
25-Aug-23,,,,,,5466.0,Cola Scavenger L2,21.47,0.748,0.0,0.03,0.0,4.0,C_01_S05
25-Aug-23,,,,,,5467.0,Concentrado Colectivo,30.71,24.08,0.152,0.728,6.2,20.0,C_01_S10
25-Aug-23,,,,,,5468.0,Concentrado Primario L1,29.81,13.03,0.095,0.449,19.6,16.0,C_01_S15
28-Aug-23,16:44,111.5,894.0,314.5,782.5,5469.0,Rebose Hidrociclones L2,2.698,0.423,0.005,0.014,0.0,40.19,C_01_S02
28-Aug-23,16:47,111.0,831.0,151.5,720.0,5470.0,Relave Final,1.858,0.069,0.0,0.004,0.0,21.04,C_01_S03
28-Aug-23,16:50,108.5,1234.5,102.0,1126.0,5471.0,Cola Scavenger L1,15.1,0.553,0.0,0.02,0.0,9.06,C_01_S04
28-Aug-23,16:54,108.5,1211.5,44.0,1103.0,5472.0,Cola Scavenger L2,14.74,0.516,0.0,0.017,0.0,3.99,C_01_S05
28-Aug-23,16:56,111.5,335.5,92.5,224.0,5473.0,Concentrado Colectivo,28.68,24.28,0.146,0.665,8.3,41.29,C_01_S10
28-Aug-23,16:57,109.0,1401.5,530.5,1292.5,5474.0,Concentrado Primario L2,26.39,17.16,0.103,0.471,20.7,41.04,C_01_S14
28-Aug-23,17:00,110.0,1241.5,226.5,1131.5,5475.0,Concentrado Primario L1,26.2,16.37,0.111,0.496,21.88,20.02,C_01_S15
01-Sep-23,11:33,110.5,928.5,297.5,818.0,5479.0,Rebose Hidrociclones L1,3.595,0.423,0.005,0.013,0.0,36.37,C_01_S01
01-Sep-23,11:35,110.0,909.5,318.5,799.5,5480.0,Rebose Hidrociclones L2,4.007,0.35,0.004,0.011,0.0,39.84,C_01_S02
01-Sep-23,11:24,109.0,800.5,109.5,691.5,5481.0,Relave Final,2.86,0.246,0.0,0.004,0.0,15.84,C_01_S03
01-Sep-23,11:27,110.5,1271.5,142.0,1161.0,5482.0,Cola Scavenger L1,19.44,0.579,0.0,0.017,0.0,12.23,C_01_S04
01-Sep-23,11:30,108.5,1234.5,79.0,1126.0,5483.0,Cola Scavenger L2,19.47,0.553,0.0,0.015,0.0,7.02,C_01_S05
01-Sep-23,11:38,109.5,1445.5,514.0,1336.0,5484.0,Concentrado Primario L2,28.85,12.94,0.092,0.478,21.36,38.47,C_01_S14
01-Sep-23,11:40,110.5,1247.5,210.0,1137.0,5485.0,Concentrado Primario L1,28.07,13.53,0.096,0.492,22.82,18.47,C_01_S15
11-Sep-23,15:57,108.0,908.5,337.0,800.5,5490.0,Rebose Hidrociclones L1,2.112,0.467,0.003,0.031,0.0,42.1,C_01_S01
11-Sep-23,16:00,111.0,838.0,197.0,727.0,5491.0,Relave Final,1.614,0.053,0.0,0.006,0.0,27.1,C_01_S03
11-Sep-23,16:11,108.5,1217.0,94.5,1108.5,5492.0,Cola Scavenger L1,10.14,0.291,0.0,0.016,0.0,8.53,C_01_S04
11-Sep-23,16:27,111.5,298.0,43.0,186.5,5493.0,Concentrado Colectivo,28.32,21.99,0.0,1211.0,0.0,23.06,C_01_S10
11-Sep-23,16:06,109.0,13334.0,463.5,13225.0,5494.0,Concentrado Primario L2,24.85,16.12,0.05,1012.0,26.5,3.5,C_01_S14
13-Sep-23,10:28,109.0,818.0,166.5,709.0,5499.0,Relave Final,1.63,0.045,0.003,0.004,0.0,23.48,C_01_S03
13-Sep-23,10:31,110.5,1216.5,108.0,1106.0,5500.0,Cola Scavenger L1,13.51,0.3,0.0,0.021,0.0,9.76,C_01_S04
13-Sep-23,10:33,110.0,316.0,70.5,206.0,5501.0,Concentrado Colectivo,28.34,21.094,0.0,1211.0,0.0,34.22,C_01_S10
13-Sep-23,10:34,109.5,1301.0,388.0,1191.5,5502.0,Concentrado Primario L2,22.33,12.438,0.0,0.741,0.0,32.56,C_01_S14
13-Sep-23,10:37,110.5,1255.5,235.0,1145.0,5503.0,Concentrado Primario L1,20.14,9.45,0.037,0.642,40.78,20.52,C_01_S15
15-Sep-23,10:25,108.0,890.0,294.0,782.0,5507.0,Rebose Hidrociclones L1,2.227,0.464,0.005,0.021,0.0,37.6,C_01_S01
15-Sep-23,10:27,111.5,909.5,320.5,798.0,5508.0,Rebose Hidrociclones L2,2.002,0.333,0.0,0.017,0.0,40.16,C_01_S02
15-Sep-23,10:18,111.0,826.5,181.5,715.5,5509.0,Relave Final,2.384,0.059,0.0,0.004,0.0,25.37,C_01_S03
15-Sep-23,10:21,108.5,1229.0,94.5,1120.5,5510.0,Cola Scavenger L1,10.09,0.294,0.0,0.025,0.0,8.43,C_01_S04
15-Sep-23,10:23,111.5,311.5,78.5,200.0,5511.0,Concentrado Colectivo,29.19,21.17,0.13,0.94,11.78,39.25,C_01_S10
18-Sep-23,11:01,110.0,883.0,305.0,773.0,5520.0,Rebose Hidrociclones L1,2.148,0.52,0.003,0.025,0.0,39.46,C_01_S01
18-Sep-23,11:04,111.5,893.0,314.0,781.5,5521.0,Rebose Hidrociclones L2,1.952,0.434,0.0,0.022,0.0,40.18,C_01_S02
18-Sep-23,10:30,110.5,829.0,187.5,718.5,5522.0,Relave Final,1.56,0.067,0.0,0.005,0.0,26.1,C_01_S03
18-Sep-23,10:33,111.0,1243.5,131.5,1132.5,5523.0,Cola Scavenger L1,9.67,0.265,0.0,0.013,0.0,11.61,C_01_S04
18-Sep-23,10:58,110.0,1185.0,46.5,1075.0,5524.0,Cola Scavenger L2,11.2,0.365,0.0,0.02,0.0,4.33,C_01_S05
18-Sep-23,11:16,110.0,934.0,312.5,824.0,5525.0,Concentrado Colectivo,24.82,17.38,0.062,1750.0,22.92,37.92,C_01_S10
18-Sep-23,11:07,110.0,1295.0,335.5,1185.0,5526.0,Concentrado Primario L2,18.94,12.49,0.047,0.7,38.1,28.31,C_01_S14
18-Sep-23,11:09,110.5,1259.5,221.5,1149.0,5527.0,Concentrado Primario L1,18.68,11.59,0.045,0.66,41.12,19.28,C_01_S15
20-Sep-23,11:07,115.5,868.0,293.5,752.5,5532.0,Rebose Hidrociclones L2,2.007,0.466,0.0,0.019,0.0,39.0,C_01_S02
20-Sep-23,10:48,111.0,814.5,208.0,703.5,5533.0,Relave Final,1.9,0.064,0.0,0.004,0.0,29.57,C_01_S03
20-Sep-23,10:55,108.5,1269.5,135.5,1161.0,5534.0,Cola Scavenger L1,10.84,0.64,0.0,0.034,0.0,11.67,C_01_S04
20-Sep-23,10:49,111.5,907.5,269.5,796.0,5535.0,Concentrado Colectivo,28.49,27.76,0.109,1450.0,7.04,33.86,C_01_S10
20-Sep-23,10:51,109.0,1336.0,495.5,1227.0,5536.0,Concentrado Primario L2,23.81,15.72,0.07,0.816,27.9,40.38,C_01_S14
22-Sep-23,10:51,110.0,895.0,303.0,785.0,5541.0,Rebose Hidrociclones L1,2.601,0.492,0.0,0.026,0.0,38.6,C_01_S01
22-Sep-23,10:54,111.5,728.5,245.0,617.0,5542.0,Rebose Hidrociclones L2,2.622,0.396,0.0,0.025,0.0,39.71,C_01_S02
22-Sep-23,10:38,110.5,812.0,162.5,701.5,5543.0,Relave Final,2.271,0.088,0.0,0.005,0.0,23.16,C_01_S03
22-Sep-23,10:42,111.0,1229.0,103.0,1118.0,5544.0,Cola Scavenger L1,18.72,0.735,0.0,0.024,0.0,9.21,C_01_S04
22-Sep-23,10:45,111.0,1188.0,80.5,1077.0,5545.0,Cola Scavenger L2,16.56,0.713,0.0,0.026,0.0,7.47,C_01_S05
22-Sep-23,10:47,110.0,853.0,160.5,743.0,5546.0,Concentrado Colectivo,28.49,24.47,0.151,1533.0,8.94,21.6,C_01_S10
22-Sep-23,11:26,110.0,1391.0,513.5,1281.0,5547.0,Concentrado Primario L2,26.72,14.24,0.099,0.773,23.64,40.09,C_01_S14
22-Sep-23,10:50,110.5,1196.0,206.5,1085.5,5548.0,Concentrado Primario L1,24.62,15.34,0.11,0.822,24.24,19.02,C_01_S15
26-Sep-23,11:02,108.0,880.0,277.5,772.0,5553.0,Rebose Hidrociclones L1,2.77,0.39,0.0,0.026,0.0,35.95,C_01_S01
26-Sep-23,11:04,111.0,809.5,160.5,698.5,5554.0,Relave Final,2.452,0.06,0.0,0.005,0.0,22.98,C_01_S03
26-Sep-23,11:08,108.5,1242.5,108.0,1134.0,5555.0,Cola Scavenger L1,17.73,0.48,0.0,0.032,0.0,9.52,C_01_S04
26-Sep-23,11:11,108.5,1258.0,108.5,1149.5,5556.0,Cola Scavenger L2,18.16,0.402,0.0,0.028,0.0,9.44,C_01_S05
26-Sep-23,11:17,111.5,860.5,155.0,749.0,5557.0,Concentrado Colectivo,28.34,22.26,0.09,1689.0,9.16,20.69,C_01_S10
26-Sep-23,11:13,109.0,1364.0,514.0,1255.0,5558.0,Concentrado Primario L2,26.0,11.03,0.047,0.778,25.12,40.96,C_01_S14
26-Sep-23,11:16,110.5,1301.0,283.5,1190.5,5559.0,Concentrado Primario L1,27.02,9.58,0.039,0.752,27.7,23.81,C_01_S15
29-Sep-23,11:58,110.5,879.5,284.0,769.0,5564.0,Rebose Hidrociclones L1,3.144,0.399,0.0,0.027,0.0,36.93,C_01_S01
29-Sep-23,15:50,110.0,879.0,273.5,769.0,5565.0,Rebose Hidrociclones L2,2.997,0.356,0.0,0.035,0.0,35.57,C_01_S02
29-Sep-23,12:01,109.0,749.5,151.0,640.5,5566.0,Relave Final,2.524,0.066,0.0,0.005,0.0,23.58,C_01_S03
29-Sep-23,12:06,110.5,1176.5,101.0,1066.0,5567.0,Cola Scavenger L1,16.75,0.548,0.0,0.036,0.0,9.47,C_01_S04
29-Sep-23,12:10,108.5,1234.0,108.5,1125.5,5568.0,Cola Scavenger L2,17.67,0.495,0.0,0.025,0.0,9.64,C_01_S05
29-Sep-23,12:07,110.0,894.5,243.0,784.5,5569.0,Concentrado Colectivo,27.57,24.76,0.084,1860.0,9.08,30.98,C_01_S10
29-Sep-23,12:00,109.0,1343.0,410.0,1234.0,5570.0,Concentrado Primario L2,24.73,14.8,0.051,0.99,25.86,33.23,C_01_S14
29-Sep-23,12:03,110.0,1243.0,221.0,1133.0,5571.0,Concentrado Primario L1,20.8,12.58,0.049,1030.0,40.82,19.51,C_01_S15
04-Oct-23,10:21,110.0,871.5,227.5,761.5,5576.0,Rebose Hidrociclones L1,4.087,0.404,0.0,0.022,0.0,29.88,C_01_S01
04-Oct-23,10:24,111.5,851.5,234.0,740.0,5577.0,Rebose Hidrociclones L2,4.241,0.289,0.0,0.016,0.0,31.62,C_01_S02
04-Oct-23,10:15,110.5,769.0,98.5,658.5,5578.0,Relave Final,3.253,0.072,0.0,0.004,0.0,14.96,C_01_S03
04-Oct-23,10:19,111.0,1190.5,109.5,1079.5,5579.0,Cola Scavenger L2,15.41,0.633,0.0,0.023,0.0,10.14,C_01_S05
04-Oct-23,10:25,110.0,866.5,212.5,756.5,5580.0,Concentrado Colectivo,29.65,24.17,0.125,1523.0,7.7,28.09,C_01_S10
04-Oct-23,10:27,110.5,1216.0,172.5,1105.5,5581.0,Concentrado Primario L1,22.73,10.13,0.06,0.695,34.48,15.6,C_01_S15
09-Oct-23,11:21,108.0,890.0,299.5,782.0,5585.0,Rebose Hidrociclones L1,2.609,0.627,0.005,0.016,0.0,38.3,C_01_S01
09-Oct-23,11:24,111.5,900.0,315.0,788.5,5586.0,Rebose Hidrociclones L2,2.545,0.531,0.004,0.015,0.0,39.95,C_01_S02
09-Oct-23,11:27,111.0,815.0,166.0,704.0,5587.0,Relave Final,2.118,0.099,0.0,0.005,0.0,23.58,C_01_S03
09-Oct-23,11:30,108.5,1238.0,87.5,1129.5,5588.0,Cola Scavenger L1,13.55,0.402,0.0,0.015,0.0,7.75,C_01_S04
09-Oct-23,11:19,108.5,1180.0,34.5,1071.5,5589.0,Cola Scavenger L2,13.53,0.438,0.0,0.011,0.0,3.22,C_01_S05
09-Oct-23,11:32,111.5,864.5,190.0,753.0,5590.0,Concentrado Colectivo,30.83,24.065,0.119,0.706,7.04,25.23,C_01_S10
09-Oct-23,11:25,110.0,1331.0,403.5,1221.0,5591.0,Concentrado Primario L2,25.6,15.542,0.084,0.406,24.1,33.05,C_01_S14
09-Oct-23,11:34,110.5,1206.5,193.0,1096.0,5592.0,Concentrado Primario L1,25.76,13.536,0.07,0.412,27.86,17.61,C_01_S15
13-Oct-23,10:50,108.0,907.5,313.0,799.5,5597.0,Rebose Hidrociclones L1,2.597,0.523,0.005,0.021,0.0,39.15,C_01_S01
13-Oct-23,10:52,111.5,923.0,357.5,811.5,5598.0,Rebose Hidrociclones L2,2.588,0.458,0.004,0.018,,44.05,C_01_S02
13-Oct-23,10:35,108.5,1176.5,26.0,1068.0,5599.0,Cola Scavenger L2,13.77,0.488,,0.013,0.0,2.43,C_01_S05
13-Oct-23,11:00,111.5,980.0,390.5,868.5,5600.0,Concentrado Colectivo,33.89,19.077,0.094,0.504,6.86,44.96,C_01_S10
13-Oct-23,10:38,109.0,1217.5,430.0,1108.5,5601.0,Concentrado Primario L2,23.88,15.082,0.083,0.471,24.78,38.79,C_01_S14
13-Oct-23,10:41,110.5,1167.0,114.5,1056.5,5602.0,Concentrado Primario L1,23.94,14.033,0.086,0.489,28.54,10.84,C_01_S15
16-Oct-23,11:44,110.0,830.5,253.0,720.5,5606.0,Rebose Hidrociclones L1,2.51,0.716,0.005,0.024,82.38,35.11,C_01_S01
16-Oct-23,11:47,111.5,741.0,233.0,629.5,5607.0,Rebose Hidrociclones L2,2.46,0.583,0.004,0.021,81.87,37.01,C_01_S02
16-Oct-23,11:57,110.5,758.0,126.0,647.5,5608.0,Relave Final,2.152,0.081,0.002,0.004,83.43,19.46,C_01_S03
16-Oct-23,11:50,110.0,1210.0,126.0,1100.0,5609.0,Cola Scavenger L1,12.5,0.312,0.01,0.014,82.1,11.45,C_01_S04
16-Oct-23,11:41,110.0,1105.5,45.0,995.5,5610.0,Cola Scavenger L2,12.62,0.396,0.011,0.011,68.26,4.52,C_01_S05
16-Oct-23,11:36,110.0,850.0,227.5,740.0,5611.0,Concentrado Colectivo,29.63,22.972,0.095,0.901,10.26,30.74,C_01_S10
16-Oct-23,11:38,110.0,1277.5,452.0,1167.5,5612.0,Concentrado Primario L2,25.42,14.982,0.067,0.565,26.92,38.72,C_01_S14
16-Oct-23,11:35,110.5,1076.0,93.0,965.5,5613.0,Concentrado Primario L1,22.65,15.581,0.066,0.592,33.34,9.63,C_01_S15
18-Oct-23,10:37,108.0,865.5,236.0,757.5,5618.0,Rebose Hidrociclones L1,2.028,0.503,0.006,0.018,81.49,31.16,C_01_S01
18-Oct-23,10:51,111.5,885.0,286.0,773.5,5619.0,Rebose Hidrociclones L2,2.377,0.466,0.005,0.017,82.24,36.97,C_01_S02
18-Oct-23,10:40,111.0,809.5,176.0,698.5,5620.0,Relave Final,1.96,0.097,0.002,0.005,83.84,25.2,C_01_S03
18-Oct-23,10:44,108.5,1274.5,126.0,1166.0,5621.0,Cola Scavenger L1,17.16,0.404,0.01,0.008,55.76,10.81,C_01_S04
18-Oct-23,10:48,108.5,1189.5,52.0,1081.0,5622.0,Cola Scavenger L2,16.56,0.528,0.012,0.011,55.84,4.81,C_01_S05
18-Oct-23,10:45,111.5,912.5,250.5,801.0,5623.0,Concentrado Colectivo,30.6,22.67,0.179,0.97,7.92,31.27,C_01_S10
18-Oct-23,10:38,109.0,1333.0,465.0,1224.0,5624.0,Concentrado Primario L2,24.8,13.73,0.119,0.534,24.72,37.99,C_01_S14
18-Oct-23,10:41,110.5,1135.5,86.5,1025.0,5625.0,Concentrado Primario L1,29.99,14.18,0.103,0.486,18.46,8.44,C_01_S15
23-Oct-23,12:56,108.0,918.0,316.0,810.0,5623.0,Rebose Hidrociclones L1,2.189,0.613,0.006,0.014,83.87,39.01,C_01_S01
23-Oct-23,12:44,111.0,838.0,232.5,727.0,5624.0,Relave Final,1.692,0.061,0.002,0.003,85.38,31.98,C_01_S03
23-Oct-23,12:48,108.5,1222.5,78.5,1114.0,5625.0,Cola Scavenger L2,24.34,0.416,0.01,0.008,42.46,7.05,C_01_S05
23-Oct-23,12:49,111.5,875.5,223.0,764.0,5626.0,Concentrado Colectivo,29.4,24.17,0.169,0.63,9.28,29.19,C_01_S10
23-Oct-23,12:51,109.0,1132.0,367.0,1023.0,5627.0,Concentrado Primario L2,28.47,11.13,0.085,0.285,23.7,35.87,C_01_S14
23-Oct-23,12:40,110.5,1161.0,147.0,1050.5,5628.0,Concentrado Primario L1,31.09,9.07,0.067,0.219,21.46,13.99,C_01_S15
27-Oct-23,10:57,110.0,898.5,336.5,788.5,5629.0,Rebose Hidrociclones L1,2.285,0.563,0.004,0.017,84.48,42.68,C_01_S01
27-Oct-23,10:59,110.5,788.0,143.0,677.5,5630.0,Relave Final,2.194,0.094,0.002,0.005,85.6,21.11,C_01_S03
27-Oct-23,11:10,110.0,1164.0,58.0,1054.0,5631.0,Cola Scavenger L2,15.39,0.563,0.012,0.017,58.38,5.5,C_01_S05
27-Oct-23,11:12,110.0,883.0,229.5,773.0,5632.0,Concentrado Colectivo,27.72,25.87,0.108,0.78,10.98,29.69,C_01_S10
27-Oct-23,11:05,110.0,1398.0,569.5,1288.0,5633.0,Concentrado Primario L2,26.45,18.65,0.082,0.56,20.94,44.22,C_01_S14
27-Oct-23,11:08,110.5,1193.0,151.5,1082.5,5634.0,Concentrado Primario L1,26.8,19.25,0.086,0.58,19.4,14.0,C_01_S15
30-Oct-23,10:47,108.0,906.0,318.5,798.0,5635.0,Rebose Hidrociclones L1,2.134,0.559,0.004,0.015,0.0,39.91,C_01_S01
30-Oct-23,10:50,110.5,804.0,157.5,693.5,5636.0,Relave Final,1.638,0.09,0.002,0.003,0.0,22.71,C_01_S03
30-Oct-23,11:01,108.5,1242.0,142.0,1133.5,5637.0,Cola Scavenger L2,13.37,0.35,0.0,0.016,0.0,12.53,C_01_S05
30-Oct-23,10:54,111.5,908.5,281.5,797.0,5638.0,Concentrado Colectivo,25.81,26.61,0.088,0.634,10.86,35.32,C_01_S10
30-Oct-23,10:56,110.5,1420.5,560.5,1310.0,5639.0,Concentrado Primario L2,27.37,18.94,0.065,0.525,0.0,42.79,C_01_S14
30-Oct-23,10:58,110.0,1382.5,589.0,1272.5,5640.0,Concentrado Primario L1,26.17,18.44,0.061,0.508,0.0,46.29,C_01_S15
03-Nov-23,11:59,110.0,875.0,293.0,765.0,5642.0,Rebose Hidrociclones L1,2.17,0.764,0.0,0.029,82.1,38.3,C_01_S01
03-Nov-23,11:54,110.0,831.5,190.0,721.5,5643.0,Relave Final,1.84,0.103,0.0,0.006,83.24,26.33,C_01_S03
03-Nov-23,12:02,110.5,1162.5,150.0,1052.0,5644.0,Concentrado 1ra Limpieza L1,27.74,22.133,0.0,1.416,14.66,14.26,C_01_S08
03-Nov-23,11:56,110.0,9000.0,243.5,8890.0,5645.0,Concentrado Colectivo,28.83,26.36,0.0,1.203,10.34,2.74,C_01_S10
03-Nov-23,11:57,110.0,1351.5,519.0,1241.5,5646.0,Concentrado Primario L2,27.15,14.76,0.0,0.683,23.6,41.8,C_01_S14
08-Nov-23,12:44,111.0,807.0,163.5,696.0,5647.0,Relave Final,1.33,0.078,0.0,0.007,82.67,23.49,C_01_S03
08-Nov-23,12:47,108.5,1211.0,84.5,1102.5,5648.0,Cola Scavenger L2,11.94,0.386,0.0,0.016,57.7,7.66,C_01_S05
08-Nov-23,12:50,111.0,1210.0,222.0,1099.0,5649.0,Concentrado 1ra Limpieza L1,21.51,15.47,0.066,1.35,24.76,20.2,C_01_S08
08-Nov-23,12:53,111.5,901.5,267.5,790.0,5650.0,Concentrado Colectivo,23.84,22.32,0.088,1.45,14.32,33.86,C_01_S10
08-Nov-23,12:55,111.0,1335.0,457.0,1224.0,5651.0,Concentrado Primario L2,18.91,13.45,0.056,1.15,34.2,37.34,C_01_S14
13-Nov-23,10:26,111.0,803.0,174.0,692.0,5652.0,Relave Final,2.314,0.111,0.0,0.005,82.97,25.14,C_01_S03
13-Nov-23,10:32,111.0,1233.0,256.0,1122.0,5653.0,Concentrado 1ra Limpieza L1,28.28,14.43,0.136,0.75,18.94,22.82,C_01_S08
13-Nov-23,10:35,111.5,880.0,256.0,768.5,5654.0,Concentrado Colectivo,28.34,23.78,0.248,0.75,10.84,33.31,C_01_S10
13-Nov-23,10:37,109.0,1326.0,542.0,1217.0,5655.0,Concentrado Primario L2,26.93,11.14,0.116,0.472,17.94,44.54,C_01_S14
13-Nov-23,10:43,110.5,1238.5,278.0,1128.0,5656.0,Concentrado Primario L1,25.94,11.24,0.112,0.499,26.12,24.65,C_01_S15
20-Nov-23,9:29,110.0,703.5,219.5,593.5,5660.0,Rebose Hidrociclones L1,2.516,0.578,0.0,0.02,0.0,36.98,C_01_S01
20-Nov-23,9:31,111.5,873.0,306.5,761.5,5661.0,Rebose Hidrociclones L2,2.53,0.634,0.0,0.021,0.0,40.25,C_01_S02
20-Nov-23,9:23,110.5,797.0,148.0,686.5,5662.0,Relave Final,2.359,0.118,0.0,0.004,0.0,21.56,C_01_S03
20-Nov-23,9:27,110.0,1190.0,52.5,1080.0,5663.0,Cola Scavenger L2,11.4,0.357,0.0,0.012,0.0,4.86,C_01_S05
20-Nov-23,9:42,110.0,898.0,286.0,788.0,5664.0,Concentrado Colectivo,29.76,24.88,0.0,1.0,8.36,36.29,C_01_S10
20-Nov-23,9:33,110.0,1330.5,439.0,1220.5,5665.0,Concentrado Primario L2,23.86,16.42,0.0,0.64,27.44,35.97,C_01_S14
22-Nov-23,10:27,108.0,898.0,297.0,790.0,5669.0,Rebose Hidrociclones L1,1.998,0.59,0.0,0.03,0.0,37.59,C_01_S01
22-Nov-23,10;25,111.5,948.5,337.5,837.0,5670.0,Rebose Hidrociclones L2,1.897,0.605,0.0,0.027,0.0,40.32,C_01_S02
22-Nov-23,10:30,111.0,816.5,159.0,705.5,5671.0,Relave Final,2.162,0.066,0.0,0.002,0.0,22.54,C_01_S03
22-Nov-23,10:33,108.5,1196.0,43.0,1087.5,5672.0,Cola Scavenger L2,11.42,0.33,0.0,0.012,0.0,3.95,C_01_S05
22-Nov-23,10:36,110.5,806.0,109.0,695.5,5673.0,Concentrado 1ra Limpieza L1,29.25,17.61,0.0,1.112,14.7,15.67,C_01_S08
22-Nov-23,10:39,111.5,915.0,287.5,803.5,5674.0,Concentrado Colectivo,30.4,20.4,0.0,1.106,9.76,35.78,C_01_S10
22-Nov-23,10:40,109.0,1251.0,356.0,1142.0,5675.0,Concentrado Primario L2,21.67,14.63,0.0,0.781,31.88,31.17,C_01_S14
24-Nov-23,11:19,110.5,899.5,300.5,789.0,5679.0,Rebose Hidrociclones L1,2.463,0.477,0.0,0.016,0.0,38.09,C_01_S01
24-Nov-23,10:57,111.5,875.0,317.5,763.5,5680.0,Rebose Hidrociclones L2,2.47,0.448,0.0,0.016,0.0,41.58,C_01_S02
24-Nov-23,11:00,110.5,835.5,194.0,725.0,5681.0,Relave Final,2.13,0.122,0.0,0.007,0.0,26.76,C_01_S03
24-Nov-23,11:25,111.0,1157.5,52.5,1046.5,5682.0,Cola Scavenger L2,23.2,0.709,0.0,0.034,0.0,5.02,C_01_S05
24-Nov-23,11:06,110.0,1075.0,137.5,965.0,5683.0,Concentrado 1ra Limpieza L1,30.25,21.69,0.0,0.865,8.46,14.25,C_01_S08
24-Nov-23,11:09,110.0,823.0,213.0,713.0,5684.0,Concentrado Colectivo,30.36,23.98,0.0,0.869,6.12,29.87,C_01_S10
27-Nov-23,11:34,110.5,886.5,276.0,776.0,5685.0,Rebose Hidrociclones L1,1.712,0.508,0.004,0.032,84.3,35.57,C_01_S01
27-Nov-23,11:37,110.5,842.0,174.0,731.5,5686.0,Relave Final,1.022,0.059,0.002,0.005,86.51,23.79,C_01_S03
27-Nov-23,11:41,111.0,1278.0,96.0,1167.0,5687.0,Cola Scavenger L2,14.56,0.305,0.011,0.014,59.08,8.23,C_01_S05
27-Nov-23,11:43,110.0,861.0,215.0,751.0,5688.0,Concentrado Colectivo,29.63,23.383,0.097,1.69,8.76,28.63,C_01_S10
27-Nov-23,11:48,110.0,1300.5,408.5,1190.5,5689.0,Concentrado Primario L2,21.75,12.736,0.046,0.871,33.36,34.31,C_01_S14
27-Nov-23,11:50,110.5,1334.0,429.5,1223.5,5690.0,Concentrado Primario L1,22.26,13.383,0.052,0.896,31.8,35.1,C_01_S15
29-Nov-23,12:28,108.0,948.5,328.0,840.5,5691.0,Rebose Hidrociclones L1,2.449,0.635,0.004,0.026,86.24,39.02,C_01_S01
29-Nov-23,12:30,109.0,826.5,146.0,717.5,5692.0,Relave Final,2.306,0.043,0.002,0.004,86.99,20.35,C_01_S03
29-Nov-23,12:34,108.5,1223.0,117.5,1114.5,5693.0,Cola Scavenger L2,14.05,0.221,0.007,0.015,61.74,10.54,C_01_S05
29-Nov-23,12:36,110.5,1102.0,98.0,991.5,5694.0,Concentrado 1ra Limpieza L1,28.09,20.796,0.081,1.26,14.92,9.88,C_01_S08
29-Nov-23,12:39,110.0,848.0,214.0,738.0,5695.0,Concentrado Colectivo,29.11,25.373,0.091,1.178,9.94,29.0,C_01_S10
29-Nov-23,12:41,109.5,1288.5,331.0,1179.0,5696.0,Concentrado Primario L2,22.18,14.229,0.054,0.636,33.46,28.07,C_01_S14
29-Nov-23,12:43,110.0,1313.0,380.5,1203.0,5697.0,Concentrado Primario L1,21.77,12.935,0.052,0.644,35.52,31.63,C_01_S15
04-Dec-23,16:41,111.0,848.5,204.0,737.5,5698.0,Relave Final,1.073,0.092,0.004,0.011,88.73,27.66,C_01_S03
04-Dec-23,16:39,110.0,1121.5,91.0,1011.5,5699.0,Concentrado 1ra Limpieza L1,24.84,22.089,0.128,1.794,16.72,9.0,C_01_S08
04-Dec-23,16:42,111.5,809.5,152.0,698.0,5700.0,Concentrado Colectivo,24.89,24.079,0.141,2.248,14.0,21.78,C_01_S10
08-Dec-23,12:14,108.0,933.5,318.0,825.5,5708.0,Rebose Hidrociclones L1,2.725,0.709,0.005,0.028,0.0,38.52,C_01_S01
08-Dec-23,12:17,111.5,957.5,373.0,846.0,5709.0,Rebose Hidrociclones L2,2.813,0.749,0.005,0.029,0.0,44.09,C_01_S02
08-Dec-23,12:09,111.0,858.0,182.0,747.0,5710.0,Relave Final,2.455,0.096,0.0,0.006,0.0,24.36,C_01_S03
08-Dec-23,12:12,108.5,1321.0,162.0,1212.5,5711.0,Cola Scavenger L2,14.86,0.311,0.0,0.033,0.0,13.36,C_01_S05
08-Dec-23,12:23,110.0,1123.0,101.0,1013.0,5712.0,Concentrado 1ra Limpieza L1,30.03,17.05,0.079,0.964,16.28,9.97,C_01_S08
08-Dec-23,12:19,111.5,905.5,275.0,794.0,5713.0,Concentrado Colectivo,30.14,24.98,0.106,0.981,8.2,34.63,C_01_S10
08-Dec-23,12:24,109.0,1439.0,595.0,1330.0,5714.0,Concentrado Primario L2,28.44,13.28,0.059,0.553,23.12,44.74,C_01_S14
08-Dec-23,12:20,110.5,1423.0,540.0,1312.5,5715.0,Concentrado Primario L1,28.05,14.37,0.063,0.559,22.66,41.14,C_01_S15
11-Dec-23,16:26,110.5,888.0,239.5,777.5,5719.0,Relave Final,2.291,0.045,0.0,0.003,0.0,30.8,C_01_S03
11-Dec-23,16:28,112.5,1102.5,99.5,990.0,5720.0,Concentrado 1ra Limpieza L1,30.54,19.03,0.132,1.698,11.64,10.05,C_01_S08
11-Dec-23,16:31,110.0,890.5,255.0,780.5,5721.0,Concentrado Colectivo,30.27,23.49,0.153,1.615,8.0,32.67,C_01_S10
11-Dec-23,16:30,110.0,1333.5,446.0,1223.5,5722.0,Concentrado Primario L2,26.33,14.67,0.077,0.856,24.42,36.45,C_01_S14
11-Dec-23,16:33,110.0,1345.0,430.5,1235.0,5723.0,Concentrado Primario L1,24.86,11.89,0.067,0.759,30.0,34.86,C_01_S15
18-Dec-23,10:58,108.0,929.0,355.0,821.0,5724.0,Rebose Hidrociclones L2,1.549,0.581,0.0,0.032,0.0,43.24,C_01_S02
18-Dec-23,11:01,109.0,808.5,103.5,699.5,5725.0,Relave Final,0.892,0.043,0.002,0.006,90.76,14.8,C_01_S03
18-Dec-23,11:03,111.0,1111.0,70.0,1000.0,5726.0,Concentrado 1ra Limpieza L1,29.45,28.15,0.109,1.51,7.26,7.0,C_01_S08
18-Dec-23,11.06,11.5,883.0,238.5,871.5,5727.0,Concentrado Colectivo,29.57,29.34,0.116,1.48,5.2,27.37,C_01_S10
18-Dec-23,11:08,109.0,1272.0,406.0,1163.0,5728.0,Concentrado Primario L2,22.72,19.13,0.073,0.987,25.54,34.91,C_01_S14
20-Dec-23,12:03,110.5,885.5,217.0,775.0,5733.0,Relave Final,1.436,0.069,0.0,0.007,0.0,28.0,C_01_S03
20-Dec-23,12:08,112.5,938.5,62.5,826.0,5734.0,Concentrado 1ra Limpieza L1,29.77,22.9,0.102,1.43,11.62,7.57,C_01_S08
20-Dec-23,12:02,110.0,750.5,21.0,640.5,5735.0,Concentrado Colectivo,30.21,26.76,0.112,1.57,7.76,3.28,C_01_S10
20-Dec-23,12:05,110.0,1285.0,326.0,1175.0,5736.0,Concentrado Primario L2,19.49,12.14,0.049,0.656,38.0,27.74,C_01_S14
20-Dec-23,12:13,111.5,1068.0,200.5,956.5,5737.0,Concentrado Primario L1,22.6,13.58,0.072,0.838,31.2,20.96,C_01_S15
22-Dec-23,19:17,110.0,1065.0,31.5,955.0,5740.0,Concentrado 1ra Limpieza L1,27.66,27.75,0.0,2.3,7.32,3.3,C_01_S08
22-Dec-23,19:22,110.0,769.5,4.5,659.5,5741.0,Concentrado Colectivo,28.06,29.04,0.0,1.969,6.0,0.68,C_01_S10
22-Dec-23,19:20,109.5,1361.5,485.5,1252.0,5742.0,Concentrado Primario L2,23.07,18.93,0.0,1.182,23.96,38.78,C_01_S14
22-Dec-23,19:23,110.0,1387.5,505.5,1277.5,5743.0,Concentrado Primario L1,24.25,18.34,0.0,1.232,22.46,39.57,C_01_S15
24-Dec-23,10:24,111.0,848.5,160.5,737.5,5744.0,Relave Final,1.544,0.07,0.0,0.022,0.0,21.76,C_01_S03
24-Dec-23,10:39,108.5,1277.0,67.0,1168.5,5745.0,Cola Scavenger L1,19.42,0.359,0.0,0.356,0.0,5.73,C_01_S04
24-Dec-23,10:43,108.5,1298.0,75.0,1189.5,5746.0,Cola Scavenger L2,20.46,0.335,0.0,0.349,0.0,6.31,C_01_S05
24-Dec-23,10:32,111.0,1146.0,143.5,1035.0,5747.0,Concentrado 1ra Limpieza L1,27.86,24.28,0.109,5.98,7.88,13.86,C_01_S08
24-Dec-23,10:36,110.0,1114.0,91.0,1004.0,5748.0,Concentrado 1ra Limpieza L2,28.07,25.77,0.108,5.72,6.7,9.06,C_01_S09
24-Dec-23,10:44,111.5,848.0,157.0,736.5,5749.0,Concentrado Colectivo,28.68,26.76,0.114,5.29,6.02,21.32,C_01_S10
27-Dec-23,10:52,111.5,917.5,311.0,806.0,5750.0,Rebose Hidrociclones L1,2.78,0.68,0.003,0.036,0.0,38.59,C_01_S01
27-Dec-23,10:55,108.0,951.5,317.5,843.5,5751.0,Rebose Hidrociclones L2,2.69,0.582,0.002,0.033,0.0,37.64,C_01_S02
27-Dec-23,10:57,111.0,835.5,155.0,724.5,5752.0,Relave Final,2.49,0.072,0.0,0.007,0.0,21.39,C_01_S03
27-Dec-23,11:01,108.5,1187.5,176.0,1079.0,5753.0,Cola Scavenger L1,17.5,0.244,0.0,0.016,0.0,16.31,C_01_S04
27-Dec-23,11:04,108.5,1117.0,160.0,1008.5,5754.0,Cola Scavenger L2,16.94,0.233,0.0,0.019,0.0,15.87,C_01_S05
27-Dec-23,11:07,111.0,800.0,126.0,689.0,5755.0,Concentrado 1ra Limpieza L1,29.23,15.36,0.034,1.319,16.22,18.29,C_01_S08
27-Dec-23,11:10,110.0,784.0,91.0,674.0,5756.0,Concentrado 1ra Limpieza L2,28.3,19.53,0.039,1.33,13.62,13.5,C_01_S09
27-Dec-23,11:16,111.5,843.5,155.5,732.0,5757.0,Concentrado Colectivo,28.57,23.69,0.047,1.44,8.5,21.24,C_01_S10
27-Dec-23,11:12,109.0,930.0,347.5,821.0,5758.0,Concentrado Primario L2,26.59,19.43,0.038,0.907,18.44,42.33,C_01_S14
27-Dec-23,11:14,110.5,967.0,346.0,856.5,5759.0,Concentrado Primario L1,25.49,17.35,0.039,1.0,21.12,40.4,C_01_S15
01-Jan-24,11:57,108.0,927.0,308.5,819.0,5765.0,Rebose Hidrociclones L1,2.553,0.568,0.003,0.026,0.0,37.67,C_01_S01
01-Jan-24,11:47,111.5,940.0,311.0,828.5,5766.0,Rebose Hidrociclones L2,2.634,0.506,0.003,0.027,0.0,37.54,C_01_S02
01-Jan-24,11:49,111.0,864.5,172.0,753.5,5767.0,Relave Final,1.972,0.063,0.0,0.006,0.0,22.83,C_01_S03
01-Jan-24,11:53,108.5,1118.0,81.0,1009.5,5768.0,Cola Scavenger L1,11.81,0.342,0.0,0.035,0.0,8.02,C_01_S04
01-Jan-24,12:13,108.5,1113.0,80.5,1004.5,5769.0,Cola Scavenger L2,12.53,0.351,0.0,0.03,0.0,8.01,C_01_S05
01-Jan-24,12:00,111.0,824.5,103.0,713.5,5770.0,Concentrado 1ra Limpieza L1,27.9,18.819,0.052,1.26,11.4,14.44,C_01_S08
01-Jan-24,12:03,110.0,810.0,90.5,700.0,5771.0,Concentrado 1ra Limpieza L2,29.97,22.295,0.056,1.111,8.6,12.93,C_01_S09
01-Jan-24,12:06,111.5,844.5,187.5,733.0,5772.0,Concentrado Colectivo,28.77,21.848,0.059,1.265,8.62,25.58,C_01_S10
01-Jan-24,12:08,109.0,947.5,307.0,838.5,5773.0,Concentrado Primario L2,26.45,14.698,0.034,0.72,20.68,36.61,C_01_S14
01-Jan-24,12:10,110.5,352.0,90.0,241.5,5774.0,Concentrado Primario L1,25.26,13.903,0.033,0.702,22.68,37.27,C_01_S15
03-Jan-24,13:13,110.5,889.5,192.5,779.0,5778.0,Rebose Hidrociclones L1,2.432,0.602,0.003,0.04,0.0,24.71,C_01_S01
03-Jan-24,13:16,110.0,940.5,340.5,830.5,5779.0,Rebose Hidrociclones L2,2.455,0.508,0.003,0.035,0.0,41.0,C_01_S02
03-Jan-24,12:49,109.0,849.5,151.0,740.5,5780.0,Relave Final,1.861,0.047,0.0,0.056,0.0,20.39,C_01_S03
03-Jan-24,12:52,110.5,1135.5,111.5,1025.0,5781.0,Cola Scavenger L1,12.34,0.245,0.0,0.017,0.0,10.88,C_01_S04
03-Jan-24,12:59,112.5,814.5,117.5,702.0,5782.0,Concentrado 1ra Limpieza L1,28.91,16.119,0.06,1.49,18.02,16.74,C_01_S08
03-Jan-24,13:03,110.5,831.0,104.5,720.5,5783.0,Concentrado 1ra Limpieza L2,29.25,20.099,0.08,1.47,14.06,14.5,C_01_S09
03-Jan-24,13:05,110.0,978.5,296.5,868.5,5784.0,Concentrado Colectivo,29.39,23.383,0.096,1.54,10.9,34.14,C_01_S10
03-Jan-24,13:07,109.5,808.5,252.5,699.0,5785.0,Concentrado Primario L2,25.27,13.035,0.053,0.87,29.0,36.12,C_01_S14
05-Jan-24,11:32,108.0,841.5,274.0,733.5,5786.0,Rebose Hidrociclones L1,1.365,0.326,0.003,0.009,0.0,37.36,C_01_S01
05-Jan-24,11:29,111.5,855.0,311.5,743.5,5787.0,Rebose Hidrociclones L2,1.375,0.32,0.003,0.008,0.0,41.9,C_01_S02
05-Jan-24,11:34,111.0,811.5,172.5,700.5,5788.0,Relave Final,1.236,0.04,0.0,0.003,0.0,24.63,C_01_S03
05-Jan-24,11:44,108.5,1078.0,68.5,969.5,5789.0,Cola Scavenger L1,6.66,0.165,0.0,0.014,0.0,7.07,C_01_S04
05-Jan-24,11:49,108.5,1070.0,65.5,961.5,5790.0,Cola Scavenger L2,6.95,0.124,0.0,0.013,0.0,6.81,C_01_S05
05-Jan-24,11:37,111.0,770.0,82.5,659.0,5791.0,Concentrado 1ra Limpieza L1,28.17,20.698,0.093,0.649,12.72,12.52,C_01_S08
05-Jan-24,11:47,110.0,776.0,93.0,666.0,5792.0,Concentrado 1ra Limpieza L2,27.91,23.968,0.108,0.589,10.38,13.96,C_01_S09
05-Jan-24,11:40,111.5,851.0,215.5,739.5,5793.0,Concentrado Colectivo,28.04,24.212,0.102,0.64,9.32,29.14,C_01_S10
05-Jan-24,11:38,109.0,902.5,288.0,793.5,5794.0,Concentrado Primario L2,23.69,16.89,0.082,0.459,25.6,36.29,C_01_S14
05-Jan-24,11:42,110.5,909.0,301.5,798.5,5795.0,Concentrado Primario L1,23.8,16.402,0.075,0.438,25.72,37.76,C_01_S15
08-Jan-24,12:03,110.0,951.0,363.5,841.0,5800.0,Rebose Hidrociclones L2,1.015,0.272,0.002,0.01,0.0,43.22,C_01_S02
08-Jan-24,11:44,109.0,791.5,74.0,682.5,5801.0,Relave Final,0.7,0.041,0.0,0.003,0.0,10.84,C_01_S03
08-Jan-24,11:48,110.5,1083.5,39.5,973.0,5802.0,Cola Scavenger L1,19.04,0.312,0.0,0.012,0.0,4.06,C_01_S04
08-Jan-24,11:51,108.5,1025.5,47.0,917.0,5803.0,Cola Scavenger L2,19.49,0.375,0.0,0.014,0.0,5.13,C_01_S05
08-Jan-24,11:54,112.5,751.0,54.0,638.5,5804.0,Concentrado 1ra Limpieza L1,28.1,17.281,0.07,1.05,14.06,8.46,C_01_S08
08-Jan-24,11:57,109.5,887.5,73.0,778.0,5805.0,Concentrado 1ra Limpieza L2,28.36,20.893,0.074,1.004,10.82,9.38,C_01_S09
08-Jan-24,12:00,110.0,827.0,194.5,717.0,5806.0,Concentrado Colectivo,28.05,23.236,0.082,1.07,9.08,27.13,C_01_S10
08-Jan-24,12:02,110.5,774.0,254.5,663.5,5807.0,Concentrado Primario L2,21.84,15.133,0.051,0.715,27.0,38.36,C_01_S14
15-Jan-24,17:30,108.0,904.0,271.5,796.0,5808.0,Rebose Hidrociclones L1,1.782,0.463,0.003,0.027,0.0,34.11,C_01_S01
15-Jan-24,17:33,110.0,932.5,269.0,822.5,5809.0,Rebose Hidrociclones L2,1.713,0.392,0.004,0.024,0.0,32.71,C_01_S02
15-Jan-24,17:08,109.0,800.0,116.5,691.0,5810.0,Relave Final,1.271,0.044,0.0,0.005,0.0,16.86,C_01_S03
15-Jan-24,17:12,110.5,1115.5,111.5,1005.0,5811.0,Cola Scavenger L1,11.74,0.098,0.0,0.01,0.0,11.09,C_01_S04
15-Jan-24,17:15,108.5,1111.0,81.5,1002.5,5812.0,Cola Scavenger L2,11.03,0.106,0.0,0.012,0.0,8.13,C_01_S05
15-Jan-24,17:18,112.5,765.5,77.5,653.0,5813.0,Concentrado 1ra Limpieza L1,25.09,17.279,0.061,1.397,23.42,11.87,C_01_S08
15-Jan-24,17:21,110.5,755.0,59.5,644.5,5814.0,Concentrado 1ra Limpieza L2,26.86,21.649,0.067,1.197,16.26,9.23,C_01_S09
15-Jan-24,17:24,110.0,770.0,137.5,660.0,5815.0,Concentrado Colectivo,26.07,21.344,0.073,1.577,17.7,20.83,C_01_S10
15-Jan-24,17:26,109.5,908.0,235.5,798.5,5816.0,Concentrado Primario L2,21.6,13.213,0.044,0.755,35.56,29.49,C_01_S14
15-Jan-24,17:28,110.5,916.5,228.5,806.0,5817.0,Concentrado Primario L1,19.08,10.672,0.042,0.662,42.04,28.35,C_01_S15
17-Jan-24,10:22,110.0,919.0,311.0,809.0,5820.0,Rebose Hidrociclones L1,2.292,0.529,0.003,0.04,0.0,38.44,C_01_S01
17-Jan-24,10:42,111.5,945.0,333.5,833.5,5821.0,Rebose Hidrociclones L2,2.418,0.634,0.003,0.047,0.0,40.01,C_01_S02
17-Jan-24,10:35,111.0,986.5,69.5,875.5,5822.0,Cola Scavenger L1,9.17,0.161,0.0,0.015,0.0,7.94,C_01_S04
17-Jan-24,10:39,110.0,1111.0,83.0,1001.0,5823.0,Cola Scavenger L2,9.29,0.213,0.0,0.025,0.0,8.29,C_01_S05
17-Jan-24,10:44,110.5,758.5,70.0,648.0,5824.0,Concentrado 1ra Limpieza L1,26.8,26.579,0.068,2.009,10.4,10.8,C_01_S08
17-Jan-24,10:31,110.0,712.0,33.0,602.0,5825.0,Concentrado 1ra Limpieza L2,26.79,26.63,0.071,2.523,9.42,5.48,C_01_S09
17-Jan-24,10:37,110.0,795.5,188.0,685.5,5826.0,Concentrado Colectivo,26.49,28.662,0.067,1.942,6.78,27.43,C_01_S10
17-Jan-24,10:46,110.0,964.0,326.0,854.0,5827.0,Concentrado Primario L2,22.7,19.921,0.05,1.325,25.1,38.17,C_01_S14
17-Jan-24,10:33,110.0,882.5,290.0,772.5,5828.0,Concentrado Primario L1,21.8,18.6,0.053,1.357,26.9,37.54,C_01_S15
25-Jan-24,,,,,,,,,,,,,,
25-Jan-24,,,,,,,,,,,,,,
25-Jan-24,,,,,,,,,,,,,,
25-Jan-24,,,,,,,,,,,,,,
25-Jan-24,,,,,,,,,,,,,,
25-Jan-24,,,,,,,,,,,,,,
25-Jan-24,,,,,,,,,,,,,,
25-Jan-24,,,,,,,,,,,,,,
25-Jan-24,,,,,,,,,,,,,,
01-Feb-24,16:27,108.0,889.0,310.0,781.0,5832.0,Rebose Hidrociclones L1,1844.0,0.519,0.004,0.048,0.0,39.69,C_01_S01
01-Feb-24,16:21,110.0,887.5,312.0,777.5,5833.0,Rebose Hidrociclones L2,1899.0,0.454,0.004,0.037,0.0,40.13,C_01_S02
01-Feb-24,16:30,109.0,804.5,162.0,695.5,5834.0,Relave Final,1891.0,0.067,0.0,0.009,0.0,23.29,C_01_S03
01-Feb-24,16:33,110.5,1086.0,61.0,975.5,5835.0,Cola Scavenger L1,8430.0,0.174,0.0,0.01,0.0,6.25,C_01_S04
01-Feb-24,16:37,110.0,1134.0,93.5,1024.0,5836.0,Cola Scavenger L2,7830.0,0.162,0.0,0.009,0.0,9.13,C_01_S05
01-Feb-24,16:39,110.5,808.0,130.5,697.5,5837.0,Concentrado 1ra Limpieza L1,26820.0,23072.0,0.08,1980.0,14220.0,18.71,C_01_S08
01-Feb-24,16:42,111.5,800.0,136.5,688.5,5838.0,Concentrado Colectivo,28160.0,25527.0,0.087,2032.0,10000.0,19.83,C_01_S10
01-Feb-24,16:43,109.5,720.0,203.5,610.5,5839.0,Concentrado Primario L2,18750.0,14334.0,0.045,1366.0,38180.0,33.33,C_01_S14
01-Feb-24,16:46,112.5,941.0,284.0,828.5,5840.0,Concentrado Primario L1,21700.0,17476.0,0.047,1723.0,28820.0,34.28,C_01_S15
02-Feb-24,11:43,110.0,914.0,346.5,804.0,5841.0,Rebose Hidrociclones L1,2173.0,0.625,0.003,0.063,0.0,43.1,C_01_S01
02-Feb-24,11:15,111.5,909.0,352.0,797.5,5842.0,Rebose Hidrociclones L2,2247.0,0.632,0.004,0.064,0.0,44.14,C_01_S02
02-Feb-24,11:01,111.0,865.5,147.5,754.5,5843.0,Relave Final,1902.0,0.115,0.0,0.022,0.0,19.55,C_01_S03
02-Feb-24,10:55,108.5,1097.0,113.5,988.5,5844.0,Cola Scavenger L1,5300.0,0.138,0.0,0.012,0.0,11.48,C_01_S04
02-Feb-24,10:58,108.5,1140.0,133.5,1031.5,5845.0,Cola Scavenger L2,5251.0,0.132,0.0,0.012,0.0,12.94,C_01_S05
02-Feb-24,11:03,110.5,831.5,132.0,721.0,5846.0,Concentrado 1ra Limpieza L1,25880.0,20874.0,0.073,2705.0,17140.0,18.31,C_01_S08
02-Feb-24,11:11,110.0,859.0,204.5,749.0,5847.0,Concentrado Colectivo,27480.0,24892.0,0.082,2610.0,11200.0,27.3,C_01_S10
02-Feb-24,11:10,110.0,1020.5,388.0,910.5,5848.0,Concentrado Primario L2,23120.0,17248.0,0.064,1792.0,28980.0,42.61,C_01_S14
02-Feb-24,11:07,110.5,990.5,385.5,880.0,5849.0,Concentrado Primario L1,24840.0,18424.0,0.062,1925.0,23020.0,43.81,C_01_S15
05-Feb-24,11:27,110.0,907.0,339.5,797.0,5850.0,Rebose Hidrociclones L2,2.211,0.572,0.005,0.02,0.0,42.6,C_01_S02
05-Feb-24,11:24,109.0,865.0,210.0,756.0,5851.0,Relave Final,1.409,0.089,0.0,0.004,0.0,27.78,C_01_S03
05-Feb-24,11:21,110.0,1139.0,133.0,1029.0,5852.0,Cola Scavenger L2,14.38,0.276,0.0,0.025,0.0,12.93,C_01_S05
05-Feb-24,11:09,110.5,807.0,109.5,696.5,5853.0,Concentrado 1ra Limpieza L1,30.51,23.324,0.105,0.751,11.34,15.72,C_01_S08
05-Feb-24,11:28,111.5,865.0,191.5,753.5,5854.0,Concentrado Colectivo,30.96,27.93,0.163,0.689,7.0,25.41,C_01_S10
05-Feb-24,11:16,109.5,950.5,335.0,841.0,5855.0,Concentrado Primario L2,23.53,12.74,0.072,0.436,32.72,39.83,C_01_S14
06-Feb-24,10:07,110.5,938.0,369.5,827.5,5856.0,Rebose Hidrociclones L1,1.896,0.618,0.004,0.022,0.0,44.65,C_01_S01
06-Feb-24,10:21,110.0,918.5,342.5,808.5,5857.0,Rebose Hidrociclones L2,1.929,0.589,0.004,0.024,0.0,42.36,C_01_S02
06-Feb-24,10:13,110.5,849.5,172.5,739.0,5858.0,Relave Final,1.389,0.131,0.0,0.006,0.0,23.34,C_01_S03
06-Feb-24,10:01,109.5,1126.5,122.5,1017.0,5859.0,Cola Scavenger L1,14.07,0.205,0.0,0.008,0.0,12.05,C_01_S04
06-Feb-24,10:05,108.5,1137.5,159.0,1029.0,5860.0,Cola Scavenger L2,12.95,0.581,0.0,0.02,0.0,15.45,C_01_S05
06-Feb-24,10:10,111.0,806.5,121.0,695.5,5861.0,Concentrado 1ra Limpieza L1,29.74,23.03,0.095,0.904,12.5,17.4,C_01_S08
06-Feb-24,9:58,112.0,740.5,21.5,628.5,5862.0,Concentrado 1ra Limpieza L2,27.51,25.872,0.116,1.16,12.24,3.42,C_01_S09
06-Feb-24,10:02,110.5,847.5,179.5,737.0,5863.0,Concentrado Colectivo,29.94,27.244,0.105,0.907,8.04,24.36,C_01_S10
06-Feb-24,10:11,109.0,999.5,382.5,890.5,5864.0,Concentrado Primario L2,25.26,16.464,0.066,0.517,29.52,42.95,C_01_S14
07-Feb-24,15:39,111.5,930.5,348.5,819.0,5865.0,Rebose Hidrociclones L2,2.007,0.502,0.003,0.027,0.0,42.55,C_01_S02
07-Feb-24,15:45,111.0,841.0,166.5,730.0,5866.0,Relave Final,1.466,0.089,0.0,0.006,0.0,22.81,C_01_S03
07-Feb-24,15:49,108.5,921.5,95.5,813.0,5867.0,Cola Scavenger L1,15.48,0.169,0.0,0.006,0.0,11.75,C_01_S04
07-Feb-24,15:52,110.5,1155.0,140.0,1044.5,5868.0,Cola Scavenger L2,15.1,0.16,0.0,0.006,0.0,13.4,C_01_S05
07-Feb-24,15:42,110.5,815.5,123.5,705.0,5869.0,Concentrado 1ra Limpieza L1,27.92,18.592,0.059,1.14,13.42,17.52,C_01_S08
07-Feb-24,15:46,110.0,921.5,226.0,811.5,5870.0,Concentrado Colectivo,26.52,20.854,0.062,1.16,14.6,27.85,C_01_S10
07-Feb-24,15:43,110.0,991.0,354.5,881.0,5871.0,Concentrado Primario L2,21.77,12.886,0.036,0.633,31.52,40.24,C_01_S14
09-Feb-24,10:18,111.5,942.0,362.5,830.5,5872.0,Rebose Hidrociclones L2,2.138,0.588,0.003,0.027,0.0,43.65,C_01_S02
09-Feb-24,10:08,111.0,989.5,145.5,878.5,5873.0,Relave Final,1.078,0.088,0.0,0.005,0.0,16.56,C_01_S03
09-Feb-24,10:12,108.5,1076.0,97.0,967.5,5874.0,Cola Scavenger L1,10.2,0.104,0.0,0.005,0.0,10.03,C_01_S04
09-Feb-24,10:15,110.5,1097.0,133.0,986.5,5875.0,Cola Scavenger L2,10.4,0.111,0.0,0.005,0.0,13.48,C_01_S05
09-Feb-24,10:22,110.5,784.0,110.0,673.5,5876.0,Concentrado 1ra Limpieza L1,29.92,16.72,0.06,0.77,16.44,16.33,C_01_S08
09-Feb-24,10:25,110.0,840.0,244.0,730.0,5877.0,Concentrado Colectivo,29.75,22.82,0.071,0.96,11.0,33.42,C_01_S10
09-Feb-24,10:24,110.0,902.0,255.5,792.0,5878.0,Concentrado Primario L2,21.75,10.92,0.038,0.51,36.52,32.26,C_01_S14
19-Feb-24,15:34,108.0,931.0,348.0,823.0,5895.0,Rebose Hidrociclones L1,2.846,0.688,0.004,0.024,0.0,42.28,C_01_S01
19-Feb-24,15:37,111.0,805.5,132.5,694.5,5896.0,Relave Final,1.856,0.076,0.0,0.006,0.0,19.08,C_01_S03
19-Feb-24,15:40,108.5,1134.5,157.5,1026.0,5897.0,Cola Scavenger L1,12.39,0.211,0.0,0.122,0.0,15.35,C_01_S04
19-Feb-24,15:43,110.5,732.5,51.5,622.0,5898.0,Concentrado 1ra Limpieza L1,26.19,22.29,0.098,1.517,12.8,8.28,C_01_S08
19-Feb-24,15:45,111.0,818.0,132.5,707.0,5899.0,Concentrado Colectivo,26.13,23.58,0.092,1.015,12.1,18.74,C_01_S10
19-Feb-24,15:47,109.0,948.5,328.0,839.5,5900.0,Concentrado Primario L2,24.89,20.447,0.062,0.553,18.82,39.07,C_01_S14
21-Feb-24,10:27,110.0,901.5,289.5,791.5,5904.0,Rebose Hidrociclones L2,2.983,0.493,0.007,0.024,0.0,36.58,C_01_S02
21-Feb-24,10:29,110.5,761.0,70.5,650.5,5905.0,Relave Final,2.932,0.094,0.0,0.008,0.0,10.84,C_01_S03
21-Feb-24,10:44,110.5,755.0,50.5,644.5,5906.0,Concentrado 1ra Limpieza L1,30.07,19.1,0.142,1.03,13.08,7.84,C_01_S08
21-Feb-24,10:36,110.0,860.5,224.5,750.5,5907.0,Concentrado Colectivo,30.26,24.38,0.167,0.82,8.88,29.91,C_01_S10
28-Feb-24,15:59:00,108.0,792.0,289.0,684.0,5911.0,Rebose Hidrociclones L1,2.686,0.526,0.005,0.028,0.0,42.25,C_01_S01
28-Feb-24,15:57:00,111.0,731.0,240.0,620.0,5912.0,Rebose Hidrociclones L2,2.771,0.537,0.005,0.029,0.0,38.71,C_01_S02
28-Feb-24,16:02:00,111.0,724.0,160.0,613.0,5913.0,Relave Final,2.643,0.072,0.0,0.006,0.0,26.1,C_01_S03
28-Feb-24,16:05:00,108.5,945.5,91.0,837.0,5914.0,Cola Scavenger L1,14.001,0.364,0.0,0.007,0.0,10.87,C_01_S04
28-Feb-24,16:09:00,108.5,970.5,104.0,862.0,5915.0,Cola Scavenger L2,15.43,0.329,0.0,0.006,0.0,12.06,C_01_S05
28-Feb-24,16:11:00,110.5,744.0,54.5,633.5,5916.0,Concentrado 1ra Limpieza L1,30.162,16.553,0.105,1.099,13.78,8.6,C_01_S08
28-Feb-24,16:14:00,110.0,870.0,216.0,760.0,5917.0,Concentrado Colectivo,29.307,20.32,0.128,1.1,11.1,28.42,C_01_S10
28-Feb-24,16:16:00,109.0,944.5,287.5,835.5,5918.0,Concentrado Primario L2,23.812,14.967,0.088,0.826,26.78,34.41,C_01_S14
28-Feb-24,16:18:00,110.5,975.5,332.5,865.0,5919.0,Concentrado Primario L1,24.415,14.273,0.083,0.81,26.5,38.44,C_01_S15
12-Mar-24,01:08:00,108.0,910.0,312.0,802.0,,Rebose Hidrociclones L1,2.515,0.501,0.006,0.02,0.0,38.9,C_01_S01
12-Mar-24,01:13:00,111.0,855.0,202.0,744.0,,Relave Final,2.248,0.063,0.0,0.01,0.0,27.15,C_01_S03
12-Mar-24,01:35:00,108.5,1121.0,134.0,1012.5,,Cola Scavenger L2,22.076,0.357,0.0,0.02,0.0,13.23,C_01_S05
12-Mar-24,01:10:00,110.5,838.5,126.0,728.0,,Concentrado 1ra Limpieza L1,29.638,18.777,0.165,1.3,13.9,17.31,C_01_S08
12-Mar-24,01:32:00,110.0,819.5,137.5,709.5,,Concentrado Colectivo,28.865,25.869,0.256,1.61,8.7,19.38,C_01_S10
12-Mar-24,01:12:00,109.5,922.0,235.0,812.5,,Concentrado Primario L2,19.086,7.99,0.097,0.5,44.28,28.92,C_01_S14
12-Mar-24,01:15:00,110.0,911.0,224.5,801.0,,Concentrado Primario L1,21.928,9.688,0.091,0.56,37.64,28.03,C_01_S15
13-Mar-24,22:57:00,109.0,794.5,124.0,685.5,,Relave Final,2.405,0.072,0.0,0.01,0.0,18.09,C_01_S03
13-Mar-24,23:12:00,108.5,1070.5,62.5,962.0,,Cola Scavenger L2,25.792,0.668,0.0,0.01,0.0,6.5,C_01_S05
13-Mar-24,23:01:00,110.5,811.5,73.0,701.0,,Concentrado 1ra Limpieza L1,30.126,21.424,0.0,1.36,16.54,10.41,C_01_S08
13-Mar-24,23:05:00,110.0,817.5,103.5,707.5,,Concentrado 1ra Limpieza L2,29.752,24.57,0.0,1.31,8.18,14.63,C_01_S09
13-Mar-24,23:07:00,111.0,882.5,209.5,771.5,,Concentrado Colectivo,28.97,28.466,0.0,1.48,5.94,27.15,C_01_S10
15-Mar-24,15:43:00,111.0,851.0,189.0,740.0,,Relave Final,1.979,0.074,0.0,0.01,0.0,25.54,C_01_S03
15-Mar-24,12:11:00,110.5,846.0,142.0,735.5,,Concentrado 1ra Limpieza L1,30.594,19.576,0.087,1.15,11.78,19.31,C_01_S08
15-Mar-24,15:30:00,110.0,930.0,320.0,820.0,,Concentrado Colectivo,30.034,25.969,0.118,1.23,5.64,39.02,C_01_S10
15-Mar-24,15:32:00,109.0,995.0,336.5,886.0,,Concentrado Primario L2,31.36,9.788,0.058,0.45,20.96,37.98,C_01_S14
15-Mar-24,14:42:00,110.0,847.0,91.5,737.0,,Concentrado Primario L1,34.147,10.887,0.055,0.45,15.3,12.42,C_01_S15
18-Mar-24,11:04:00,110.5,868.0,245.0,757.5,,Rebose Hidrociclones L1,2.726,0.837,0.005,0.07,0.0,32.34,C_01_S01
18-Mar-24,11:06:00,111.0,769.0,88.0,658.0,,Relave Final,2.851,0.098,0.0,0.01,0.0,13.37,C_01_S03
18-Mar-24,11:10:00,108.5,1072.5,94.5,964.0,,Cola Scavenger L2,16.65,0.532,0.0,0.04,0.0,9.8,C_01_S05
18-Mar-24,11:13:00,110.0,968.5,135.0,858.5,,Concentrado 1ra Limpieza L1,26.648,19.9,0.096,1.81,0.0,15.73,C_01_S08
18-Mar-24,11:16:00,110.0,839.0,143.5,729.0,,Concentrado 1ra Limpieza L2,26.696,20.696,0.097,1.9,0.0,19.68,C_01_S09
18-Mar-24,11:19:00,110.0,834.5,149.0,724.5,,Concentrado Colectivo,27.525,24.676,0.114,2.23,0.0,20.57,C_01_S10
18-Mar-24,11:21:00,110.5,844.5,318.0,734.0,,Concentrado Primario L1,22.658,16.169,0.841,1.27,0.0,43.32,C_01_S15
20-Mar-24,12:17:00,110.5,898.0,306.0,787.5,,Rebose Hidrociclones L1,2.573,0.6,0.006,0.02,0.0,38.86,C_01_S01
20-Mar-24,12:20:00,110.0,870.0,265.0,760.0,,Rebose Hidrociclones L2,2.786,0.597,0.006,0.02,0.0,34.87,C_01_S02
20-Mar-24,12:15:00,109.0,812.5,164.5,703.5,,Relave Final,2.298,0.076,0.0,0.0,0.0,23.38,C_01_S03
20-Mar-24,12:40:00,108.5,1069.0,91.5,960.5,,Cola Scavenger L2,20.925,0.563,0.0,0.014,0.0,9.53,C_01_S05
20-Mar-24,12:26:00,112.0,820.0,117.0,708.0,,Concentrado 1ra Limpieza L1,30.696,18.833,0.186,1.038,15.92,16.53,C_01_S08
20-Mar-24,12:37:00,110.0,866.0,181.5,756.0,,Concentrado 1ra Limpieza L2,30.875,20.121,0.196,0.947,14.92,24.01,C_01_S09
20-Mar-24,12:29:00,110.0,867.0,216.0,757.0,,Concentrado Colectivo,31.396,24.879,0.27,1.131,10.42,28.53,C_01_S10
20-Mar-24,12:30:00,109.5,992.0,361.5,882.5,,Concentrado Primario L2,32.235,13.877,0.104,0.571,21.62,40.96,C_01_S14
20-Mar-24,12:31:00,110.0,1035.5,388.5,925.5,,Concentrado Primario L1,32.991,11.201,0.091,0.541,22.38,41.98,C_01_S15
25-Mar-24,12:26:00,110.5,851.0,306.0,740.5,1711387447.0,Rebose Hidrociclones L1,3.209,0.51,0.0,0.027,0.0,41.32,C_01_S01
25-Mar-24,12:37:00,110.0,827.5,291.0,717.5,1711387980.0,Rebose Hidrociclones L2,3.027,0.448,0.0,0.024,0.0,40.56,C_01_S02
25-Mar-24,12:28:00,109.0,761.5,157.5,652.5,1711387549.0,Relave Final,3.861,0.067,0.0,0.006,0.0,24.14,C_01_S03
25-Mar-24,12:34:00,108.5,1020.0,104.0,911.5,1711387800.0,Cola Scavenger L2,23.751,0.22,0.0,0.011,0.0,11.41,C_01_S05
25-Mar-24,12:50:00,111.0,817.0,106.0,706.0,1711388783.0,Concentrado 1ra Limpieza L1,31.818,16.305,0.0,0.974,0.0,15.01,C_01_S08
25-Mar-24,12:42:00,110.0,888.5,267.0,778.5,1711388480.0,Concentrado Colectivo,31.141,21.608,0.0,1.068,0.0,34.3,C_01_S10
25-Mar-24,12:41:00,109.5,919.5,269.5,810.0,1711388298.0,Concentrado Primario L2,26.26,11.647,0.0,0.598,0.0,33.27,C_01_S14
25-Mar-24,12:46:00,110.0,969.5,327.5,859.5,1711388661.0,Concentrado Primario L1,29.383,10.903,0.0,0.639,0.0,38.1,C_01_S15
27-Mar-24,12:25:00,110.5,915.0,327.5,804.5,1711560144.0,Rebose Hidrociclones L1,2.578,0.616,0.006,0.022,0.0,40.71,C_01_S01
27-Mar-24,12:28:00,110.0,906.0,301.5,796.0,1711560171.0,Rebose Hidrociclones L2,2.563,0.596,0.006,0.026,0.0,37.88,C_01_S02
27-Mar-24,12:32:00,109.0,824.5,165.5,715.5,1711560203.0,Relave Final,1.683,0.065,0.0,0.004,0.0,23.13,C_01_S03
27-Mar-24,12:37:00,108.5,1121.0,130.0,1012.5,1711560214.0,Cola Scavenger L2,18.786,0.139,0.0,0.008,0.0,12.84,C_01_S05
27-Mar-24,12:27:00,111.0,823.5,111.5,712.5,1711560164.0,Concentrado 1ra Limpieza L1,30.125,14.997,0.094,0.748,18.8,15.65,C_01_S08
27-Mar-24,12:31:00,110.0,871.0,177.2,761.0,1711560177.0,Concentrado 1ra Limpieza L2,30.0,16.553,0.103,0.747,17.06,23.29,C_01_S09
27-Mar-24,12:39:00,110.0,885.0,218.5,775.0,1711560218.0,Concentrado Colectivo,30.551,21.856,0.13,0.85,11.22,28.19,C_01_S10
27-Mar-24,12:34:00,109.5,969.0,314.0,859.5,1711560209.0,Concentrado Primario L2,28.368,12.788,0.081,0.469,23.34,36.53,C_01_S14
27-Mar-24,12:40:00,110.0,991.0,352.5,881.0,1711560223.0,Concentrado Primario L1,30.799,12.245,0.076,0.492,20.5,40.01,C_01_S15
29-Mar-24,12:00:00,110.5,1107.0,420.0,996.5,1711731555.0,Rebose Hidrociclones L1,2.009,0.579,0.004,0.031,0.0,42.15,C_01_S01
29-Mar-24,12:25:00,110.0,927.0,321.0,817.0,1711729346.0,Rebose Hidrociclones L2,2.199,0.648,0.004,0.037,0.0,39.29,C_01_S02
29-Mar-24,12:05:00,109.0,853.0,235.0,744.0,1711731593.0,Relave Final,1.386,0.081,0.0,0.006,0.0,31.59,C_01_S03
29-Mar-24,12:16:00,108.5,1072.0,92.0,963.5,1711732465.0,Cola Scavenger L2,23.117,0.204,0.0,0.009,0.0,9.55,C_01_S05
29-Mar-24,12:03:00,111.0,808.0,92.5,697.0,1711731583.0,Concentrado 1ra Limpieza L1,30.645,20.886,0.075,1.245,11.62,13.27,C_01_S08
29-Mar-24,12:07:00,110.0,850.0,155.0,740.0,1711731603.0,Concentrado 1ra Limpieza L2,29.858,21.923,0.077,1.323,11.02,20.95,C_01_S09
29-Mar-24,12:10:00,110.0,785.5,53.0,675.5,1711731675.0,Concentrado Colectivo,29.67,24.095,0.087,1.382,9.78,7.85,C_01_S10
29-Mar-24,12:19:00,109.5,1016.0,380.5,906.5,1711732535.0,Concentrado Primario L2,31.76,11.554,0.042,0.693,18.86,41.97,C_01_S14
29-Mar-24,12:12:00,110.0,961.5,331.5,851.5,1711731679.0,Concentrado Primario L1,29.905,11.998,0.042,0.718,20.76,38.93,C_01_S15
01-Apr-24,18:03:00,110.5,913.5,349.5,803.0,1712012045.0,Rebose Hidrociclones L1,2.079,0.685,0.004,0.032,0.0,43.52,C_01_S01
01-Apr-24,17:57:00,109.0,850.0,242.0,741.0,1712012040.0,Relave Final,1.779,0.088,0.0,0.006,0.0,32.66,C_01_S03
01-Apr-24,18:14:00,108.5,946.5,117.5,838.0,1712012790.0,Cola Scavenger L2,9.859,0.085,0.0,0.008,0.0,14.02,C_01_S05
01-Apr-24,18:08:00,111.0,816.0,99.5,705.0,1712012613.0,Concentrado 1ra Limpieza L1,26.075,20.59,0.061,1.337,17.54,14.11,C_01_S08
01-Apr-24,18:12:00,110.0,853.0,162.5,743.0,1712012614.0,Concentrado 1ra Limpieza L2,26.447,21.73,0.062,1.211,15.96,21.87,C_01_S09
01-Apr-24,18:04:00,110.0,878.0,237.0,768.0,1712012063.0,Concentrado Colectivo,27.213,24.014,0.062,1.245,12.06,30.86,C_01_S10
01-Apr-24,18:06:00,110.0,927.5,276.5,817.5,1712012065.0,Concentrado Primario L1,19.142,11.709,0.036,0.613,39.02,33.82,C_01_S15
03-Apr-24,11:20,108.0,715.0,245.0,607.0,1712161129.0,Rebose Hidrociclones L1,2.418,0.929,0.006,0.039,0.0,40.36,C_01_S01
03-Apr-24,10:44,111.0,782.0,127.5,671.0,1712158889.0,Relave Final,1.47,0.111,0.0,0.007,0.0,19.0,C_01_S03
03-Apr-24,11:23,108.5,1062.5,66.5,954.0,1712161202.0,Cola Scavenger L2,24.205,0.44,0.0,0.024,0.0,6.97,C_01_S05
03-Apr-24,11:25,110.5,584.5,20.0,474.0,1712161254.0,Concentrado 1ra Limpieza L1,21.689,8.435,0.036,2.768,34.9,4.22,C_01_S08
03-Apr-24,11:29,110.0,850.5,176.0,740.5,1712161261.0,Concentrado 1ra Limpieza L2,26.443,23.121,0.078,1.787,14.24,23.77,C_01_S09
03-Apr-24,11:32,111.0,843.5,177.5,732.5,1712161265.0,Concentrado Colectivo,27.296,27.487,0.086,1.488,8.28,24.23,C_01_S10
08-Apr-24,11:36,108.0,901.0,331.5,793.0,1712593851.0,Rebose Hidrociclones L1,2073.0,0.673,0.0,0.038,0.0,41.8,C_01_S01
08-Apr-24,11:31,111.0,807.0,171.5,696.0,1712593837.0,Relave Final,1623.0,0.091,0.0,0.009,0.0,24.64,C_01_S03
08-Apr-24,11:42,108.5,1080.0,106.5,971.5,1712593859.0,Cola Scavenger L2,14341.0,0.263,0.0,0.024,0.0,10.96,C_01_S05
08-Apr-24,11:16,110.5,819.5,113.0,709.0,1712592726.0,Concentrado 1ra Limpieza L1,30284.0,25127.0,0.0,1398.0,8.24,15.94,C_01_S08
08-Apr-24,11:21,111.0,842.0,151.5,731.0,1712592751.0,Concentrado 1ra Limpieza L2,29932.0,25771.0,0.0,1.35,7.96,20.73,C_01_S09
08-Apr-24,11:23,111.0,894.5,225.5,783.5,1712592754.0,Concentrado Colectivo,29696.0,26961.0,0.0,1312.0,7.52,28.78,C_01_S10
13-Apr-24,6:48,111.0,890.5,321.5,779.5,1713095136.0,Rebose Hidrociclones L2,3794.0,0.554,0.034,0.028,0.0,41.24,C_01_S02
13-Apr-24,6:50,111.0,842.0,217.5,731.0,1713095139.0,Relave Final,2988.0,0.089,0.0,0.008,0.0,29.75,C_01_S03
13-Apr-24,7:07,110.5,821.5,110.0,711.0,1713096024.0,Concentrado 1ra Limpieza L1,28113.0,26713.0,1686.0,1674.0,8.12,15.47,C_01_S08
13-Apr-24,7:04,111.0,815.0,123.5,704.0,1713095732.0,Concentrado 1ra Limpieza L2,28184.0,26415.0,1807.0,1916.0,8.0,17.54,C_01_S09
13-Apr-24,6:57,111.0,853.5,192.5,742.5,1713095152.0,Concentrado Colectivo,28782.0,28943.0,1884.0,1338.0,5.0,25.93,C_01_S10
13-Apr-24,6:59,110.0,934.0,307.5,824.0,1713095155.0,Concentrado Primario L2,30008.0,11746.0,0.623,0.64,21.98,37.32,C_01_S14
13-Apr-24,7:01,110.5,974.0,370.0,863.5,1713095157.0,Concentrado Primario L1,30671.0,13976.0,0.752,0.7,18.24,42.85,C_01_S15
15-Apr-24,11:49,111.0,865.5,314.0,754.5,1713199649.0,Rebose Hidrociclones L2,2104.0,0.689,0.005,0.057,0.0,41.62,C_01_S02
15-Apr-24,11:28,111.0,825.5,166.5,714.5,1713197894.0,Relave Final,2503.0,0.172,0.0,0.017,0.0,23.3,C_01_S03
15-Apr-24,11:25,110.5,824.0,125.0,713.5,1713197881.0,Concentrado 1ra Limpieza L1,27737.0,18139.0,0.115,1643.0,16.7,17.52,C_01_S08
15-Apr-24,11:31,111.0,839.5,176.5,728.5,1713197898.0,Concentrado 1ra Limpieza L2,27641.0,19923.0,0.129,1579.0,16.0,24.23,C_01_S09
15-Apr-24,11:20,111.0,853.0,223.0,742.0,1713197869.0,Concentrado Colectivo,27.02,21906.0,0.122,1839.0,14.62,30.05,C_01_S10
15-Apr-24,11:27,110.0,912.0,297.5,802.0,1713197890.0,Concentrado Primario L2,21833.0,16256.0,0.088,1308.0,31.16,37.09,C_01_S14
15-Apr-24,11:32,110.5,915.0,300.5,804.5,1713198505.0,Concentrado Primario L1,21528.0,15661.0,0.076,1311.0,31.58,37.35,C_01_S15
17-Apr-24,11:22,108.0,889.5,324.5,781.5,1713370826.0,Rebose Hidrociclones L1,2639.0,0.748,0.004,0.037,0.0,41.52,C_01_S01
17-Apr-24,11:15,111.0,843.0,214.0,732.0,1713370116.0,Rebose Hidrociclones L2,2463.0,0.534,0.004,0.024,0.0,29.23,C_01_S02
17-Apr-24,11:18,111.0,815.5,179.0,704.5,1713370119.0,Relave Final,1795.0,0.06,0.0,0.005,0.0,25.41,C_01_S03
17-Apr-24,12:09,108.5,1089.0,112.0,980.5,1713373620.0,Cola Scavenger L2,18311.0,0.222,0.0,0.009,0.0,11.42,C_01_S05
17-Apr-24,11:53,110.5,829.0,106.5,718.5,1713372271.0,Concentrado 1ra Limpieza L1,29177.0,18436.0,0.065,1329.0,14.72,14.82,C_01_S08
17-Apr-24,11:57,111.0,855.5,168.5,744.5,1713372274.0,Concentrado 1ra Limpieza L2,29115.0,19874.0,0.067,1341.0,13.7,22.63,C_01_S09
17-Apr-24,11:59,111.0,851.5,210.5,740.5,1713372278.0,Concentrado Colectivo,28691.0,23194.0,0.071,1384.0,11.2,28.43,C_01_S10
17-Apr-24,12:05,110.0,935.0,247.5,825.0,1713373422.0,Concentrado Primario L2,25.99,10903.0,0.04,0.586,27.92,30.0,C_01_S14
19-Apr-24,11:45:00,110.0,894.5,313.0,784.5,1713544985.0,Rebose Hidrociclones L2,2.289,0.624,0.006,0.029,0.0,39.9,C_01_S02
19-Apr-24,23:48:00,110.5,857.5,222.5,747.0,1713544988.0,Relave Final,1.992,0.077,0.0,0.007,0.0,29.79,C_01_S03
19-Apr-24,12:05:00,108.5,1111.5,140.5,1003.0,1713545678.0,Cola Scavenger L1,24.558,0.258,0.0,0.009,0.0,14.01,C_01_S04
19-Apr-24,12:03:00,111.0,862.0,166.0,751.0,1713545029.0,Concentrado 1ra Limpieza L1,31.059,16.85,0.11,1.156,12.12,22.1,C_01_S08
19-Apr-24,11:59:00,110.0,859.0,163.5,749.0,1713545018.0,Concentrado 1ra Limpieza L2,29.761,19.527,0.119,1.135,12.04,21.83,C_01_S09
19-Apr-24,12:10:00,110.0,846.5,199.0,736.5,1713546548.0,Concentrado Colectivo,29.39,23.392,0.137,1.11,9.62,27.02,C_01_S10
19-Apr-24,11:54:00,109.5,946.5,324.5,837.0,1713545001.0,Concentrado Primario L2,28.469,13.282,0.082,0.658,20.14,38.77,C_01_S14
19-Apr-24,11:57:00,110.0,1006.5,380.5,896.5,1713545004.0,Concentrado Primario L1,29.568,11.498,0.076,0.634,20.08,42.44,C_01_S15
22-Apr-24,11:02:00,108.0,891.0,315.5,783.0,1713801688.0,Rebose Hidrociclones L1,2.519,0.61,0.007,0.03,0.0,40.29,C_01_S01
22-Apr-24,11:05:00,110.0,877.0,313.0,767.0,1713801690.0,Rebose Hidrociclones L2,2.329,0.579,0.006,0.028,0.0,40.81,C_01_S02
22-Apr-24,10:45:00,111.0,769.0,74.5,658.0,1713800564.0,Relave Final,1.828,0.18,0.0,0.01,0.0,11.32,C_01_S03
22-Apr-24,10:48:00,110.5,1083.5,104.0,973.0,1713800566.0,Cola Scavenger L1,18.918,0.198,0.0,0.009,0.0,10.69,C_01_S04
22-Apr-24,10:50:00,111.0,844.0,155.0,733.0,1713800569.0,Concentrado 1ra Limpieza L1,28.368,23.591,0.184,1.241,10.7,21.15,C_01_S08
22-Apr-24,10:54:00,111.0,834.5,157.0,723.5,1713800571.0,Concentrado 1ra Limpieza L2,28.913,24.086,0.191,1.233,9.6,21.7,C_01_S09
22-Apr-24,10:57:00,111.0,800.0,105.5,689.0,1713800573.0,Concentrado Colectivo,28.77,26.862,0.226,1.047,7.34,15.31,C_01_S10
22-Apr-24,10:58:00,109.0,889.0,245.0,780.0,1713800574.0,Concentrado Primario L2,23.007,11.498,0.077,0.582,33.44,31.41,C_01_S14
22-Apr-24,11:01:00,110.0,912.0,274.5,802.0,1713800577.0,Concentrado Primario L1,26.035,11.894,0.084,0.629,26.2,34.23,C_01_S15
24-Apr-24,10:56 AM,110.5,903.0,293.5,792.5,1713973897.0,Rebose Hidrociclones L1,2.433,0.569,0.0,0.021,0.0,37.03,C_01_S01
24-Apr-24,10:58 AM,111.0,894.5,290.0,783.5,1713973900.0,Rebose Hidrociclones L2,2.173,0.473,0.0,0.018,0.0,37.01,C_01_S02
24-Apr-24,10:50 AM,109.0,843.5,195.0,734.5,1713973631.0,Relave Final,1.88,0.071,0.0,0.004,0.0,26.55,C_01_S03
24-Apr-24,10:53 AM,108.5,1074.5,70.0,966.0,1713973733.0,Cola Scavenger L1,13.794,0.585,0.0,0.016,0.0,7.25,C_01_S04
24-Apr-24,11:07 AM,110.5,849.5,119.0,739.0,1713974287.0,Concentrado 1ra Limpieza L1,28.237,22.035,0.0,1.092,0.0,16.1,C_01_S08
24-Apr-24,11:04 AM,110.0,861.5,163.0,751.5,1713974285.0,Concentrado 1ra Limpieza L2,28.551,24.297,0.0,1.004,0.0,21.69,C_01_S09
24-Apr-24,11:00 AM,110.0,855.5,193.0,745.5,1713974282.0,Concentrado Colectivo,28.55,26.658,0.0,1.04,0.0,25.89,C_01_S10
24-Apr-24,11:09 AM,109.5,966.0,349.0,856.5,1713974583.0,Concentrado Primario L2,25.731,17.067,0.0,0.778,0.0,40.75,C_01_S14
24-Apr-24,11:11 AM,109.5,955.5,359.5,846.0,1713974820.0,Concentrado Primario L1,25.713,17.018,0.0,0.774,0.0,42.49,C_01_S15
26-Apr-24,11:12,108.0,866.5,247.0,758.5,1714147781.0,Rebose Hidrociclones L1,2.453,0.525,0.006,0.032,0.0,32.56,C_01_S01
26-Apr-24,11:18,110.5,1100.0,1121.5,989.5,1714147788.0,Cola Scavenger L1,20.21,0.191,0.0,0.011,0.0,113.34,C_01_S04
26-Apr-24,11:24,110.5,849.5,137.0,739.0,1714147790.0,Concentrado 1ra Limpieza L1,29.911,19.674,0.0,1.459,12.64,18.54,C_01_S08
26-Apr-24,11:28,111.0,856.5,148.5,745.5,1714147792.0,Concentrado 1ra Limpieza L2,28.985,19.871,0.0,1.651,14.32,19.92,C_01_S09
26-Apr-24,11:30,111.0,876.0,240.5,765.0,1714147794.0,Concentrado Colectivo,29.048,24.199,0.0,1.646,9.72,31.44,C_01_S10
26-Apr-24,11:32,109.0,1008.0,380.0,899.0,1714147798.0,Concentrado Primario L2,32.01,12.1,0.0,0.955,19.02,42.27,C_01_S14
26-Apr-24,11:35,110.0,1003.0,392.0,893.0,1714147800.0,Concentrado Primario L1,30.342,12.985,0.0,0.959,19.64,43.9,C_01_S15
29-Apr-24,11:57,108.0,895.0,333.5,787.0,1714409584.0,Rebose Hidrociclones L1,1.81,0.548,0.003,0.026,0.0,42.38,C_01_S01
29-Apr-24,11:26,110.0,887.0,310.0,777.0,1714407936.0,Rebose Hidrociclones L2,1.852,0.593,0.003,0.029,0.0,39.9,C_01_S02
29-Apr-24,11:31,110.5,1085.0,98.0,974.5,1714407939.0,Cola Scavenger L1,21.574,0.317,0.0,0.01,0.0,10.06,C_01_S04
29-Apr-24,11:37,110.5,824.0,94.5,713.5,1714407943.0,Concentrado 1ra Limpieza L1,27.256,23.961,0.084,1.272,10.38,13.24,C_01_S08
29-Apr-24,11:41,111.0,849.5,178.5,738.5,1714407945.0,Concentrado 1ra Limpieza L2,27.551,22.932,0.083,1.227,11.92,24.17,C_01_S09
29-Apr-24,11:43,110.0,892.5,243.5,782.5,1714407947.0,Concentrado Colectivo,27.417,22.981,0.0,1.288,12.48,31.12,C_01_S10
29-Apr-24,11:45,109.0,940.0,295.0,831.0,1714407948.0,Concentrado Primario L2,25.076,14.308,0.053,0.791,26.28,35.5,C_01_S14
29-Apr-24,11:48,110.0,936.0,278.5,826.0,1714407950.0,Concentrado Primario L1,23.382,12.936,0.05,0.712,31.92,33.72,C_01_S15
01-May-24,10:24,111.0,893.5,315.5,782.5,1714576855.0,Rebose Hidrociclones L2,3.294,0.483,0.034,0.029,0.0,40.32,C_01_S02
01-May-24,10:30,110.5,1071.0,97.0,960.5,1714576869.0,Cola Scavenger L1,23.655,0.323,0.0,0.012,0.0,10.1,C_01_S04
01-May-24,10:26,110.5,835.0,113.0,724.5,1714576860.0,Concentrado 1ra Limpieza L1,29.446,19.698,0.632,1.684,12.96,15.6,C_01_S08
01-May-24,10:33,111.0,851.0,104.5,740.0,1714576873.0,Concentrado 1ra Limpieza L2,29.486,19.11,0.622,1.766,12.92,14.12,C_01_S09
01-May-24,10:35,111.0,887.0,267.0,776.0,1714576880.0,Concentrado Colectivo,29.679,24.059,0.739,1.623,7.98,34.41,C_01_S10
01-May-24,10:28,109.0,947.5,301.0,838.5,1714576865.0,Concentrado Primario L2,26.453,15.092,0.644,0.989,24.06,35.9,C_01_S14
03-May-24,11:13,111.0,897.5,317.0,786.5,1714752037.0,Rebose Hidrociclones L2,2.274,0.635,0.005,0.037,0.0,40.31,C_01_S02
03-May-24,11:19,111.0,899.0,234.5,788.0,1714752936.0,Relave Final,1.508,0.081,0.0,0.005,0.0,29.76,C_01_S03
03-May-24,11:07,108.5,1126.0,127.5,1017.5,1714752022.0,Cola Scavenger L1,17.23,0.212,0.0,0.009,0.0,12.53,C_01_S04
03-May-24,11:17,108.5,1105.0,103.0,996.5,1714752791.0,Cola Scavenger L2,15.78,0.22,0.0,0.007,0.0,10.34,C_01_S05
03-May-24,11:22,110.5,901.5,71.0,791.0,1714753107.0,Concentrado 1ra Limpieza L1,29.366,24.002,0.114,1.108,11.88,8.98,C_01_S08
03-May-24,11:26,110.0,948.5,194.5,838.5,1714753108.0,Concentrado 1ra Limpieza L2,30.1,19.969,0.108,1.262,14.28,23.2,C_01_S09
03-May-24,11:29,111.0,894.5,248.5,783.5,1714753109.0,Concentrado Colectivo,29.644,22.822,0.122,1.308,12.36,31.72,C_01_S10
03-May-24,11:30,109.0,1000.0,340.0,891.0,1714753111.0,Concentrado Primario L2,28.57,11.903,0.06,0.874,24.04,38.16,C_01_S14
03-May-24,11:33,110.0,983.5,307.5,873.5,1714753112.0,Concentrado Primario L1,25.663,12.296,0.058,0.88,30.24,35.2,C_01_S15
06-May-24,11:42,110.5,890.5,275.5,780.0,1715013579.0,Rebose Hidrociclones L1,2.811,0.692,0.008,0.085,0.0,35.32,C_01_S01
06-May-24,11:16,111.0,892.0,276.5,781.0,1715012092.0,Rebose Hidrociclones L2,2.852,0.736,0.006,0.103,0.0,35.4,C_01_S02
06-May-24,11:34,110.5,813.0,143.5,702.5,1715013102.0,Relave Final,2.518,0.136,0.004,0.023,0.0,20.43,C_01_S03
06-May-24,11:22,108.5,1138.0,141.5,1029.5,1715012161.0,Cola Scavenger L1,24.046,0.183,0.0,0.031,0.0,13.74,C_01_S04
06-May-24,11:24,110.5,870.5,142.5,760.0,1715012374.0,Concentrado 1ra Limpieza L1,27.898,20.816,0.056,3.5,15.84,18.75,C_01_S08
06-May-24,11:28,111.0,874.5,173.5,763.5,1715012376.0,Concentrado 1ra Limpieza L2,27.021,21.602,0.057,3.582,14.44,22.72,C_01_S09
06-May-24,11:31,111.0,897.5,254.0,786.5,1715012380.0,Concentrado Colectivo,26.946,23.909,0.052,3.4,12.98,32.29,C_01_S10
06-May-24,11:32,109.5,976.5,309.0,867.0,1715012383.0,Concentrado Primario L1,25.086,12.765,0.054,1.912,27.9,35.64,C_01_S15
08-May-24,11:01,110.0,902.5,317.0,792.5,1715183987.0,Rebose Hidrociclones L2,2.171,0.618,0.003,0.069,0.0,40.0,C_01_S02
08-May-24,10:58,110.5,919.0,38.5,808.5,1715183779.0,Cola Scavenger L1,14.328,0.237,0.0,0.056,0.0,4.76,C_01_S04
08-May-24,11:03,110.5,861.0,168.5,750.5,1715183988.0,Concentrado 1ra Limpieza L1,29.369,25.48,0.056,2.926,7.86,22.45,C_01_S08
08-May-24,11:07,110.0,836.5,138.0,726.5,1715184176.0,Concentrado 1ra Limpieza L2,28.929,25.873,0.054,3.031,7.7,19.0,C_01_S09
08-May-24,10:59,110.0,828.0,136.0,718.0,1715183923.0,Concentrado Colectivo,29.466,27.199,0.057,3.179,5.6,18.94,C_01_S10
15-May-24,10:42,108.5,920.5,79.0,812.0,1715787576.0,Cola Scavenger L1,19.308,0.192,0.0,0.02,0.0,9.73,C_01_S04
15-May-24,10:46,108.5,1085.0,99.0,976.5,1715787580.0,Cola Scavenger L2,19.981,0.185,0.0,0.018,0.0,10.14,C_01_S05
15-May-24,10:51,110.5,784.5,97.5,674.0,1715788021.0,Concentrado 1ra Limpieza L1,25.966,19.204,0.0,2.0,0.0,14.47,C_01_S08
15-May-24,10:54,110.0,810.0,165.5,700.0,1715788024.0,Concentrado 1ra Limpieza L2,26.411,21.144,0.0,1.997,0.0,23.64,C_01_S09
15-May-24,10:57,111.0,788.5,142.5,677.5,1715788027.0,Concentrado Colectivo,30.176,24.225,0.0,1.948,0.0,21.03,C_01_S10
15-May-24,10:59,109.0,911.5,278.0,802.5,1715788029.0,Concentrado Primario L2,26.002,16.349,0.0,1.406,0.0,34.64,C_01_S14
15-May-24,11:01,109.5,960.5,327.5,851.0,1715788033.0,Concentrado Primario L1,27.419,14.754,0.0,1.347,0.0,38.48,C_01_S15
17-May-24,10:45,110.0,877.0,302.0,767.0,1715960370.0,Rebose Hidrociclones L2,2.147,0.604,0.004,0.04,0.0,39.37,C_01_S02
17-May-24,10:48,110.5,1121.5,137.0,1011.0,1715960373.0,Cola Scavenger L1,22.648,0.14,0.0,0.012,0.0,13.55,C_01_S04
17-May-24,10:52,108.5,1121.5,134.0,1013.0,1715960376.0,Cola Scavenger L2,21.318,0.132,0.0,0.012,0.0,13.23,C_01_S05
17-May-24,10:54,110.5,805.0,112.0,694.5,1715960380.0,Concentrado 1ra Limpieza L1,30.7,19.104,0.084,1.502,12.94,16.13,C_01_S08
17-May-24,10:58,110.0,809.5,162.0,699.5,1715960387.0,Concentrado 1ra Limpieza L2,30.283,20.895,0.087,1.495,11.56,23.16,C_01_S09
17-May-24,11:01,110.0,826.0,173.0,716.0,1715960390.0,Concentrado Colectivo,30.054,23.88,0.092,1.601,9.5,24.16,C_01_S10
17-May-24,11:02,109.5,897.0,239.0,787.5,1715960394.0,Concentrado Primario L2,21.046,11.144,0.051,0.735,37.7,30.35,C_01_S14
17-May-24,11:05,110.0,968.0,313.0,858.0,1715960396.0,Concentrado Primario L1,30.058,12.438,0.057,0.843,20.9,36.48,C_01_S15
20-May-24,11:05,108.0,882.5,324.5,774.5,,Rebose Hidrociclones L1,1.591,0.605,0.004,0.04,0.0,41.9,C_01_S01
20-May-24,11:36,111.0,876.5,319.5,765.5,,Rebose Hidrociclones L2,1.628,0.627,0.005,0.041,0.0,41.74,C_01_S02
20-May-24,11:10,108.5,1102.5,142.5,994.0,,Cola Scavenger L1,14.109,0.15,0.0,0.015,0.0,14.34,C_01_S04
20-May-24,11:14,108.5,1109.5,131.5,1001.0,,Cola Scavenger L2,12.485,0.143,0.0,0.013,0.0,13.14,C_01_S05
20-May-24,11:17,110.5,788.0,94.5,677.5,,Concentrado 1ra Limpieza L1,29.019,18.905,0.087,1.611,15.4,13.95,C_01_S08
20-May-24,11:20,110.0,810.0,165.5,700.0,,Concentrado 1ra Limpieza L2,30.149,21.393,0.093,1.479,12.18,23.64,C_01_S09
20-May-24,11:23,111.0,880.0,235.5,769.0,,Concentrado Colectivo,29.722,22.885,0.098,1.638,11.1,30.62,C_01_S10
20-May-24,11:44,109.0,926.0,269.5,817.0,,Concentrado Primario L2,22.582,15.423,0.061,0.97,30.64,32.99,C_01_S14
20-May-24,11:47,109.5,925.0,282.0,815.5,,Concentrado Primario L1,22.932,14.03,0.058,0.989,31.0,34.58,C_01_S15
22-May-24,15:48:00,108.0,848.5,238.5,740.5,1716410804.0,Rebose Hidrociclones L1,1.811,0.516,0.004,0.037,86.87,32.21,C_01_S01
22-May-24,15:15:00,111.0,904.5,330.0,793.5,1716408797.0,Rebose Hidrociclones L2,2.079,0.669,0.004,0.038,85.74,41.59,C_01_S02
22-May-24,15:17:00,109.0,774.0,142.0,665.0,1716408800.0,Relave Final,1.177,0.047,0.002,0.006,87.41,21.35,C_01_S03
22-May-24,15:21:00,108.5,1098.0,123.5,989.5,1716408804.0,Cola Scavenger L1,16.245,0.166,0.0,0.012,55.6,12.48,C_01_S04
22-May-24,15:23:00,110.5,801.5,103.5,691.0,1716408808.0,Concentrado 1ra Limpieza L1,27.708,20.975,0.085,1.354,0.0,14.98,C_01_S08
22-May-24,15:27:00,110.0,822.0,166.0,712.0,1716408810.0,Concentrado 1ra Limpieza L2,27.233,23.372,0.092,1.33,0.0,23.31,C_01_S09
22-May-24,15:30:00,110.0,889.0,250.0,779.0,1716408812.0,Concentrado Colectivo,27.114,24.371,0.092,1.314,0.0,32.09,C_01_S10
22-May-24,15:31:00,109.0,979.5,330.0,870.5,1716408814.0,Concentrado Primario L2,25.367,15.182,0.057,0.957,0.0,37.91,C_01_S14
22-May-24,15:34:00,109.5,969.5,336.5,860.0,1716408816.0,Concentrado Primario L1,23.624,15.981,0.059,0.976,0.0,39.13,C_01_S15
24-May-24,11:50:00,110.0,850.5,262.5,740.5,1716569267.0,Rebose Hidrociclones L2,4.084,0.633,0.019,0.015,0.0,35.45,C_01_S02
24-May-24,11:31:00,111.0,818.5,168.0,707.5,1716568089.0,Relave Final,2.587,0.09,0.008,0.005,0.0,23.75,C_01_S03
24-May-24,11:34:00,110.5,1085.5,88.0,975.0,1716568091.0,Cola Scavenger L1,10.962,0.288,0.0,0.02,0.0,9.03,C_01_S04
24-May-24,11:38:00,108.5,1084.5,95.5,976.0,1716568093.0,Cola Scavenger L2,10.04,0.27,0.0,0.017,0.0,9.78,C_01_S05
24-May-24,11:40:00,111.0,621.0,62.5,510.0,1716568095.0,Concentrado 1ra Limpieza L1,26.923,27.367,0.572,0.583,6.5,12.25,C_01_S08
24-May-24,11:44:00,110.0,829.0,163.5,719.0,1716568097.0,Concentrado 1ra Limpieza L2,26.988,27.567,0.589,0.665,6.3,22.74,C_01_S09
24-May-24,11:47:00,110.0,858.5,194.0,748.5,1716568098.0,Concentrado Colectivo,26.673,29.964,0.609,0.582,4.5,25.92,C_01_S10
24-May-24,10:54,110.0,958.0,315.0,848.0,1716568100.0,Concentrado Primario L1,25.973,14.982,0.36,0.353,20.5,37.15,C_01_S15
25-May-24,11:02:00,110.0,887.5,303.5,777.5,1716825665.0,Rebose Hidrociclones L2,2.942,0.651,0.013,0.018,0.0,39.04,C_01_S02
27-May-24,10:38:00,111.0,784.5,119.5,673.5,1716824227.0,Relave Final,2.023,0.189,0.0,0.007,0.0,17.74,C_01_S03
27-May-24,10:42:00,110.5,1112.0,130.5,1001.5,1716824231.0,Cola Scavenger L1,9.073,0.13,0.0,0.006,0.0,13.03,C_01_S04
27-May-24,10:44:00,111.0,809.0,122.5,698.0,1716824233.0,Concentrado 1ra Limpieza L1,29.782,18.932,0.0,0.596,14.64,17.55,C_01_S08
27-May-24,22:50:00,110.0,807.5,159.0,697.5,1716824709.0,Concentrado 1ra Limpieza L2,29.648,19.725,0.0,0.659,13.54,22.8,C_01_S09
27-May-24,22:47:00,110.0,861.5,190.0,751.5,1716824693.0,Concentrado Colectivo,29.625,22.599,0.0,0.697,10.7,25.28,C_01_S10
27-May-24,11:48:00,110.0,940.0,289.0,830.0,1716825054.0,Concentrado Primario L1,25.056,17.346,0.0,0.563,25.44,34.82,C_01_S15
29-May-24,10:36:00,111.0,912.0,312.5,801.0,1716996082.0,Rebose Hidrociclones L2,2.638,0.824,0.0,0.023,0.0,39.01,C_01_S02
29-May-24,10:38:00,109.0,803.5,130.5,694.5,1716996084.0,Relave Final,1.646,0.075,0.0,0.005,0.0,18.79,C_01_S03
29-May-24,10:42:00,108.5,1126.5,129.5,1018.0,1716996087.0,Cola Scavenger L1,11.426,0.282,0.0,0.013,0.0,12.72,C_01_S04
29-May-24,10:57:00,108.5,1120.0,146.5,1011.5,1716998030.0,Cola Scavenger L2,11.954,0.286,0.0,0.013,0.0,14.48,C_01_S05
29-May-24,10:27:00,110.5,799.5,107.0,689.0,1716996006.0,Concentrado 1ra Limpieza L1,30.239,23.338,0.0,0.786,11.98,15.53,C_01_S08
29-May-24,10:24:00,110.0,789.0,148.5,679.0,1716995976.0,Concentrado 1ra Limpieza L2,31.255,24.232,0.0,0.758,10.76,21.87,C_01_S09
29-May-24,10:47:00,111.0,883.0,222.5,772.0,1716997486.0,Concentrado Colectivo,30.252,25.622,0.0,0.736,9.9,28.82,C_01_S10
29-May-24,10:29:00,109.0,995.0,345.0,886.0,1716996016.0,Concentrado Primario L2,28.469,17.379,0.0,0.535,23.06,38.94,C_01_S14
29-May-24,10:32:00,109.5,1033.0,398.5,923.5,1716996019.0,Concentrado Primario L1,27.7,16.684,0.0,0.507,23.86,43.15,C_01_S15
30-May-24,10:46:00,110.5,822.0,132.5,711.5,1717083827.0,Relave Final,1.201,0.095,0.003,0.005,0.0,18.62,C_01_S03
31-May-24,10:35:00,110.5,936.5,345.5,826.0,1717168604.0,Rebose Hidrociclones L1,2.494,0.703,0.007,0.027,0.0,41.83,C_01_S01
31-May-24,11:41:00,110.0,923.0,340.0,813.0,1717168683.0,Rebose Hidrociclones L2,2.275,0.66,0.006,0.024,0.0,41.82,C_01_S02
31-May-24,10:18:00,111.0,916.0,198.0,805.0,1717168570.0,Relave Final,1.848,0.156,0.0,0.007,0.0,24.6,C_01_S03
31-May-24,10:31:00,110.5,1215.0,161.0,1104.5,1717168593.0,Cola Scavenger L1,18.501,0.214,0.0,0.01,0.0,14.58,C_01_S04
31-May-24,10:39:00,108.5,999.0,108.5,890.5,1717168620.0,Cola Scavenger L2,16.448,0.215,0.0,0.008,0.0,12.18,C_01_S05
31-May-24,10:24:00,111.0,907.0,162.0,796.0,1717168572.0,Concentrado 1ra Limpieza L1,29.675,18.472,0.121,1.017,18.02,20.35,C_01_S08
31-May-24,10:21:00,110.0,959.5,153.5,849.5,1717168571.0,Concentrado 1ra Limpieza L2,29.308,21.352,0.136,1.009,15.2,18.07,C_01_S09
31-May-24,10:32:00,110.0,749.5,196.0,639.5,1717168598.0,Concentrado Colectivo,27.78,23.184,0.0,1.06,12.54,30.65,C_01_S10
31-May-24,10:34:00,109.5,1016.0,343.0,906.5,1717168616.0,Concentrado Primario L2,24.277,17.214,0.052,0.693,26.08,37.84,C_01_S14
31-May-24,10:26:00,110.0,992.0,340.5,882.0,1717168575.0,Concentrado Primario L1,28.362,26.069,0.065,0.062,10.76,38.61,C_01_S15
03-Jun-24,10:38,110.0,813.5,158.0,703.5,1717428637.0,Relave Final,0.9,0.083,0.0,0.007,0.0,22.46,C_01_S03
03-Jun-24,10:41,110.5,1101.5,97.0,991.0,1717428638.0,Cola Scavenger L1,19.802,0.614,0.0,0.012,0.0,9.79,C_01_S04
03-Jun-24,10:54,108.5,1101.5,100.0,993.0,1717429684.0,Cola Scavenger L2,18.893,0.685,0.0,0.016,0.0,10.07,C_01_S05
03-Jun-24,10:47,111.0,819.0,123.5,708.0,1717428645.0,Concentrado 1ra Limpieza L1,30.178,23.009,0.0,1.49,11.1,17.44,C_01_S08
03-Jun-24,10:50,110.0,923.5,284.5,813.5,1717428648.0,Concentrado Colectivo,29.572,26.663,0.0,1.471,9.24,34.97,C_01_S10
03-Jun-24,10:52,109.5,972.5,338.0,863.0,1717428650.0,Concentrado Primario L2,24.928,19.75,0.0,1.004,24.98,39.17,C_01_S14
03-Jun-24,10:32,110.0,967.0,320.0,857.0,1717428595.0,Concentrado Primario L1,24.106,18.763,0.0,0.983,26.34,37.34,C_01_S15
05-Jun-24,10:13,110.5,894.0,289.0,783.5,1717600061.0,Rebose Hidrociclones L1,1.775,0.859,0.004,0.034,0.0,36.89,C_01_S01
05-Jun-24,10:11,110.0,904.0,307.0,794.0,1717599788.0,Rebose Hidrociclones L2,1.807,0.775,0.004,0.033,0.0,38.66,C_01_S02
05-Jun-24,10:05,109.0,809.0,151.5,700.0,1717599668.0,Relave Final,1.378,0.07,0.0,0.004,0.0,21.64,C_01_S03
05-Jun-24,10:08,110.5,1105.0,124.0,994.5,1717599672.0,Cola Scavenger L1,10.341,0.263,0.0,0.013,0.0,12.47,C_01_S04
05-Jun-24,10:17,108.5,1131.0,139.0,1022.5,1717600158.0,Cola Scavenger L2,10.093,0.249,0.0,0.012,0.0,13.59,C_01_S05
05-Jun-24,10:30,111.0,817.0,120.5,706.0,1717600620.0,Concentrado 1ra Limpieza L1,27.264,23.293,0.109,1.06,11.12,17.07,C_01_S08
05-Jun-24,10:21,110.0,795.0,116.5,685.0,1717600596.0,Concentrado 1ra Limpieza L2,26.407,23.987,0.105,0.998,11.96,17.01,C_01_S09
05-Jun-24,10:24,110.0,909.5,256.5,799.5,1717600601.0,Concentrado Colectivo,26.532,25.276,0.11,1.09,10.54,32.08,C_01_S10
05-Jun-24,10:25,109.5,941.0,276.0,831.5,1717600604.0,Concentrado Primario L2,20.855,16.355,0.082,0.699,30.92,33.19,C_01_S14
05-Jun-24,10:28,110.0,944.5,285.0,834.5,1717600606.0,Concentrado Primario L1,20.477,16.454,0.081,0.676,32.24,34.15,C_01_S15
10-Jun-24,12:23,110.5,926.0,325.0,815.5,1718038783.0,Rebose Hidrociclones L1,2.363,0.518,0.0,0.028,0.0,39.85,C_01_S01
10-Jun-24,12:25,110.0,921.5,318.5,811.5,1718039947.0,Rebose Hidrociclones L2,2.379,0.507,0.0,0.023,0.0,39.25,C_01_S02
10-Jun-24,12:01,109.0,902.0,266.5,793.0,1718038545.0,Relave Final,1.646,0.062,0.0,0.006,0.0,33.61,C_01_S03
10-Jun-24,12:04,110.5,1114.5,92.5,1004.0,1718038546.0,Cola Scavenger L1,11.576,0.481,0.0,0.01,0.0,9.21,C_01_S04
10-Jun-24,12:09,108.5,1096.5,91.0,988.0,1718038548.0,Cola Scavenger L2,11.326,0.481,0.0,0.01,0.0,9.21,C_01_S05
10-Jun-24,12:11,111.0,836.5,123.5,725.5,1718038551.0,Concentrado 1ra Limpieza L1,31.828,21.113,0.0,1.125,0.0,17.02,C_01_S08
10-Jun-24,12:15,110.0,874.5,179.5,764.5,1718038553.0,Concentrado 1ra Limpieza L2,31.779,20.27,0.0,1.219,0.0,23.48,C_01_S09
10-Jun-24,12:17,110.0,918.5,278.0,808.5,1718038554.0,Concentrado Colectivo,31.061,24.086,0.0,1.34,0.0,34.38,C_01_S10
10-Jun-24,12:19,109.5,1011.0,358.5,901.5,1718038556.0,Concentrado Primario L2,26.677,19.031,0.0,0.982,0.0,39.77,C_01_S14
10-Jun-24,12:21,110.0,1045.0,379.5,935.0,1718038558.0,Concentrado Primario L1,27.22,17.544,0.0,0.946,0.0,40.59,C_01_S15
12-Jun-24,10:26,108.0,837.0,169.0,729.0,1718205772.0,Rebose Hidrociclones L1,1.939,0.522,0.0,0.026,0.0,23.18,C_01_S01
12-Jun-24,10:31,111.0,858.5,206.5,747.5,1718205776.0,Relave Final,1.852,0.069,0.0,0.006,0.0,27.63,C_01_S03
12-Jun-24,10:35,108.5,1081.0,73.5,972.5,1718205778.0,Cola Scavenger L1,10.94,0.504,0.0,0.01,0.0,7.56,C_01_S04
12-Jun-24,10:38,110.0,1037.0,35.0,927.0,1718205780.0,Cola Scavenger L2,10.606,0.524,0.0,0.012,0.0,3.78,C_01_S05
12-Jun-24,10:41,110.5,791.0,100.0,680.5,1718205782.0,Concentrado 1ra Limpieza L1,30.932,23.491,0.0,1.23,0.0,14.7,C_01_S08
12-Jun-24,10:44,110.0,839.0,180.5,729.0,1718205783.0,Concentrado 1ra Limpieza L2,31.282,22.302,0.0,1.3,0.0,24.76,C_01_S09
12-Jun-24,10:47,111.0,900.0,259.0,789.0,1718205799.0,Concentrado Colectivo,30.745,24.483,0.0,1.377,0.0,32.83,C_01_S10
12-Jun-24,10:49,109.0,981.0,352.0,872.0,1718205801.0,Concentrado Primario L2,25.938,18.486,0.0,1.033,0.0,40.37,C_01_S14
12-Jun-24,10:51,110.5,1034.0,390.5,923.5,1718205804.0,Concentrado Primario L1,26.689,16.85,0.0,0.987,0.0,42.28,C_01_S15
17-Jun-24,11:55,108.0,914.0,317.0,806.0,1718643239.0,Rebose Hidrociclones L1,2.013,0.504,0.005,0.015,0.0,39.33,C_01_S01
17-Jun-24,11:59,111.0,914.0,322.5,803.0,1718643263.0,Rebose Hidrociclones L2,2.295,0.53,0.006,0.014,0.0,40.16,C_01_S02
17-Jun-24,12:01,111.0,821.0,159.0,710.0,1718643270.0,Relave Final,1.824,0.051,0.0,0.003,0.0,22.39,C_01_S03
17-Jun-24,12:05,108.5,1073.0,88.0,964.5,1718643279.0,Cola Scavenger L1,9.625,0.256,0.0,0.007,0.0,9.12,C_01_S04
17-Jun-24,12:09,110.0,1083.0,83.5,973.0,1718643288.0,Cola Scavenger L2,9.624,0.247,0.0,0.018,0.0,8.58,C_01_S05
17-Jun-24,12:07,110.5,805.0,71.0,694.5,1718643282.0,Concentrado 1ra Limpieza L1,30.505,23.293,0.122,0.695,7.96,10.22,C_01_S08
17-Jun-24,12:12,110.0,833.5,152.5,723.5,1718643292.0,Concentrado 1ra Limpieza L2,30.694,21.608,0.116,0.767,9.26,21.08,C_01_S09
17-Jun-24,12:15,111.0,672.5,158.5,561.5,1718643296.0,Concentrado Colectivo,29.767,25.276,0.0,0.838,6.76,28.23,C_01_S10
17-Jun-24,11:57,109.0,960.0,258.5,851.0,1718643259.0,Concentrado Primario L2,24.584,14.868,0.077,0.485,26.72,30.38,C_01_S14
17-Jun-24,4:43,110.5,942.0,195.0,831.5,1718660439.0,Concentrado Primario L1,22.493,14.372,0.071,0.51,30.72,23.45,C_01_S15
21-Jun-24,10:52:00,108.0,898.0,304.5,790.0,1718984445.0,Rebose Hidrociclones L1,2.723,0.377,0.01,0.013,0.0,38.54,C_01_S01
21-Jun-24,10:54:00,111.0,888.0,294.0,777.0,1718984897.0,Rebose Hidrociclones L2,2.876,0.462,0.011,0.014,0.0,37.84,C_01_S02
21-Jun-24,10:42:00,111.0,834.2,196.0,723.2,1718984431.0,Relave Final,2.999,0.078,0.0,0.005,0.0,27.1,C_01_S03
21-Jun-24,10:46:00,108.5,1100.6,123.0,992.1,1718984436.0,Cola Scavenger L1,11.006,0.283,0.0,0.007,0.0,12.4,C_01_S04
21-Jun-24,10:49:00,110.0,1111.6,121.5,1001.6,1718984440.0,Cola Scavenger L2,10.926,0.261,0.0,0.006,0.0,12.13,C_01_S05
21-Jun-24,10:57:00,110.5,815.2,102.0,704.7,1718984903.0,Concentrado 1ra Limpieza L1,31.037,21.113,0.227,0.881,8.9,14.47,C_01_S08
21-Jun-24,11:00:00,110.0,832.5,159.5,722.5,1718984909.0,Concentrado 1ra Limpieza L2,29.969,20.914,0.227,0.832,11.68,22.08,C_01_S09
21-Jun-24,11:03:00,111.0,650.4,100.0,539.4,1718984913.0,Concentrado Colectivo,29.673,24.185,0.26,1.094,7.34,18.54,C_01_S10
21-Jun-24,11:05:00,109.0,945.5,269.0,836.5,1718984916.0,Concentrado Primario L2,25.328,16.157,0.206,0.642,24.22,32.16,C_01_S14
21-Jun-24,11:07:00,110.5,949.8,302.5,839.3,1718984919.0,Concentrado Primario L1,26.141,17.842,0.212,0.647,21.22,36.04,C_01_S15
24-Jun-24,16:32:00,110.5,897.0,289.5,786.5,1719264625.0,Rebose Hidrociclones L1,2.047,0.916,0.007,0.108,0.0,36.81,C_01_S01
24-Jun-24,16:30:00,111.0,895.5,311.0,784.5,1719264309.0,Rebose Hidrociclones L2,2.281,0.845,0.007,0.119,0.0,39.64,C_01_S02
24-Jun-24,11:12:00,111.0,874.0,216.0,763.0,1719245277.0,Relave Final,2.075,0.113,0.005,0.014,0.0,28.31,C_01_S03
24-Jun-24,11:15:00,108.5,1089.5,85.0,981.0,1719245279.0,Cola Scavenger L1,11.107,0.422,0.0,0.023,0.0,8.66,C_01_S04
24-Jun-24,11:19:00,108.5,1095.5,97.0,987.0,1719245282.0,Cola Scavenger L2,10.55,0.357,0.0,0.019,0.0,9.83,C_01_S05
24-Jun-24,11:21:00,110.5,845.0,134.5,734.5,1719245285.0,Concentrado 1ra Limpieza L1,26.18,22.302,0.128,2.451,15.2,18.31,C_01_S08
24-Jun-24,11:25:00,110.0,866.0,184.0,756.0,1719245287.0,Concentrado 1ra Limpieza L2,23.767,19.13,0.112,2.089,22.68,24.34,C_01_S09
24-Jun-24,11:28:00,110.0,886.5,200.5,776.5,1719245289.0,Concentrado Colectivo,27.579,26.961,0.156,2.476,8.8,25.82,C_01_S10
24-Jun-24,11:30:00,109.0,975.0,330.0,866.0,1719245291.0,Concentrado Primario L2,23.532,22.451,0.146,2.224,20.04,38.11,C_01_S14
24-Jun-24,11:32:00,110.0,874.5,151.5,764.5,1719245294.0,Concentrado Primario L1,22.559,5.253,0.042,0.746,40.42,19.82,C_01_S15
26-Jun-24,16:22:00,108.0,894.5,286.0,786.5,1719436844.0,Rebose Hidrociclones L1,2.113,1.222,0.008,0.077,0.0,36.36,C_01_S01
26-Jun-24,16:00:00,110.0,895.5,303.5,785.5,1719435290.0,Rebose Hidrociclones L2,2.505,1.125,0.009,0.073,0.0,38.64,C_01_S02
26-Jun-24,15:25:00,109.0,800.5,135.5,691.5,1719433246.0,Relave Final,1.679,0.133,0.003,0.016,0.0,19.6,C_01_S03
26-Jun-24,15:28:00,110.5,1091.5,100.5,981.0,1719433248.0,Cola Scavenger L1,6.723,0.228,0.0,0.022,0.0,10.24,C_01_S04
26-Jun-24,15:31:00,108.5,1066.5,71.0,958.0,1719433250.0,Cola Scavenger L2,6.385,0.212,0.0,0.02,0.0,7.41,C_01_S05
26-Jun-24,15:34:00,111.0,825.5,122.0,714.5,1719433251.0,Concentrado 1ra Limpieza L1,26.138,24.934,0.165,1.773,13.88,17.07,C_01_S08
26-Jun-24,15:38:00,110.0,841.5,172.0,731.5,1719433253.0,Concentrado 1ra Limpieza L2,25.792,25.083,0.155,1.858,18.7,23.51,C_01_S09
26-Jun-24,15:40:00,110.0,857.0,184.5,747.0,1719433254.0,Concentrado Colectivo,27.019,28.045,0.172,1.939,9.5,24.7,C_01_S10
26-Jun-24,15:42:00,109.5,934.5,281.5,825.0,1719433256.0,Concentrado Primario L2,19.907,18.318,0.109,1.157,31.92,34.12,C_01_S14
26-Jun-24,15:54:00,110.5,964.5,314.0,854.0,1719435173.0,Concentrado Primario L1,20.084,17.183,0.103,1.107,33.06,36.77,C_01_S15
28-Jun-24,12:11:00,110.5,906.5,305.0,796.0,1719594577.0,Rebose Hidrociclones L1,3.611,0.825,0.0,0.057,0.0,38.32,C_01_S01
28-Jun-24,23:43:00,111.0,906.5,312.0,795.5,1719592751.0,Rebose Hidrociclones L2,3.666,0.753,0.0,0.056,0.0,39.22,C_01_S02
28-Jun-24,23:46:00,111.0,817.5,161.0,706.5,1719592752.0,Relave Final,2.703,0.087,0.0,0.011,0.0,22.79,C_01_S03
28-Jun-24,23:41:00,108.5,912.5,76.5,804.0,1719592741.0,Cola Scavenger L1,7.21,0.17,0.0,0.02,0.0,9.51,C_01_S04
28-Jun-24,23:51:00,108.5,1089.0,89.0,980.5,1719593191.0,Cola Scavenger L2,7.452,0.163,0.0,0.021,0.0,9.08,C_01_S05
28-Jun-24,23:55:00,110.5,825.0,134.5,714.5,1719593416.0,Concentrado 1ra Limpieza L1,26.876,20.54,0.0,1.491,18.0,18.82,C_01_S08
28-Jun-24,23:59:00,110.0,793.0,73.5,683.0,1719593418.0,Concentrado 1ra Limpieza L2,26.269,20.244,0.0,1.655,18.84,10.76,C_01_S09
28-Jun-24,12:01:00,111.0,705.0,173.0,594.0,1719593420.0,Concentrado Colectivo,26.924,24.391,0.0,1.458,14.12,29.12,C_01_S10
28-Jun-24,12:03:00,109.0,957.0,295.0,848.0,1719593422.0,Concentrado Primario L2,23.552,19.454,0.0,1.37,25.02,34.79,C_01_S14
28-Jun-24,12:06:00,110.0,966.0,310.5,856.0,1719593426.0,Concentrado Primario L1,23.736,19.849,0.0,1.337,24.12,36.27,C_01_S15
01-Jul-24,10:58,109.0,813.0,130.5,704.0,1719849279.0,Relave Final,2.158,0.057,0.0,0.006,0.0,18.54,C_01_S03
01-Jul-24,11:02,110.5,1068.5,55.5,958.0,1719849281.0,Cola Scavenger L1,8.195,0.176,0.0,0.027,0.0,5.79,C_01_S04
01-Jul-24,11:05,108.5,1054.0,72.0,945.5,1719849284.0,Cola Scavenger L2,8.729,0.181,0.0,0.025,0.0,7.62,C_01_S05
01-Jul-24,11:08,111.0,799.5,103.5,688.5,1719849287.0,Concentrado 1ra Limpieza L1,27.479,25.375,0.0,2.098,11.38,15.03,C_01_S08
01-Jul-24,11:11,110.0,789.5,125.0,679.5,1719849290.0,Concentrado 1ra Limpieza L2,27.87,26.961,0.0,1.862,9.64,18.4,C_01_S09
01-Jul-24,11:15,110.0,817.0,116.5,707.0,1719849319.0,Concentrado Colectivo,28.589,28.646,0.0,1.807,6.92,16.48,C_01_S10
01-Jul-24,11:13,109.5,977.5,289.0,868.0,1719849294.0,Concentrado Primario L2,23.886,17.346,0.0,1.226,28.12,33.29,C_01_S14
01-Jul-24,11:16,110.5,971.5,283.5,861.0,1719849322.0,Concentrado Primario L1,23.081,14.769,0.0,0.919,30.52,32.93,C_01_S15
05-Jul-24,11:18,111.0,903.0,334.0,792.0,1720196213.0,Rebose Hidrociclones L2,3.078,0.48,0.008,0.032,0.0,42.17,C_01_S02
05-Jul-24,11:21,111.0,819.5,173.0,708.5,1720196238.0,Relave Final,2.695,0.064,0.0,0.008,0.0,24.42,C_01_S03
05-Jul-24,11:24,108.5,1053.5,45.5,945.0,1720196241.0,Cola Scavenger L1,11.023,0.388,0.0,0.063,0.0,4.81,C_01_S04
05-Jul-24,11:28,108.5,1061.0,48.0,952.5,1720196244.0,Cola Scavenger L2,10.915,0.337,0.0,0.054,0.0,5.04,C_01_S05
05-Jul-24,11:30,110.5,810.0,98.5,699.5,1720196248.0,Concentrado 1ra Limpieza L1,26.972,22.649,0.181,1.626,12.46,14.08,C_01_S08
05-Jul-24,11:34,111.0,827.0,144.0,716.0,1720196252.0,Concentrado 1ra Limpieza L2,26.758,22.798,0.166,1.538,12.16,20.11,C_01_S09
05-Jul-24,11:37,111.0,837.5,167.0,726.5,1720196255.0,Concentrado Colectivo,27.288,26.663,0.192,1.588,8.22,22.99,C_01_S10
05-Jul-24,11:38,109.0,904.5,212.5,795.5,1720196258.0,Concentrado Primario L2,17.332,12.489,0.088,0.862,39.84,26.71,C_01_S14
05-Jul-24,11:45,109.5,879.0,175.0,769.5,1720197744.0,Concentrado Primario L1,16.784,14.174,0.088,0.883,36.42,22.74,C_01_S15
08-Jul-24,11:04,108.0,887.0,294.0,779.0,1720454080.0,Rebose Hidrociclones L1,2.86,0.541,0.007,0.035,0.0,37.74,C_01_S01
08-Jul-24,12:14,111.0,896.5,300.5,785.5,1720458650.0,Rebose Hidrociclones L2,2.931,0.563,0.007,0.036,0.0,38.26,C_01_S02
08-Jul-24,10:54,111.0,818.5,172.5,707.5,1720453972.0,Relave Final,2.908,0.063,0.0,0.009,0.0,24.38,C_01_S03
08-Jul-24,10:58,108.5,1082.5,85.0,974.0,1720454011.0,Cola Scavenger L1,9.189,0.155,0.0,0.017,0.0,8.73,C_01_S04
08-Jul-24,11:01,108.5,1062.5,62.5,954.0,1720454013.0,Cola Scavenger L2,9.125,0.147,0.0,0.016,0.0,6.55,C_01_S05
08-Jul-24,11:21,110.5,783.5,85.5,673.0,1720455420.0,Concentrado 1ra Limpieza L1,25.904,21.379,0.103,1.454,13.24,12.7,C_01_S08
08-Jul-24,11:24,111.0,830.5,181.5,719.5,1720455422.0,Concentrado 1ra Limpieza L2,26.033,21.577,0.103,1.434,12.48,25.23,C_01_S09
08-Jul-24,11:27,111.0,840.0,190.5,729.0,1720455742.0,Concentrado Colectivo,26.412,23.305,0.106,1.464,10.88,26.13,C_01_S10
08-Jul-24,11:29,110.5,976.0,274.5,865.5,1720455745.0,Concentrado Primario L1,23.89,18.17,0.077,1.131,22.1,31.72,C_01_S15
10-Jul-24,11:24,111.0,742.0,142.5,631.0,1720628544.0,Relave Final,1.787,0.073,0.0,0.015,0.0,22.58,C_01_S03
10-Jul-24,11:28,108.5,1068.6,66.0,960.1,1720628548.0,Cola Scavenger L1,17.291,0.226,0.0,0.069,0.0,6.87,C_01_S04
10-Jul-24,11:31,108.5,1060.4,53.5,951.9,1720628550.0,Cola Scavenger L2,17.404,0.211,0.0,0.074,0.0,5.62,C_01_S05
10-Jul-24,11:39,110.5,782.0,80.0,671.5,1720629241.0,Concentrado 1ra Limpieza L1,27.224,19.207,0.096,1.723,15.24,11.91,C_01_S08
10-Jul-24,11:43,111.0,830.2,184.0,719.2,1720629405.0,Concentrado 1ra Limpieza L2,28.116,19.404,0.1,1.813,13.92,25.58,C_01_S09
10-Jul-24,11:46,111.0,863.6,187.5,752.6,1720629407.0,Concentrado Colectivo,28.235,22.91,0.106,1.833,9.84,24.91,C_01_S10
10-Jul-24,11:47,110.5,927.2,222.0,816.7,1720629408.0,Concentrado Primario L1,21.376,10.863,0.055,0.918,35.3,27.18,C_01_S15
12-Jul-24,10:35,110.5,989.0,275.5,878.5,1720798461.0,Rebose Hidrociclones L1,2.283,0.456,0.005,0.034,0.0,31.36,C_01_S01
12-Jul-24,10:38,110.0,903.0,308.5,793.0,1720798598.0,Rebose Hidrociclones L2,2.465,0.419,0.006,0.03,0.0,38.9,C_01_S02
12-Jul-24,10:42,109.0,794.5,129.5,685.5,1720798796.0,Relave Final,1.677,0.051,0.0,0.011,0.0,18.89,C_01_S03
12-Jul-24,10:47,110.5,1081.5,91.0,971.0,1720799090.0,Cola Scavenger L1,7.043,0.107,0.0,0.017,0.0,9.37,C_01_S04
12-Jul-24,10:33,108.5,1076.5,82.0,968.0,1720798249.0,Cola Scavenger L2,6.806,0.146,0.0,0.018,0.0,8.47,C_01_S05
12-Jul-24,10:40,111.0,784.5,80.0,673.5,1720798599.0,Concentrado 1ra Limpieza L1,27.726,16.723,0.105,1.493,18.2,11.88,C_01_S08
12-Jul-24,10:44,110.0,827.0,183.0,717.0,1720798797.0,Concentrado 1ra Limpieza L2,29.079,19.969,0.113,1.43,12.8,25.52,C_01_S09
12-Jul-24,10:48,110.0,825.0,171.0,715.0,1720799235.0,Concentrado Colectivo,28.039,23.068,0.133,1.67,10.88,23.92,C_01_S10
15-Jul-24,10:20,108.0,861.2,222.5,753.2,1721056644.0,Rebose Hidrociclones L1,2.215,0.608,0.0,0.029,0.0,29.54,C_01_S01
15-Jul-24,10:23,111.0,806.6,133.0,695.6,1721056652.0,Relave Final,1.434,0.043,0.0,0.01,0.0,19.12,C_01_S03
15-Jul-24,10:26,108.5,1108.6,116.5,1000.1,1721056654.0,Cola Scavenger L1,7.652,0.082,0.0,0.012,0.0,11.65,C_01_S04
15-Jul-24,10:30,108.5,1076.4,92.5,967.9,1721056657.0,Cola Scavenger L2,7.603,0.078,0.0,0.011,0.0,9.56,C_01_S05
15-Jul-24,10:32,110.5,825.6,142.0,715.1,1721057228.0,Concentrado 1ra Limpieza L1,28.752,17.51,0.0,0.789,17.14,19.86,C_01_S08
15-Jul-24,10:36,111.0,806.2,177.5,695.2,1721057232.0,Concentrado 1ra Limpieza L2,28.661,19.772,0.0,0.863,15.14,25.53,C_01_S09
15-Jul-24,10:38,111.0,816.8,125.0,705.8,1721057235.0,Concentrado Colectivo,28.975,24.101,0.0,1.109,10.6,17.71,C_01_S10
15-Jul-24,10:53,109.5,932.0,273.5,822.5,1721058654.0,Concentrado Primario L2,25.498,14.313,0.0,0.65,27.24,33.25,C_01_S14
15-Jul-24,22:40,110.5,953.2,260.0,842.7,1721057946.0,Concentrado Primario L1,24.371,11.706,0.0,0.629,31.78,30.85,C_01_S15
19-Jul-24,17:10,110.5,843.0,175.0,732.5,1721426815.0,Rebose Hidrociclones L1,2.251,0.754,0.008,0.024,0.0,23.89,C_01_S01
19-Jul-24,17:36,110.0,912.0,314.5,802.0,1721428389.0,Rebose Hidrociclones L2,2.162,0.713,0.008,0.026,0.0,39.21,C_01_S02
19-Jul-24,17:21,109.0,789.0,114.5,680.0,1721427149.0,Relave Final,1.755,0.066,0.0,0.008,0.0,16.84,C_01_S03
19-Jul-24,17:15,110.5,1072.5,68.5,962.0,1721426858.0,Cola Scavenger L1,7.086,0.215,0.0,0.022,0.0,7.12,C_01_S04
19-Jul-24,17:19,108.5,1079.0,66.5,970.5,1721426862.0,Cola Scavenger L2,6.96,0.196,0.0,0.022,0.0,6.85,C_01_S05
19-Jul-24,17:24,111.0,809.0,89.5,698.0,1721427191.0,Concentrado 1ra Limpieza L1,27.613,22.472,0.173,0.808,16.34,12.82,C_01_S08
19-Jul-24,17:28,110.0,823.0,120.5,713.0,1721427194.0,Concentrado 1ra Limpieza L2,27.886,22.373,0.178,0.88,15.92,16.9,C_01_S09
19-Jul-24,17:30,110.0,846.5,170.5,736.5,1721427198.0,Concentrado Colectivo,29.29,26.956,0.197,0.755,9.04,23.15,C_01_S10
19-Jul-24,17:32,109.5,935.5,271.0,826.0,1721427201.0,Concentrado Primario L2,21.253,16.87,0.11,0.6,29.76,32.81,C_01_S14
19-Jul-24,17:34,110.0,941.0,254.5,831.0,1721427204.0,Concentrado Primario L1,19.913,15.444,0.101,0.554,33.84,30.63,C_01_S15
22-Jul-24,9:45,108.0,793.0,166.5,685.0,1721659321.0,Rebose Hidrociclones L1,2.037,0.56,0.006,0.026,0.0,24.31,C_01_S01
22-Jul-24,9:48,111.0,883.0,296.5,772.0,1721659326.0,Rebose Hidrociclones L2,2.134,0.654,0.007,0.028,0.0,38.41,C_01_S02
22-Jul-24,9:57,108.5,1093.0,131.5,984.5,1721659629.0,Cola Scavenger L1,12.069,0.127,0.0,0.013,0.0,13.36,C_01_S04
22-Jul-24,9:54,108.5,1082.0,131.5,973.5,1721659337.0,Cola Scavenger L2,11.906,0.128,0.0,0.013,0.0,13.51,C_01_S05
22-Jul-24,10:00,110.5,782.0,90.5,671.5,1721659642.0,Concentrado 1ra Limpieza L1,28.453,19.084,0.123,0.998,15.08,13.48,C_01_S08
22-Jul-24,10:03,110.0,810.5,131.0,700.5,1721659653.0,Concentrado 1ra Limpieza L2,28.166,18.985,0.123,1.027,14.8,18.7,C_01_S09
22-Jul-24,10:06,111.0,825.0,131.0,714.0,1721659657.0,Concentrado Colectivo,29.035,25.675,0.15,0.969,8.22,18.35,C_01_S10
22-Jul-24,10:08,109.0,911.5,296.0,802.5,1721659660.0,Concentrado Primario L2,25.202,14.264,0.092,0.603,27.36,36.88,C_01_S14
22-Jul-24,10:10,110.5,958.5,276.5,848.0,1721659665.0,Concentrado Primario L1,22.347,13.87,0.093,0.614,31.62,32.61,C_01_S15
29-Jul-24,11:36:00,110.5,741.0,249.5,630.5,1722270908.0,Rebose Hidrociclones L1,2.464,0.838,0.005,0.022,0.0,39.57,C_01_S01
29-Jul-24,11:08:00,111.0,834.5,208.5,723.5,1722268867.0,Relave Final,1.327,0.098,0.0,0.003,0.0,28.82,C_01_S03
29-Jul-24,11:11:00,110.5,1335.5,134.0,1225.0,1722268869.0,Cola Scavenger L1,9.048,0.203,0.0,0.009,0.0,10.94,C_01_S04
29-Jul-24,11:15:00,108.5,1329.0,132.5,1220.5,1722268871.0,Cola Scavenger L2,8.896,0.189,0.0,0.012,0.0,10.86,C_01_S05
29-Jul-24,11:17:00,110.5,845.0,133.5,734.5,1722268872.0,Concentrado 1ra Limpieza L1,25.511,18.535,0.069,0.669,22.38,18.18,C_01_S08
29-Jul-24,11:21:00,111.0,863.0,202.0,752.0,1722268874.0,Concentrado 1ra Limpieza L2,27.052,20.164,0.088,0.626,19.3,26.86,C_01_S09
29-Jul-24,11:23:00,110.0,1591.0,476.5,1481.0,1722268876.0,Concentrado Colectivo,28.32,23.22,0.097,0.713,14.8,32.17,C_01_S10
29-Jul-24,11:25:00,110.0,1178.5,419.0,1068.5,1722268880.0,Concentrado Primario L1,19.095,14.665,0.071,0.51,42.32,39.21,C_01_S15
31-Jul-24,11:00:00,108.0,738.0,260.0,630.0,1722441469.0,Rebose Hidrociclones L1,3.129,0.59,0.015,0.017,0.0,41.27,C_01_S01
31-Jul-24,10:46:00,111.0,928.0,327.0,817.0,1722440711.0,Rebose Hidrociclones L2,3.14,0.517,0.016,0.017,0.0,40.02,C_01_S02
31-Jul-24,10:50:00,109.0,831.5,186.0,722.5,1722440906.0,Relave Final,2.703,0.157,0.0,0.006,0.0,25.74,C_01_S03
31-Jul-24,10:57:00,108.5,1113.5,116.0,1005.0,1722441298.0,Cola Scavenger L1,12.6,0.161,0.0,0.007,0.0,11.54,C_01_S04
31-Jul-24,10:42:00,108.5,1117.5,112.5,1009.0,1722440440.0,Cola Scavenger L2,10.84,0.241,0.0,0.007,0.0,11.15,C_01_S05
31-Jul-24,10:49:00,110.5,841.0,136.5,730.5,1722440712.0,Concentrado 1ra Limpieza L1,29.037,18.637,0.234,0.841,16.36,18.69,C_01_S08
31-Jul-24,10:53:00,110.0,832.0,163.5,722.0,1722440907.0,Concentrado 1ra Limpieza L2,29.018,21.081,0.241,0.675,14.1,22.65,C_01_S09
31-Jul-24,10:58:00,111.0,843.0,170.0,732.0,1722441443.0,Concentrado Colectivo,29.638,24.543,0.277,0.714,10.26,23.22,C_01_S10
31-Jul-24,10:54:00,110.5,953.0,281.0,842.5,1722441198.0,Concentrado Primario L1,24.784,15.021,0.179,0.556,27.98,33.35,C_01_S15
03-Aug-24,01:00:00,111.0,876.0,258.2,765.0,1722663962.0,Rebose Hidrociclones L2,2.825,0.589,0.015,0.02,0.0,33.75,C_01_S02
03-Aug-24,00:48:00,109.0,803.5,150.6,694.5,1722663826.0,Relave Final,2.432,0.05,0.0,0.005,0.0,21.68,C_01_S03
03-Aug-24,00:51:00,108.5,1115.5,110.2,1007.0,1722663829.0,Cola Scavenger L1,9.358,0.147,0.0,0.006,0.0,10.94,C_01_S04
03-Aug-24,00:55:00,108.5,1112.0,106.6,1003.5,1722663831.0,Cola Scavenger L2,9.777,0.15,0.0,0.007,0.0,10.62,C_01_S05
03-Aug-24,01:02:00,110.5,743.5,70.6,633.0,1722664330.0,Concentrado 1ra Limpieza L1,26.43,18.026,0.203,0.944,21.92,11.15,C_01_S08
03-Aug-24,01:06:00,110.0,805.0,103.6,695.0,1722664331.0,Concentrado 1ra Limpieza L2,27.754,19.757,0.221,0.924,18.56,14.91,C_01_S09
03-Aug-24,01:09:00,111.0,837.5,163.8,726.5,1722664332.0,Concentrado Colectivo,27.423,21.794,0.231,1.038,17.46,22.55,C_01_S10
03-Aug-24,01:11:00,109.0,947.0,287.6,838.0,1722664334.0,Concentrado Primario L2,20.766,13.85,0.193,0.579,36.08,34.32,C_01_S14
03-Aug-24,01:13:00,110.5,1009.5,284.2,899.0,1722664335.0,Concentrado Primario L1,18.179,14.97,0.172,0.553,42.58,31.61,C_01_S15
05-Aug-24,10:59:00,108.0,875.5,270.0,767.5,1722873054.0,Rebose Hidrociclones L1,2.323,0.842,0.0,0.023,0.0,35.18,C_01_S01
05-Aug-24,10:53:00,111.0,923.5,305.0,812.5,1722873040.0,Rebose Hidrociclones L2,2.858,0.723,0.0,0.021,0.0,37.54,C_01_S02
05-Aug-24,11:05:00,109.0,866.0,273.5,757.0,1722873069.0,Relave Final,2.331,0.184,0.0,0.007,0.0,36.13,C_01_S03
05-Aug-24,11:08:00,108.5,1047.0,120.5,938.5,1722873077.0,Cola Scavenger L1,10.07,0.312,0.0,0.01,0.0,12.84,C_01_S04
05-Aug-24,11:11:00,108.5,1050.0,122.0,941.5,1722873080.0,Cola Scavenger L2,9.88,0.177,0.0,0.008,0.0,12.96,C_01_S05
05-Aug-24,10:56:00,110.5,806.5,73.5,696.0,1722873044.0,Concentrado 1ra Limpieza L1,29.203,22.608,0.0,0.954,0.0,10.56,C_01_S08
05-Aug-24,11:01:00,110.0,786.5,125.0,676.5,1722873059.0,Concentrado 1ra Limpieza L2,29.15,24.136,0.0,0.881,0.0,18.48,C_01_S09
05-Aug-24,11:37:00,111.6,693.0,156.0,581.4,1722875749.0,Concentrado Colectivo,30.14,26.631,0.0,0.821,0.0,26.83,C_01_S10
05-Aug-24,10:57,109.0,717.0,213.5,608.0,1722873047.0,Concentrado Primario L2,21.312,15.174,0.0,0.458,0.0,35.12,C_01_S14
05-Aug-24,11:03:00,110.5,1000.5,329.0,890.0,1722873065.0,Concentrado Primario L1,26.57,17.72,0.0,0.529,0.0,36.97,C_01_S15
07-Aug-24,10:11:00,110.5,411.5,282.0,301.0,1723043332.0,Rebose Hidrociclones L2,3.487,0.872,0.014,0.026,0.0,93.69,C_01_S02
07-Aug-24,10:14:00,111.0,815.0,143.5,704.0,1723043336.0,Relave Final,2.903,0.103,0.0,0.006,0.0,20.38,C_01_S03
07-Aug-24,10:17:00,110.5,1107.0,139.0,996.5,1723043340.0,Cola Scavenger L1,13.663,0.866,0.0,0.021,0.0,13.95,C_01_S04
07-Aug-24,10:21:00,108.5,1085.5,141.0,977.0,1723043343.0,Cola Scavenger L2,13.65,0.277,0.0,0.015,0.0,14.43,C_01_S05
07-Aug-24,10:36:00,110.5,789.5,101.5,679.0,1723044763.0,Concentrado 1ra Limpieza L1,29.603,19.757,0.315,0.748,15.8,14.95,C_01_S08
07-Aug-24,10:40:00,111.0,827.0,192.0,716.0,1723044776.0,Concentrado 1ra Limpieza L2,29.201,20.164,0.323,0.738,15.86,26.82,C_01_S09
07-Aug-24,10:43:00,110.0,898.0,219.5,788.0,1723044780.0,Concentrado Colectivo,28.858,25.562,0.416,0.891,11.22,27.86,C_01_S10
07-Aug-24,10:46:00,110.0,965.0,308.5,855.0,1723044792.0,Concentrado Primario L1,25.711,15.48,0.209,0.499,27.66,36.08,C_01_S15
12-Aug-24,12:37:00,110.0,898.5,301.5,788.5,1723483567.0,Rebose Hidrociclones L2,2.157,0.788,0.007,0.037,0.0,38.24,C_01_S02
12-Aug-24,12:31:00,110.5,1156.5,84.0,1046.0,1723483564.0,Cola Scavenger L1,11.677,0.463,0.0,0.019,0.0,8.03,C_01_S04
12-Aug-24,12:34:00,108.5,1098.0,80.0,989.5,1723483565.0,Cola Scavenger L2,11.97,0.317,0.0,0.016,0.0,8.08,C_01_S05
12-Aug-24,12:39:00,111.0,785.0,79.0,674.0,1723483595.0,Concentrado 1ra Limpieza L1,29.227,22.761,0.151,1.21,10.7,11.72,C_01_S08
12-Aug-24,12:43:00,110.0,818.5,122.5,708.5,1723483597.0,Concentrado 1ra Limpieza L2,28.871,23.525,0.151,1.294,9.88,17.29,C_01_S09
12-Aug-24,12:46:00,110.0,890.0,211.5,780.0,1723483601.0,Concentrado Colectivo,28.511,26.427,0.166,1.265,7.3,27.12,C_01_S10
12-Aug-24,12:49:00,110.0,1003.5,245.5,893.5,1723483604.0,Concentrado Primario L1,19.964,11.457,0.075,0.627,21.5,27.48,C_01_S15
14-Aug-24,16:57:00,108.0,911.0,308.5,803.0,1723672344.0,Rebose Hidrociclones L1,2.585,0.632,0.006,0.021,0.0,38.42,C_01_S01
14-Aug-24,16:59:00,111.0,914.0,307.0,803.0,1723672352.0,Rebose Hidrociclones L2,2.766,0.708,0.007,0.021,0.0,38.23,C_01_S02
14-Aug-24,16:40:00,111.0,832.0,168.0,721.0,1723671518.0,Relave Final,1.783,0.109,0.0,0.008,0.0,23.3,C_01_S03
14-Aug-24,16:45:00,108.5,1030.0,94.0,921.5,1723671809.0,Cola Scavenger L1,11.181,0.193,0.0,0.013,0.0,10.2,C_01_S04
14-Aug-24,16:49:00,108.5,1018.0,102.5,909.5,1723672050.0,Cola Scavenger L2,10.44,0.312,0.0,0.01,0.0,11.27,C_01_S05
14-Aug-24,16:55:00,110.5,598.5,58.5,488.0,1723672300.0,Concentrado 1ra Limpieza L1,29.239,19.377,0.119,0.757,6.75,11.99,C_01_S08
14-Aug-24,16:43:00,110.0,797.5,154.5,687.5,1723671519.0,Concentrado 1ra Limpieza L2,29.162,20.276,0.115,0.663,6.7,22.47,C_01_S09
14-Aug-24,16:47:00,111.0,835.5,266.5,724.5,1723671957.0,Concentrado Colectivo,29.682,22.423,0.129,0.755,5.69,36.78,C_01_S10
16-Aug-24,15:15:00,110.0,918.0,341.0,808.0,1723839227.0,Rebose Hidrociclones L2,3.138,0.641,0.01,0.044,0.0,42.2,C_01_S02
16-Aug-24,15:19:00,110.5,829.0,172.0,718.5,1723839514.0,Relave Final,2.783,0.072,0.0,0.01,0.0,23.94,C_01_S03
16-Aug-24,15:02:00,110.5,1070.0,109.5,959.5,1723838394.0,Cola Scavenger L1,13.029,0.3,0.0,0.018,0.0,11.41,C_01_S04
16-Aug-24,15:10:00,110.0,1091.5,111.5,981.5,1723838902.0,Cola Scavenger L2,13.739,0.27,0.0,0.015,0.0,11.36,C_01_S05
16-Aug-24,15:14:00,111.0,818.5,72.5,707.5,1723839035.0,Concentrado 1ra Limpieza L1,28.169,24.121,0.193,1.386,5.72,10.25,C_01_S08
16-Aug-24,15:18:00,110.0,854.0,139.0,744.0,1723839228.0,Concentrado 1ra Limpieza L2,27.355,24.071,0.195,1.326,5.93,18.68,C_01_S09
16-Aug-24,15:21:00,110.0,862.5,203.0,752.5,1723839603.0,Concentrado Colectivo,28.645,27.317,0.204,1.384,3.91,26.98,C_01_S10
16-Aug-24,15:08,109.5,947.0,255.5,837.5,1723838576.0,Concentrado Primario L2,19.653,15.581,0.122,1.126,16.53,30.51,C_01_S14
16-Aug-24,15:12:00,110.0,939.0,224.5,829.0,1723839034.0,Concentrado Primario L1,18.739,13.983,0.104,0.996,18.83,27.08,C_01_S15
19-Aug-24,10:07:00,110.0,885.5,308.5,775.5,1724079675.0,Rebose Hidrociclones L2,2.894,0.04,0.0,0.04,0.0,39.78,C_01_S02
19-Aug-24,9:44:00,110.5,842.5,200.5,732.0,1724078507.0,Relave Final,2.349,0.01,0.0,0.012,0.0,27.39,C_01_S03
19-Aug-24,9:48:00,110.5,1059.0,72.5,948.5,1724078510.0,Cola Scavenger L1,8.025,0.256,0.0,0.027,0.0,7.64,C_01_S04
19-Aug-24,9:51:00,110.0,1046.0,73.5,936.0,1724078516.0,Cola Scavenger L2,8.122,0.201,0.0,0.024,0.0,7.85,C_01_S05
19-Aug-24,9:54:00,111.0,841.5,99.0,730.5,1724078528.0,Concentrado 1ra Limpieza L1,30.045,24.366,0.0,1.211,9.92,13.55,C_01_S08
19-Aug-24,10:05:00,111.0,881.0,157.0,770.0,1724079668.0,Concentrado 1ra Limpieza L2,30.564,26.471,0.0,1.204,8.92,20.39,C_01_S09
19-Aug-24,9:57:00,110.0,830.5,151.0,720.5,1724078544.0,Concentrado Colectivo,28.259,28.978,0.0,0.952,5.68,20.96,C_01_S10
19-Aug-24,9:58,109.5,957.5,305.0,848.0,1724078552.0,Concentrado Primario L2,23.492,20.204,0.0,0.866,23.48,35.97,C_01_S14
19-Aug-24,10:01:00,110.0,966.5,279.0,856.5,1724078556.0,Concentrado Primario L1,24.617,19.352,0.0,0.873,25.68,32.57,C_01_S15
23-Aug-24,11:37:00,111.0,883.5,290.5,772.5,1724430963.0,Rebose Hidrociclones L2,2.434,0.688,0.0,0.021,0.0,37.61,C_01_S02
23-Aug-24,11:23:00,111.0,886.0,258.0,775.0,1724429801.0,Relave Final,2.09,0.065,0.0,0.004,0.0,33.29,C_01_S03
23-Aug-24,11:27:00,108.5,1031.5,65.5,923.0,1724429812.0,Cola Scavenger L1,7.91,0.207,0.0,0.016,0.0,7.1,C_01_S04
23-Aug-24,11:32:00,108.5,1052.0,69.5,943.5,1724429826.0,Cola Scavenger L2,7.923,0.239,0.0,0.016,0.0,7.37,C_01_S05
23-Aug-24,11:22:00,110.5,711.0,99.0,600.5,1724429795.0,Concentrado 1ra Limpieza L1,26.429,22.742,0.0,0.768,16.0,16.49,C_01_S08
23-Aug-24,11:30:00,110.0,858.0,172.0,748.0,1724429817.0,Concentrado 1ra Limpieza L2,27.294,24.033,0.0,0.707,13.5,22.99,C_01_S09
23-Aug-24,11:41:00,111.0,1061.0,244.0,950.0,1724431172.0,Concentrado Colectivo,27.174,26.466,0.0,0.768,11.1,25.68,C_01_S10
23-Aug-24,11:25,109.5,979.5,308.0,870.0,1724429807.0,Concentrado Primario L2,22.366,17.23,0.0,0.497,29.74,35.4,C_01_S14
23-Aug-24,11:34:00,110.0,955.5,253.5,845.5,1724429830.0,Concentrado Primario L1,21.281,16.883,0.0,0.525,31.98,29.98,C_01_S15
26-Aug-24,11:39:00,110.0,914.0,311.5,804.0,1724689909.0,Rebose Hidrociclones L2,3.031,0.41,0.01,0.018,0.0,38.74,C_01_S02
26-Aug-24,11:21:00,109.0,856.0,231.0,747.0,1724688982.0,Relave Final,2.768,0.046,0.0,0.001,0.0,30.92,C_01_S03
26-Aug-24,11:33:00,110.5,1044.0,92.5,933.5,1724689684.0,Cola Scavenger L1,13.416,0.266,0.0,0.011,0.0,9.91,C_01_S04
26-Aug-24,11:37:00,110.0,1047.0,93.0,937.0,1724689687.0,Cola Scavenger L2,13.498,0.254,0.0,0.008,0.0,9.93,C_01_S05
26-Aug-24,11:42:00,112.5,821.5,89.5,709.0,1724689921.0,Concentrado 1ra Limpieza L1,27.81,17.313,0.164,0.917,19.28,12.62,C_01_S08
26-Aug-24,11:46:00,110.0,853.0,147.0,743.0,1724689924.0,Concentrado 1ra Limpieza L2,28.342,18.706,0.178,0.874,16.56,19.78,C_01_S09
26-Aug-24,11:49:00,110.0,888.0,264.0,778.0,1724689926.0,Concentrado Colectivo,29.485,21.89,0.201,1.056,12.36,33.93,C_01_S10
26-Aug-24,11:43,109.0,977.5,307.5,868.5,1724689922.0,Concentrado Primario L2,25.044,15.124,0.157,0.704,26.2,35.41,C_01_S14
26-Aug-24,11:47:00,110.5,975.5,291.5,865.0,1724689925.0,Concentrado Primario L1,24.457,13.532,0.151,0.67,30.68,33.7,C_01_S15
28-Aug-24,12:10,110.5,868.0,268.5,757.5,1724864369.0,Rebose Hidrociclones L1,3.236,0.394,0.015,0.023,0.0,35.45,C_01_S01
28-Aug-24,12:13,110.0,874.0,281.0,764.0,1724864373.0,Rebose Hidrociclones L2,3.256,0.403,0.014,0.023,0.0,36.78,C_01_S02
28-Aug-24,12:01,109.0,854.5,220.0,745.5,1724864342.0,Relave Final,2.601,0.047,0.0,0.004,0.0,29.51,C_01_S03
28-Aug-24,12:04,110.5,1050.5,99.5,940.0,1724864344.0,Cola Scavenger L1,8.764,0.155,0.0,0.009,0.0,10.59,C_01_S04
28-Aug-24,12:08,108.5,1041.0,101.5,932.5,1724864345.0,Cola Scavenger L2,8.634,0.145,0.0,0.009,0.0,10.88,C_01_S05
28-Aug-24,12:15,111.0,783.0,74.5,672.0,1724865088.0,Concentrado 1ra Limpieza L1,27.758,20.468,0.416,1.467,15.28,11.09,C_01_S08
28-Aug-24,12:19,110.0,638.0,90.0,528.0,1724865093.0,Concentrado 1ra Limpieza L2,28.697,22.401,0.435,1.403,12.48,17.05,C_01_S09
28-Aug-24,12:23,110.0,778.5,139.5,668.5,1724865100.0,Concentrado Colectivo,24.142,23.392,0.388,1.286,11.66,20.87,C_01_S10
28-Aug-24,12:17,109.5,941.5,242.5,832.0,1724865091.0,Concentrado Primario L2,24.736,16.008,0.341,0.914,25.84,29.15,C_01_S14
28-Aug-24,12:21,110.0,919.0,209.5,809.0,1724865097.0,Concentrado Primario L1,19.328,9.466,0.231,0.614,42.22,25.9,C_01_S15
30-Aug-24,5:53,108.0,919.5,307.0,811.5,6633.0,Rebose Hidrociclones L1,2.127,0.427,0.006,0.025,0.0,37.83,C_01_S01
30-Aug-24,6:12,111.0,894.5,297.5,783.5,6634.0,Rebose Hidrociclones L2,2.276,0.501,0.007,0.029,0.0,37.97,C_01_S02
30-Aug-24,5:59,108.5,1036.0,56.0,927.5,6635.0,Cola Scavenger L1,13.902,0.268,0.0,0.011,0.0,6.04,C_01_S04
30-Aug-24,6:02,108.5,1046.5,75.0,938.0,6636.0,Cola Scavenger L2,14.32,0.243,0.0,0.01,0.0,8.0,C_01_S05
30-Aug-24,6:05,110.5,816.0,82.5,705.5,6637.0,Concentrado 1ra Limpieza L1,29.671,19.725,0.125,1.111,12.46,11.69,C_01_S08
30-Aug-24,6:09,111.0,834.0,104.5,723.0,6638.0,Concentrado 1ra Limpieza L2,31.166,20.022,0.137,1.26,10.24,14.45,C_01_S09
30-Aug-24,6:10,109.0,996.5,313.5,887.5,6639.0,Concentrado Primario L2,25.829,16.503,0.108,0.932,23.2,35.32,C_01_S14
30-Aug-24,5:51,109.5,974.0,274.5,864.5,6640.0,Concentrado Primario L1,22.841,16.652,0.103,0.923,25.86,31.75,C_01_S15
02-Sep-24,3:46,110.5,887.0,290.5,776.5,6644.0,Rebose Hidrociclones L1,2.04,0.619,0.0,0.029,0.0,37.41,C_01_S01
02-Sep-24,3:50,110.0,902.0,318.5,792.0,6645.0,Rebose Hidrociclones L2,2.13,0.618,0.0,0.03,0.0,40.21,C_01_S02
02-Sep-24,3:54,109.0,837.5,187.0,728.5,6646.0,Relave Final,1.64,0.055,0.0,0.003,0.0,25.67,C_01_S03
02-Sep-24,3:38,110.5,1070.0,122.0,959.5,6647.0,Cola Scavenger L1,13.36,0.193,0.0,0.012,0.0,12.71,C_01_S04
02-Sep-24,3:42,108.5,1071.5,120.0,963.0,6648.0,Cola Scavenger L2,13.73,0.183,0.0,0.01,0.0,12.46,C_01_S05
02-Sep-24,3:48,111.0,835.5,98.5,724.5,6649.0,Concentrado 1ra Limpieza L1,26.6,20.854,0.0,1334.0,13.12,13.6,C_01_S08
02-Sep-24,3:52,110.0,842.0,131.5,732.0,6650.0,Concentrado 1ra Limpieza L2,27.03,22.33,0.0,1232.0,12.06,17.96,C_01_S09
02-Sep-24,3:55,110.0,845.0,146.5,735.0,6651.0,Concentrado Colectivo,27.59,25.97,0.0,1299.0,8.06,19.93,C_01_S10
02-Sep-24,3:40,109.5,1035.5,373.0,926.0,6652.0,Concentrado Primario L2,21.73,15.641,0.0,0.862,29.62,40.28,C_01_S14
02-Sep-24,3:45,110.0,992.0,296.0,882.0,6653.0,Concentrado Primario L1,19.78,12.69,0.0,0.784,37.12,33.56,C_01_S15
04-Sep-24,3:27,108.0,872.5,288.0,764.5,6658.0,Rebose Hidrociclones L1,2.515,0.583,0.0,0.027,0.0,37.67,C_01_S01
04-Sep-24,3:29,111.0,886.5,307.5,775.5,6659.0,Rebose Hidrociclones L2,2.547,0.564,0.0,0.027,0.0,39.65,C_01_S02
04-Sep-24,3:32,111.0,833.0,195.0,722.0,6660.0,Relave Final,2.06,0.045,0.0,0.004,0.0,27.01,C_01_S03
04-Sep-24,3:35,108.5,1066.0,131.5,957.5,6661.0,Cola Scavenger L1,9.106,0.195,0.0,0.008,0.0,13.73,C_01_S04
04-Sep-24,3:42,108.5,1079.5,131.0,971.0,6662.0,Cola Scavenger L2,8.852,0.177,0.0,0.008,0.0,13.49,C_01_S05
04-Sep-24,3:25,110.5,811.0,108.0,700.5,6663.0,Concentrado 1ra Limpieza L1,29.149,24.378,0.0,1.152,10.4,15.42,C_01_S08
04-Sep-24,3:44,111.0,830.0,125.5,719.0,6664.0,Concentrado 1ra Limpieza L2,27.315,23.283,0.0,1.276,11.2,17.45,C_01_S09
04-Sep-24,3:40,111.0,847.0,155.0,736.0,6665.0,Concentrado Colectivo,29.273,27.064,0.0,1.257,7.42,21.06,C_01_S10
06-Sep-24,15:37,108.0,910.0,208.5,802.0,6669.0,Rebose Hidrociclones L1,2.69,0.57,0.0,0.02,0.0,26.0,C_01_S01
06-Sep-24,16:08,111.0,898.5,304.5,787.5,6670.0,Rebose Hidrociclones L2,2.72,0.62,0.0,0.03,0.0,38.67,C_01_S02
06-Sep-24,12:15,111.0,835.0,201.5,724.0,6671.0,Relave Final,2.21,0.07,0.0,0.01,0.0,27.83,C_01_S03
06-Sep-24,12:19,108.5,1057.0,89.0,948.5,6672.0,Cola Scavenger L1,13.29,0.36,0.0,0.01,0.0,9.38,C_01_S04
06-Sep-24,12:22,108.5,1057.0,88.0,948.5,6673.0,Cola Scavenger L2,13.21,0.34,0.0,0.01,0.0,9.28,C_01_S05
06-Sep-24,12:25,110.5,842.0,120.0,731.5,6674.0,Concentrado 1ra Limpieza L1,26.05,24.38,0.0,1.04,0.0,16.4,C_01_S08
06-Sep-24,12:28,111.0,854.0,131.0,743.0,6675.0,Concentrado 1ra Limpieza L2,27.05,23.78,0.0,1.18,12.62,17.63,C_01_S09
06-Sep-24,12:31,111.0,853.5,163.0,742.5,6676.0,Concentrado Colectivo,27.28,26.02,0.0,0.87,10.46,21.95,C_01_S10
06-Sep-24,16:26,109.0,1054.0,325.0,945.0,6677.0,Concentrado Primario L2,22.63,17.76,0.0,0.79,27.32,34.39,C_01_S14
06-Sep-24,15:30,110.5,1006.5,321.5,896.0,6678.0,Concentrado Primario L1,21.6,17.21,0.0,0.73,29.92,35.88,C_01_S15
09-Sep-24,12:01,111.0,786.0,308.0,675.0,6683.0,Rebose Hidrociclones L2,2.49,0.7,0.0,0.05,0.0,45.63,C_01_S02
09-Sep-24,11:47,111.0,818.0,189.0,707.0,6684.0,Relave Final,1.93,0.07,0.0,0.01,0.0,26.73,C_01_S03
09-Sep-24,11:52,108.5,1066.0,96.5,957.5,6685.0,Cola Scavenger L1,7.86,0.15,0.0,0.02,0.0,10.08,C_01_S04
09-Sep-24,11:56,108.5,1065.5,94.5,957.0,6686.0,Cola Scavenger L2,7.95,0.17,0.0,0.02,0.0,9.87,C_01_S05
09-Sep-24,11:46,110.5,630.0,52.5,519.5,6687.0,Concentrado 1ra Limpieza L1,26.1,23.39,0.0,1.73,15.84,10.11,C_01_S08
09-Sep-24,11:49,111.0,827.0,106.5,716.0,6688.0,Concentrado 1ra Limpieza L2,25.83,23.0,0.0,2.01,15.86,14.87,C_01_S09
09-Sep-24,11:59,111.0,806.0,93.5,695.0,6689.0,Concentrado Colectivo,28.28,26.47,0.0,1.89,9.42,13.45,C_01_S10
09-Sep-24,11:53,109.0,948.0,257.5,839.0,6690.0,Concentrado Primario L2,18.34,16.36,0.0,1.21,35.2,30.69,C_01_S14
09-Sep-24,11:58,110.5,947.5,259.0,837.0,6691.0,Concentrado Primario L1,19.21,15.07,0.0,1.23,36.38,30.94,C_01_S15
11-Sep-24,10:11,110.5,882.0,294.0,771.5,6696.0,Rebose Hidrociclones L1,2.12,0.56,0.01,0.04,0.0,38.11,C_01_S01
11-Sep-24,10:13,111.0,897.5,303.0,786.5,6697.0,Rebose Hidrociclones L2,2.15,0.56,0.01,0.04,0.0,38.53,C_01_S02
11-Sep-24,10:16,111.0,826.5,186.0,715.5,6698.0,Relave Final,1.5,0.06,0.0,0.01,0.0,26.0,C_01_S03
11-Sep-24,10:19,108.5,1088.5,116.5,980.0,6699.0,Cola Scavenger L1,6.85,0.14,0.0,0.02,0.0,11.89,C_01_S04
11-Sep-24,10:23,108.5,1060.0,117.0,951.5,6700.0,Cola Scavenger L2,6.69,0.12,0.0,0.02,0.0,12.3,C_01_S05
11-Sep-24,10:25,110.5,784.0,72.5,673.5,6701.0,Concentrado 1ra Limpieza L1,27.93,25.97,0.12,1.58,10.6,10.76,C_01_S08
11-Sep-24,10:29,111.0,832.0,114.0,721.0,6702.0,Concentrado 1ra Limpieza L2,27.76,25.77,0.13,1.68,11.04,15.81,C_01_S09
11-Sep-24,10:32,111.0,853.5,167.5,742.5,6703.0,Concentrado Colectivo,28.19,28.05,0.12,1.55,7.92,22.56,C_01_S10
11-Sep-24,10:33,109.0,980.0,262.0,871.0,6704.0,Concentrado Primario L2,22.44,16.16,0.09,1.13,31.08,30.08,C_01_S14
11-Sep-24,10:36,110.5,955.0,233.0,844.5,6705.0,Concentrado Primario L1,18.89,13.08,0.07,0.9,39.78,27.59,C_01_S15
13-Sep-24,11:49,110.5,886.5,269.0,776.0,6710.0,Rebose Hidrociclones L1,3.29,0.59,0.01,0.03,0.0,34.66,C_01_S01
13-Sep-24,11:52,111.0,905.0,296.0,794.0,6711.0,Rebose Hidrociclones L2,2.82,0.42,0.01,0.02,0.0,37.28,C_01_S02
13-Sep-24,11:40,111.0,835.0,184.0,724.0,6712.0,Relave Final,2.5,0.07,0.0,0.01,0.0,25.41,C_01_S03
13-Sep-24,11:43,110.5,1073.5,97.5,963.0,6713.0,Cola Scavenger L1,10.7,0.44,0.0,0.01,0.0,10.12,C_01_S04
13-Sep-24,11:46,108.5,1076.0,95.5,967.5,6714.0,Cola Scavenger L2,10.68,0.46,0.0,0.01,0.0,9.87,C_01_S05
13-Sep-24,11:54,111.0,834.0,92.0,723.0,6715.0,Concentrado 1ra Limpieza L1,28.58,20.91,0.09,1.12,12.92,12.72,C_01_S08
13-Sep-24,11:58,110.0,869.0,132.0,759.0,6716.0,Concentrado 1ra Limpieza L2,28.36,21.26,0.09,1.05,12.1,17.39,C_01_S09
13-Sep-24,12:01,110.0,849.5,136.0,739.5,6717.0,Concentrado Colectivo,29.4,25.72,0.11,1.13,8.26,18.39,C_01_S10
13-Sep-24,11:56,109.0,971.0,279.0,862.0,6718.0,Concentrado Primario L2,23.6,17.5,0.08,0.79,25.54,32.37,C_01_S14
13-Sep-24,12:00,110.0,954.0,240.0,844.0,6719.0,Concentrado Primario L1,21.56,14.62,0.06,0.67,31.94,28.44,C_01_S15
16-Sep-24,4:46,108.0,908.0,315.5,800.0,6724.0,Rebose Hidrociclones L1,2.787,0.651,0.009,0.043,0.0,39.44,C_01_S01
16-Sep-24,4:56,110.0,954.5,389.5,844.5,6725.0,Rebose Hidrociclones L2,2.937,0.588,0.009,0.044,0.0,46.12,C_01_S02
16-Sep-24,4:33,111.0,854.5,235.5,743.5,6726.0,Relave Final,2.518,0.073,0.0,0.009,0.0,31.67,C_01_S03
16-Sep-24,4:39,108.5,1070.0,107.5,961.5,6727.0,Cola Scavenger L1,8.46,0.206,0.0,0.013,0.0,11.18,C_01_S04
16-Sep-24,4:43,108.5,1084.5,106.0,976.0,6728.0,Cola Scavenger L2,8.373,0.151,0.0,0.01,0.0,10.86,C_01_S05
16-Sep-24,4:48,110.5,842.5,93.0,732.0,6729.0,Concentrado 1ra Limpieza L1,27.851,22.203,0.16,1.717,14.9,12.7,C_01_S08
16-Sep-24,4:32,111.0,830.5,129.0,719.5,6730.0,Concentrado 1ra Limpieza L2,28.468,22.302,0.168,1.716,14.5,17.93,C_01_S09
16-Sep-24,4:35,111.0,886.5,179.0,775.5,6731.0,Concentrado Colectivo,28.608,24.83,0.177,1.663,11.7,23.08,C_01_S10
16-Sep-24,4:40,109.0,966.0,272.5,857.0,6732.0,Concentrado Primario L2,22.909,15.958,0.119,1.216,30.32,31.8,C_01_S14
16-Sep-24,4:44,110.5,978.0,281.5,867.5,6733.0,Concentrado Primario L1,22.924,16.256,0.123,1.223,29.6,32.45,C_01_S15
20-Sep-24,11:16 AM,108.0,888.5,304.5,780.5,6739.0,Rebose Hidrociclones L1,3.189,0.679,0.008,0.04,0.0,39.01,C_01_S01
20-Sep-24,11:19 AM,110.0,915.0,291.5,805.0,6740.0,Rebose Hidrociclones L2,3.175,0.626,0.008,0.043,0.0,36.21,C_01_S02
20-Sep-24,11:21 AM,111.0,839.0,181.0,728.0,6741.0,Relave Final,2.897,0.067,0.0,0.01,0.0,24.86,C_01_S03
20-Sep-24,11:25 AM,108.5,916.0,88.0,807.5,6742.0,Cola Scavenger L1,8.356,0.311,0.0,0.035,0.0,10.9,C_01_S04
20-Sep-24,11:28 AM,108.5,1065.5,109.5,957.0,6743.0,Cola Scavenger L2,7.833,0.262,0.0,0.035,0.0,11.44,C_01_S05
20-Sep-24,11:37 AM,110.5,823.0,83.5,712.5,6744.0,Concentrado 1ra Limpieza L1,26.626,23.609,0.182,1.864,14.5,11.72,C_01_S08
20-Sep-24,11:33 AM,111.0,856.0,175.5,745.0,6745.0,Concentrado 1ra Limpieza L2,27.253,25.379,0.186,1.699,11.48,23.56,C_01_S09
20-Sep-24,11:39 AM,111.0,864.5,176.5,753.5,6746.0,Concentrado Colectivo,27.79,27.544,0.197,1.733,9.0,23.42,C_01_S10
20-Sep-24,11:41 AM,109.0,1017.0,361.0,908.0,6747.0,Concentrado Primario L2,24.103,20.854,0.156,1.28,22.6,39.76,C_01_S14
20-Sep-24,11:43 AM,110.5,1035.5,375.0,925.0,6748.0,Concentrado Primario L1,24.243,19.969,0.146,1.279,24.24,40.54,C_01_S15
23-Sep-24,10:13 AM,108.0,899.0,294.0,791.0,6753.0,Rebose Hidrociclones L1,2.581,0.532,0.0,0.026,0.0,37.17,C_01_S01
23-Sep-24,10:17 AM,110.0,929.5,310.0,819.5,6754.0,Rebose Hidrociclones L2,2.629,0.511,0.0,0.027,0.0,37.83,C_01_S02
23-Sep-24,10:20 AM,111.0,817.0,156.5,706.0,6755.0,Relave Final,1.874,0.078,0.0,0.006,0.0,22.17,C_01_S03
23-Sep-24,10:25 AM,108.5,1070.5,70.0,962.0,6756.0,Cola Scavenger L1,18.003,0.286,0.0,0.012,0.0,7.28,C_01_S04
23-Sep-24,10:29 AM,108.5,1064.5,81.5,956.0,6757.0,Cola Scavenger L2,9.549,0.279,0.0,0.012,0.0,8.53,C_01_S05
23-Sep-24,10:15 AM,110.5,813.5,70.5,703.0,6758.0,Concentrado 1ra Limpieza L1,28.211,19.454,0.0,1.672,16.1,10.03,C_01_S08
23-Sep-24,10:23 AM,111.0,844.0,122.5,733.0,6759.0,Concentrado 1ra Limpieza L2,28.039,19.454,0.0,1.618,15.86,16.71,C_01_S09
23-Sep-24,10:26 AM,111.0,698.5,107.5,587.5,6760.0,Concentrado Colectivo,27.274,25.083,0.0,1.639,10.68,18.3,C_01_S10
23-Sep-24,11:11 AM,109.0,987.5,327.0,878.5,6761.0,Concentrado Primario L2,23.773,16.195,0.0,1.011,28.44,37.22,C_01_S14
23-Sep-24,10:18 AM,110.5,970.5,286.5,860.0,6762.0,Concentrado Primario L1,20.476,12.344,0.0,0.727,34.66,33.31,C_01_S15
25-Sep-24,12:50 PM,108.0,920.5,319.5,812.5,6767.0,Rebose Hidrociclones L1,2.573,0.542,0.0,0.022,0.0,39.32,C_01_S01
25-Sep-24,12:35 PM,110.0,907.0,287.0,797.0,6768.0,Rebose Hidrociclones L2,2.63,0.516,0.0,0.018,0.0,36.01,C_01_S02
25-Sep-24,12:38 PM,111.0,839.5,175.0,728.5,6769.0,Relave Final,2.108,0.062,0.0,0.004,0.0,24.02,C_01_S03
25-Sep-24,12:43 PM,108.5,1055.0,64.5,946.5,6770.0,Cola Scavenger L1,10.508,0.264,0.0,0.008,0.0,6.81,C_01_S04
25-Sep-24,12:47 PM,108.5,1049.5,66.0,941.0,6771.0,Cola Scavenger L2,10.458,0.312,0.0,0.01,0.0,7.01,C_01_S05
25-Sep-24,12:33 PM,110.5,836.5,98.0,726.0,6772.0,Concentrado 1ra Limpieza L1,27.5,21.437,0.0,1.036,15.58,13.5,C_01_S08
25-Sep-24,12:41 PM,111.0,840.0,120.5,729.0,6773.0,Concentrado 1ra Limpieza L2,27.926,22.275,0.0,0.976,14.16,16.53,C_01_S09
25-Sep-24,12:44 PM,111.0,839.0,157.5,728.0,6774.0,Concentrado Colectivo,27.678,22.817,0.0,0.996,14.28,21.63,C_01_S10
25-Sep-24,12:36 PM,109.0,962.0,282.0,853.0,6775.0,Concentrado Primario L2,22.688,15.178,0.0,0.738,31.56,33.06,C_01_S14
25-Sep-24,12:49 PM,110.5,938.5,234.5,828.0,6776.0,Concentrado Primario L1,20.107,12.024,0.0,0.64,39.06,28.32,C_01_S15
27-Sep-24,12:20 PM,108.0,891.5,291.5,783.5,1727456873.0,Rebose Hidrociclones L1,2.221,0.554,0.027,0.021,0.0,37.2,C_01_S01
27-Sep-24,12:22 PM,110.0,906.5,289.5,796.5,1727456875.0,Rebose Hidrociclones L2,2.291,0.531,0.028,0.024,0.0,36.35,C_01_S02
27-Sep-24,12:10 PM,111.0,826.0,179.0,715.0,1727456809.0,Relave Final,1.867,0.038,0.0,0.004,0.0,25.03,C_01_S03
27-Sep-24,12:14 PM,108.5,1057.0,105.0,948.5,1727456811.0,Cola Scavenger L1,14.395,0.194,0.0,0.007,0.0,11.07,C_01_S04
27-Sep-24,12:17 PM,108.5,1047.5,111.5,939.0,1727456813.0,Cola Scavenger L2,14.352,0.201,0.0,0.006,0.0,11.87,C_01_S05
27-Sep-24,12:25 PM,110.5,785.0,55.5,674.5,1727457163.0,Concentrado 1ra Limpieza L1,28.73,20.993,1.424,1.138,11.42,8.23,C_01_S08
27-Sep-24,12:29 PM,111.0,818.5,112.5,707.5,1727457166.0,Concentrado 1ra Limpieza L2,28.976,21.782,1.331,1.008,11.16,15.9,C_01_S09
27-Sep-24,12:32 PM,111.0,856.5,181.5,745.5,1727457168.0,Concentrado Colectivo,28.942,23.999,1.404,0.979,9.22,24.35,C_01_S10
27-Sep-24,12:26 PM,109.0,951.5,254.5,842.5,1727457164.0,Concentrado Primario L2,22.426,13.306,0.692,0.668,32.14,30.21,C_01_S14
27-Sep-24,12:30 PM,110.5,939.5,228.5,829.0,1727457167.0,Concentrado Primario L1,23.283,14.242,0.755,0.753,29.62,27.56,C_01_S15
30-Sep-24,11:21 AM,110.5,825.5,124.0,715.0,1727713220.0,Rebose Hidrociclones L1,2.418,0.404,0.007,0.016,0.0,17.34,C_01_S01
30-Sep-24,11:10 AM,111.0,793.5,107.0,682.5,1727712460.0,Rebose Hidrociclones L2,2.533,0.333,0.006,0.013,0.0,15.68,C_01_S02
30-Sep-24,10:54 AM,109.0,787.5,124.0,678.5,1727711478.0,Relave Final,1.295,0.033,0.0,0.003,0.0,18.28,C_01_S03
30-Sep-24,10:57 AM,110.5,1081.5,113.0,971.0,1727711480.0,Cola Scavenger L1,10.967,0.123,0.0,0.006,0.0,11.64,C_01_S04
30-Sep-24,11:00 AM,108.5,1078.5,116.0,970.0,1727711481.0,Cola Scavenger L2,10.687,0.116,0.0,0.005,0.0,11.96,C_01_S05
30-Sep-24,11:13 AM,112.0,782.5,53.5,670.5,1727712554.0,Concentrado 1ra Limpieza L1,30.16,17.643,0.153,1.021,13.98,7.98,C_01_S08
30-Sep-24,11:17 AM,110.0,851.5,167.0,741.5,1727712557.0,Concentrado 1ra Limpieza L2,30.613,17.643,0.144,1.043,13.46,22.52,C_01_S09
30-Sep-24,11:20 AM,110.0,815.0,117.5,705.0,1727712561.0,Concentrado Colectivo,29.504,18.833,0.167,1.27,14.82,16.67,C_01_S10
30-Sep-24,11:14 AM,109.5,954.5,228.5,845.0,1727712556.0,Concentrado Primario L2,26.581,14.075,0.12,0.63,26.82,27.04,C_01_S14
30-Sep-24,11:18 AM,110.0,971.5,270.5,861.5,1727712560.0,Concentrado Primario L1,24.212,12.489,0.121,0.62,32.66,31.4,C_01_S15
02-Oct-24,10:22 AM,108.0,889.0,297.0,781.0,1727882466.0,Rebose Hidrociclones L1,2.157,0.445,0.012,0.014,0.0,38.03,C_01_S01
02-Oct-24,10:25 AM,110.0,887.5,271.5,777.5,1727882487.0,Rebose Hidrociclones L2,2.288,0.44,0.012,0.014,0.0,34.92,C_01_S02
02-Oct-24,10:27 AM,111.0,834.5,150.0,723.5,1727882496.0,Relave Final,1.754,0.039,0.0,0.003,0.0,20.73,C_01_S03
02-Oct-24,10:31 AM,108.5,1071.5,104.5,963.0,1727882498.0,Cola Scavenger L1,9.243,0.155,0.0,0.008,0.0,10.85,C_01_S04
02-Oct-24,10:34 AM,108.5,1073.5,105.0,965.0,1727882501.0,Cola Scavenger L2,8.873,0.137,0.0,0.006,0.0,10.88,C_01_S05
02-Oct-24,10:36 AM,111.0,876.5,186.0,765.5,1727882801.0,Concentrado 1ra Limpieza L1,31.055,22.599,0.404,0.773,7.94,24.3,C_01_S08
02-Oct-24,10:40 AM,110.0,796.0,56.5,686.0,1727882803.0,Concentrado 1ra Limpieza L2,30.871,21.212,0.381,0.889,8.72,8.24,C_01_S09
02-Oct-24,10:43 AM,111.0,818.0,128.0,707.0,1727882806.0,Concentrado Colectivo,29.005,25.127,0.481,0.881,6.3,18.1,C_01_S10
02-Oct-24,11:03 AM,109.0,874.0,140.0,765.0,1727884757.0,Concentrado Primario L2,22.635,15.711,0.331,0.638,27.36,18.3,C_01_S14
02-Oct-24,10:46 AM,109.5,975.0,279.0,865.5,1727882811.0,Concentrado Primario L1,18.118,15.463,0.328,0.63,26.16,32.24,C_01_S15
04-Oct-24,10:30 AM,110.5,898.0,287.5,787.5,1728055776.0,Rebose Hidrociclones L1,1.909,0.559,0.0,0.023,0.0,36.51,C_01_S01
04-Oct-24,10:33 AM,111.0,902.0,276.0,791.0,1728055874.0,Rebose Hidrociclones L2,2.052,0.561,0.0,0.025,0.0,34.89,C_01_S02
04-Oct-24,10:35 AM,109.0,832.0,153.5,723.0,1728055883.0,Relave Final,1.424,0.053,0.0,0.004,0.0,21.23,C_01_S03
04-Oct-24,10:39 AM,110.5,1018.5,94.0,908.0,1728056041.0,Cola Scavenger L1,7.811,0.105,0.0,0.009,0.0,10.35,C_01_S04
04-Oct-24,10:42 AM,108.5,1008.0,93.5,899.5,1728056044.0,Cola Scavenger L2,7.774,0.094,0.0,0.008,0.0,10.39,C_01_S05
04-Oct-24,10:47 AM,111.0,763.0,47.0,652.0,1728056604.0,Concentrado 1ra Limpieza L1,30.6,25.669,0.0,1.298,6.6,7.21,C_01_S08
04-Oct-24,10:51 AM,110.0,834.5,138.0,724.5,1728056606.0,Concentrado 1ra Limpieza L2,30.426,25.619,0.0,1.156,6.52,19.05,C_01_S09
04-Oct-24,10:53 AM,110.0,788.5,126.5,678.5,1728056608.0,Concentrado Colectivo,30.062,29.365,0.0,1.049,3.94,18.64,C_01_S10
04-Oct-24,10:55 AM,109.5,1034.5,379.5,925.0,1728056954.0,Concentrado Primario L2,27.545,18.578,0.0,0.876,18.8,41.03,C_01_S14
04-Oct-24,10:57 AM,110.0,1045.0,402.0,935.0,1728056957.0,Concentrado Primario L1,26.304,17.928,0.0,0.849,21.54,42.99,C_01_S15
07-Oct-24,11:15 AM,110.5,911.5,296.5,801.0,1728317179.0,Rebose Hidrociclones L1,2.521,0.53,0.011,0.024,0.0,37.02,C_01_S01
07-Oct-24,11:00 AM,111.0,899.0,298.0,788.0,1728316507.0,Rebose Hidrociclones L2,2.434,0.507,0.011,0.021,0.0,37.82,C_01_S02
07-Oct-24,11:03 AM,109.0,823.0,171.0,714.0,1728316509.0,Relave Final,1.997,0.06,0.0,0.004,0.0,23.95,C_01_S03
07-Oct-24,11:12 AM,110.5,1025.0,101.0,914.5,1728317147.0,Cola Scavenger L1,9.508,0.442,0.0,0.01,0.0,11.04,C_01_S04
07-Oct-24,11:06 AM,108.5,1022.5,104.0,914.0,1728316516.0,Cola Scavenger L2,9.082,0.421,0.0,0.008,0.0,11.38,C_01_S05
07-Oct-24,10:59 AM,111.0,756.0,68.5,645.0,1728316503.0,Concentrado 1ra Limpieza L1,27.448,25.325,0.334,1.084,8.14,10.62,C_01_S08
07-Oct-24,11:10 AM,110.0,795.5,126.5,685.5,1728316525.0,Concentrado 1ra Limpieza L2,27.005,25.672,0.341,1.109,7.56,18.45,C_01_S09
07-Oct-24,11:17 AM,109.5,999.5,334.0,890.0,1728317232.0,Concentrado Primario L2,23.275,17.049,0.214,0.777,24.64,37.53,C_01_S14
07-Oct-24,11:19 AM,110.0,1020.0,338.5,910.0,1728317235.0,Concentrado Primario L1,23.294,15.909,0.207,0.784,26.4,37.2,C_01_S15
09-Oct-24,4:20 PM,110.5,870.5,296.0,760.0,1728508643.0,Rebose Hidrociclones L1,3.16,0.593,0.0,0.022,0.0,38.95,C_01_S01
09-Oct-24,4:23 PM,111.0,862.5,282.5,751.5,1728508647.0,Rebose Hidrociclones L2,3.027,0.517,0.0,0.022,0.0,37.59,C_01_S02
09-Oct-24,4:25 PM,109.0,808.5,172.5,699.5,1728508649.0,Relave Final,2.6,0.059,0.0,0.004,0.0,24.66,C_01_S03
09-Oct-24,4:29 PM,110.5,960.0,75.0,849.5,1728508653.0,Cola Scavenger L1,9.222,0.373,0.0,0.007,0.0,8.83,C_01_S04
09-Oct-24,4:32 PM,108.5,966.5,76.0,858.0,1728508655.0,Cola Scavenger L2,9.278,0.362,0.0,0.006,0.0,8.86,C_01_S05
09-Oct-24,4:35 PM,111.0,720.0,48.5,609.0,1728508658.0,Concentrado 1ra Limpieza L1,29.513,25.07,0.0,1.139,8.08,7.96,C_01_S08
09-Oct-24,4:38 PM,110.0,783.5,178.5,673.5,1728508664.0,Concentrado 1ra Limpieza L2,29.531,25.17,0.0,0.962,7.6,26.5,C_01_S09
09-Oct-24,4:31 PM,110.0,739.5,127.0,629.5,1728508665.0,Concentrado Colectivo,29.281,27.367,0.0,1.097,5.88,20.17,C_01_S10
09-Oct-24,4:43 PM,109.5,935.0,298.0,825.5,1728508666.0,Concentrado Primario L2,24.899,17.379,0.0,0.665,24.8,36.1,C_01_S14
09-Oct-24,4:45 PM,110.0,942.5,288.5,832.5,1728508667.0,Concentrado Primario L1,23.554,15.182,0.0,0.653,28.72,34.65,C_01_S15
14-Oct-24,5:41 PM,108.0,940.0,348.0,832.0,1728945332.0,Rebose Hidrociclones L1,2.376,0.633,0.007,0.031,0.0,41.83,C_01_S01
14-Oct-24,5:47 PM,111.0,818.0,149.0,707.0,1728945343.0,Relave Final,1.699,0.055,0.0,0.006,0.0,21.07,C_01_S03
14-Oct-24,5:52 PM,108.5,970.0,79.0,861.5,1728945346.0,Cola Scavenger L1,6.152,0.194,0.0,0.007,0.0,9.17,C_01_S04
14-Oct-24,5:57 PM,108.5,983.5,78.0,875.0,1728945349.0,Cola Scavenger L2,6.181,0.194,0.0,0.007,0.0,8.91,C_01_S05
14-Oct-24,5:54 PM,111.0,761.5,57.5,650.5,1728945347.0,Concentrado 1ra Limpieza L1,29.418,20.326,0.111,1.158,15.48,8.84,C_01_S08
14-Oct-24,5:49 PM,110.0,846.0,206.0,736.0,1728945344.0,Concentrado 1ra Limpieza L2,30.248,21.274,0.109,1.055,12.88,27.99,C_01_S09
14-Oct-24,5:42 PM,111.0,830.0,191.0,719.0,1728945336.0,Concentrado Colectivo,29.251,21.125,0.102,1.059,15.44,26.56,C_01_S10
14-Oct-24,5:45 PM,109.0,966.5,284.0,857.5,1728945341.0,Concentrado Primario L2,20.837,15.681,0.096,0.747,35.3,33.12,C_01_S14
14-Oct-24,5:39 PM,110.5,986.5,294.0,876.0,1728945327.0,Concentrado Primario L1,19.002,13.184,0.08,0.708,40.96,33.56,C_01_S15
23-Oct-24,10:07 AM,110.5,900.0,298.0,789.5,1729695755.0,Rebose Hidrociclones L1,3.017,0.39,0.0,0.018,0.0,37.75,C_01_S01
23-Oct-24,10:10 AM,110.0,913.5,307.0,803.5,1729695760.0,Rebose Hidrociclones L2,3.148,0.439,0.0,0.019,0.0,38.21,C_01_S02
23-Oct-24,10:12 AM,109.0,831.0,167.5,722.0,1729695763.0,Relave Final,3.318,0.055,0.0,0.004,0.0,23.2,C_01_S03
23-Oct-24,10:16 AM,108.5,960.0,93.5,851.5,1729695765.0,Cola Scavenger L1,7.24,0.162,0.0,0.007,0.0,10.98,C_01_S04
23-Oct-24,10:06 AM,110.5,734.5,56.5,624.0,1729695734.0,Concentrado 1ra Limpieza L1,28.041,19.059,0.0,1.23,7.05,9.05,C_01_S08
23-Oct-24,10:18 AM,110.0,854.0,219.5,744.0,1729696410.0,Concentrado 1ra Limpieza L2,28.697,20.738,0.0,1.086,5.83,29.5,C_01_S09
23-Oct-24,10:21 AM,110.0,823.5,178.0,713.5,1729696413.0,Concentrado Colectivo,28.56,24.786,0.0,1.097,3.97,24.95,C_01_S10
23-Oct-24,10:23 AM,109.5,964.5,303.5,855.0,1729696415.0,Concentrado Primario L2,23.221,17.676,0.0,0.847,13.21,35.5,C_01_S14
23-Oct-24,10:25 AM,110.0,986.5,308.5,876.5,1729696417.0,Concentrado Primario L1,22.331,16.788,0.0,0.804,13.85,35.2,C_01_S15
25-Oct-24,4:45 PM,108.0,945.5,343.5,837.5,1729892616.0,Rebose Hidrociclones L1,1.998,0.557,0.0,0.025,0.0,41.01,C_01_S01
25-Oct-24,4:49 PM,111.0,734.5,230.5,623.5,1729892641.0,Rebose Hidrociclones L2,2.121,0.608,0.0,0.025,0.0,36.97,C_01_S02
25-Oct-24,4:53 PM,111.0,830.5,157.5,719.5,1729892652.0,Relave Final,1.656,0.074,0.0,0.005,0.0,21.89,C_01_S03
25-Oct-24,4:57 PM,110.0,1001.5,94.0,891.5,1729892663.0,Cola Scavenger L1,6.437,0.138,0.0,0.009,0.0,10.54,C_01_S04
25-Oct-24,5:01 PM,108.5,612.5,73.0,504.0,1729892675.0,Cola Scavenger L2,6.073,0.123,0.0,0.008,0.0,14.48,C_01_S05
25-Oct-24,4:48 PM,111.0,742.0,55.0,631.0,1729892637.0,Concentrado 1ra Limpieza L1,27.261,20.046,0.0,1.356,14.18,8.72,C_01_S08
25-Oct-24,4:51 PM,110.0,851.0,193.0,741.0,1729892646.0,Concentrado 1ra Limpieza L2,26.921,23.305,0.0,1.11,11.98,26.05,C_01_S09
25-Oct-24,5:04 PM,108.0,807.0,184.5,699.0,1729893561.0,Concentrado Colectivo,27.041,25.675,0.0,1.244,9.36,26.39,C_01_S10
25-Oct-24,4:54 PM,109.0,1008.5,351.5,899.5,1729892657.0,Concentrado Primario L2,22.318,19.256,0.0,0.863,26.0,39.08,C_01_S14
25-Oct-24,5:02 PM,110.5,1015.5,344.0,905.0,1729892679.0,Concentrado Primario L1,21.616,17.38,0.0,0.828,29.58,38.01,C_01_S15
30-Oct-24,5:28 PM,110.5,936.0,369.5,825.5,1730326159.0,Rebose Hidrociclones L1,2.084,0.594,0.011,0.035,0.0,44.76,C_01_S01
30-Oct-24,5:48 PM,110.0,925.5,332.5,815.5,1730328344.0,Rebose Hidrociclones L2,2.3,0.576,0.011,0.031,0.0,40.77,C_01_S02
30-Oct-24,5:25 PM,109.0,804.5,136.0,695.5,1730326155.0,Relave Final,1.616,0.06,0.0,0.006,0.0,19.55,C_01_S03
30-Oct-24,5:18 PM,110.0,975.0,99.5,865.0,1730326147.0,Cola Scavenger L1,3.534,0.076,0.0,0.005,0.0,11.5,C_01_S04
30-Oct-24,5:13 PM,108.5,954.5,99.5,846.0,1730326142.0,Cola Scavenger L2,3.477,0.073,0.0,0.005,0.0,11.76,C_01_S05
30-Oct-24,5:15 PM,110.5,599.0,32.5,488.5,1730326144.0,Concentrado 1ra Limpieza L1,25.203,23.305,0.284,1.509,16.1,6.65,C_01_S08
30-Oct-24,5:23 PM,110.0,806.0,153.0,696.0,1730326154.0,Concentrado 1ra Limpieza L2,25.102,23.404,0.273,1.504,16.12,21.98,C_01_S09
30-Oct-24,5:41 PM,110.0,771.0,162.0,661.0,1730327875.0,Concentrado Colectivo,26.27,26.169,0.294,1.491,11.66,24.51,C_01_S10
30-Oct-24,5:19 PM,109.5,935.0,262.5,825.5,1730326149.0,Concentrado Primario L2,16.916,16.096,0.179,0.899,39.5,31.8,C_01_S14
30-Oct-24,5:26 PM,110.0,918.5,257.5,808.5,1730326157.0,Concentrado Primario L1,16.916,15.109,0.183,0.781,41.68,31.85,C_01_S15
01-Nov-24,12:11 PM,110.5,949.0,344.5,838.5,1730480658.0,Rebose Hidrociclones L1,2.278,0.617,0.006,0.026,0.0,41.09,C_01_S01
01-Nov-24,12:18 PM,109.0,824.0,135.5,715.0,1730480667.0,Relave Final,1.673,0.059,0.0,0.004,0.0,18.95,C_01_S03
01-Nov-24,12:23 PM,110.0,978.0,98.5,868.0,1730480670.0,Cola Scavenger L1,8.429,0.1,0.0,0.026,0.0,11.35,C_01_S04
01-Nov-24,12:26 PM,108.5,975.0,98.5,866.5,1730480672.0,Cola Scavenger L2,8.411,0.107,0.0,0.027,0.0,11.37,C_01_S05
01-Nov-24,12:08 PM,110.5,719.5,37.5,609.0,1730480655.0,Concentrado 1ra Limpieza L1,26.184,22.599,0.213,1.374,14.28,6.16,C_01_S08
01-Nov-24,12:13 PM,110.0,806.5,170.0,696.5,1730480660.0,Concentrado 1ra Limpieza L2,25.981,23.343,0.191,1.216,13.06,24.41,C_01_S09
01-Nov-24,12:17 PM,110.0,766.5,126.0,656.5,1730480665.0,Concentrado Colectivo,26.953,26.713,0.197,1.185,9.04,19.19,C_01_S10
01-Nov-24,12:09 PM,109.5,974.0,302.0,864.5,1730480656.0,Concentrado Primario L2,20.492,16.256,0.123,0.783,32.5,34.93,C_01_S14
01-Nov-24,12:20 PM,110.0,993.5,304.0,883.5,1730480668.0,Concentrado Primario L1,20.139,16.057,0.116,0.751,34.38,34.41,C_01_S15
04-Nov-24,10:31 AM,110.5,908.5,354.0,798.0,1730734075.0,Rebose Hidrociclones L1,4.401,0.399,0.016,0.029,0.0,44.36,C_01_S01
04-Nov-24,11:05 AM,110.0,927.0,308.5,817.0,1730736233.0,Rebose Hidrociclones L2,4.366,0.462,0.018,0.033,0.0,37.76,C_01_S02
04-Nov-24,10:34 AM,109.0,880.5,236.0,771.5,1730734078.0,Relave Final,5.042,0.079,0.0,0.011,0.0,30.59,C_01_S03
04-Nov-24,10:37 AM,108.5,963.5,87.5,855.0,1730734080.0,Cola Scavenger L1,4.083,0.075,0.0,0.016,0.0,10.23,C_01_S04
04-Nov-24,10:41 AM,108.5,955.5,88.0,847.0,1730734082.0,Cola Scavenger L2,4.12,0.058,0.0,0.015,0.0,10.39,C_01_S05
04-Nov-24,10:43 AM,110.5,724.0,53.0,613.5,1730734083.0,Concentrado 1ra Limpieza L1,25.979,26.515,0.322,1.601,10.22,8.64,C_01_S08
04-Nov-24,10:47 AM,110.0,766.0,129.0,656.0,1730734084.0,Concentrado 1ra Limpieza L2,26.764,27.555,0.305,1.38,8.72,19.66,C_01_S09
04-Nov-24,11:10 AM,110.0,1243.0,236.5,1133.0,1730736525.0,Concentrado Colectivo,27.071,28.943,0.31,1.347,6.78,20.87,C_01_S10
04-Nov-24,10:51 AM,109.5,542.5,123.5,433.0,1730734089.0,Concentrado Primario L2,16.957,14.67,0.186,0.901,40.7,28.52,C_01_S14
04-Nov-24,10:53 AM,110.0,921.0,253.0,811.0,1730734091.0,Concentrado Primario L1,18.161,16.652,0.232,1.101,36.58,31.2,C_01_S15
06-Nov-24,11:17 AM,110.0,727.0,223.0,617.0,1730910276.0,Rebose Hidrociclones L2,2.293,0.752,0.0,0.038,0.0,36.14,C_01_S02
06-Nov-24,11:30 AM,109.0,819.0,155.0,710.0,1730910484.0,Relave Final,1.273,0.085,0.0,0.007,0.0,21.83,C_01_S03
06-Nov-24,11:33 AM,108.5,1002.0,107.0,893.5,1730910488.0,Cola Scavenger L1,10.763,0.205,0.0,0.022,0.0,11.98,C_01_S04
06-Nov-24,11:37 AM,108.5,971.5,99.5,863.0,1730910492.0,Cola Scavenger L2,10.561,0.18,0.0,0.02,0.0,11.53,C_01_S05
06-Nov-24,11:42 AM,110.0,892.5,251.0,782.5,1730810497.0,Concentrado 1ra Limpieza L2,30.352,16.206,0.0,0.936,0.0,32.08,C_01_S09
06-Nov-24,11:43 AM,109.5,1034.0,361.5,924.5,1730910502.0,Concentrado Primario L2,26.997,13.282,0.0,0.743,21.28,39.1,C_01_S14
06-Nov-24,11:46 AM,110.0,1038.5,354.5,928.5,1730910504.0,Concentrado Primario L1,26.39,12.588,0.0,0.743,23.64,38.18,C_01_S15
25-Nov-24,11:17 AM,110.0,921.5,296.5,811.5,,,,,,,,36.54,
25-Nov-24,11:04 AM,109.0,870.0,190.0,761.0,,,,,,,,24.97,
25-Nov-24,11:00 AM,108.5,1170.0,75.5,1061.5,,,,,,,,7.11,
25-Nov-24,11:07 AM,108.5,1136.5,76.5,1028.0,,,,,,,,7.44,
25-Nov-24,11:09 AM,110.5,820.5,67.5,710.0,,,,,,,,9.51,
25-Nov-24,11:54 AM,110.0,866.5,124.0,756.5,,,,,,,,16.39,
25-Nov-24,11:12 AM,110.0,834.0,170.5,724.0,,,,,,,,23.55,
25-Nov-24,11:14 AM,109.5,934.5,228.5,825.0,,,,,,,,27.7,
25-Nov-24,12:14 PM,110.0,894.0,198.5,784.0,,,,,,,,25.32,
02-Dec-24,11:13 AM,111.0,919.0,309.5,808.0,1733155842.0,Rebose Hidrociclones L2,3.26,0.356,0.009,0.011,0.0,38.3,C_01_S02
02-Dec-24,11:15 AM,111.0,838.5,174.5,727.5,1733155847.0,Relave Final,2.692,0.052,0.0,0.005,0.0,23.99,C_01_S03
02-Dec-24,11:26 AM,108.5,1102.0,40.0,993.5,1733156586.0,Cola Scavenger L1,9.826,0.461,0.0,0.018,0.0,4.03,C_01_S04
02-Dec-24,11:22 AM,108.5,1114.0,60.5,1005.5,1733155853.0,Cola Scavenger L2,10.038,0.49,0.0,0.02,0.0,6.02,C_01_S05
02-Dec-24,11:41 AM,110.5,804.0,38.5,693.5,1733157298.0,Concentrado 1ra Limpieza L1,27.854,24.384,0.251,0.603,8.92,5.55,C_01_S08
02-Dec-24,11:34 AM,110.0,884.0,174.0,774.0,1733156820.0,Concentrado 1ra Limpieza L2,28.141,23.69,0.24,0.657,9.56,22.48,C_01_S09
02-Dec-24,11:37 AM,111.0,825.5,148.5,714.5,1733156824.0,Concentrado Colectivo,27.807,26.415,0.265,0.645,7.58,20.78,C_01_S10
04-Dec-24,11:55 AM,110.0,913.0,319.5,803.0,1733330548.0,Rebose Hidrociclones L2,2.68,0.47,0.008,0.018,0.0,39.79,C_01_S02
04-Dec-24,11:32 AM,109.0,561.5,108.0,452.5,1733329774.0,Relave Final,2.522,0.058,0.0,0.005,0.0,23.87,C_01_S03
04-Dec-24,11:35 AM,110.5,1046.5,76.5,936.0,1733329777.0,Cola Scavenger L1,7.328,0.255,0.0,0.012,0.0,8.17,C_01_S04
04-Dec-24,11:38 AM,108.5,914.0,71.0,805.5,1733329779.0,Cola Scavenger L2,7.33,0.265,0.0,0.014,0.0,8.81,C_01_S05
04-Dec-24,11:46 AM,110.5,684.0,15.0,573.5,1733330542.0,Concentrado 1ra Limpieza L1,24.549,21.492,0.226,0.818,14.34,2.62,C_01_S08
04-Dec-24,11:51 AM,110.0,777.5,40.0,667.5,1733330544.0,Concentrado 1ra Limpieza L2,23.69,16.119,0.175,1.007,26.58,5.99,C_01_S09
04-Dec-24,11:53 AM,110.0,823.0,171.0,713.0,1733330546.0,Concentrado Colectivo,28.181,24.477,0.28,0.918,10.44,23.98,C_01_S10
04-Dec-24,11:56 AM,109.5,938.5,277.0,829.0,1733330551.0,Concentrado Primario L2,23.063,17.96,0.175,0.688,23.2,33.41,C_01_S14
04-Dec-24,11:42 AM,110.0,880.5,221.0,770.5,1733329790.0,Concentrado Primario L1,22.495,15.174,0.141,0.644,28.12,28.68,C_01_S15
10-Dec-24,1:36 AM,111.0,799.0,296.0,688.0,1733812404.0,Rebose Hidrociclones L2,3.049,0.695,0.0,0.044,0.0,43.02,C_01_S02
10-Dec-24,1:22 AM,108.5,960.0,46.0,851.5,1733811358.0,Cola Scavenger L1,11.703,0.374,0.0,0.024,0.0,5.4,C_01_S04
10-Dec-24,1:29 AM,108.5,975.5,52.0,867.0,1733811997.0,Cola Scavenger L2,11.409,0.321,0.0,0.02,0.0,6.0,C_01_S05
10-Dec-24,1:19 AM,110.5,695.0,13.0,584.5,1733811345.0,Concentrado 1ra Limpieza L1,27.668,25.472,0.0,1.446,10.8,2.22,C_01_S08
10-Dec-24,1:10 AM,111.0,601.0,106.5,490.0,1733810631.0,Concentrado Colectivo,27.568,26.567,0.0,1.8,9.02,21.73,C_01_S10
10-Dec-24,1:24 AM,110.5,863.0,272.5,752.5,1733811684.0,Concentrado Primario L2,22.605,20.099,0.0,1.316,25.88,36.21,C_01_S14
10-Dec-24,1:31 AM,110.5,327.0,24.5,216.5,1733812042.0,Concentrado Primario L1,20.969,21.442,0.0,2.035,25.92,11.32,C_01_S15
13-Dec-24,9:36 AM,109.0,861.5,235.0,752.5,1734100327.0,Relave Final,2.298,0.079,0.0,0.006,0.0,31.23,C_01_S03
13-Dec-24,9:40 AM,110.5,1091.8,78.0,981.3,1734100370.0,Cola Scavenger L1,8.361,0.253,0.0,0.011,0.0,7.95,C_01_S04
13-Dec-24,9:43 AM,108.5,1091.2,83.0,982.7,1734100375.0,Cola Scavenger L2,7.726,0.214,0.0,0.01,0.0,8.45,C_01_S05
13-Dec-24,9:45 AM,110.5,786.0,44.5,675.5,1734100380.0,Concentrado 1ra Limpieza L1,29.813,27.799,0.195,0.82,7.3,6.59,C_01_S08
13-Dec-24,9:48 AM,110.0,834.5,163.0,724.5,1734100383.0,Concentrado Colectivo,28.491,24.733,0.184,0.733,12.44,22.5,C_01_S10
13-Dec-24,9:50 AM,109.5,940.5,302.5,831.0,1734100386.0,Concentrado Primario L2,23.407,18.104,0.124,0.717,28.84,36.4,C_01_S14
13-Dec-24,9:52 AM,110.0,938.2,295.0,828.2,1734100389.0,Concentrado Primario L1,22.633,17.956,0.118,0.653,28.16,35.62,C_01_S15
16-Dec-24,3:28 PM,110.5,869.5,184.0,759.0,1734380470.0,Relave Final,2.138,0.065,0.0,0.008,0.0,24.24,C_01_S03
16-Dec-24,3:30 PM,108.0,652.5,44.0,544.5,1734380502.0,Concentrado 1ra Limpieza L1,27.143,24.188,0.0,1.286,14.36,8.08,C_01_S08
16-Dec-24,3:22 PM,110.0,824.5,154.0,714.5,1734380443.0,Concentrado Colectivo,28.019,25.326,0.0,1.299,11.54,21.55,C_01_S10
16-Dec-24,3:26 PM,110.0,955.5,240.0,845.5,1734380446.0,Concentrado Primario L2,17.013,14.196,0.0,0.898,40.54,28.39,C_01_S14
23-Dec-24,10:28 AM,110.0,1022.0,360.5,912.0,1734967525.0,Rebose Hidrociclones L2,2.609,0.738,0.007,0.055,0.0,39.53,C_01_S02
23-Dec-24,10:31 AM,109.0,957.0,229.5,848.0,1734967541.0,Relave Final,1.918,0.067,0.0,0.014,0.0,27.06,C_01_S03
23-Dec-24,10:34 AM,110.5,1271.5,88.0,1161.0,,Cola Scavenger L1,,,,,,7.58,C_01_S04
23-Dec-24,10:38 AM,108.5,1254.0,84.5,1145.5,,Cola Scavenger L2,,,,,,7.38,C_01_S05
23-Dec-24,10:40 AM,110.5,944.0,135.0,833.5,1734967550.0,Concentrado 1ra Limpieza L1,29.548,26.761,0.178,2.149,9.02,16.2,C_01_S08
23-Dec-24,11:23 AM,110.0,1015.5,258.0,905.5,1734970875.0,Concentrado Colectivo,30.027,28.64,0.187,2.122,7.02,28.49,C_01_S10
23-Dec-24,10:54 AM,109.5,1075.0,357.0,965.5,1734968918.0,Concentrado Primario L2,24.122,20.231,0.144,1.623,26.22,36.98,C_01_S14
23-Dec-24,10:56 AM,110.0,983.5,192.5,873.5,1734969224.0,Concentrado Primario L1,22.325,20.38,0.143,1.804,28.22,22.04,C_01_S15
27-Dec-24,11:17 AM,110.0,1022.0,360.5,912.0,1735315383.0,Rebose Hidrociclones L2,2.965,0.515,0.0,0.023,0.0,39.53,C_01_S02
27-Dec-24,11:14 AM,109.0,957.0,229.5,848.0,1735315381.0,Relave Final,2.655,0.06,0.0,0.006,0.0,27.06,C_01_S03
27-Dec-24,11:12 AM,110.5,1271.5,88.0,1161.0,1735315380.0,Cola Scavenger L1,5.634,0.306,0.0,0.015,0.0,7.58,C_01_S04
27-Dec-24,11:08 AM,108.5,1254.0,84.5,1145.5,1735315378.0,Cola Scavenger L2,5.989,0.302,0.0,0.014,0.0,7.38,C_01_S05
27-Dec-24,11:01 AM,110.5,944.0,135.0,833.5,1735314803.0,Concentrado 1ra Limpieza L1,25.264,22.487,0.0,1.427,18.4,16.2,C_01_S08
27-Dec-24,10:54 AM,110.0,1015.5,258.0,905.5,1735314796.0,Concentrado Colectivo,27.639,26.766,0.0,1.486,10.62,28.49,C_01_S10
27-Dec-24,10:56 AM,109.5,1075.0,357.0,965.5,1735314799.0,Concentrado Primario L2,18.12,13.93,0.0,0.759,41.3,36.98,C_01_S14
27-Dec-24,11:06 AM,110.0,983.5,192.5,873.5,1735315372.0,Concentrado Primario L1,14.941,11.642,0.0,0.621,49.28,22.04,C_01_S15
30-Dec-24,12:42 PM,110.0,1047.5,354.0,937.5,1735580192.0,Rebose Hidrociclones L2,2.618,0.622,0.0,0.065,0.0,37.76,C_01_S02
30-Dec-24,12:45 PM,109.0,736.5,126.0,627.5,1735580584.0,Relave Final,2.272,0.052,0.0,0.013,0.0,20.08,C_01_S03
30-Dec-24,12:50 PM,110.5,1234.5,64.5,1124.0,1735580603.0,Cola Scavenger L1,4.834,0.133,0.0,0.029,0.0,5.74,C_01_S04
30-Dec-24,12:53 PM,108.5,1269.5,78.5,1161.0,1735581025.0,Cola Scavenger L2,4.632,0.124,0.0,0.028,0.0,6.76,C_01_S05
30-Dec-24,12:40 PM,110.5,736.5,70.0,626.0,1735580097.0,Concentrado 1ra Limpieza L1,25.472,26.716,0.0,3.39,11.62,11.18,C_01_S08
30-Dec-24,12:47 PM,109.5,1055.0,300.0,945.5,1735580594.0,Concentrado Primario L2,19.325,18.656,0.0,2.029,31.76,31.73,C_01_S14
30-Dec-24,12:38 PM,110.0,1001.5,202.5,891.5,1735580096.0,Concentrado Primario L1,17.59,17.313,0.0,2.274,36.18,22.71,C_01_S15
01-Jan-25,11:24 AM,111.0,1030.5,333.5,919.5,1725748516.0,Rebose Hidrociclones L2,3.082,0.481,0.0,0.02,0.0,36.27,C_01_S02
01-Jan-25,11:26 AM,111.0,997.5,272.5,886.5,1725748569.0,Relave Final,2.881,0.05,0.0,0.004,0.0,30.74,C_01_S03
01-Jan-25,12:43 PM,108.5,1281.5,76.5,1173.0,1725753212.0,Cola Scavenger L2,9.488,0.231,0.0,0.01,0.0,6.52,C_01_S05
01-Jan-25,12:44 PM,111.0,963.0,173.5,852.0,1725753242.0,Concentrado Colectivo,28.922,23.93,0.0,1.165,0.0,20.36,C_01_S10
01-Jan-25,12:49 PM,108.0,1060.5,294.5,952.5,1725753246.0,Concentrado Primario L2,21.386,17.363,0.0,1.236,0.0,30.92,C_01_S14
13-Jan-25,3:40 PM,110.0,1053.5,386.5,943.5,1736800413.0,Rebose Hidrociclones L2,2.068,0.573,0.006,0.051,0.0,40.96,C_01_S02
13-Jan-25,3:44 PM,110.5,1315.0,120.0,1204.5,1736800437.0,Cola Scavenger L1,4.956,0.164,0.0,0.041,0.0,9.96,C_01_S04
13-Jan-25,3:47 PM,108.5,1309.5,137.0,1201.0,1736800783.0,Cola Scavenger L2,4.789,0.151,0.0,0.036,0.0,11.41,C_01_S05
13-Jan-25,3:54 PM,110.5,944.5,104.0,834.0,1736801404.0,Concentrado 1ra Limpieza L1,26.409,27.661,0.0,2.113,0.0,12.47,C_01_S08
13-Jan-25,4:00 PM,110.0,1017.5,272.0,907.5,1736801453.0,Concentrado 1ra Limpieza L2,26.35,27.263,0.12,2.115,31.24,29.97,C_01_S09
13-Jan-25,4:02 PM,110.0,1047.5,258.5,937.5,1736801456.0,Concentrado Colectivo,27.048,29.054,0.134,2.226,5.42,27.57,C_01_S10
13-Jan-25,3:49 PM,109.5,1086.5,351.5,977.0,1736801111.0,Concentrado Primario L2,20.07,19.403,0.093,1.505,3.4,35.98,C_01_S14
13-Jan-25,3:51 PM,110.0,654.0,153.5,544.0,1736801128.0,Concentrado Primario L1,18.823,19.801,0.098,1.597,6.84,28.22,C_01_S15
20-Jan-25,2:28 PM,110.5,1070.0,402.0,959.5,1737401188.0,Rebose Hidrociclones L1,2.884,0.641,0.007,0.036,0.0,41.9,C_01_S01
20-Jan-25,2:36 PM,110.0,1054.0,377.5,944.0,1737401557.0,Rebose Hidrociclones L2,2.589,0.591,0.007,0.036,0.0,39.99,C_01_S02
20-Jan-25,12:37 PM,109.0,1021.0,279.5,912.0,1737394566.0,Relave Final,2.169,0.083,0.0,0.008,0.0,30.65,C_01_S03
20-Jan-25,12:41 PM,110.5,1132.5,89.5,1022.0,1737394642.0,Cola Scavenger L1,8.441,0.376,0.0,0.016,0.0,8.76,C_01_S04
20-Jan-25,12:47 PM,110.5,981.5,136.0,871.0,1737395002.0,Concentrado 1ra Limpieza L1,24.798,24.629,0.188,1.456,11.98,15.61,C_01_S08
20-Jan-25,12:53 PM,110.0,1035.0,235.5,925.0,1737395338.0,Concentrado 1ra Limpieza L2,24.994,22.941,0.171,1.4,13.12,25.46,C_01_S09
20-Jan-25,12:58 PM,110.0,1083.0,249.5,973.0,1737395402.0,Concentrado Colectivo,25.441,25.97,0.201,1.51,10.04,25.64,C_01_S10
20-Jan-25,12:49 PM,109.5,1119.5,354.0,1010.0,1737395008.0,Concentrado Primario L2,20.184,18.968,0.146,1.125,27.38,35.05,C_01_S14
20-Jan-25,12:57 PM,110.0,1057.5,226.0,947.5,1737395400.0,Concentrado Primario L1,17.251,17.528,0.13,1.192,35.6,23.85,C_01_S15
22-Jan-25,11:48 AM,110.5,1068.0,379.5,957.5,1737564373.0,Rebose Hidrociclones L1,2.453,0.698,0.008,0.044,0.0,39.63,C_01_S01
22-Jan-25,11:53 AM,110.0,1079.0,386.5,969.0,1737564578.0,Rebose Hidrociclones L2,2.461,0.7,0.007,0.046,0.0,39.89,C_01_S02
22-Jan-25,11:56 AM,109.0,1001.5,296.0,892.5,1737564845.0,Relave Final,2.165,0.085,0.0,0.009,0.0,33.17,C_01_S03
22-Jan-25,12:00 PM,110.5,1328.5,119.0,1218.0,1737564847.0,Cola Scavenger L1,5.013,0.245,0.0,0.015,0.0,9.77,C_01_S04
22-Jan-25,12:02 PM,110.5,953.5,100.0,843.0,1737564889.0,Concentrado 1ra Limpieza L1,27.277,24.886,0.157,1.628,12.28,11.86,C_01_S08
22-Jan-25,12:06 PM,110.0,1026.0,222.0,916.0,1737564892.0,Concentrado 1ra Limpieza L2,27.51,22.964,0.14,1.611,14.06,24.24,C_01_S09
22-Jan-25,12:09 PM,110.0,1018.5,215.5,908.5,1737566495.0,Concentrado Colectivo,27.468,26.611,0.163,1.67,10.44,23.72,C_01_S10
22-Jan-25,12:03 PM,109.5,1116.5,337.0,1007.0,1737564891.0,Concentrado Primario L2,23.544,19.712,0.133,1.326,26.66,33.47,C_01_S14
22-Jan-25,12:07 PM,110.0,1100.5,321.0,990.5,1737564894.0,Concentrado Primario L1,20.303,15.868,0.113,1.139,34.8,32.41,C_01_S15
27-Jan-25,11:29 AM,110.5,1034.0,262.0,923.5,1737995102.0,Concentrado 1ra Limpieza L1,27.56,24.394,0.189,2.713,11.26,28.37,C_01_S08
27-Jan-25,11:17 AM,110.0,794.5,161.0,684.5,1737994392.0,Concentrado 1ra Limpieza L2,27.384,24.147,0.19,2.969,11.34,23.52,C_01_S09
27-Jan-25,11:23 AM,109.0,1074.0,318.0,965.0,1737994474.0,Concentrado Primario L2,20.383,18.234,0.135,1.67,31.7,32.95,C_01_S14
27-Jan-25,11:21 AM,110.5,1055.5,280.5,945.0,1737994467.0,Concentrado Primario L1,20.04,17.149,0.129,1.618,33.76,29.68,C_01_S15
29-Jan-25,11:10 AM,108.5,1236.5,67.5,1128.0,1738166665.0,Cola Scavenger L1,12.686,0.814,0.0,0.019,0.0,5.98,C_01_S04
29-Jan-25,11:20 AM,110.5,955.0,139.0,844.5,1738166689.0,Concentrado 1ra Limpieza L1,28.923,23.609,0.178,0.626,9.72,16.46,C_01_S08
29-Jan-25,11:07 AM,110.0,1020.5,261.2,910.5,1738166586.0,Concentrado 1ra Limpieza L2,29.258,21.937,0.16,0.589,10.92,28.69,C_01_S09
29-Jan-25,11:11 AM,109.0,1083.5,336.7,974.5,1738166675.0,Concentrado Primario L2,23.932,17.756,0.13,0.461,23.4,34.55,C_01_S14
29-Jan-25,11:14 AM,110.5,1100.5,353.2,990.0,1738166680.0,Concentrado Primario L1,25.595,16.821,0.117,0.442,21.82,35.68,C_01_S15
03-Feb-25,11:19 AM,111.0,1052.5,350.8,941.5,1738599294.0,Rebose Hidrociclones L2,3.222,0.851,0.0,0.042,0.0,37.26,C_01_S02
03-Feb-25,12:20 AM,111.0,884.5,177.2,773.5,1738602983.0,Relave Final,2.239,0.091,0.0,0.006,0.0,22.91,C_01_S03
03-Feb-25,11:13 AM,108.5,1270.0,58.2,1161.5,1738598907.0,Cola Scavenger L1,11.423,0.505,0.0,0.01,0.0,5.01,C_01_S04
03-Feb-25,11:16 AM,108.5,1283.5,68.8,1175.0,1738598911.0,Cola Scavenger L2,11.059,0.482,0.0,0.012,0.0,5.86,C_01_S05
03-Feb-25,11:27 AM,110.5,953.0,109.4,842.5,1738599650.0,Concentrado 1ra Limpieza L1,27.003,24.593,0.0,1.103,9.86,12.99,C_01_S08
03-Feb-25,11:23 AM,110.0,1047.0,279.4,937.0,1738599543.0,Concentrado 1ra Limpieza L2,26.948,22.428,0.0,1.083,12.9,29.82,C_01_S09
03-Feb-25,12:18 AM,111.0,1000.5,207.8,889.5,1738602968.0,Concentrado Colectivo,26.91,29.216,0.0,1.115,6.0,23.36,C_01_S10
03-Feb-25,11:37 AM,109.0,1106.0,325.0,997.0,1738600511.0,Concentrado Primario L2,22.846,18.297,0.0,0.602,26.64,32.6,C_01_S14
03-Feb-25,11:28 AM,110.5,1120.0,360.4,1009.5,1738599793.0,Concentrado Primario L1,23.023,18.1,0.0,0.803,26.12,35.7,C_01_S15
05-Feb-25,11:23 AM,108.0,1062.5,378.5,954.5,,,,,,,,39.65,
05-Feb-25,11:26 AM,110.0,1064.0,336.0,954.0,,,,,,,,35.22,
05-Feb-25,11:14 AM,109.0,905.5,197.5,796.5,,,,,,,,24.8,
05-Feb-25,11:17 AM,110.5,1369.5,183.5,1259.0,,,,,,,,14.58,
05-Feb-25,11:21 AM,108.5,1339.5,171.8,1231.0,,,,,,,,13.96,
05-Feb-25,11:28 AM,110.5,959.0,112.0,848.5,,,,,,,,13.2,
05-Feb-25,11:32 AM,110.0,1039.5,247.0,929.5,,,,,,,,26.57,
05-Feb-25,11:35 AM,110.0,1042.5,233.5,932.5,1738772835.0,Concentrado Colectivo,26.405,23.019,0.118,1.274,14.38,25.04,C_01_S10
05-Feb-25,11:43 AM,109.5,1116.5,342.5,1007.0,1738773450.0,Concentrado Primario L2,21.372,18.69,0.074,0.928,28.8,34.01,C_01_S14
05-Feb-25,11:41 AM,110.0,1115.5,294.0,1005.5,1738773443.0,Concentrado Primario L1,20.206,18.297,0.058,1.122,31.12,29.24,C_01_S15
07-Feb-25,10:50 AM,111.0,1059.0,342.0,948.0,1738943358.0,Rebose Hidrociclones L2,2.726,0.586,0.009,0.046,0.0,36.08,C_01_S02
07-Feb-25,10:46 AM,108.5,1308.0,131.0,1199.5,1738942355.0,Cola Scavenger L1,6.068,0.483,0.0,0.054,0.0,10.92,C_01_S04
07-Feb-25,10:42 AM,108.5,1306.0,129.5,1197.5,1738942351.0,Cola Scavenger L2,6.589,0.548,0.0,0.059,0.0,10.81,C_01_S05
07-Feb-25,10:23 AM,110.5,953.0,113.0,842.5,1738941585.0,Concentrado 1ra Limpieza L1,24.51,25.33,0.244,1.689,12.7,13.41,C_01_S08
07-Feb-25,10:27 AM,110.0,1024.5,234.5,914.5,1738941591.0,Concentrado 1ra Limpieza L2,24.292,23.654,0.245,1.877,14.34,25.64,C_01_S09
07-Feb-25,10:33 AM,111.0,1082.5,249.5,971.5,1738941725.0,Concentrado Colectivo,25.03,25.626,0.255,1.993,11.74,25.68,C_01_S10
07-Feb-25,10:40 AM,109.0,1109.5,338.0,1000.5,1738942343.0,Concentrado Primario L2,21.132,18.529,0.175,1.246,28.74,33.78,C_01_S14
07-Feb-25,10:31 AM,110.5,1171.0,378.0,1060.5,1738941600.0,Concentrado Primario L1,21.765,20.008,0.192,1.306,25.2,35.64,C_01_S15
10-Feb-25,9:31 AM,110.0,1049.5,348.0,939.5,1739240877.0,Rebose Hidrociclones L2,1.801,0.674,0.0,0.051,0.0,37.04,C_01_S02
10-Feb-25,9:36 AM,110.5,1287.0,60.0,1176.5,1739240888.0,Cola Scavenger L1,7.651,0.235,0.0,0.027,0.0,5.1,C_01_S04
10-Feb-25,9:33 AM,110.5,926.0,27.0,815.5,1739240881.0,Concentrado 1ra Limpieza L1,24.381,22.275,0.0,2.149,15.68,3.31,C_01_S08
10-Feb-25,9:40 AM,110.0,956.0,83.5,846.0,1739240895.0,Concentrado 1ra Limpieza L2,23.191,20.303,0.0,2.015,19.34,9.87,C_01_S09
10-Feb-25,9:37 AM,109.5,1043.0,233.0,933.5,1739240891.0,Concentrado Primario L2,15.181,12.517,0.0,0.899,44.64,24.96,C_01_S14
12-Feb-25,3:38 PM,108.5,1288.5,103.5,1180.0,1739392571.0,Cola Scavenger L1,4.827,0.222,0.0,0.027,0.0,8.77,C_01_S04
12-Feb-25,3:41 PM,110.5,922.5,62.0,812.0,1739392631.0,Concentrado 1ra Limpieza L1,24.665,25.428,0.143,1.323,12.68,7.64,C_01_S08
12-Feb-25,3:45 PM,110.0,935.5,79.5,825.5,1739392635.0,Concentrado 1ra Limpieza L2,25.439,24.64,0.14,1.396,13.84,9.63,C_01_S09
12-Feb-25,3:50 PM,109.0,1063.5,322.0,954.5,1739392779.0,Concentrado Primario L2,18.964,16.558,0.086,0.874,34.5,33.73,C_01_S14
12-Feb-25,3:48 PM,110.5,1096.5,303.0,986.0,1739392776.0,Concentrado Primario L1,17.64,16.164,0.09,0.959,36.9,30.73,C_01_S15
14-Feb-25,4:07 PM,111.0,1014.0,331.5,903.0,1739567030.0,Rebose Hidrociclones L2,2.826,0.708,0.007,0.027,0.0,36.71,C_01_S02
14-Feb-25,4:16 PM,109.0,1026.0,304.0,917.0,1739567113.0,Relave Final,2.523,0.076,0.0,0.005,0.0,33.15,C_01_S03
14-Feb-25,4:10 PM,108.5,1307.0,117.5,1198.5,1739567103.0,Cola Scavenger L1,8.046,0.151,0.0,0.01,0.0,9.8,C_01_S04
14-Feb-25,4:14 PM,108.5,1309.0,117.5,1200.5,1739567107.0,Cola Scavenger L2,8.144,0.146,0.0,0.01,0.0,9.79,C_01_S05
14-Feb-25,4:20 PM,109.5,937.0,106.0,827.5,1739567760.0,Concentrado 1ra Limpieza L1,24.981,21.887,0.141,1.048,20.9,12.81,C_01_S08
14-Feb-25,4:27 PM,110.5,998.0,216.0,887.5,1739568189.0,Concentrado 1ra Limpieza L2,25.065,21.445,0.14,1.075,20.74,24.34,C_01_S09
14-Feb-25,4:30 PM,110.0,999.0,197.0,889.0,1739568284.0,Concentrado Colectivo,26.86,24.888,0.153,1.077,15.34,22.16,C_01_S10
14-Feb-25,4:31 PM,110.0,1047.0,386.0,937.0,1739568375.0,Concentrado Primario L2,17.828,14.264,0.084,0.619,40.62,41.2,C_01_S14
14-Feb-25,4:34 PM,110.0,1079.0,385.5,969.0,1739568379.0,Concentrado Primario L1,18.938,14.559,0.093,0.66,38.36,39.78,C_01_S15
17-Feb-25,11:00 AM,110.0,1048.0,352.0,938.0,1739807282.0,Rebose Hidrociclones L2,3.147,0.631,0.01,0.028,0.0,37.53,C_01_S02
17-Feb-25,10:57 AM,110.5,1001.0,300.0,890.5,1739807280.0,Relave Final,2.459,0.083,0.0,0.006,0.0,33.69,C_01_S03
17-Feb-25,10:40 AM,110.5,1271.5,56.0,1161.0,1739806389.0,Cola Scavenger L1,7.562,0.201,0.0,0.012,0.0,4.82,C_01_S04
17-Feb-25,10:36 AM,110.0,1282.5,60.0,1172.5,1739806386.0,Cola Scavenger L2,7.772,0.194,0.0,0.012,0.0,5.12,C_01_S05
17-Feb-25,10:49 AM,110.5,940.5,98.5,830.0,1739807111.0,Concentrado 1ra Limpieza L1,26.701,25.871,0.182,1.004,14.4,11.87,C_01_S08
17-Feb-25,10:53 AM,110.0,1061.0,306.0,951.0,1739807153.0,Concentrado 1ra Limpieza L2,22.446,19.576,0.15,0.865,27.76,32.18,C_01_S09
17-Feb-25,10:55 AM,111.6,1004.5,187.5,892.9,1739807166.0,Concentrado Colectivo,27.075,27.544,0.187,0.986,12.04,21.0,C_01_S10
17-Feb-25,10:46 AM,109.5,1007.0,241.5,897.5,1739807011.0,Concentrado Primario L2,25.893,23.609,0.183,1.219,17.92,26.91,C_01_S14
17-Feb-25,10:44 AM,110.5,1089.0,368.5,978.5,1739806502.0,Concentrado Primario L1,22.803,18.592,0.146,0.813,28.7,37.66,C_01_S15
26-Feb-25,12:36 PM,110.5,1055.5,363.0,945.0,1740591155.0,Rebose Hidrociclones L1,1.196,0.26,0.0,0.012,0.0,38.41,C_01_S01
26-Feb-25,12:11 PM,108.5,1414.0,241.5,1305.5,1740589432.0,Cola Scavenger L1,9.021,0.415,0.0,0.02,0.0,18.5,C_01_S04
26-Feb-25,12:44 PM,108.5,1395.0,217.0,1286.5,1740589433.0,Cola Scavenger L2,8.825,0.317,0.0,0.011,0.0,16.87,C_01_S05
26-Feb-25,12:17 PM,140.0,1081.5,214.5,941.5,1740589435.0,Concentrado 1ra Limpieza L1,24.771,21.574,0.185,1.303,20.44,22.78,C_01_S08
26-Feb-25,12:06 PM,110.0,1118.5,281.5,1008.5,1740589303.0,Concentrado 1ra Limpieza L2,25.617,20.525,0.179,1.366,20.0,27.91,C_01_S09
26-Feb-25,12:20 PM,111.0,1155.5,277.0,1044.5,1740589442.0,Concentrado Colectivo,27.438,27.467,0.189,1.143,10.54,26.52,C_01_S10
26-Feb-25,12:21 PM,109.5,1239.5,248.0,1130.0,1740589445.0,Concentrado Primario L2,21.197,14.782,0.149,0.852,34.62,21.95,C_01_S14
26-Feb-25,12:24 PM,109.5,1239.0,458.5,1129.5,1740589447.0,Concentrado Primario L1,21.275,14.383,0.154,0.817,34.24,40.59,C_01_S15
28-Feb-25,12:21 PM,108.0,1023.0,276.5,915.0,1740762944.0,Rebose Hidrociclones L2,2.534,0.474,0.008,0.041,0.0,30.22,C_01_S02
28-Feb-25,12:24 PM,110.5,934.0,149.5,823.5,1740763347.0,Relave Final,1.784,0.079,0.0,0.008,0.0,18.15,C_01_S03
28-Feb-25,12:28 PM,108.5,1385.5,223.5,1277.0,1740763351.0,Cola Scavenger L1,7.093,0.14,0.0,0.008,0.0,17.5,C_01_S04
28-Feb-25,12:31 PM,110.0,1354.5,203.0,1244.5,1740763354.0,Cola Scavenger L2,7.844,0.135,0.0,0.008,0.0,16.31,C_01_S05
28-Feb-25,12:34 PM,110.5,767.5,95.5,657.0,1740763689.0,Concentrado 1ra Limpieza L1,25.093,20.597,0.186,1.673,20.5,14.54,C_01_S08
28-Feb-25,12:37 PM,110.5,1020.0,255.5,909.5,1740763693.0,Concentrado 1ra Limpieza L2,25.41,20.099,0.2,1.684,19.88,28.09,C_01_S09
28-Feb-25,12:43 PM,110.0,972.5,104.0,862.5,1740764327.0,Concentrado Colectivo,25.111,19.403,0.187,1.768,20.66,12.06,C_01_S10
28-Feb-25,12:41 PM,110.0,1076.0,326.5,966.0,1740763798.0,Concentrado Primario L2,20.974,14.328,0.132,1.213,33.94,33.8,C_01_S14
28-Feb-25,12:39 PM,110.0,1079.5,326.5,969.5,1740763795.0,Concentrado Primario L1,20.532,15.224,0.125,1.14,32.14,33.68,C_01_S15
03-Mar-25,11:11 AM,111.0,610.0,159.0,499.0,1741018031.0,Relave Final,1.326,0.085,0.0,0.009,0.0,31.86,C_01_S03
03-Mar-25,11:14 AM,109.5,872.5,98.0,763.0,1741018213.0,Cola Scavenger L1,6.15,0.18,0.0,0.016,0.0,12.84,C_01_S04
03-Mar-25,11:18 AM,108.5,885.0,96.5,776.5,1741018218.0,Cola Scavenger L2,5.858,0.117,0.0,0.011,0.0,12.43,C_01_S05
03-Mar-25,11:20 AM,110.0,780.0,102.0,670.0,1741018552.0,Concentrado 1ra Limpieza L1,24.592,21.89,0.17,1.619,18.04,15.22,C_01_S08
03-Mar-25,11:24 AM,110.0,738.5,190.0,628.5,1741018556.0,Concentrado 1ra Limpieza L2,25.336,21.492,0.163,1.568,18.56,30.23,C_01_S09
03-Mar-25,11:27 AM,111.0,680.0,135.5,569.0,1741018740.0,Concentrado Colectivo,25.878,25.87,0.177,1.577,12.62,23.81,C_01_S10
03-Mar-25,11:29 AM,109.5,780.5,224.0,671.0,1741019270.0,Concentrado Primario L2,19.378,15.721,0.118,1.135,35.38,33.38,C_01_S14
03-Mar-25,11:32 AM,109.5,706.0,206.0,596.5,1741019274.0,Concentrado Primario L1,18.808,15.025,0.12,1.133,41.3,34.53,C_01_S15
05-Mar-25,12:21 PM,108.0,1029.5,322.5,921.5,1741195161.0,Rebose Hidrociclones L1,2.033,0.619,0.0,0.031,0.0,35.0,C_01_S01
05-Mar-25,12:00 PM,110.5,773.5,149.0,663.0,1741193810.0,Relave Final,1.749,0.055,0.0,0.005,0.0,22.47,C_01_S03
05-Mar-25,12:05 PM,108.5,1334.0,155.0,1225.5,1741193818.0,Cola Scavenger L1,6.751,0.166,0.0,0.014,0.0,12.65,C_01_S04
05-Mar-25,12:09 PM,110.0,1357.5,181.5,1247.5,1741193827.0,Cola Scavenger L2,6.604,0.16,0.0,0.011,0.0,14.55,C_01_S05
05-Mar-25,12:03 PM,110.5,926.5,230.5,816.0,1741193814.0,Concentrado 1ra Limpieza L2,24.898,19.701,0.0,1.563,20.98,28.25,C_01_S09
05-Mar-25,12:26 PM,110.0,1200.0,187.0,1090.0,1741195487.0,Concentrado Colectivo,26.548,24.378,0.0,1.49,12.84,17.16,C_01_S10
05-Mar-25,11:59 AM,110.0,886.0,297.0,776.0,1741193660.0,Concentrado Primario L1,21.008,17.313,0.0,0.983,31.12,38.27,C_01_S15
07-Mar-25,11:22 AM,108.0,999.5,358.0,891.5,1741364329.0,Rebose Hidrociclones L1,2.042,0.645,0.0,0.037,0.0,40.16,C_01_S01
07-Mar-25,11:40 AM,110.5,1063.5,366.0,953.0,1741365004.0,Rebose Hidrociclones L2,1.987,0.492,0.0,0.032,0.0,38.41,C_01_S02
07-Mar-25,11:27 AM,111.0,996.5,101.0,885.5,1741364406.0,Relave Final,1.821,0.106,0.0,0.007,0.0,11.41,C_01_S03
07-Mar-25,11:32 AM,108.5,1155.0,107.0,1046.5,1741364419.0,Cola Scavenger L1,9.023,0.132,0.0,0.01,0.0,10.22,C_01_S04
07-Mar-25,11:37 AM,108.5,1338.0,127.5,1229.5,1741364428.0,Cola Scavenger L2,8.943,0.152,0.0,0.01,0.0,10.37,C_01_S05
07-Mar-25,11:29 AM,110.0,968.5,149.5,858.5,1741364413.0,Concentrado 1ra Limpieza L1,26.644,22.189,0.0,1.299,17.46,17.41,C_01_S08
07-Mar-25,11:34 AM,110.0,1051.0,293.0,941.0,1741364423.0,Concentrado 1ra Limpieza L2,25.599,21.343,0.0,1.256,17.9,31.14,C_01_S09
07-Mar-25,11:38 AM,111.0,923.5,185.0,812.5,1741364432.0,Concentrado Colectivo,27.766,24.676,0.0,1.348,12.74,22.77,C_01_S10
07-Mar-25,11:25 AM,109.5,1106.5,400.5,997.0,1741364401.0,Concentrado Primario L2,21.234,16.069,0.0,0.957,32.98,40.17,C_01_S14
10-Mar-25,12:14 PM,110.0,1003.5,324.5,893.5,1741626789.0,Rebose Hidrociclones L1,2.492,0.64,0.012,0.042,0.0,36.32,C_01_S01
10-Mar-25,12:17 PM,111.0,1017.0,325.5,906.0,1741626843.0,Rebose Hidrociclones L2,2.393,0.48,0.012,0.034,0.0,35.93,C_01_S02
10-Mar-25,12:00 PM,109.0,928.0,209.5,819.0,1741625767.0,Relave Final,2.367,0.063,0.0,0.004,0.0,25.58,C_01_S03
10-Mar-25,12:04 PM,110.5,1349.0,130.0,1238.5,1741625775.0,Cola Scavenger L1,10.738,0.315,0.0,0.014,0.0,10.5,C_01_S04
10-Mar-25,12:11 PM,110.0,1342.5,129.0,1232.5,1741625779.0,Cola Scavenger L2,10.171,0.273,0.0,0.012,0.0,10.47,C_01_S05
10-Mar-25,11:58 AM,110.5,968.0,111.0,857.5,1741625688.0,Concentrado 1ra Limpieza L1,28.657,23.781,0.267,1.387,12.16,12.94,C_01_S08
10-Mar-25,12:06 PM,110.5,967.0,156.5,856.5,1741625776.0,Concentrado 1ra Limpieza L2,28.494,23.383,0.273,1.358,12.38,18.27,C_01_S09
10-Mar-25,12:01 PM,109.0,1031.5,261.0,922.5,1741625773.0,Concentrado Primario L2,18.74,13.134,0.149,0.78,40.84,28.29,C_01_S14
10-Mar-25,12:08 PM,110.0,1016.5,288.5,906.5,1741625777.0,Concentrado Primario L1,19.274,14.627,0.156,0.846,37.44,31.83,C_01_S15
12-Mar-25,11:17 AM,110.5,1023.0,313.0,912.5,7229.0,Rebose Hidrociclones L1,2.46,0.55,0.019,0.021,0.0,34.3,C_01_S01
12-Mar-25,11:20 AM,110.0,989.0,250.0,879.0,7230.0,Rebose Hidrociclones L2,2.43,0.402,0.018,0.021,0.0,28.44,C_01_S02
12-Mar-25,11:22 AM,109.0,961.5,181.0,852.5,7231.0,Relave Final,2.445,0.058,0.0,0.003,0.0,21.23,C_01_S03
12-Mar-25,11:26 AM,110.5,1369.0,142.0,1258.5,7232.0,Cola Scavenger L1,9.984,0.277,0.0,0.01,0.0,11.28,C_01_S04
12-Mar-25,11:29 AM,108.5,1361.0,141.0,1252.5,7233.0,Cola Scavenger L2,10.203,0.32,0.0,0.021,0.0,11.26,C_01_S05
12-Mar-25,11:32 AM,110.5,965.0,84.0,854.5,7234.0,Concentrado 1ra Limpieza L1,27.446,20.825,0.404,1.616,15.3,9.83,C_01_S08
12-Mar-25,11:35 AM,110.0,1026.0,213.0,916.0,7235.0,Concentrado 1ra Limpieza L2,27.527,21.175,0.423,1.454,15.62,23.25,C_01_S09
12-Mar-25,11:38 AM,110.0,1010.0,142.5,900.0,7236.0,Concentrado Colectivo,27.983,27.567,0.518,1.097,8.46,15.83,C_01_S10
12-Mar-25,11:40 AM,109.5,1091.5,354.0,982.0,7237.0,Concentrado Primario L2,20.512,15.082,0.354,0.784,34.5,36.05,C_01_S14
12-Mar-25,11:42 AM,110.0,1093.5,365.0,983.5,7238.0,Concentrado Primario L1,22.142,15.481,0.358,0.77,33.18,37.11,C_01_S15
14-Mar-25,11:51 AM,110.5,1034.0,353.0,923.5,7243.0,Rebose Hidrociclones L1,2.466,0.509,0.007,0.035,0.0,38.22,C_01_S01
14-Mar-25,11:45 AM,110.0,1027.0,332.5,917.0,7244.0,Rebose Hidrociclones L2,2.4,0.52,0.007,0.036,0.0,36.26,C_01_S02
14-Mar-25,12:39 AM,109.0,958.5,200.0,849.5,7245.0,Relave Final,1.842,0.049,0.0,0.005,0.0,23.54,C_01_S03
14-Mar-25,12:33 AM,110.5,1383.5,175.0,1273.0,7246.0,Cola Scavenger L1,12.221,0.536,0.0,0.019,0.0,13.75,C_01_S04
14-Mar-25,12:37 AM,108.5,1365.0,170.5,1256.5,7247.0,Cola Scavenger L2,11.992,0.467,0.0,0.019,0.0,13.57,C_01_S05
14-Mar-25,12:42 AM,110.5,994.0,152.0,883.5,7248.0,Concentrado 1ra Limpieza L1,27.434,22.885,0.155,1.748,13.3,17.2,C_01_S08
14-Mar-25,12:46 AM,110.0,1032.0,215.0,922.0,7249.0,Concentrado 1ra Limpieza L2,26.977,21.741,0.143,1.791,17.04,23.32,C_01_S09
14-Mar-25,12:48 AM,110.0,1015.5,144.0,905.5,7250.0,Concentrado Colectivo,27.342,26.268,0.175,1.898,10.38,15.9,C_01_S10
14-Mar-25,12:50 AM,109.5,1055.5,304.0,946.0,7251.0,Concentrado Primario L2,22.482,14.776,0.099,0.969,31.88,32.14,C_01_S14
14-Mar-25,12:53 AM,110.0,1092.0,364.0,982.0,7252.0,Concentrado Primario L1,22.548,14.925,0.104,0.949,32.3,37.07,C_01_S15
17-Mar-25,4:00 PM,110.0,941.5,261.5,831.5,7253.0,Rebose Hidrociclones L2,1.871,0.478,0.006,0.017,0.0,31.45,C_01_S02
17-Mar-25,3:36 PM,109.0,950.5,208.0,841.5,7254.0,Relave Final,1.673,0.076,0.0,0.004,0.0,24.72,C_01_S03
17-Mar-25,3:40 PM,110.0,1335.5,131.0,1225.5,7255.0,Cola Scavenger L1,12.7,0.403,0.0,0.009,0.0,10.69,C_01_S04
17-Mar-25,3:43 PM,108.5,1345.5,127.0,1237.0,7256.0,Cola Scavenger L2,12.191,0.381,0.0,0.006,0.0,10.27,C_01_S05
17-Mar-25,3:45 PM,110.5,940.5,93.5,830.0,7257.0,Concentrado 1ra Limpieza L1,28.151,25.671,0.158,0.716,10.3,11.27,C_01_S08
17-Mar-25,3:50 PM,110.0,920.5,83.0,810.5,7258.0,Concentrado 1ra Limpieza L2,28.024,27.164,0.17,0.729,7.44,10.24,C_01_S09
17-Mar-25,4:02 PM,110.0,932.5,146.5,822.5,7259.0,Concentrado Colectivo,28.353,28.457,0.152,0.667,6.26,17.81,C_01_S10
17-Mar-25,3:54 PM,109.5,880.0,284.0,770.5,7260.0,Concentrado Primario L2,20.753,16.02,0.07,0.556,32.72,36.86,C_01_S14
22-Mar-25,5:06 AM,110.5,1055.0,378.0,944.5,7266.0,Rebose Hidrociclones L1,2.797,0.637,0.007,0.04,0.0,40.02,C_01_S01
22-Mar-25,5:09 AM,110.0,991.0,254.5,881.0,7267.0,Rebose Hidrociclones L2,2.327,0.63,0.007,0.041,0.0,28.89,C_01_S02
22-Mar-25,5:12 AM,109.0,929.0,152.5,820.0,7268.0,Relave Final,2.012,0.046,0.0,0.005,0.0,18.6,C_01_S03
22-Mar-25,5:17 AM,108.5,1323.0,81.0,1214.5,7269.0,Cola Scavenger L2,10.003,0.376,0.0,0.039,0.0,6.67,C_01_S05
22-Mar-25,5:11 AM,110.5,990.0,170.5,879.5,7270.0,Concentrado 1ra Limpieza L1,27.784,28.756,0.206,1.268,8.22,19.39,C_01_S08
22-Mar-25,5:15 AM,110.0,1017.0,283.0,907.0,7271.0,Concentrado 1ra Limpieza L2,26.477,26.069,0.203,1.92,11.64,31.2,C_01_S09
22-Mar-25,5:19 AM,110.0,1043.0,216.0,933.0,7272.0,Concentrado Colectivo,27.677,28.159,0.217,1.514,8.5,23.15,C_01_S10
22-Mar-25,5:20 AM,109.5,958.0,375.0,848.5,7273.0,Concentrado Primario L2,22.897,16.716,0.106,1.151,29.4,44.2,C_01_S14
24-Mar-25,4:26 PM,110.0,978.0,245.0,868.0,7277.0,Relave Final,2.47,0.088,0.0,0.009,0.0,28.23,C_01_S03
24-Mar-25,4:30 PM,108.5,1304.5,79.5,1196.0,7278.0,Cola Scavenger L2,6.859,0.32,0.0,0.019,0.0,6.65,C_01_S05
24-Mar-25,4:32 PM,110.5,969.0,116.0,858.5,7279.0,Concentrado 1ra Limpieza L1,27.304,27.96,0.352,1.542,8.88,13.51,C_01_S08
24-Mar-25,4:36 PM,110.0,993.5,187.0,883.5,7280.0,Concentrado 1ra Limpieza L2,26.211,25.97,0.346,2.238,11.7,21.17,C_01_S09
24-Mar-25,4:51 PM,109.0,1059.0,321.0,950.0,7281.0,Concentrado Primario L2,23.441,22.388,0.268,1.358,22.16,33.79,C_01_S14
31-Mar-25,10:48 AM,111.0,970.0,230.5,859.0,7285.0,Relave Final,1.7,0.104,0.0,0.01,0.0,26.83,C_01_S03
31-Mar-25,10:51 AM,108.5,1131.5,77.5,1023.0,7286.0,Cola Scavenger L1,4.265,0.136,0.0,0.014,0.0,7.58,C_01_S04
31-Mar-25,10:55 AM,108.5,1101.0,85.0,992.5,7287.0,Cola Scavenger L2,4.281,0.118,0.0,0.014,0.0,8.56,C_01_S05
31-Mar-25,10:57 AM,110.5,960.5,120.8,850.0,7288.0,Concentrado 1ra Limpieza L1,24.277,25.971,0.0,1.093,0.0,14.21,C_01_S08
31-Mar-25,11:01 AM,110.0,995.5,216.4,885.5,7289.0,Concentrado 1ra Limpieza L2,24.032,24.786,0.0,1.228,0.0,24.44,C_01_S09
31-Mar-25,11:17 AM,111.0,1042.0,190.2,931.0,7290.0,Concentrado Colectivo,25.889,27.354,0.0,1.13,0.0,20.43,C_01_S10
31-Mar-25,11:05 AM,109.0,1025.5,304.2,916.5,7291.0,Concentrado Primario L2,17.245,16.886,0.0,0.756,0.0,33.19,C_01_S14
31-Mar-25,11:08 AM,109.5,1032.0,307.4,922.5,7292.0,Concentrado Primario L1,18.028,18.17,0.0,0.828,0.0,33.32,C_01_S15
02-Apr-25,12:13 PM,110.0,1024.5,390.0,914.5,,Rebose Hidrociclones L2,2.973,0.545,0.009,0.038,0.0,42.65,C_01_S02
02-Apr-25,12:40 PM,109.0,984.0,237.5,875.0,,Relave Final,2.425,0.104,0.0,0.023,0.0,27.14,C_01_S03
02-Apr-25,12:43 PM,110.5,1336.5,126.0,1226.0,,Cola Scavenger L1,4.961,0.195,0.0,0.027,0.0,10.28,C_01_S04
02-Apr-25,12:47 PM,108.5,1337.5,123.5,1229.0,,Cola Scavenger L2,5.08,0.146,0.0,0.025,0.0,10.05,C_01_S05
02-Apr-25,12:49 PM,110.5,989.0,133.6,878.5,,Concentrado 1ra Limpieza L1,28.019,29.971,0.125,1.375,7.58,15.21,C_01_S08
02-Apr-25,12:59 PM,110.0,1009.0,210.8,899.0,,Concentrado 1ra Limpieza L2,27.784,29.23,0.136,1.758,7.8,23.45,C_01_S09
02-Apr-25,1:02 PM,110.0,1013.0,143.2,903.0,,Concentrado Colectivo,28.149,30.02,0.142,1.606,6.78,15.86,C_01_S10
02-Apr-25,12:52 PM,109.5,836.0,242.6,726.5,,Concentrado Primario L2,17.222,17.084,0.086,0.684,40.66,33.39,C_01_S14
02-Apr-25,12:54 PM,110.0,1012.5,314.0,902.5,,Concentrado Primario L1,19.54,20.244,0.083,0.677,34.06,34.79,C_01_S15
04-Apr-25,10:39 AM,110.0,919.5,211.0,809.5,,Relave Final,3.249,0.047,0.0,0.008,0.0,26.07,C_01_S03
04-Apr-25,10:42 AM,110.0,1317.5,95.0,1207.5,,Cola Scavenger L2,5.635,0.127,0.0,0.016,0.0,7.87,C_01_S05
04-Apr-25,10:50 AM,110.0,1047.5,231.5,937.5,,Concentrado Primario L2,17.188,13.381,0.124,1.097,41.66,24.69,C_01_S14
04-Apr-25,10:53 AM,110.5,1029.0,238.0,918.5,,Concentrado Primario L1,19.78,16.639,0.123,1.313,33.5,25.91,C_01_S15
07-Apr-25,16:56:00,108.0,1062.0,386.5,954.0,1744062655.0,Rebose Hidrociclones L1,2.242,0.565,0.0,0.028,0.0,40.51,C_01_S01
07-Apr-25,16:54:00,110.0,1074.0,367.0,964.0,1477061839.0,Rebose Hidrociclones L2,2.311,0.588,0.0,0.027,0.0,38.07,C_01_S02
07-Apr-25,16:41:00,110.0,953.0,212.5,843.0,1744061780.0,Relave Final,1.903,0.073,0.0,0.006,0.0,25.21,C_01_S03
07-Apr-25,16:46:00,108.5,1314.5,103.5,1206.0,1744061794.0,Cola Scavenger L1,4.746,0.153,0.0,0.016,0.0,8.58,C_01_S04
07-Apr-25,16:50:00,108.5,1335.5,142.0,1227.0,1744061807.0,Cola Scavenger L2,4.559,0.107,0.0,0.013,0.0,11.57,C_01_S05
07-Apr-25,16:40:00,110.5,928.5,65.0,818.0,1744061775.0,Concentrado 1ra Limpieza L1,23.77,26.468,0.0,1.045,14.02,7.95,C_01_S08
07-Apr-25,16:44:00,110.0,973.5,142.5,863.5,1744061786.0,Concentrado 1ra Limpieza L2,23.492,24.77,0.0,1.205,16.18,16.5,C_01_S09
07-Apr-25,16:52:00,110.5,1075.0,242.5,964.5,1744061818.0,Concentrado Colectivo,24.598,27.367,0.0,1.116,11.98,25.14,C_01_S10
07-Apr-25,16:48:00,109.5,1086.0,343.0,976.5,1744061799.0,Concentrado Primario L2,20.281,21.225,0.0,0.797,25.82,35.13,C_01_S14
07-Apr-25,17:00:00,110.0,1029.5,201.5,919.5,1744062823.0,Concentrado Primario L1,7.081,5.593,0.0,0.31,69.88,21.91,C_01_S15
09-Apr-25,17:06:00,110.5,1048.0,372.0,937.5,1744236267.0,Rebose Hidrociclones L1,3.103,0.563,0.0,0.027,0.0,39.68,C_01_S01
09-Apr-25,17:25:00,111.0,1049.5,337.0,938.5,1744237433.0,Rebose Hidrociclones L2,3.054,0.57,0.0,0.027,0.0,35.91,C_01_S02
09-Apr-25,17:10:00,109.0,978.0,213.0,869.0,1744236275.0,Relave Final,2.57,0.057,0.0,0.007,0.0,24.51,C_01_S03
09-Apr-25,17:15:00,110.5,1340.5,130.5,1230.0,1744236283.0,Cola Scavenger L1,6.364,0.233,0.0,0.011,0.0,10.61,C_01_S04
09-Apr-25,17:20:00,110.0,1343.0,131.5,1233.0,1744236295.0,Cola Scavenger L2,6.117,0.139,0.0,0.01,0.0,10.67,C_01_S05
09-Apr-25,17:08:00,110.5,730.5,16.5,620.0,1744236271.0,Concentrado 1ra Limpieza L1,25.602,25.97,0.0,1.223,11.96,2.66,C_01_S08
09-Apr-25,17:12:00,110.0,987.5,187.0,877.5,1744236279.0,Concentrado 1ra Limpieza L2,25.57,26.169,0.0,1.374,11.8,21.31,C_01_S09
09-Apr-25,17:16:00,110.0,1018.0,159.0,908.0,1744236287.0,Concentrado Colectivo,26.353,27.761,0.0,1.197,8.88,17.51,C_01_S10
09-Apr-25,05:18:00,109.0,1067.0,328.5,958.0,1744236290.0,Concentrado Primario L2,21.781,20.895,0.0,0.85,24.72,34.29,C_01_S14
11-Apr-25,10:35:00,110.0,1054.0,356.0,944.0,1744385590.0,Rebose Hidrociclones L2,2.515,0.565,0.008,0.027,0.0,37.71,C_01_S02
11-Apr-25,10:37:00,110.0,981.0,211.5,871.0,1744385639.0,Relave Final,1.913,0.063,0.0,0.005,0.0,24.28,C_01_S03
11-Apr-25,10:41:00,108.5,1346.5,131.5,1238.0,1744385642.0,Cola Scavenger L1,6.182,0.195,0.0,0.012,0.0,10.62,C_01_S04
11-Apr-25,10:44:00,108.5,1338.0,122.5,1229.5,1744385644.0,Cola Scavenger L2,6.128,0.177,0.0,0.009,0.0,9.96,C_01_S05
11-Apr-25,10:47:00,110.5,949.5,74.5,839.0,1744385968.0,Concentrado 1ra Limpieza L1,23.371,23.781,0.131,1.226,16.36,8.88,C_01_S08
11-Apr-25,10:50:00,110.0,995.5,200.5,885.5,1744385973.0,Concentrado 1ra Limpieza L2,23.193,22.587,0.138,1.351,18.26,22.64,C_01_S09
11-Apr-25,10:53:00,110.5,1001.0,148.0,890.5,1744386320.0,Concentrado Colectivo,23.361,23.781,0.139,1.407,16.2,16.62,C_01_S10
11-Apr-25,10:55:00,109.5,1085.0,294.5,975.5,1744386466.0,Concentrado Primario L2,16.911,12.935,0.088,0.769,41.0,30.19,C_01_S14
11-Apr-25,10:58:00,110.5,1071.0,286.0,960.5,1744386470.0,Concentrado Primario L1,17.271,14.129,0.091,0.808,39.74,29.78,C_01_S15
16-Apr-25,11:17 AM,110.0,1044.5,362.5,934.5,1744819964.0,Rebose Hidrociclones L2,2.309,0.589,0.013,0.037,0.0,38.79,C_01_S02
16-Apr-25,10:55 AM,110.0,977.5,280.5,867.5,1744818861.0,Relave Final,1.908,0.083,0.0,0.011,0.0,32.33,C_01_S03
16-Apr-25,10:59 AM,108.5,1343.0,185.5,1234.5,1744818888.0,Cola Scavenger L1,7.845,0.372,0.0,0.015,0.0,15.03,C_01_S04
16-Apr-25,11:02 AM,108.5,1338.5,178.5,1230.0,1744818891.0,Cola Scavenger L2,7.519,0.319,0.0,0.011,0.0,14.51,C_01_S05
16-Apr-25,11:05 AM,110.5,915.1,117.0,804.6,1744819043.0,Concentrado 1ra Limpieza L1,26.661,21.248,0.393,1.374,16.1,14.54,C_01_S08
16-Apr-25,11:08 AM,110.0,986.5,214.5,876.5,1744819047.0,Concentrado 1ra Limpieza L2,27.371,22.527,0.404,1.241,14.22,24.47,C_01_S09
16-Apr-25,11:11 AM,110.5,1036.5,216.5,926.0,1744819050.0,Concentrado Colectivo,27.433,24.396,0.447,1.486,12.28,23.38,C_01_S10
16-Apr-25,11:13 AM,109.5,1099.0,354.5,989.5,1744819052.0,Concentrado Primario L2,22.411,17.116,0.283,1.06,30.54,35.83,C_01_S14
16-Apr-25,11:16 AM,110.5,1113.5,380.0,1003.0,1744819055.0,Concentrado Primario L1,22.858,17.903,0.279,1.07,28.6,37.89,C_01_S15
18-Apr-25,11:59 AM,109.0,965.5,209.5,856.5,1744995334.0,Relave Final,1.949,0.066,0.0,0.007,0.0,24.46,C_01_S03
18-Apr-25,12:02 PM,110.5,1305.5,112.5,1195.0,1744995337.0,Cola Scavenger L1,9.419,0.315,0.0,0.011,0.0,9.41,C_01_S04
18-Apr-25,12:06 PM,108.5,1136.5,89.5,1028.0,1744995339.0,Cola Scavenger L2,8.491,0.292,0.0,0.009,0.0,8.71,C_01_S05
18-Apr-25,12:08 PM,110.5,978.5,125.5,868.0,1744995341.0,Concentrado 1ra Limpieza L1,25.56,24.691,0.0,14.93,0.0,14.46,C_01_S08
18-Apr-25,12:12 PM,110.0,1009.0,205.5,899.0,1744995343.0,Concentrado 1ra Limpieza L2,25.132,23.314,0.0,17.67,0.0,22.86,C_01_S09
18-Apr-25,12:15 PM,110.0,1037.0,241.5,927.0,1744995346.0,Concentrado Colectivo,25.994,26.462,0.0,16.77,0.0,26.05,C_01_S10
18-Apr-25,12:16 PM,109.0,1131.0,399.0,1022.0,1744995348.0,Concentrado Primario L2,21.817,18.887,0.0,12.82,0.0,39.04,C_01_S14
18-Apr-25,12:27 PM,110.0,1084.0,286.5,974.0,1744996759.0,Concentrado Primario L1,16.293,12.985,0.0,0.989,0.0,29.41,C_01_S15
21-Apr-25,12:19 PM,110.5,1091.0,398.0,980.5,1745255557.0,Rebose Hidrociclones L1,2.854,0.633,0.004,0.043,0.0,40.59,C_01_S01
21-Apr-25,12:10 PM,109.0,1033.0,290.0,924.0,1745255146.0,Relave Final,2.417,0.107,0.0,0.012,0.0,31.39,C_01_S03
21-Apr-25,12:13 PM,100.5,1324.0,113.0,1223.5,1745255418.0,Cola Scavenger L1,9.16,0.267,0.0,0.017,0.0,9.24,C_01_S04
21-Apr-25,12:17 PM,108.5,1105.0,80.0,996.5,1745255420.0,Cola Scavenger L2,8.527,0.229,0.0,0.012,0.0,8.03,C_01_S05
21-Apr-25,12:04 PM,110.5,999.0,100.5,888.5,1745254851.0,Concentrado 1ra Limpieza L1,28.422,26.855,0.181,1.591,9.32,11.31,C_01_S08
21-Apr-25,12:08 PM,110.5,1024.5,21.5,914.0,1745254854.0,Concentrado 1ra Limpieza L2,27.512,24.101,0.163,1.767,13.38,2.35,C_01_S09
21-Apr-25,12:00 PM,110.0,1025.0,172.5,915.0,1745254573.0,Concentrado Colectivo,27.719,25.576,0.172,1.95,11.48,18.85,C_01_S10
21-Apr-25,11:55 AM,109.5,1116.0,382.0,1006.5,1745254145.0,Concentrado Primario L2,23.03,19.576,0.13,1.214,26.3,37.95,C_01_S14
23-Apr-25,12:03 PM,110.5,1084.5,358.0,974.0,1745427579.0,Rebose Hidrociclones L1,2.012,0.615,0.0,0.054,0.0,36.76,C_01_S01
23-Apr-25,12:06 PM,111.0,1074.5,396.0,963.5,1745427589.0,Rebose Hidrociclones L2,2.066,0.686,0.0,0.06,0.0,41.1,C_01_S02
23-Apr-25,12:10 PM,109.0,826.0,185.5,717.0,1745427598.0,Relave Final,1.473,0.092,0.0,0.01,0.0,25.87,C_01_S03
23-Apr-25,12:14 PM,110.5,1346.5,155.5,1236.0,1745427609.0,Cola Scavenger L1,7.046,0.192,0.0,0.02,0.0,12.58,C_01_S04
23-Apr-25,12:18 PM,108.5,895.5,70.0,787.0,1745427622.0,Cola Scavenger L2,6.363,0.169,0.0,0.014,0.0,8.89,C_01_S05
23-Apr-25,12:05 PM,110.5,904.5,138.5,794.0,1745427585.0,Concentrado 1ra Limpieza L1,24.105,21.248,0.0,2.445,19.2,17.44,C_01_S08
23-Apr-25,12:09 PM,110.0,1044.5,238.0,934.5,1745427594.0,Concentrado 1ra Limpieza L2,24.655,21.248,0.0,2.096,18.88,25.47,C_01_S09
23-Apr-25,12:12 PM,110.0,1075.0,262.5,965.0,1745427603.0,Concentrado Colectivo,24.922,22.723,0.0,2.641,17.72,27.2,C_01_S10
23-Apr-25,12:20 PM,110.0,1108.0,310.5,998.0,1745427626.0,Concentrado Primario L2,18.227,14.067,0.0,1.536,36.62,31.11,C_01_S14
23-Apr-25,12:16 PM,109.5,1091.5,281.0,982.0,1745427616.0,Concentrado Primario L1,20.04,13.969,0.0,1.289,35.96,28.62,C_01_S15
25-Apr-25,6:09 PM,110.5,1083.0,365.5,972.5,1745622428.0,Rebose Hidrociclones L1,1.941,0.637,0.0,0.033,0.0,37.58,C_01_S01
25-Apr-25,6:12 PM,111.0,1077.5,367.5,966.5,1745622509.0,Rebose Hidrociclones L2,1.946,0.585,0.0,0.031,0.0,38.02,C_01_S02
25-Apr-25,11:50 AM,109.0,1023.5,252.5,914.5,1745598892.0,Relave Final,1.662,0.112,0.0,0.007,0.0,27.61,C_01_S03
25-Apr-25,11:38 AM,110.5,1295.0,92.0,1184.5,1745598852.0,Cola Scavenger L1,6.795,0.284,0.0,0.013,0.0,7.77,C_01_S04
25-Apr-25,11:42 AM,108.5,1319.5,120.0,1211.0,1745598862.0,Cola Scavenger L2,6.635,0.233,0.0,0.011,0.0,9.91,C_01_S05
25-Apr-25,11:49 AM,110.5,1004.5,152.0,894.0,1745598886.0,Concentrado 1ra Limpieza L1,25.841,21.805,0.0,1.233,18.54,17.0,C_01_S08
25-Apr-25,11:45 AM,110.0,1030.0,207.5,920.0,1745598867.0,Concentrado 1ra Limpieza L2,26.109,22.54,0.0,1.148,17.1,22.55,C_01_S09
25-Apr-25,11:36 AM,110.0,1075.0,274.0,965.0,1745598849.0,Concentrado Colectivo,25.887,23.52,0.0,1.283,16.46,28.39,C_01_S10
25-Apr-25,11:46 AM,110.0,1131.5,391.5,1021.5,1745598882.0,Concentrado Primario L2,21.338,17.101,0.0,0.794,31.22,38.33,C_01_S14
25-Apr-25,11:40 AM,109.0,887.0,282.5,778.0,1745598856.0,Concentrado Primario L1,22.021,17.444,0.0,0.818,29.74,36.31,C_01_S15
28-Apr-25,9:58 AM,108.0,1068.5,376.0,960.5,7918.0,Rebose Hidrociclones L1,1.849,0.75,0.009,0.057,0.0,39.15,C_01_S01
28-Apr-25,9:55 AM,110.0,1058.0,334.0,948.0,7919.0,Rebose Hidrociclones L2,1.846,0.645,0.009,0.055,0.0,35.23,C_01_S02
28-Apr-25,10:00 AM,110.0,1015.0,273.0,905.0,7920.0,Relave Final,1.378,0.087,0.0,0.011,0.0,30.17,C_01_S03
28-Apr-25,10:04 AM,108.5,1334.5,113.5,1226.0,7921.0,Cola Scavenger L1,6.066,0.257,0.0,0.018,0.0,9.26,C_01_S04
28-Apr-25,10:07 AM,110.0,1309.0,119.0,1199.0,7922.0,Cola Scavenger L2,6.1,0.218,0.0,0.016,0.0,9.92,C_01_S05
28-Apr-25,10:10 AM,110.5,975.5,126.0,865.0,7923.0,Concentrado 1ra Limpieza L1,25.83,27.453,0.303,2.048,11.94,14.57,C_01_S08
28-Apr-25,10:14 AM,111.0,1027.5,212.0,916.5,7924.0,Concentrado 1ra Limpieza L2,24.59,25.774,0.299,2.466,14.34,23.13,C_01_S09
28-Apr-25,10:16 AM,110.5,1073.0,248.5,962.5,7925.0,Concentrado Colectivo,26.028,28.045,0.314,2.237,10.32,25.82,C_01_S10
28-Apr-25,10:18 AM,110.5,1147.5,431.0,1037.0,7926.0,Concentrado Primario L2,22.514,21.528,0.232,1.725,21.86,41.56,C_01_S14
28-Apr-25,10:42 AM,109.5,1163.5,431.0,1054.0,7927.0,Concentrado Primario L1,22.945,21.626,0.223,1.765,22.64,40.89,C_01_S15
30-Apr-25,9:49 AM,108.0,1069.0,373.0,961.0,7932.0,Rebose Hidrociclones L1,2.583,0.556,0.007,0.056,0.0,38.81,C_01_S01
30-Apr-25,9:52 AM,110.0,1021.5,260.5,911.5,7933.0,Rebose Hidrociclones L2,2.34,0.316,0.006,0.031,0.0,28.58,C_01_S02
30-Apr-25,9:54 AM,110.0,1014.0,245.0,904.0,7934.0,Relave Final,1.899,0.056,0.0,0.008,0.0,27.1,C_01_S03
30-Apr-25,9:58 AM,108.5,1295.0,85.5,1186.5,7935.0,Cola Scavenger L1,9.727,0.559,0.0,0.053,0.0,7.21,C_01_S04
30-Apr-25,10:01 AM,110.0,1305.5,99.0,1195.5,7936.0,Cola Scavenger L2,10.004,0.597,0.0,0.048,0.0,8.28,C_01_S05
30-Apr-25,10:03 AM,110.5,991.5,131.0,881.0,7937.0,Concentrado 1ra Limpieza L1,26.418,27.946,0.25,2.74,8.2,14.87,C_01_S08
30-Apr-25,10:07 AM,111.0,1031.5,201.0,920.5,7938.0,Concentrado 1ra Limpieza L2,25.712,25.576,0.235,3.759,11.12,21.84,C_01_S09
30-Apr-25,10:10 AM,110.5,1046.5,208.5,936.0,7939.0,Concentrado Colectivo,26.279,28.638,0.251,3.063,7.68,22.28,C_01_S10
30-Apr-25,10:11 AM,110.5,1078.5,238.5,968.0,7940.0,Concentrado Primario L2,21.846,17.281,0.152,1.696,28.64,24.64,C_01_S14
30-Apr-25,10:43 AM,109.5,1148.0,378.5,1038.5,7941.0,Concentrado Primario L1,20.356,18.269,0.156,1.797,30.22,36.45,C_01_S15
02-May-25,12:00 PM,108.0,1065.0,355.5,957.0,7946.0,Rebose Hidrociclones L1,1.931,0.486,0.007,0.037,0.0,37.15,C_01_S01
02-May-25,12:02 PM,110.0,1042.0,309.5,932.0,7947.0,Rebose Hidrociclones L2,1.814,0.324,0.007,0.03,0.0,33.21,C_01_S02
02-May-25,11:54 AM,108.5,1344.0,152.0,1235.5,7948.0,Cola Scavenger L1,0.555,0.249,0.0,0.04,0.0,12.3,C_01_S04
02-May-25,11:57 AM,110.0,1317.0,134.5,1207.0,7949.0,Cola Scavenger L2,6.685,0.234,0.0,0.035,0.0,11.14,C_01_S05
02-May-25,12:09 PM,110.5,930.0,50.5,819.5,7950.0,Concentrado 1ra Limpieza L1,25.71,23.117,0.157,1.821,13.36,6.16,C_01_S08
02-May-25,12:13 PM,111.0,996.0,206.5,885.0,7951.0,Concentrado 1ra Limpieza L2,24.597,23.127,0.157,1.656,18.24,23.33,C_01_S09
02-May-25,12:15 PM,110.6,1025.5,206.0,914.9,7952.0,Concentrado Colectivo,25.914,24.929,0.196,1.919,12.08,22.52,C_01_S10
02-May-25,12:06 PM,110.5,1080.5,302.5,970.0,7953.0,Concentrado Primario L2,19.182,13.48,0.104,0.949,38.38,31.19,C_01_S14
02-May-25,12:04 PM,109.5,1088.0,298.0,978.5,7954.0,Concentrado Primario L1,20.157,13.53,0.111,1.015,36.78,30.45,C_01_S15
05-May-25,12:29 PM,111.0,1067.0,358.5,956.0,7959.0,Rebose Hidrociclones L2,1.955,0.469,0.006,0.031,0.0,37.5,C_01_S02
05-May-25,11:55 AM,109.0,1032.5,306.5,923.5,7960.0,Relave Final,1.805,0.075,0.0,0.007,0.0,33.19,C_01_S03
05-May-25,11:59 AM,110.5,1338.0,125.5,1227.5,7961.0,Cola Scavenger L1,8.544,0.295,0.0,0.014,0.0,10.22,C_01_S04
05-May-25,12:02 PM,108.5,1334.0,118.5,1225.5,7962.0,Cola Scavenger L2,8.387,0.264,0.0,0.011,0.0,9.67,C_01_S05
05-May-25,12:05 PM,110.5,1000.0,160.5,889.5,7963.0,Concentrado 1ra Limpieza L1,26.879,22.599,0.132,1.564,13.46,18.04,C_01_S08
05-May-25,12:08 PM,110.0,1004.0,247.5,894.0,7964.0,Concentrado 1ra Limpieza L2,26.422,22.55,0.131,1.553,14.62,27.68,C_01_S09
05-May-25,12:11 PM,110.0,1040.0,189.5,930.0,7965.0,Concentrado Colectivo,27.516,26.663,0.149,1.748,11.46,20.38,C_01_S10
05-May-25,12:18 PM,109.0,1109.5,361.5,1000.5,7966.0,Concentrado Primario L2,21.995,17.148,0.091,1.046,31.56,36.13,C_01_S14
05-May-25,12:20 PM,110.0,1119.0,375.5,1009.0,7967.0,Concentrado Primario L1,21.364,16.355,0.093,1.086,33.4,37.22,C_01_S15
07-May-25,10:07 AM,110.0,1092.0,390.5,982.0,7972.0,Rebose Hidrociclones L1,2.587,0.567,0.007,0.028,0.0,39.77,C_01_S01
07-May-25,11:57 AM,111.0,1062.0,332.0,951.0,7973.0,Rebose Hidrociclones L2,2.421,0.477,0.006,0.027,0.0,34.91,C_01_S02
07-May-25,11:49 AM,109.0,977.0,227.5,868.0,7974.0,Relave Final,2.066,0.07,0.0,0.006,0.0,26.21,C_01_S03
07-May-25,11:46 AM,109.5,1330.5,124.0,1221.0,7975.0,Cola Scavenger L1,6.248,0.23,0.0,0.011,0.0,10.16,C_01_S04
07-May-25,11:52 AM,108.5,1332.5,146.0,1224.0,7976.0,Cola Scavenger L2,6.405,0.19,0.0,0.01,0.0,11.93,C_01_S05
07-May-25,12:02 PM,110.5,992.0,121.0,881.5,7977.0,Concentrado 1ra Limpieza L1,26.094,24.78,0.175,1.384,15.46,13.73,C_01_S08
07-May-25,12:05 PM,110.0,1018.0,209.5,908.0,7978.0,Concentrado 1ra Limpieza L2,25.298,23.293,0.16,1.427,18.54,23.07,C_01_S09
07-May-25,11:58 AM,110.0,1043.0,210.5,933.0,7979.0,Concentrado Colectivo,25.898,25.077,0.173,1.533,15.48,22.56,C_01_S10
07-May-25,11:37 AM,109.0,1115.5,388.5,1006.5,7980.0,Concentrado Primario L2,21.632,17.445,0.12,1.046,31.62,38.6,C_01_S14
07-May-25,11:43 AM,110.0,1097.5,303.5,987.5,7981.0,Concentrado Primario L1,21.238,17.742,0.123,1.19,32.06,30.73,C_01_S15
12-May-25,12:42 PM,110.0,1060.0,394.5,950.0,7982.0,Rebose Hidrociclones L1,2.603,0.527,0.0,0.031,0.0,41.53,C_01_S01
12-May-25,12:47 PM,111.0,1063.0,386.0,952.0,7983.0,Rebose Hidrociclones L2,2.521,0.479,0.0,0.028,0.0,40.55,C_01_S02
12-May-25,12:51 PM,110.0,989.5,218.0,879.5,7984.0,Relave Final,2.001,0.08,0.0,0.009,0.0,24.79,C_01_S03
12-May-25,1:31 PM,109.5,1333.5,159.5,1224.0,7985.0,Cola Scavenger L1,9.644,0.258,0.0,0.015,0.0,13.03,C_01_S04
12-May-25,12:56 PM,108.5,1331.5,150.0,1223.0,7986.0,Cola Scavenger L2,9.201,0.27,0.0,0.016,0.0,12.26,C_01_S05
12-May-25,12:45 PM,110.5,966.0,126.5,855.5,7987.0,Concentrado 1ra Limpieza L1,27.241,26.268,0.0,1.643,11.54,14.79,C_01_S08
12-May-25,12:49 PM,110.0,996.5,213.0,886.5,7988.0,Concentrado 1ra Limpieza L2,27.546,26.268,0.0,1.656,10.88,24.03,C_01_S09
12-May-25,12:52 PM,110.0,1129.5,321.5,1019.5,7989.0,Concentrado Colectivo,27.787,27.263,0.0,1.804,9.4,31.54,C_01_S10
12-May-25,12:58 PM,109.0,1077.0,323.5,968.0,7990.0,Concentrado Primario L2,22.631,17.91,0.0,1.029,29.54,33.42,C_01_S14
12-May-25,6:15 PM,110.0,1065.5,245.0,955.5,7991.0,Concentrado Primario L1,23.959,21.89,0.0,0.978,22.8,25.64,C_01_S15
14-May-25,10:31 AM,110.5,1079.5,398.0,969.0,1747236436.0,Rebose Hidrociclones L1,1.848,0.571,0.005,0.041,0.0,41.07,C_01_S01
14-May-25,10:28 AM,111.0,1046.0,335.0,935.0,1747236422.0,Rebose Hidrociclones L2,1.855,0.521,0.005,0.04,0.0,35.83,C_01_S02
14-May-25,10:55 AM,109.0,963.5,197.5,854.5,1747237629.0,Relave Final,1.596,0.071,0.0,0.009,0.0,23.11,C_01_S03
14-May-25,10:49 AM,110.5,1336.0,143.5,1225.5,1747237486.0,Cola Scavenger L1,7.629,0.268,0.0,0.013,0.0,11.71,C_01_S04
14-May-25,10:52 AM,108.5,1318.5,137.0,1210.0,1747237488.0,Cola Scavenger L2,7.41,0.251,0.0,0.012,0.0,11.32,C_01_S05
14-May-25,11:00 AM,110.5,1007.5,166.5,897.0,1747238009.0,Concentrado 1ra Limpieza L1,17.254,15.731,0.085,1.01,37.58,18.56,C_01_S08
14-May-25,11:04 AM,110.0,1032.0,254.5,922.0,1747238012.0,Concentrado 1ra Limpieza L2,26.339,23.622,0.117,1.817,13.2,27.6,C_01_S09
14-May-25,10:56 AM,110.0,1143.0,324.0,1033.0,1747237811.0,Concentrado Colectivo,27.771,25.919,0.13,1.931,9.62,31.36,C_01_S10
14-May-25,11:05 AM,109.0,1107.0,354.0,998.0,1747238240.0,Concentrado Primario L2,22.566,17.279,0.092,1.207,28.66,35.47,C_01_S14
14-May-25,11:08 AM,110.0,1089.5,303.5,979.5,1747238243.0,Concentrado Primario L1,27.097,23.572,0.121,1.806,13.54,30.99,C_01_S15
16-May-25,11:42 AM,110.5,1064.5,401.0,954.0,1747413560.0,Rebose Hidrociclones L1,2.035,0.627,0.007,0.038,0.0,42.03,C_01_S01
16-May-25,11:44 AM,109.0,986.0,239.5,877.0,1747413597.0,Relave Final,1.677,0.102,0.0,0.013,0.0,27.31,C_01_S03
16-May-25,11:47 AM,110.5,1367.0,215.0,1256.5,1747413599.0,Cola Scavenger L1,7.502,0.276,0.0,0.01,0.0,17.11,C_01_S04
16-May-25,11:51 AM,108.5,1374.5,227.0,1266.0,1747413600.0,Cola Scavenger L2,7.932,0.282,0.0,0.013,0.0,17.93,C_01_S05
16-May-25,11:53 AM,110.5,972.5,124.5,862.0,1747413602.0,Concentrado 1ra Limpieza L1,17.758,15.661,0.088,0.965,38.8,14.44,C_01_S08
16-May-25,11:57 AM,110.0,1002.0,163.5,892.0,1747413603.0,Concentrado 1ra Limpieza L2,20.048,19.13,0.117,1.13,30.1,18.33,C_01_S09
16-May-25,12:00 AM,110.0,1103.0,274.0,993.0,1747413605.0,Concentrado Colectivo,24.149,25.424,0.154,1.474,16.0,27.59,C_01_S10
16-May-25,12:02 AM,109.0,608.0,172.5,499.0,1747413606.0,Concentrado Primario L2,21.166,21.113,0.116,1.008,27.46,34.57,C_01_S14
16-May-25,12:15 AM,110.0,1122.0,367.5,1012.0,1747415619.0,Concentrado Primario L1,22.55,22.599,0.12,0.892,24.34,36.31,C_01_S15
19-May-25,11:48 AM,110.0,1034.5,377.5,924.5,1747673145.0,Rebose Hidrociclones L1,2.15,0.686,0.007,0.047,0.0,40.83,C_01_S01
19-May-25,11:51 AM,110.0,955.0,195.0,845.0,1747673151.0,Relave Final,1.964,0.066,0.0,0.009,0.0,23.08,C_01_S03
19-May-25,11:54 AM,108.5,1353.0,169.0,1244.5,1747673154.0,Cola Scavenger L1,8.556,0.267,0.0,0.044,0.0,13.58,C_01_S04
19-May-25,12:11 PM,110.0,1333.5,170.5,1223.5,1747673875.0,Cola Scavenger L2,8.814,0.282,0.0,0.041,0.0,13.94,C_01_S05
19-May-25,11:57 AM,110.5,926.0,71.5,815.5,1747673164.0,Concentrado 1ra Limpieza L1,27.81,22.698,0.168,1.971,12.3,8.77,C_01_S08
19-May-25,12:00 AM,111.0,1040.0,275.0,929.0,1747673165.0,Concentrado 1ra Limpieza L2,26.343,21.212,0.147,2.082,15.02,29.6,C_01_S09
19-May-25,12:03 PM,110.5,1081.0,260.0,970.5,1747673167.0,Concentrado Colectivo,26.189,26.168,0.176,1.958,9.9,26.79,C_01_S10
19-May-25,12:05 PM,109.5,1118.0,373.5,1008.5,1747671869.0,Concentrado Primario L2,22.359,16.553,0.114,1.165,29.74,37.04,C_01_S14
19-May-25,12:07 PM,110.5,1125.5,380.0,1015.0,1747673171.0,Concentrado Primario L1,23.63,17.148,0.116,1.207,27.58,37.44,C_01_S15
26-May-25,12:20 PM,110.0,974.5,350.5,864.5,1748279884.0,Rebose Hidrociclones L1,2.198,0.695,0.0,0.066,0.0,40.54,C_01_S01
26-May-25,12:23 PM,111.0,1053.0,349.5,942.0,1748279892.0,Rebose Hidrociclones L2,1.992,0.64,0.0,0.065,0.0,37.1,C_01_S02
26-May-25,12:27 PM,110.0,945.5,169.5,835.5,1748279900.0,Relave Final,1.363,0.078,0.0,0.013,0.0,20.29,C_01_S03
26-May-25,12:31 PM,108.5,1286.0,68.0,1177.5,1748279909.0,Cola Scavenger L1,7.645,0.285,0.0,0.082,0.0,5.77,C_01_S04
26-May-25,12:36 PM,108.5,1310.0,83.5,1201.5,1748279918.0,Cola Scavenger L2,7.966,0.224,0.0,0.095,0.0,6.95,C_01_S05
26-May-25,12:22 PM,110.5,1033.0,277.5,922.5,1748279888.0,Concentrado 1ra Limpieza L1,26.365,25.374,0.0,2.817,13.26,30.08,C_01_S08
26-May-25,12:26 PM,111.0,1031.0,270.0,920.0,1748279896.0,Concentrado 1ra Limpieza L2,25.898,25.324,0.0,2.996,14.04,29.35,C_01_S09
26-May-25,12:29 PM,110.6,1103.0,292.0,992.4,1748279904.0,Concentrado Colectivo,26.119,26.963,0.0,3.116,11.44,29.42,C_01_S10
26-May-25,12:33 PM,109.0,1095.5,363.0,986.5,1748279914.0,Concentrado Primario L2,22.934,19.763,0.0,1.958,26.14,36.8,C_01_S14
26-May-25,12:45 PM,110.5,1092.5,287.5,982.0,1748281068.0,Concentrado Primario L1,22.706,20.11,0.0,2.248,25.58,29.28,C_01_S15
28-May-25,4:14 PM,108.0,942.5,158.0,834.5,1748466724.0,Rebose Hidrociclones L1,1.835,0.597,0.009,0.047,0.0,18.93,C_01_S01
28-May-25,3:48 PM,110.0,929.0,166.5,819.0,1748465025.0,Relave Final,1.434,0.142,0.0,0.013,0.0,20.33,C_01_S03
28-May-25,3:56 PM,108.5,1309.0,81.0,1200.5,1748465364.0,Cola Scavenger L1,9.198,0.192,0.0,0.016,0.0,6.75,C_01_S04
28-May-25,4:00 PM,108.5,1311.5,87.0,1203.0,1748465367.0,Cola Scavenger L2,8.604,0.19,0.0,0.024,0.0,7.23,C_01_S05
28-May-25,3:47 PM,110.5,1138.5,410.5,1028.0,1748464955.0,Concentrado 1ra Limpieza L1,25.401,23.194,0.151,1.791,16.9,39.93,C_01_S08
28-May-25,3:54 PM,111.0,1019.0,265.0,908.0,1748465325.0,Concentrado 1ra Limpieza L2,24.813,22.153,0.17,2.424,18.56,29.19,C_01_S09
28-May-25,4:01 PM,110.5,1090.5,268.5,980.0,1748465742.0,Concentrado Colectivo,25.494,23.789,0.166,2.063,16.72,27.4,C_01_S10
28-May-25,4:03 PM,109.0,1103.0,329.5,994.0,1748466051.0,Concentrado Primario L2,21.219,16.157,0.119,1.457,32.08,33.15,C_01_S14
28-May-25,4:09 PM,110.5,1013.5,144.0,903.0,1748466053.0,Concentrado Primario L1,20.126,19.18,0.156,1.85,27.04,15.95,C_01_S15
30-May-25,10:42 AM,108.0,1070.0,370.5,962.0,1748619317.0,Rebose Hidrociclones L1,2.206,0.548,0.009,0.028,0.0,38.51,C_01_S01
30-May-25,10:45 AM,111.0,1053.5,354.0,942.5,1748619320.0,Rebose Hidrociclones L2,2.386,0.591,0.008,0.029,0.0,37.56,C_01_S02
30-May-25,10:29 AM,110.0,995.0,227.0,885.0,1748618818.0,Relave Final,1.779,0.083,0.0,0.008,0.0,25.65,C_01_S03
30-May-25,10:03 AM,108.5,1346.5,144.0,1238.0,1748617090.0,Cola Scavenger L1,6.165,0.148,0.0,0.015,0.0,11.63,C_01_S04
30-May-25,10:06 AM,108.5,1335.5,137.0,1227.0,1748617094.0,Cola Scavenger L2,6.149,0.122,0.0,0.013,0.0,11.17,C_01_S05
30-May-25,10:37 AM,110.5,1135.0,378.5,1024.5,1748619084.0,Concentrado 1ra Limpieza L1,27.364,22.104,0.171,1.128,14.36,36.94,C_01_S08
30-May-25,10:41 AM,111.0,1022.5,277.0,911.5,1748619087.0,Concentrado 1ra Limpieza L2,27.289,22.005,0.165,1.117,13.98,30.39,C_01_S09
30-May-25,10:30 AM,110.5,1101.0,274.5,990.5,1748618833.0,Concentrado Colectivo,26.295,22.897,0.171,1.561,14.4,27.71,C_01_S10
30-May-25,10:34 AM,109.0,1084.0,296.5,975.0,1748619052.0,Concentrado Primario L2,19.772,14.372,0.118,0.718,35.8,30.41,C_01_S14
30-May-25,10:32 AM,110.5,1079.5,288.0,969.0,1748618871.0,Concentrado Primario L1,18.52,13.976,0.109,0.69,38.46,29.72,C_01_S15
02-Jun-25,11:19 AM,108.0,1045.0,361.5,937.0,1748880956.0,Rebose Hidrociclones L1,3.29,0.409,0.01,0.027,0.0,38.58,C_01_S01
02-Jun-25,11:21 AM,110.0,792.0,246.0,682.0,1748881006.0,Rebose Hidrociclones L2,3.286,0.429,0.01,0.027,0.0,36.07,C_01_S02
02-Jun-25,11:24 AM,110.0,685.5,114.0,575.5,1748881320.0,Relave Final,2.617,0.048,0.0,0.007,0.0,19.81,C_01_S03
02-Jun-25,11:28 AM,108.5,1059.5,79.5,951.0,1748881336.0,Cola Scavenger L1,5.939,0.113,0.0,0.023,0.0,8.36,C_01_S04
02-Jun-25,11:35 AM,108.5,1068.0,93.5,959.5,1748881339.0,Cola Scavenger L2,5.896,0.111,0.0,0.022,0.0,9.74,C_01_S05
02-Jun-25,11:30 AM,111.0,873.0,332.0,762.0,1748881337.0,Concentrado 1ra Limpieza L2,27.367,24.681,0.207,1.717,12.16,43.57,C_01_S09
02-Jun-25,11:36 AM,110.5,860.5,181.5,750.0,1748881340.0,Concentrado Colectivo,27.847,24.582,0.228,2.0,11.96,24.2,C_01_S10
02-Jun-25,11:32 AM,109.0,869.5,238.0,760.5,1748881338.0,Concentrado Primario L2,23.122,20.022,0.207,1.425,24.94,31.3,C_01_S14
06-Jun-25,11:11 AM,110.0,1064.5,345.0,954.5,1749225510.0,Rebose Hidrociclones L2,2.279,0.523,0.007,0.039,0.0,36.14,C_01_S02
06-Jun-25,10:59 AM,109.0,968.5,212.5,859.5,1749225496.0,Relave Final,1.957,0.082,0.0,0.01,0.0,24.72,C_01_S03
06-Jun-25,11:03 AM,110.5,1322.0,101.0,1211.5,1749225499.0,Cola Scavenger L1,9.028,0.136,0.0,0.02,0.0,8.34,C_01_S04
06-Jun-25,11:06 AM,108.5,1326.5,106.5,1218.0,1749225502.0,Cola Scavenger L2,8.933,0.126,0.0,0.019,0.0,8.74,C_01_S05
06-Jun-25,10:53 AM,110.5,994.5,179.0,884.0,1749224945.0,Concentrado 1ra Limpieza L1,27.675,21.89,0.111,1.702,16.62,20.25,C_01_S08
06-Jun-25,10:59 AM,110.0,1006.0,204.5,896.0,1749225004.0,Concentrado 1ra Limpieza L2,26.871,20.398,0.111,1.685,18.5,22.82,C_01_S09
06-Jun-25,10:49 AM,110.0,833.0,183.5,723.0,1749224869.0,Concentrado Colectivo,26.5,24.179,0.119,1.632,15.52,25.38,C_01_S10
06-Jun-25,10:46 AM,110.0,1102.0,347.0,992.0,1749224479.0,Concentrado Primario L2,22.91,15.92,0.09,1.261,30.56,34.98,C_01_S14
06-Jun-25,10:43 AM,109.5,1109.5,346.5,1000.0,1749224457.0,Concentrado Primario L1,23.14,16.119,0.089,1.208,30.56,34.65,C_01_S15
09-Jun-25,11:12 AM,108.0,1017.5,312.0,909.5,1749485382.0,Rebose Hidrociclones L1,2.032,0.607,0.0,0.056,0.0,34.3,C_01_S01
09-Jun-25,10:41 AM,110.0,1025.5,239.5,915.5,1749483375.0,Relave Final,1.271,0.073,0.0,0.013,0.0,26.16,C_01_S03
09-Jun-25,10:44 AM,108.5,1304.0,78.0,1195.5,1749483379.0,Cola Scavenger L1,8.507,0.18,0.0,0.028,0.0,6.52,C_01_S04
09-Jun-25,10:48 AM,110.0,1338.5,113.5,1228.5,1749483433.0,Cola Scavenger L2,7.797,0.139,0.0,0.026,0.0,9.24,C_01_S05
09-Jun-25,10:50 AM,110.5,777.5,295.0,667.0,1749483499.0,Concentrado 1ra Limpieza L1,20.863,15.92,0.0,1.544,33.52,44.23,C_01_S08
09-Jun-25,10:54 AM,111.0,1016.0,196.5,905.0,1749483502.0,Concentrado 1ra Limpieza L2,26.104,19.602,0.0,2.218,19.96,21.71,C_01_S09
09-Jun-25,10:57 AM,110.6,1071.0,213.5,960.4,1749483509.0,Concentrado Colectivo,27.026,23.681,0.0,2.198,15.0,22.23,C_01_S10
09-Jun-25,11:05 AM,110.5,1107.5,134.5,997.0,1749484928.0,Concentrado Primario L2,21.437,16.318,0.0,1.501,31.98,13.49,C_01_S14
09-Jun-25,11:07 AM,109.0,1099.0,280.0,990.0,1749484930.0,Concentrado Primario L1,26.867,21.691,0.0,2.164,16.26,28.28,C_01_S15
11-Jun-25,11:59 AM,109.0,990.5,262.5,881.5,1749660976.0,Relave Final,1.545,0.069,0.0,0.009,0.0,29.78,C_01_S03
11-Jun-25,12:03 PM,110.5,1348.5,134.0,1238.0,1749660978.0,Cola Scavenger L1,8.84,0.184,0.0,0.013,0.0,10.82,C_01_S04
11-Jun-25,12:06 PM,108.5,1349.5,148.5,1241.0,1749660981.0,Cola Scavenger L2,8.924,0.159,0.0,0.01,0.0,11.97,C_01_S05
11-Jun-25,12:19 PM,110.5,995.5,160.0,885.0,1749661741.0,Concentrado 1ra Limpieza L1,26.609,22.587,0.121,1.305,17.36,18.08,C_01_S08
11-Jun-25,12:15 PM,110.0,1017.0,198.0,907.0,1749661740.0,Concentrado 1ra Limpieza L2,25.908,21.99,0.122,1.341,18.56,21.83,C_01_S09
11-Jun-25,12:12 PM,110.5,1976.0,222.5,1865.5,1749661738.0,Concentrado Colectivo,26.322,22.288,0.122,1.417,17.7,11.93,C_01_S10
11-Jun-25,11:55 PM,110.0,1124.0,346.5,1014.0,1749660814.0,Concentrado Primario L2,21.501,17.313,0.096,0.961,31.42,34.17,C_01_S14
11-Jun-25,11:58 PM,109.5,1138.5,367.5,1029.0,1749660817.0,Concentrado Primario L1,20.684,17.711,0.1,1.05,32.12,35.71,C_01_S15
13-Jun-25,11:02 AM,108.0,1085.5,371.0,977.5,1749830193.0,Rebose Hidrociclones L1,2.483,0.625,0.0,0.043,0.0,37.95,C_01_S01
13-Jun-25,10:56 AM,110.0,987.5,235.6,877.5,1749829942.0,Rebose Hidrociclones L2,2.523,0.634,0.0,0.044,0.0,26.85,C_01_S02
13-Jun-25,11:22 AM,110.0,1008.5,251.4,898.5,1749831641.0,Relave Final,7.029,0.086,0.0,0.009,0.0,27.98,C_01_S03
13-Jun-25,11:09 AM,108.5,1338.0,105.6,1229.5,1749830502.0,Cola Scavenger L1,13.607,0.193,0.0,0.014,0.0,8.59,C_01_S04
13-Jun-25,11:13 AM,110.0,1347.0,140.4,1237.0,1749830509.0,Cola Scavenger L2,13.76,0.168,0.0,0.014,0.0,11.35,C_01_S05
13-Jun-25,12:00 AM,110.5,966.5,115.2,856.0,1749830039.0,Concentrado 1ra Limpieza L1,25.751,20.398,0.0,1.38,18.64,13.46,C_01_S08
13-Jun-25,10:55 AM,111.0,998.0,179.0,887.0,1749829817.0,Concentrado 1ra Limpieza L2,24.924,18.706,0.0,1.555,22.04,20.18,C_01_S09
13-Jun-25,11:06 AM,110.0,1059.0,213.8,949.0,1749830497.0,Concentrado Colectivo,25.616,20.746,0.0,1.618,18.62,22.53,C_01_S10
13-Jun-25,11:10 AM,110.5,1145.5,375.4,1035.0,1749830505.0,Concentrado Primario L2,21.892,16.02,0.0,1.315,29.98,36.27,C_01_S14
13-Jun-25,11:05 AM,109.0,1144.0,360.6,1035.0,1749830494.0,Concentrado Primario L1,24.075,20.0,0.0,1.507,22.9,34.84,C_01_S15
16-Jun-25,12:06 PM,110.5,1095.5,390.5,985.0,17500093176.0,Rebose Hidrociclones L1,2.903,0.524,0.012,0.052,0.0,39.64,C_01_S01
16-Jun-25,11:10 AM,110.0,1073.5,355.5,963.5,1750089707.0,Rebose Hidrociclones L2,3.153,0.475,0.012,0.055,0.0,36.9,C_01_S02
16-Jun-25,12:03 PM,110.0,996.5,228.0,886.5,1750093157.0,Relave Final,3.27,0.049,0.0,0.009,0.0,25.72,C_01_S03
16-Jun-25,10:48 AM,110.5,1207.5,107.5,1097.0,1750088667.0,Cola Scavenger L1,13.048,0.172,0.0,0.021,0.0,9.8,C_01_S04
16-Jun-25,10:51 AM,108.5,1212.5,99.5,1104.0,1750088669.0,Cola Scavenger L2,11.65,0.161,0.0,0.019,0.0,9.01,C_01_S05
16-Jun-25,11:03 AM,110.5,972.0,104.0,861.5,1750089560.0,Concentrado 1ra Limpieza L1,27.254,25.273,0.329,2.498,11.26,12.07,C_01_S08
16-Jun-25,11:07 AM,110.0,1011.5,185.5,901.5,1750089562.0,Concentrado 1ra Limpieza L2,26.231,22.388,0.323,2.85,15.7,20.58,C_01_S09
16-Jun-25,10:59 AM,110.5,937.5,168.5,827.0,1750089336.0,Concentrado Colectivo,26.434,22.786,0.316,3.16,14.48,20.37,C_01_S10
16-Jun-25,10:56 AM,109.5,1017.0,308.5,907.5,1750088982.0,Concentrado Primario L2,24.344,12.985,0.209,1.669,29.52,33.99,C_01_S14
16-Jun-25,10:58 AM,110.0,1248.0,593.0,1138.0,1750088985.0,Concentrado Primario L1,37.37,9.453,0.098,1.061,8.98,52.11,C_01_S15
23-Jun-25,12:27 PM,109.5,1078.5,373.5,969.0,1750698873.0,Rebose Hidrociclones L1,2.354,0.477,0.008,0.032,0.0,38.54,C_01_S01
23-Jun-25,12:15 PM,109.0,960.5,255.5,851.5,1750698840.0,Relave Final,2.02,0.108,0.0,0.011,0.0,30.01,C_01_S03
23-Jun-25,12:21 PM,110.5,1341.0,112.0,1230.5,1750698869.0,Cola Scavenger L1,10.163,0.146,0.0,0.017,0.0,9.1,C_01_S04
23-Jun-25,12:24 PM,108.5,1333.0,110.0,1224.5,1750698871.0,Cola Scavenger L2,9.846,0.137,0.0,0.017,0.0,8.98,C_01_S05
23-Jun-25,12:32 PM,110.5,999.0,139.0,888.5,1750699318.0,Concentrado 1ra Limpieza L1,30.543,22.345,0.164,1.472,10.52,15.64,C_01_S08
23-Jun-25,12:35 PM,110.0,1034.5,216.5,924.5,1750699320.0,Concentrado 1ra Limpieza L2,30.649,21.848,0.165,1.62,11.6,23.42,C_01_S09
23-Jun-25,12:40 PM,110.0,1057.0,204.0,947.0,1750700350.0,Concentrado Colectivo,30.419,23.934,0.175,1.668,10.44,21.54,C_01_S10
23-Jun-25,12:38 PM,109.5,1142.0,365.0,1032.5,1750699412.0,Concentrado Primario L2,25.943,19.068,0.132,1.236,24.9,35.35,C_01_S14
25-Jun-25,12:32 PM,110.5,845.5,283.5,735.0,1750872010.0,Rebose Hidrociclones L1,2.902,0.579,0.0,0.026,0.0,38.57,C_01_S01
25-Jun-25,12:36 PM,111.0,988.5,224.0,877.5,1750872613.0,Relave Final,2.507,0.044,0.0,0.003,0.0,25.53,C_01_S03
25-Jun-25,12:40 PM,108.5,1301.0,123.5,1192.5,1750872614.0,Cola Scavenger L1,9.759,0.182,0.0,0.007,0.0,10.36,C_01_S04
25-Jun-25,12:43 PM,108.0,1352.5,138.5,1244.5,1750872316.0,Cola Scavenger L2,8.911,0.165,0.0,0.008,0.0,11.13,C_01_S05
25-Jun-25,12:46 PM,109.0,746.0,52.0,637.0,1750873231.0,Concentrado 1ra Limpieza L1,28.676,20.875,0.0,0.966,15.26,8.16,C_01_S08
25-Jun-25,12:49 PM,110.5,1008.5,153.5,898.0,1750873233.0,Concentrado 1ra Limpieza L2,28.154,20.475,0.0,1.128,16.54,17.09,C_01_S09
25-Jun-25,12:52 PM,110.5,1060.5,238.5,950.0,1750873235.0,Concentrado Colectivo,27.831,22.873,0.0,1.066,15.1,25.11,C_01_S10
25-Jun-25,12:54 PM,110.0,1131.5,357.5,1021.5,1750873238.0,Concentrado Primario L2,23.3,18.578,0.0,0.847,26.92,35.0,C_01_S14
25-Jun-25,12:57 PM,110.0,1156.5,375.0,1046.5,1750873239.0,Concentrado Primario L1,23.109,17.579,0.0,0.823,28.64,35.83,C_01_S15
27-Jun-25,11:42 AM,110.5,1088.0,388.0,977.5,1721042009.0,Rebose Hidrociclones L1,2.223,0.796,0.005,0.027,0.0,39.69,C_01_S01
27-Jun-25,11:36 AM,109.0,1001.5,260.5,892.5,1751041995.0,Relave Final,1.817,0.12,0.0,0.005,0.0,29.19,C_01_S03
27-Jun-25,11:55 AM,110.5,1366.0,179.0,1255.5,1751042206.0,Cola Scavenger L1,9.683,0.122,0.0,0.006,0.0,14.26,C_01_S04
27-Jun-25,11:39 AM,108.5,1351.0,180.5,1242.5,1751042003.0,Cola Scavenger L2,9.39,0.112,0.0,0.005,0.0,14.53,C_01_S05
27-Jun-25,11:45 AM,110.5,997.0,114.5,886.5,1751042161.0,Concentrado 1ra Limpieza L1,27.277,23.572,0.094,0.642,15.24,12.92,C_01_S08
27-Jun-25,11:48 AM,110.0,1014.5,263.5,904.5,1751042162.0,Concentrado 1ra Limpieza L2,25.975,21.474,0.093,0.77,19.18,29.13,C_01_S09
27-Jun-25,11:53 AM,110.0,1117.0,299.5,1007.0,1751042170.0,Concentrado Colectivo,26.874,20.376,0.089,0.812,18.9,29.74,C_01_S10
30-Jun-25,12:28 PM,110.0,1091.0,412.5,981.0,1751303677.0,Rebose Hidrociclones L2,2.294,0.765,0.005,0.025,0.0,42.05,C_01_S02
30-Jun-25,12:16 PM,109.0,941.0,167.5,832.0,1751303667.0,Relave Final,1.671,0.099,0.0,0.005,0.0,20.13,C_01_S03
30-Jun-25,12:20 PM,110.5,1363.5,177.0,1253.0,1751303670.0,Cola Scavenger L1,6.468,0.09,0.0,0.006,0.0,14.13,C_01_S04
30-Jun-25,12:23 PM,108.5,1369.0,176.5,1260.5,1751303672.0,Cola Scavenger L2,6.18,0.089,0.0,0.006,0.0,14.0,C_01_S05
30-Jun-25,12:35 PM,110.5,999.0,134.0,888.5,1751304586.0,Concentrado 1ra Limpieza L1,22.553,19.502,0.053,0.778,26.36,15.08,C_01_S08
30-Jun-25,12:39 PM,110.0,1016.5,182.0,906.5,1751304588.0,Concentrado 1ra Limpieza L2,22.665,18.408,0.054,0.819,26.52,20.08,C_01_S09
30-Jun-25,12:41 PM,110.0,1067.5,229.5,957.5,1751304590.0,Concentrado Colectivo,24.86,22.786,0.059,0.861,18.44,23.97,C_01_S10
30-Jun-25,12:30 PM,109.5,1096.0,326.0,986.5,1751304302.0,Concentrado Primario L2,19.103,15.174,0.041,0.425,38.12,33.05,C_01_S14
02-Jul-25,10:56 AM,110.0,1081.0,381.5,971.0,1751471530.0,Rebose Hidrociclones L2,1.978,0.387,0.004,0.035,0.0,39.29,C_01_S02
02-Jul-25,10:50 AM,109.0,963.5,177.5,854.5,1751471306.0,Relave Final,1.516,0.1,0.0,0.008,0.0,20.77,C_01_S03
02-Jul-25,10:53 AM,110.5,1344.5,129.5,1234.0,1751471497.0,Cola Scavenger L1,5.95,0.1,0.0,0.017,0.0,10.49,C_01_S04
02-Jul-25,11:01 AM,108.5,1350.0,119.0,1241.5,1751471595.0,Cola Scavenger L2,5.583,0.113,0.0,0.016,0.0,9.59,C_01_S05
02-Jul-25,11:05 AM,110.5,995.5,96.0,885.0,1751471603.0,Concentrado 1ra Limpieza L1,24.873,23.072,0.11,1.549,13.32,10.85,C_01_S08
02-Jul-25,10:58 AM,110.0,985.5,101.0,875.5,1751471590.0,Concentrado 1ra Limpieza L2,23.479,20.875,0.115,1.944,14.36,11.54,C_01_S09
02-Jul-25,11:08 AM,110.0,1014.0,163.5,904.0,1751471604.0,Concentrado Colectivo,25.207,21.075,0.112,2.116,14.88,18.09,C_01_S10
02-Jul-25,11:12 AM,110.0,1109.0,317.5,999.0,1751472667.0,Concentrado Primario L1,21.999,18.278,0.083,1.136,24.68,31.78,C_01_S15
07-Jul-25,10:24 AM,110.5,999.0,218.0,888.5,1751901105.0,Rebose Hidrociclones L1,1.668,0.389,0.004,0.023,0.0,24.54,C_01_S01
07-Jul-25,10:21 AM,110.0,985.0,200.5,875.0,1751901101.0,Rebose Hidrociclones L2,1.93,0.396,0.005,0.022,0.0,22.91,C_01_S02
07-Jul-25,10:12 AM,110.0,976.0,222.0,866.0,1751900906.0,Relave Final,1.593,0.11,0.0,0.007,0.0,25.64,C_01_S03
07-Jul-25,10:15 AM,110.5,9306.5,100.0,9196.0,1751900912.0,Cola Scavenger L1,11.042,0.171,0.0,0.017,0.0,1.09,C_01_S04
07-Jul-25,10:19 AM,109.0,1242.5,100.5,1133.5,1751900915.0,Cola Scavenger L2,11.055,0.164,0.0,0.02,0.0,8.87,C_01_S05
07-Jul-25,10:26 AM,110.5,1003.0,148.0,892.5,1751901378.0,Concentrado 1ra Limpieza L1,25.586,24.72,0.12,2.105,9.72,16.58,C_01_S08
07-Jul-25,10:30 AM,110.0,1044.0,289.5,934.0,1751901381.0,Concentrado 1ra Limpieza L2,24.615,23.572,0.114,1.967,10.42,31.0,C_01_S09
07-Jul-25,10:33 AM,110.0,1046.5,183.5,936.5,1751901384.0,Concentrado Colectivo,24.35,25.27,0.132,2.102,8.66,19.59,C_01_S10
07-Jul-25,10:35 AM,109.5,1186.0,414.0,1076.5,1751901386.0,Concentrado Primario L2,25.055,14.383,0.082,1.002,21.98,38.46,C_01_S14
07-Jul-25,11:01 AM,110.0,1105.0,297.0,995.0,1751903969.0,Concentrado Primario L1,22.869,12.485,0.081,0.969,27.48,29.85,C_01_S15
09-Jul-25,10:23 AM,110.0,1061.5,327.5,951.5,1752074276.0,Rebose Hidrociclones L1,1.564,0.429,0.004,0.032,0.0,34.42,C_01_S01
09-Jul-25,10:16 AM,108.0,1088.0,377.0,980.0,1752073936.0,Rebose Hidrociclones L2,1.668,0.43,0.004,0.028,0.0,38.47,C_01_S02
09-Jul-25,9:54 AM,110.0,850.0,154.5,740.0,1752072678.0,Relave Final,1.422,0.075,0.0,0.004,0.0,20.88,C_01_S03
09-Jul-25,9:57 AM,107.0,1320.0,126.0,1213.0,1752072680.0,Cola Scavenger L1,12.345,0.208,0.0,0.014,0.0,10.39,C_01_S04
09-Jul-25,10:01 AM,108.5,1330.0,115.5,1221.5,1752072683.0,Cola Scavenger L2,12.413,0.207,0.0,0.05,0.0,9.46,C_01_S05
09-Jul-25,10:03 AM,110.0,1002.5,168.0,892.5,1752072685.0,Concentrado 1ra Limpieza L1,24.536,26.169,0.132,1.706,9.86,18.82,C_01_S08
09-Jul-25,10:07 AM,110.0,1001.0,223.5,891.0,1752072687.0,Concentrado 1ra Limpieza L2,24.039,24.171,0.113,2.154,12.46,25.08,C_01_S09
09-Jul-25,10:10 AM,110.0,1068.0,210.0,958.0,1752072689.0,Concentrado Colectivo,24.961,26.069,0.152,2.007,9.82,21.92,C_01_S10
09-Jul-25,10:11 AM,110.0,1175.0,405.0,1065.0,1752072691.0,Concentrado Primario L2,23.231,14.383,0.091,1.184,24.58,38.03,C_01_S14
09-Jul-25,10:22 AM,110.0,1128.0,313.5,1018.0,1752074088.0,Concentrado Primario L1,22.487,16.78,0.106,1.466,24.62,30.8,C_01_S15
11-Jul-25,10:16 AM,110.5,1034.0,309.0,923.5,1752246842.0,Rebose Hidrociclones L1,2.42,0.46,0.0,0.021,0.0,33.46,C_01_S01
11-Jul-25,9:40 AM,110.0,1033.5,273.0,923.5,1752244568.0,Relave Final,1.77,0.048,0.0,0.003,0.0,29.56,C_01_S03
11-Jul-25,9:43 AM,110.5,1307.5,125.5,1197.0,1752244574.0,Cola Scavenger L1,11.071,0.125,0.0,0.006,0.0,10.48,C_01_S04
11-Jul-25,9:47 AM,109.0,1243.0,121.0,1134.0,1752244577.0,Cola Scavenger L2,10.996,0.132,0.0,0.006,0.0,10.67,C_01_S05
11-Jul-25,9:49 AM,110.5,1177.0,222.0,1066.5,1752244584.0,Concentrado 1ra Limpieza L1,27.034,23.771,0.0,1.059,0.0,20.82,C_01_S08
11-Jul-25,9:53 AM,110.0,765.5,108.0,655.5,1752244586.0,Concentrado 1ra Limpieza L2,26.906,24.521,0.0,1.007,0.0,16.48,C_01_S09
11-Jul-25,9:56 AM,109.0,1032.5,221.0,923.5,1752244589.0,Concentrado Colectivo,27.603,25.769,0.0,1.039,0.0,23.93,C_01_S10
11-Jul-25,9:57 AM,109.5,605.5,166.5,496.0,1752244592.0,Concentrado Primario L2,22.516,18.328,0.0,0.743,0.0,33.57,C_01_S14
16-Jul-25,12:53 PM,110.0,960.5,196.5,850.5,1752688215.0,Rebose Hidrociclones L1,2.114,0.642,0.006,0.031,0.0,23.1,C_01_S01
16-Jul-25,12:55 PM,110.0,950.5,199.5,840.5,1752688219.0,Rebose Hidrociclones L2,2.033,0.514,0.005,0.024,0.0,23.74,C_01_S02
16-Jul-25,12:58 PM,110.0,996.0,220.5,886.0,1752688331.0,Relave Final,1.897,0.053,0.0,0.005,0.0,24.89,C_01_S03
16-Jul-25,1:02 PM,107.0,1342.5,128.5,1235.5,1752688580.0,Cola Scavenger L1,14.392,0.244,0.0,0.008,0.0,10.4,C_01_S04
16-Jul-25,1:06 PM,108.5,1329.0,121.0,1220.5,1752688582.0,Cola Scavenger L2,14.812,0.226,0.0,0.009,0.0,9.91,C_01_S05
16-Jul-25,12:08 PM,110.0,987.5,157.5,877.5,1752688826.0,Concentrado 1ra Limpieza L1,26.128,25.569,0.108,1.032,14.0,17.95,C_01_S08
16-Jul-25,12:12 PM,109.0,1020.5,261.0,911.5,1752688829.0,Concentrado 1ra Limpieza L2,25.696,24.371,0.116,1.405,15.98,28.63,C_01_S09
16-Jul-25,12:59 PM,110.5,1072.5,214.5,962.0,1752688338.0,Concentrado Colectivo,26.582,26.668,0.124,1.412,13.08,22.3,C_01_S10
16-Jul-25,12:48 PM,110.0,1145.5,381.0,1035.5,1752687872.0,Concentrado Primario L2,23.127,19.477,0.097,1.048,26.1,36.79,C_01_S14
16-Jul-25,12:51 PM,110.0,1121.0,369.0,1011.0,1752687944.0,Concentrado Primario L1,22.899,18.278,0.085,1.05,27.98,36.5,C_01_S15
18-Jul-25,11:15,110.5,1072.5,325.0,962.0,1752855041.0,Rebose Hidrociclones L1,2.186,0.577,0.006,0.057,0.0,33.78,C_01_S01
18-Jul-25,11:17,110.0,968.0,163.0,858.0,1752855045.0,Rebose Hidrociclones L2,2.143,0.479,0.006,0.036,0.0,19.0,C_01_S02
18-Jul-25,11:12,109.0,979.5,195.0,870.5,1752855002.0,Relave Final,1.645,0.054,0.0,0.004,0.0,22.4,C_01_S03
18-Jul-25,11:33,110.5,1347.5,171.5,1237.0,1752855836.0,Cola Scavenger L1,12.965,0.103,0.0,0.008,0.0,13.86,C_01_S04
18-Jul-25,11:36,110.5,1358.5,177.0,1248.0,1752855839.0,Cola Scavenger L2,12.878,0.102,0.0,0.007,0.0,14.18,C_01_S05
18-Jul-25,11:27,110.5,977.0,72.0,866.5,1752855766.0,Concentrado 1ra Limpieza L1,27.68,24.471,0.138,1.165,15.06,8.31,C_01_S08
18-Jul-25,11:30,110.0,1031.5,274.5,921.5,1752855768.0,Concentrado 1ra Limpieza L2,24.683,21.075,0.127,1.292,22.74,29.79,C_01_S09
18-Jul-25,11:23,109.0,1065.5,212.9,956.5,1752855231.0,Concentrado Colectivo,27.072,23.771,0.142,1.535,16.0,22.25,C_01_S10
18-Jul-25,11:22,109.5,1164.0,411.5,1054.5,1752855228.0,Concentrado Primario L2,22.814,16.48,0.09,0.997,31.0,39.02,C_01_S14
18-Jul-25,11:19,110.0,1152.5,410.0,1042.5,1752855223.0,Concentrado Primario L1,23.614,18.478,0.104,0.996,27.94,39.33,C_01_S15
21-Jul-25,10:09,110.0,647.0,132.5,537.0,1753110335.0,Relave Final,1.053,0.051,0.0,0.006,0.0,24.67,C_01_S03
21-Jul-25,10:18,107.0,1010.0,110.0,903.0,1753110435.0,Cola Scavenger L1,7.811,0.287,0.0,0.018,0.0,12.18,C_01_S04
21-Jul-25,10:13,108.5,994.5,104.5,886.0,1753110340.0,Cola Scavenger L2,7.95,0.259,0.0,0.016,0.0,11.79,C_01_S05
21-Jul-25,10:24,110.0,773.5,142.0,663.5,1753111137.0,Concentrado 1ra Limpieza L1,25.186,26.119,0.116,2.495,12.46,21.4,C_01_S08
21-Jul-25,10:28,110.0,822.5,182.0,712.5,1753111139.0,Concentrado 1ra Limpieza L2,24.984,25.519,0.117,3.103,12.72,25.54,C_01_S09
21-Jul-25,10:31,110.5,869.5,181.0,759.0,1753111140.0,Concentrado Colectivo,25.605,27.717,0.116,2.783,9.64,23.85,C_01_S10
21-Jul-25,10:19,110.0,725.0,212.5,615.0,1753110439.0,Concentrado Primario L2,20.605,19.077,0.083,1.841,27.1,34.55,C_01_S14
21-Jul-25,10:40,110.0,973.0,320.0,863.0,1753112112.0,Concentrado Primario L1,21.154,18.977,0.078,1.656,27.2,37.08,C_01_S15
28-Jul-25,14:00:00,110.0,914.5,206.5,804.5,1753715405.0,Relave Final,1.48,0.095,0.0,0.008,0.0,25.67,C_01_S03
28-Jul-25,14:00:00,107.0,1269.0,116.0,1162.0,1753715342.0,Cola Scavenger L1,9.388,0.255,0.0,0.026,0.0,9.98,C_01_S04
28-Jul-25,14:00:00,108.5,1288.5,138.0,1180.0,1753715346.0,Cola Scavenger L2,9.329,0.264,0.0,0.022,0.0,11.69,C_01_S05
28-Jul-25,14:00:00,110.0,1059.5,367.0,949.5,1753716126.0,Concentrado 1ra Limpieza L1,24.066,25.32,0.209,1.834,11.18,38.65,C_01_S08
28-Jul-25,14:00:00,110.0,1030.5,332.5,920.5,1753716128.0,Concentrado 1ra Limpieza L2,23.162,24.92,0.203,2.225,11.72,36.12,C_01_S09
28-Jul-25,14:00:00,110.5,995.5,163.5,885.0,1753714839.0,Concentrado Colectivo,22.847,25.12,0.209,2.178,12.82,18.47,C_01_S10
28-Jul-25,14:00:00,110.0,1112.0,403.5,1002.0,1753715973.0,Concentrado Primario L2,21.275,17.564,0.133,1.331,24.64,40.27,C_01_S14
28-Jul-25,14:00:00,110.0,1016.0,278.5,906.0,1753714808.0,Concentrado Primario L1,21.485,18.815,0.151,1.584,22.66,30.74,C_01_S15
31-Jul-25,11:41:00,110.5,947.0,313.0,836.5,1753893337.0,Rebose Hidrociclones L1,2.467,0.522,0.0,0.039,0.0,37.42,C_01_S01
31-Jul-25,11:37:00,110.0,1081.5,386.0,971.5,1753893308.0,Rebose Hidrociclones L2,2.668,0.598,0.0,0.037,0.0,39.73,C_01_S02
31-Jul-25,11:56:00,109.0,1029.0,265.5,920.0,1753894421.0,Relave Final,2.06,0.087,0.0,0.01,0.0,28.86,C_01_S03
31-Jul-25,11:48:00,110.5,1334.5,161.5,1224.0,1753893722.0,Cola Scavenger L1,6.768,0.174,0.0,0.014,0.0,13.19,C_01_S04
31-Jul-25,11:45:00,110.5,1138.0,398.0,1027.5,1753893367.0,Concentrado 1ra Limpieza L1,24.527,24.219,0.0,1.434,10.78,38.73,C_01_S08
31-Jul-25,11:39:00,110.0,1102.0,331.0,992.0,1753893309.0,Concentrado 1ra Limpieza L2,24.936,23.819,0.0,1.576,11.14,33.37,C_01_S09
31-Jul-25,12:05:00,109.0,1163.5,364.0,1054.5,1753895029.0,Concentrado Colectivo,25.212,25.921,0.0,1.484,6.96,34.52,C_01_S10
31-Jul-25,11:52:00,109.5,1165.0,393.5,1055.5,1753894258.0,Concentrado Primario L2,21.257,18.865,0.0,1.312,22.74,37.28,C_01_S14
31-Jul-25,12:27:00,110.0,1054.0,249.5,944.0,1753895935.0,Concentrado Primario L1,19.6,18.915,0.0,1.575,26.3,26.43,C_01_S15
04-Aug-25,10:24:00,110.5,1085.5,357.5,975.0,1754320750.0,Rebose Hidrociclones L1,2.247,0.462,0.005,0.061,0.0,36.67,C_01_S01
04-Aug-25,10:26:00,110.0,1088.5,367.5,978.5,1754320751.0,Rebose Hidrociclones L2,2.514,0.512,0.005,0.064,0.0,37.56,C_01_S02
04-Aug-25,10:21:00,109.0,997.0,205.5,888.0,1754320741.0,Relave Final,2.189,0.06,0.0,0.012,0.0,23.14,C_01_S03
04-Aug-25,10:32:00,110.5,1375.0,133.0,1264.5,1754320758.0,Cola Scavenger L1,9.483,0.197,0.0,0.018,0.0,10.52,C_01_S04
04-Aug-25,10:39:00,108.5,1349.5,131.5,1241.0,1754320764.0,Cola Scavenger L2,9.585,0.177,0.0,0.015,0.0,10.6,C_01_S05
04-Aug-25,10:34:00,110.0,1139.5,375.0,1029.5,1754320761.0,Concentrado 1ra Limpieza L2,28.134,20.972,0.1,2.767,10.64,36.43,C_01_S09
04-Aug-25,10:28:00,109.0,1128.5,262.5,1019.5,1754320755.0,Concentrado Colectivo,27.044,22.148,0.11,3.157,10.92,25.75,C_01_S10
04-Aug-25,10:30:00,109.5,1188.0,417.0,1078.5,1754320756.0,Concentrado Primario L2,24.858,16.023,0.073,1.95,22.7,38.66,C_01_S14
04-Aug-25,10:36:00,110.0,1199.5,426.0,1089.5,1754320762.0,Concentrado Primario L1,23.555,16.464,0.076,1.989,24.6,39.1,C_01_S15
06-Aug-25,18:00:00,110.0,1039.5,286.5,929.5,1754521039.0,Rebose Hidrociclones L2,4.194,0.289,0.011,0.011,0.0,30.82,C_01_S02
06-Aug-25,17:35:00,109.0,971.0,205.0,862.0,1754519613.0,Relave Final,3.688,0.043,0.0,0.004,0.0,23.78,C_01_S03
06-Aug-25,17:57:00,110.5,1158.0,124.5,1047.5,1754520933.0,Cola Scavenger L1,24.03,0.167,0.0,0.005,0.0,11.89,C_01_S04
06-Aug-25,17:38:00,108.5,1372.5,186.0,1264.0,1754519641.0,Cola Scavenger L2,24.82,0.152,0.0,0.004,0.0,14.72,C_01_S05
06-Aug-25,17:49:00,110.0,971.0,134.5,861.0,1754519755.0,Concentrado 1ra Limpieza L2,29.099,19.649,0.215,0.741,13.08,15.62,C_01_S09
06-Aug-25,17:52:00,109.0,1204.5,195.0,1095.5,1754519758.0,Concentrado Colectivo,26.187,17.836,0.189,0.781,18.72,17.8,C_01_S10
06-Aug-25,17:40:00,109.5,1188.5,394.5,1079.0,1754519652.0,Concentrado Primario L2,29.658,11.956,0.125,0.424,20.12,36.56,C_01_S14
06-Aug-25,17:54:00,110.0,1150.5,351.0,1040.5,1754520407.0,Concentrado Primario L1,28.879,12.544,0.137,0.463,21.48,33.73,C_01_S15
11-Aug-25,12:08:00,110.5,1045.0,334.5,934.5,1754932045.0,Rebose Hidrociclones L1,2.567,0.416,0.008,0.011,0.0,35.79,C_01_S01
11-Aug-25,12:12:00,110.5,1320.0,142.0,1209.5,1754932084.0,Cola Scavenger L1,23.943,0.182,0.0,0.006,0.0,11.74,C_01_S04
11-Aug-25,12:16:00,108.5,1267.0,29.5,1158.5,1754932174.0,Cola Scavenger L2,22.285,0.327,0.0,0.015,0.0,2.55,C_01_S05
11-Aug-25,12:13:00,109.0,1019.0,207.5,910.0,1754932089.0,Concentrado Colectivo,30.827,26.567,0.226,0.593,7.96,22.8,C_01_S10
11-Aug-25,12:21:00,110.0,1098.5,253.5,988.5,1754932370.0,Concentrado Primario L1,32.117,15.423,0.168,0.515,19.72,25.64,C_01_S15
13-Aug-25,11:58:00,109.0,958.0,202.5,849.0,1755104108.0,Relave Final,2.645,0.069,0.0,0.004,0.0,23.85,C_01_S03
13-Aug-25,12:02:00,107.0,1131.0,128.5,1024.0,1755104112.0,Cola Scavenger L1,15.555,0.221,0.0,0.012,0.0,12.55,C_01_S04
13-Aug-25,12:04:00,110.5,954.5,93.0,844.0,1755104122.0,Concentrado 1ra Limpieza L1,29.787,22.686,0.0,0.599,13.38,11.02,C_01_S08
13-Aug-25,12:08:00,110.0,1004.0,177.5,894.0,1755104124.0,Concentrado 1ra Limpieza L2,27.742,21.592,0.0,0.632,14.78,19.85,C_01_S09
13-Aug-25,12:11:00,110.6,1039.5,190.5,928.9,1755104126.0,Concentrado Colectivo,27.743,24.676,0.0,0.804,11.76,20.51,C_01_S10
13-Aug-25,12:13:00,109.5,1221.5,443.0,1112.0,1755104129.0,Concentrado Primario L2,28.14,16.119,0.0,0.35,19.62,39.84,C_01_S14
15-Aug-25,12:39:00,110.0,828.0,236.5,718.0,1755279009.0,Rebose Hidrociclones L2,2.566,0.377,0.0,0.013,0.0,32.94,C_01_S02
15-Aug-25,12:30:00,111.0,768.5,150.0,657.5,1755278961.0,Relave Final,1.987,0.044,0.0,0.003,0.0,22.81,C_01_S03
15-Aug-25,12:46:00,110.5,1367.0,172.0,1256.5,1755279036.0,Cola Scavenger L1,24.304,0.174,0.0,0.003,0.0,13.69,C_01_S04
15-Aug-25,12:43:00,108.5,1369.5,189.5,1261.0,1755279028.0,Cola Scavenger L2,26.14,0.173,0.0,0.003,0.0,15.03,C_01_S05
15-Aug-25,12:33:00,110.0,949.0,87.0,839.0,1755278995.0,Concentrado 1ra Limpieza L1,30.387,20.099,0.0,0.662,11.72,10.37,C_01_S08
15-Aug-25,12:37:00,109.0,988.0,181.0,879.0,1755279005.0,Concentrado 1ra Limpieza L2,28.883,19.303,0.0,0.721,13.28,20.59,C_01_S09
15-Aug-25,12:48:00,109.0,1024.0,204.0,915.0,1755279041.0,Concentrado Colectivo,30.313,22.985,0.0,0.914,9.64,22.3,C_01_S10
15-Aug-25,12:40:00,110.0,1306.0,563.0,1196.0,1755279017.0,Concentrado Primario L2,33.1,8.458,0.0,0.299,19.12,47.07,C_01_S14
18-Aug-25,16:58:00,110.0,1057.0,356.5,947.0,1755554158.0,Rebose Hidrociclones L1,2.7,0.484,0.0,0.024,0.0,37.65,C_01_S01
18-Aug-25,17:02:00,110.0,1057.5,320.5,947.5,1755544175.0,Rebose Hidrociclones L2,2.686,0.475,0.0,0.023,0.0,33.83,C_01_S02
18-Aug-25,17:06:00,111.0,930.0,155.0,819.0,1755554191.0,Relave Final,2.441,0.059,0.0,0.006,0.0,18.93,C_01_S03
18-Aug-25,17:10:00,110.5,1378.5,206.5,1268.0,1755554201.0,Cola Scavenger L1,19.516,0.134,0.0,0.005,0.0,16.29,C_01_S04
18-Aug-25,17:13:00,108.5,1362.0,232.5,1253.5,1755554209.0,Cola Scavenger L2,19.224,0.111,0.0,0.004,0.0,18.55,C_01_S05
18-Aug-25,17:01:00,110.0,951.5,80.0,841.5,1755554168.0,Concentrado 1ra Limpieza L1,28.063,23.582,0.0,0.785,12.08,9.51,C_01_S08
18-Aug-25,17:04:00,110.0,992.5,201.0,882.5,1755554178.0,Concentrado 1ra Limpieza L2,28.198,20.995,0.0,0.915,15.84,22.78,C_01_S09
18-Aug-25,17:07:00,109.0,861.0,247.5,752.0,1755554195.0,Concentrado Colectivo,30.874,22.686,0.0,0.679,7.66,32.91,C_01_S10
18-Aug-25,17:15:00,110.0,949.0,317.0,839.0,1755554212.0,Concentrado Primario L2,27.133,14.328,0.0,0.62,21.62,37.78,C_01_S14
18-Aug-25,17:20:00,110.0,1490.0,577.5,1380.0,1755555555.0,Concentrado Primario L1,27.886,14.229,0.0,0.634,20.92,41.85,C_01_S15
20-Aug-25,17:14:00,110.5,1285.0,113.5,1174.5,1755727900.0,Cola Scavenger L1,13.22,0.147,0.0,0.013,0.0,9.66,C_01_S04
20-Aug-25,17:19:00,108.5,985.5,118.5,877.0,1755727908.0,Cola Scavenger L2,12.47,0.186,0.0,0.014,0.0,13.51,C_01_S05
20-Aug-25,17:17:00,110.0,948.0,455.0,838.0,1755727905.0,Concentrado 1ra Limpieza L1,27.285,22.885,0.0,1.342,13.0,54.3,C_01_S08
20-Aug-25,17:22:00,110.0,1322.0,123.5,1212.0,1755727912.0,Concentrado 1ra Limpieza L2,27.212,23.383,0.0,1.402,12.44,10.19,C_01_S09
20-Aug-25,17:24:00,109.5,1020.5,165.0,911.0,1755727916.0,Concentrado Colectivo,30.147,21.094,0.0,1.59,12.54,18.11,C_01_S10
20-Aug-25,17:31:00,110.0,963.0,325.5,853.0,1755729026.0,Concentrado Primario L2,33.528,11.94,0.0,0.627,13.02,38.16,C_01_S14
27-Aug-25,17:00:00,110.5,1079.0,381.0,968.5,1755729027.0,Rebose Hidrociclones L1,2.642,0.654,0.008,0.051,0.0,39.34,C_01_S01
27-Aug-25,17:00:00,110.5,966.5,97.0,856.0,1755729028.0,Concentrado 1ra Limpieza L1,28.284,26.267,0.149,1.88,11.16,11.33,C_01_S08
27-Aug-25,17:00:00,110.0,1010.5,225.0,900.5,1755729029.0,Concentrado 1ra Limpieza L2,26.337,24.235,0.154,2.297,13.88,24.99,C_01_S09
27-Aug-25,17:00:00,109.0,999.0,131.0,890.0,1755729030.0,Concentrado Colectivo,25.721,24.433,0.155,2.029,13.78,14.72,C_01_S10
27-Aug-25,17:00:00,110.0,1160.5,385.0,1050.5,1755729031.0,Concentrado Primario L2,21.264,18.882,0.115,1.482,27.34,36.65,C_01_S14
27-Aug-25,17:00:00,109.5,1122.0,372.5,1012.5,1755729032.0,Concentrado Primario L1,22.693,20.468,0.121,1.644,24.06,36.79,C_01_S15
29-Aug-25,16:09:00,110.0,1082.5,402.0,972.5,1756501481.0,Rebose Hidrociclones L1,3.366,0.662,0.01,0.062,0.0,41.34,C_01_S01
29-Aug-25,16:12:00,108.0,1084.0,388.0,976.0,1756501728.0,Rebose Hidrociclones L2,3.026,0.594,0.009,0.061,0.0,39.75,C_01_S02
29-Aug-25,16:02:00,111.0,1084.0,250.0,973.0,1756501217.0,Relave Final,2.624,0.363,0.0,0.042,0.0,25.69,C_01_S03
29-Aug-25,16:06:00,110.5,1289.0,82.5,1178.5,1756501380.0,Cola Scavenger L1,9.122,0.25,0.0,0.024,0.0,7.0,C_01_S04
29-Aug-25,16:03:00,110.0,1050.5,243.5,940.5,1756501360.0,Concentrado Colectivo,25.583,22.897,0.196,2.371,15.88,25.89,C_01_S10
29-Aug-25,16:08:00,110.0,1096.0,293.0,986.0,1756501416.0,Concentrado Primario L1,18.45,14.67,0.126,1.471,35.94,29.72,C_01_S15
01-Sep-25,11:46:00,110.5,1070.5,360.5,960.0,1756744966.0,Rebose Hidrociclones L1,2.831,0.504,0.0,0.032,0.0,37.55,C_01_S01
01-Sep-25,11:51:00,108.5,1293.5,106.5,1185.0,1756745009.0,Cola Scavenger L1,6.363,0.135,0.0,0.011,0.0,8.99,C_01_S04
01-Sep-25,11:55:00,108.0,1310.0,113.5,1202.0,1756745020.0,Cola Scavenger L2,6.115,0.117,0.0,0.008,0.0,9.44,C_01_S05
01-Sep-25,11:49:00,109.0,943.5,103.0,834.5,1756744999.0,Concentrado 1ra Limpieza L1,27.299,25.176,0.0,1.721,12.28,12.34,C_01_S08
01-Sep-25,11:58:00,110.5,1006.5,270.0,896.0,1756745025.0,Concentrado 1ra Limpieza L2,27.659,24.037,0.0,1.745,13.28,30.13,C_01_S09
01-Sep-25,12:01:00,110.5,1048.0,233.5,937.5,1756745157.0,Concentrado Colectivo,27.082,26.217,0.0,1.813,12.24,24.91,C_01_S10
01-Sep-25,11:53:00,110.0,1140.5,374.5,1030.5,1756745014.0,Concentrado Primario L2,22.967,19.13,0.0,1.293,27.18,36.34,C_01_S14
01-Sep-25,11:59:00,110.0,1117.0,323.0,1007.0,1756745151.0,Concentrado Primario L1,21.83,17.445,0.0,1.168,31.14,32.08,C_01_S15
03-Sep-25,11:03:00,110.5,1082.0,392.0,971.5,1756915287.0,Rebose Hidrociclones L1,2.579,0.617,0.0,0.046,0.0,40.35,C_01_S01
03-Sep-25,11:08:00,108.5,1341.0,177.5,1232.5,1756915295.0,Cola Scavenger L1,5.821,0.171,0.0,0.008,0.0,14.4,C_01_S04
03-Sep-25,11:13:00,108.0,1332.0,149.0,1224.0,1756915306.0,Cola Scavenger L2,5.82,0.152,0.0,0.006,0.0,12.17,C_01_S05
03-Sep-25,11:06:00,110.0,963.0,105.5,853.0,1756915292.0,Concentrado 1ra Limpieza L1,28.684,24.185,0.0,1.65,12.74,12.37,C_01_S08
03-Sep-25,11:10:00,110.5,833.5,243.9,723.0,1756915301.0,Concentrado 1ra Limpieza L2,27.727,22.104,0.0,1.685,15.52,33.73,C_01_S09
03-Sep-25,11:18:00,112.5,1330.5,401.0,1218.0,1756916198.0,Concentrado Colectivo,28.527,22.599,0.0,1.757,13.76,32.92,C_01_S10
05-Sep-25,11:20:00,110.0,1075.5,327.5,965.5,1757089071.0,Rebose Hidrociclones L1,2.336,0.582,0.012,0.04,0.0,33.92,C_01_S01
05-Sep-25,11:43:00,108.0,1055.0,352.0,947.0,1757089988.0,Rebose Hidrociclones L2,2.618,0.62,0.012,0.043,0.0,37.17,C_01_S02
05-Sep-25,11:18:00,111.0,999.0,212.0,888.0,1757088957.0,Relave Final,1.656,0.075,0.0,0.008,0.0,23.87,C_01_S03
05-Sep-25,11:36:00,110.5,1333.0,147.5,1222.5,1757089810.0,Cola Scavenger L1,8.405,0.156,0.0,0.014,0.0,12.07,C_01_S04
05-Sep-25,11:40:00,109.0,1328.5,146.0,1219.5,1757089983.0,Cola Scavenger L2,8.199,0.179,0.0,0.011,0.0,11.97,C_01_S05
05-Sep-25,11:23:00,110.5,967.5,119.5,857.0,1757089127.0,Concentrado 1ra Limpieza L1,25.999,22.005,0.322,1.832,16.5,13.94,C_01_S08
05-Sep-25,11:32:00,110.0,1010.0,284.0,900.0,1757089335.0,Concentrado 1ra Limpieza L2,25.985,22.798,0.329,1.804,16.08,31.56,C_01_S09
05-Sep-25,11:45:00,110.0,1275.5,327.0,1165.5,1757090653.0,Concentrado Colectivo,25.828,20.518,0.299,1.828,18.96,28.06,C_01_S10
05-Sep-25,11:33:00,110.0,1172.5,380.5,1062.5,1757089415.0,Concentrado Primario L2,22.836,16.751,0.245,1.307,28.36,35.81,C_01_S14
05-Sep-25,11:29:00,110.0,1121.0,279.0,1011.0,1757088274.0,Concentrado Primario L1,20.953,15.463,0.229,1.345,33.3,27.6,C_01_S15
08-Sep-25,11:40:00,110.5,1078.0,382.0,967.5,1757348882.0,Rebose Hidrociclones L1,2.496,0.593,0.007,0.035,0.0,39.48,C_01_S01
08-Sep-25,11:23:00,110.0,982.5,226.5,872.5,1757348389.0,Relave Final,2.368,0.078,0.0,0.011,0.0,25.96,C_01_S03
08-Sep-25,11:30:00,108.5,1288.0,139.0,1179.5,1757348396.0,Cola Scavenger L1,6.432,0.135,0.0,0.016,0.0,11.78,C_01_S04
08-Sep-25,11:33:00,108.0,1284.0,133.0,1176.0,1757348409.0,Cola Scavenger L2,6.38,0.139,0.0,0.016,0.0,11.31,C_01_S05
08-Sep-25,11:38:00,109.0,859.5,106.0,750.5,1757348459.0,Concentrado 1ra Limpieza L1,26.989,25.576,0.145,1.528,12.3,14.12,C_01_S08
08-Sep-25,11:25:00,110.5,937.5,296.5,827.0,1757348393.0,Concentrado 1ra Limpieza L2,27.011,24.739,0.153,1.528,13.68,35.85,C_01_S09
08-Sep-25,11:35:00,110.5,1024.5,250.0,914.0,1757348411.0,Concentrado Colectivo,27.015,24.788,0.144,1.752,12.8,27.35,C_01_S10
08-Sep-25,11:21:00,110.0,1067.0,229.5,957.0,1757348386.0,Concentrado Primario L2,19.766,16.115,0.097,1.188,35.7,23.98,C_01_S14
08-Sep-25,11:27:00,110.0,1109.5,285.0,999.5,1757348395.0,Concentrado Primario L1,20.559,16.164,0.093,1.057,37.06,28.51,C_01_S15
10-Sep-25,16:49:00,110.5,1237.5,129.5,1127.0,1757540629.0,Cola Scavenger L1,18.773,0.152,0.0,0.012,0.0,11.49,C_01_S04
10-Sep-25,16:53:00,109.0,1203.0,125.0,1094.0,1657540631.0,Cola Scavenger L2,17.958,0.139,0.0,0.013,0.0,11.43,C_01_S05
10-Sep-25,16:55:00,110.5,766.0,109.5,655.5,1757540634.0,Concentrado 1ra Limpieza L1,29.054,22.964,0.0,0.785,12.38,16.7,C_01_S08
10-Sep-25,16:59:00,110.0,793.0,231.5,683.0,1757540636.0,Concentrado 1ra Limpieza L2,29.456,22.225,0.0,0.847,13.24,33.89,C_01_S09
10-Sep-25,17:02:00,110.0,899.5,200.0,789.5,1757540637.0,Concentrado Colectivo,27.74,24.541,0.0,0.97,13.62,25.33,C_01_S10
12-Sep-25,11:09:00,110.0,791.5,154.5,681.5,1757693085.0,Rebose Hidrociclones L1,2.803,0.61,0.0,0.017,0.0,22.67,C_01_S01
12-Sep-25,11:12:00,110.0,802.0,172.0,692.0,1759693091.0,Relave Final,2.534,0.038,0.0,0.002,0.0,24.86,C_01_S03
12-Sep-25,11:07:00,110.5,871.0,112.0,760.5,1757693082.0,Cola Scavenger L1,21.193,0.122,0.0,0.007,0.0,14.73,C_01_S04
12-Sep-25,11:18:00,109.0,915.0,124.0,806.0,1757693769.0,Cola Scavenger L2,21.809,0.115,0.0,0.005,0.0,15.38,C_01_S05
12-Sep-25,11:22:00,110.5,536.0,67.0,425.5,1757693896.0,Concentrado 1ra Limpieza L1,31.082,23.194,0.0,0.798,11.7,15.75,C_01_S08
12-Sep-25,11:26:00,110.0,533.0,134.0,423.0,1757693897.0,Concentrado 1ra Limpieza L2,30.883,21.906,0.0,0.763,12.58,31.68,C_01_S09
12-Sep-25,11:28:00,110.0,670.0,134.0,560.0,1757693901.0,Concentrado Colectivo,29.451,23.888,0.0,0.859,13.34,23.93,C_01_S10
12-Sep-25,11:30:00,110.0,894.5,288.0,784.5,1757694287.0,Concentrado Primario L1,31.663,11.101,0.0,0.402,22.06,36.71,C_01_S15
15-Sep-25,18:09:00,110.0,591.0,111.0,481.0,1757977416.0,Relave Final,1.914,0.067,0.0,0.006,0.0,23.08,C_01_S03
15-Sep-25,18:12:00,110.5,659.0,41.0,548.5,1757977420.0,Cola Scavenger L1,21.805,0.252,0.0,0.009,0.0,7.47,C_01_S04
15-Sep-25,18:16:00,109.0,611.5,38.0,502.5,1757977422.0,Cola Scavenger L2,22.68,0.211,0.0,0.009,0.0,7.56,C_01_S05
15-Sep-25,18:18:00,110.5,373.0,44.0,262.5,1757977984.0,Concentrado 1ra Limpieza L1,31.062,22.798,0.0,1.322,0.0,16.76,C_01_S08
15-Sep-25,18:22:00,110.0,364.0,82.5,254.0,1757977985.0,Concentrado 1ra Limpieza L2,30.246,22.104,0.0,1.335,0.0,32.48,C_01_S09
15-Sep-25,18:25:00,110.0,472.0,103.0,362.0,1757977988.0,Concentrado Colectivo,30.822,23.888,0.0,1.488,0.0,28.45,C_01_S10
17-Sep-25,17:40:00,110.0,422.0,98.5,312.0,1758148707.0,Rebose Hidrociclones L1,3.004,0.596,0.0,0.033,0.0,31.57,C_01_S01
17-Sep-25,17:27:00,108.0,481.5,110.5,373.5,1758147371.0,Rebose Hidrociclones L2,2.786,0.761,0.0,0.04,0.0,29.59,C_01_S02
17-Sep-25,17:34:00,107.0,400.0,35.0,293.0,1758147388.0,Cola Scavenger L1,21.027,0.154,0.0,0.008,0.0,11.95,C_01_S04
17-Sep-25,17:38:00,108.5,422.5,35.5,314.0,1758147393.0,Cola Scavenger L2,22.228,0.151,0.0,0.008,0.0,11.31,C_01_S05
17-Sep-25,17:20:00,110.0,266.5,21.5,156.5,1758147359.0,Concentrado 1ra Limpieza L1,28.565,21.013,0.0,1.102,17.06,13.74,C_01_S08
17-Sep-25,17:29:00,110.5,298.0,62.0,187.5,1758147375.0,Concentrado 1ra Limpieza L2,28.695,19.031,0.0,1.13,18.6,33.07,C_01_S09
17-Sep-25,17:42:00,110.5,320.5,50.0,210.0,1758148711.0,Concentrado Colectivo,27.797,20.022,0.0,1.217,18.66,23.81,C_01_S10
24-Sep-25,11:47:00,108.0,1069.5,376.5,961.5,1758731755.0,Rebose Hidrociclones L2,1.783,0.601,0.005,0.048,0.0,39.16,C_01_S02
24-Sep-25,11:40:00,111.0,975.0,227.5,864.0,1758731690.0,Relave Final,1.442,0.067,0.0,0.008,0.0,26.33,C_01_S03
24-Sep-25,11:52:00,110.5,1288.5,110.0,1178.0,1758731774.0,Cola Scavenger L1,16.518,0.15,0.0,0.012,0.0,9.34,C_01_S04
24-Sep-25,11:44:00,108.5,1285.0,111.0,1176.5,1758731716.0,Cola Scavenger L2,15.5,0.182,0.0,0.014,0.0,9.43,C_01_S05
24-Sep-25,11:38:00,110.5,945.5,128.0,835.0,1758731687.0,Concentrado 1ra Limpieza L1,29.069,23.095,0.115,2.332,12.44,15.33,C_01_S08
24-Sep-25,11:50:00,110.0,1006.0,254.0,896.0,1758731771.0,Concentrado 1ra Limpieza L2,28.729,22.5,0.107,2.476,13.72,28.35,C_01_S09
24-Sep-25,11:41:00,110.0,1024.5,202.5,914.5,1758731708.0,Concentrado Colectivo,28.597,25.771,0.132,2.785,10.42,22.14,C_01_S10
24-Sep-25,11:45:00,110.0,1006.0,313.0,896.0,1758731749.0,Concentrado Primario L2,23.131,13.877,0.075,1.635,30.06,34.93,C_01_S14
24-Sep-25,11:35:00,110.0,929.0,218.0,819.0,1758731480.0,Concentrado Primario L1,17.286,12.489,0.062,1.284,42.3,26.62,C_01_S15
26-Sep-25,11:29:00,108.0,1041.5,374.5,933.5,1758903388.0,Rebose Hidrociclones L2,1.467,0.525,0.006,0.072,0.0,40.12,C_01_S02
26-Sep-25,11:20:00,111.0,953.5,217.0,842.5,1758903374.0,Relave Final,1.088,0.063,0.0,0.011,0.0,25.76,C_01_S03
26-Sep-25,11:25:00,110.5,1215.0,165.5,1104.5,1758903380.0,Cola Scavenger L1,16.868,0.177,0.0,0.012,0.0,14.98,C_01_S04
26-Sep-25,11:34:00,108.5,1277.5,128.0,1169.0,1758904230.0,Cola Scavenger L2,15.914,0.154,0.0,0.01,0.0,10.95,C_01_S05
26-Sep-25,11:27:00,110.5,937.0,129.0,826.5,1758903383.0,Concentrado 1ra Limpieza L1,28.239,21.937,0.0,2.87,12.62,15.61,C_01_S08
26-Sep-25,11:23:00,110.0,1007.0,279.0,897.0,1758903375.0,Concentrado 1ra Limpieza L2,28.401,21.445,0.0,2.613,13.84,31.1,C_01_S09
26-Sep-25,11:19:00,110.0,999.5,227.5,889.5,1758903369.0,Concentrado Colectivo,26.736,23.412,0.0,3.202,13.48,25.58,C_01_S10
26-Sep-25,11:31:00,110.0,976.5,327.5,866.5,1758903758.0,Concentrado Primario L2,24.322,16.329,0.0,2.016,25.74,37.8,C_01_S14
26-Sep-25,11:37:00,110.0,960.5,265.0,850.5,1758904233.0,Concentrado Primario L1,23.853,14.756,0.0,2.322,27.68,31.16,C_01_S15
29-Sep-25,11:26:00,111.0,953.0,213.5,842.0,1759162977.0,Relave Final,1.936,0.069,0.0,0.008,0.0,25.36,C_01_S03
29-Sep-25,11:29:00,110.5,1275.0,123.5,1164.5,1759162979.0,Cola Scavenger L1,21.953,0.17,0.0,0.013,0.0,10.61,C_01_S04
29-Sep-25,11:33:00,108.5,1269.0,115.5,1160.5,1759162981.0,Cola Scavenger L2,23.689,0.167,0.0,0.013,0.0,9.95,C_01_S05
29-Sep-25,11:35:00,110.5,941.0,114.0,830.5,1759162984.0,Concentrado 1ra Limpieza L1,30.226,22.401,0.0,2.051,12.04,13.73,C_01_S08
29-Sep-25,11:39:00,110.0,1013.5,296.5,903.5,1759162986.0,Concentrado 1ra Limpieza L2,28.028,21.592,0.0,2.085,12.56,32.82,C_01_S09
29-Sep-25,11:42:00,110.0,1011.5,209.5,901.5,1759162988.0,Concentrado Colectivo,26.526,22.985,0.0,2.096,14.78,23.24,C_01_S10
29-Sep-25,11:44:00,110.0,1172.5,432.0,1062.5,1759164178.0,Concentrado Primario L2,27.161,16.02,0.0,1.338,19.64,40.66,C_01_S14
29-Sep-25,11:47:00,110.0,1065.5,235.0,955.5,1759164179.0,Concentrado Primario L1,24.996,16.915,0.0,1.637,23.12,24.59,C_01_S15
03-Oct-25,12:15:00,111.0,970.5,224.0,859.5,1759511612.0,Relave Final,2.79,0.079,0.0,0.01,0.0,26.06,C_01_S03
03-Oct-25,12:24:00,108.5,1237.5,80.0,1129.0,1759511627.0,Cola Scavenger L1,19.253,0.377,0.0,0.038,0.0,7.09,C_01_S04
03-Oct-25,12:20:00,108.5,1249.0,84.0,1140.5,1759511623.0,Cola Scavenger L2,19.291,0.37,0.0,0.035,0.0,7.37,C_01_S05
03-Oct-25,12:18:00,110.0,996.0,270.5,886.0,1759511617.0,Concentrado 1ra Limpieza L2,27.965,24.086,0.0,2.883,12.02,30.53,C_01_S09
03-Oct-25,12:27:00,110.0,1040.5,239.0,930.5,1759511635.0,Concentrado Colectivo,28.44,26.465,0.0,3.19,8.34,25.69,C_01_S10
03-Oct-25,12:25:00,110.0,1172.5,424.5,1062.5,1759511631.0,Concentrado Primario L2,28.511,15.562,0.0,1.834,21.52,39.95,C_01_S14
13-Oct-25,10:04:00,111.0,951.0,198.5,840.0,1760367812.0,Relave Final,1.895,0.103,0.0,0.011,0.0,23.63,C_01_S03
13-Oct-25,10:08:00,110.5,1248.0,69.5,1137.5,1760367827.0,Cola Scavenger L1,17.085,0.257,0.0,0.031,0.0,6.11,C_01_S04
13-Oct-25,10:11:00,113.0,1247.5,89.0,1134.5,1760367830.0,Cola Scavenger L2,16.65,0.267,0.0,0.038,0.0,7.84,C_01_S05
13-Oct-25,10:14:00,115.0,970.5,167.0,855.5,1760367834.0,Concentrado 1ra Limpieza L1,27.448,23.681,0.0,2.376,11.86,19.52,C_01_S08
13-Oct-25,10:18:00,113.5,1014.5,284.5,901.0,1760367837.0,Concentrado 1ra Limpieza L2,27.345,24.278,0.0,2.179,11.08,31.58,C_01_S09
13-Oct-25,10:20:00,110.0,1067.0,293.5,957.0,1760367840.0,Concentrado Colectivo,27.211,26.368,0.0,2.187,9.5,30.67,C_01_S10
13-Oct-25,10:22:00,113.5,1157.5,401.0,1044.0,1760367842.0,Concentrado Primario L2,23.663,18.607,0.0,1.628,24.8,38.41,C_01_S14
13-Oct-25,10:35:00,100.0,1105.5,289.0,1005.5,1760369509.0,Concentrado Primario L1,24.49,17.313,0.0,1.708,25.1,28.74,C_01_S15
15-Oct-25,10:49:00,110.5,1034.0,356.6,923.5,1760543228.0,Rebose Hidrociclones L1,2.388,0.618,0.0,0.025,0.0,38.61,C_01_S01
15-Oct-25,10:53:00,110.0,971.5,236.0,861.5,1760543233.0,Relave Final,2.0,0.066,0.0,0.007,0.0,27.39,C_01_S03
15-Oct-25,10:56:00,108.5,1268.0,148.0,1159.5,1760543235.0,Cola Scavenger L1,18.148,0.171,0.0,0.015,0.0,12.76,C_01_S04
15-Oct-25,10:59:00,109.0,1252.5,148.5,1143.5,1760543236.0,Cola Scavenger L2,18.019,0.156,0.0,0.013,0.0,12.99,C_01_S05
15-Oct-25,11:02:00,109.0,940.5,137.0,831.5,1760543802.0,Concentrado 1ra Limpieza L1,28.768,24.776,0.0,1.215,11.28,16.48,C_01_S08
15-Oct-25,11:06:00,110.5,987.5,239.0,877.0,1760543803.0,Concentrado 1ra Limpieza L2,28.238,23.482,0.0,1.227,12.46,27.25,C_01_S09
15-Oct-25,11:08:00,110.6,979.0,187.5,868.4,1760543805.0,Concentrado Colectivo,27.914,26.368,0.0,1.222,10.38,21.59,C_01_S10
15-Oct-25,11:31:00,110.0,1131.5,353.5,1021.5,1760545785.0,Concentrado Primario L2,27.676,13.731,0.0,0.496,24.22,34.61,C_01_S14
15-Oct-25,11:36:00,110.6,1087.0,260.0,976.4,1760545787.0,Concentrado Primario L1,24.034,16.816,0.0,0.878,28.48,26.63,C_01_S15
17-Oct-25,10:39:00,110.0,1017.5,271.0,907.5,1760715353.0,Rebose Hidrociclones L1,2.029,0.609,0.0,1.716,86.07,29.86,C_01_S01
17-Oct-25,10:45:00,107.0,1278.5,150.0,1171.5,1760715368.0,Cola Scavenger L1,14.081,0.1,0.0,0.011,61.6,12.8,C_01_S04
17-Oct-25,10:48:00,108.5,1295.5,157.0,1187.0,1760715381.0,Cola Scavenger L2,15.022,0.099,0.0,0.011,64.24,13.23,C_01_S05
17-Oct-25,10:51:00,110.5,930.5,115.0,820.0,1760715383.0,Concentrado 1ra Limpieza L1,26.516,25.174,0.0,1.592,13.24,14.02,C_01_S08
17-Oct-25,10:54:00,110.0,981.0,239.5,871.0,1760715385.0,Concentrado 1ra Limpieza L2,26.297,24.875,0.0,1.469,27.42,27.5,C_01_S09
17-Oct-25,10:56:00,110.0,1206.5,470.5,1096.5,1760715387.0,Concentrado Primario L1,28.049,14.328,0.0,0.822,21.32,42.91,C_01_S15
22-Oct-25,18:31:00,110.5,694.0,229.5,583.5,1761175479.0,Rebose Hidrociclones L1,2.681,0.48,0.007,0.032,0.0,39.33,C_01_S01
22-Oct-25,18:36:00,109.0,687.0,222.0,578.0,1761176097.0,Rebose Hidrociclones L2,2.667,0.523,0.007,0.034,0.0,38.41,C_01_S02
22-Oct-25,18:28:00,111.0,658.5,168.0,547.5,1761175335.0,Relave Final,1.944,0.078,0.0,0.006,0.0,30.68,C_01_S03
22-Oct-25,18:21:00,110.5,982.5,95.5,872.0,1761174928.0,Cola Scavenger L1,18.141,0.189,0.0,0.014,0.0,10.95,C_01_S04
22-Oct-25,18:26:00,113.0,958.0,95.0,845.0,1761174943.0,Cola Scavenger L2,18.155,0.191,0.0,0.014,0.0,11.24,C_01_S05
22-Oct-25,18:23:00,109.0,756.0,63.5,647.0,1761174936.0,Concentrado 1ra Limpieza L1,29.446,26.268,0.155,1.392,9.2,9.81,C_01_S08
22-Oct-25,18:18:00,110.5,957.5,271.0,847.0,1761174846.0,Concentrado 1ra Limpieza L2,29.131,24.079,0.146,1.66,11.7,32.0,C_01_S09
22-Oct-25,18:08:00,110.5,1386.0,285.0,1275.5,1761174332.0,Concentrado Colectivo,28.375,26.467,0.15,1.64,10.62,22.34,C_01_S10
22-Oct-25,18:07:00,110.0,1043.0,369.5,933.0,1761174281.0,Concentrado Primario L2,29.12,17.114,0.105,1.049,18.46,39.6,C_01_S14
24-Oct-25,12:17:00,110.3,823.0,143.0,712.8,1761325978.0,Relave Final,1.565,0.09,0.0,0.009,0.0,20.06,C_01_S03
24-Oct-25,12:11:00,108.5,1085.0,106.5,976.5,1761325623.0,Cola Scavenger L1,16.325,0.179,0.0,0.012,0.0,10.91,C_01_S04
24-Oct-25,12:21:00,108.5,936.5,88.5,828.0,1761326282.0,Cola Scavenger L2,17.057,0.151,0.0,0.01,0.0,10.69,C_01_S05
24-Oct-25,12:15:00,115.0,903.5,89.5,788.5,1761325802.0,Concentrado 1ra Limpieza L1,28.584,23.582,0.122,1.7,12.12,11.35,C_01_S08
24-Oct-25,12:24:00,113.5,1113.5,257.5,1000.0,1761326289.0,Concentrado 1ra Limpieza L2,28.437,22.288,0.118,1.774,13.46,25.75,C_01_S09
24-Oct-25,12:07:00,100.0,1152.5,209.5,1052.5,1761325588.0,Concentrado Colectivo,27.825,21.89,0.124,1.801,15.22,19.9,C_01_S10
24-Oct-25,12:09:00,110.0,968.5,303.0,858.5,1761325594.0,Concentrado Primario L2,25.092,16.169,0.089,1.396,26.0,35.29,C_01_S14
24-Oct-25,12:13:00,113.5,984.0,393.5,870.5,1761325708.0,Concentrado Primario L1,27.416,15.472,0.083,1.326,22.5,45.2,C_01_S15
29-Oct-25,11:32:00,110.0,880.0,281.5,770.0,1761755381.0,Rebose Hidrociclones L1,2.221,0.625,0.005,0.037,0.0,36.56,C_01_S01
29-Oct-25,11:34:00,108.0,1711.0,331.0,1603.0,1761755383.0,Rebose Hidrociclones L2,2.154,0.591,0.005,0.038,0.0,20.65,C_01_S02
29-Oct-25,11:37:00,110.0,803.0,153.0,693.0,1761755384.0,Relave Final,1.454,0.069,0.0,0.007,0.0,22.08,C_01_S03
29-Oct-25,11:47:00,107.0,1125.5,152.0,1018.5,1761756335.0,Cola Scavenger L1,9.913,0.133,0.0,0.011,0.0,14.92,C_01_S04
29-Oct-25,11:51:00,108.5,1102.0,129.5,993.5,1761756489.0,Cola Scavenger L2,8.023,0.125,0.0,0.01,0.0,13.03,C_01_S05
29-Oct-25,11:53:00,109.0,968.0,208.5,859.0,1761756512.0,Concentrado 1ra Limpieza L1,27.274,21.859,0.091,1.56,16.6,24.27,C_01_S08
29-Oct-25,11:57:00,113.5,843.5,75.5,730.0,1761756513.0,Concentrado 1ra Limpieza L2,28.963,24.867,0.102,1.616,11.62,10.34,C_01_S09
29-Oct-25,12:00:00,110.0,947.0,161.0,837.0,1761756516.0,Concentrado Colectivo,28.483,25.569,0.099,1.679,12.36,19.24,C_01_S10
29-Oct-25,12:01:00,110.0,1135.0,320.5,1025.0,1761756943.0,Concentrado Primario L2,22.852,14.439,0.05,1.049,32.76,31.27,C_01_S14
03-Nov-25,10:22:00,110.5,707.0,216.0,596.5,1762183170.0,Rebose Hidrociclones L1,2.421,0.463,0.006,0.027,0.0,36.21,C_01_S01
03-Nov-25,10:26:00,108.5,1007.5,101.0,899.0,1762183233.0,Cola Scavenger L1,14.987,0.121,0.0,0.009,0.0,11.23,C_01_S04
03-Nov-25,10:29:00,108.0,1005.0,83.5,897.0,1762183236.0,Cola Scavenger L2,13.076,0.113,0.0,0.008,0.0,9.31,C_01_S05
03-Nov-25,10:32:00,115.0,941.0,145.0,826.0,1762183239.0,Concentrado 1ra Limpieza L1,25.226,21.393,0.12,1.352,19.92,17.55,C_01_S08
03-Nov-25,10:34:00,110.0,1057.5,242.0,947.5,1762183242.0,Concentrado Colectivo,26.148,24.776,0.132,1.378,14.56,25.54,C_01_S10
03-Nov-25,10:36:00,110.0,1200.0,443.0,1090.0,1762183245.0,Concentrado Primario L2,27.788,12.139,0.073,0.811,24.02,40.64,C_01_S14
03-Nov-25,10:47:00,100.0,1203.0,293.5,1103.0,1762184598.0,Concentrado Primario L1,24.441,15.671,0.083,0.981,26.78,26.61,C_01_S15
10-Nov-25,11:16,107.0,1057.5,69.0,950.5,9517.0,Cola Scavenger L1,11.183,0.235,0.0,0.012,0.0,7.26,C_01_S04
10-Nov-25,11:20,108.5,1050.0,77.0,941.5,9518.0,Cola Scavenger L2,13.227,0.193,0.0,0.009,0.0,8.18,C_01_S05
10-Nov-25,11:30,115.0,874.5,135.5,759.5,9519.0,Concentrado 1ra Limpieza L1,29.858,26.762,0.253,0.689,7.84,17.84,C_01_S08
10-Nov-25,11:33,113.5,923.5,116.5,810.0,9520.0,Concentrado 1ra Limpieza L2,30.351,24.185,0.267,0.735,9.44,14.38,C_01_S09
10-Nov-25,11:24,110.0,945.5,117.0,835.5,9521.0,Concentrado Colectivo,29.459,22.401,0.265,1.218,12.46,14.0,C_01_S10
10-Nov-25,11:17,113.5,1071.5,296.5,958.0,9522.0,Concentrado Primario L2,21.35,16.751,0.169,0.572,32.72,30.95,C_01_S14
12-Nov-25,9:24,110.0,996.0,258.0,886.0,9527.0,Rebose Hidrociclones L1,2.103,0.58,0.006,0.04,0.0,29.12,C_01_S01
12-Nov-25,9:28,114.5,923.5,143.5,809.0,9528.0,Relave Final,1.48,0.114,0.0,0.009,0.0,17.74,C_01_S03
12-Nov-25,9:34,115.5,1085.0,97.5,969.5,9529.0,Cola Scavenger L1,14.809,0.187,0.0,0.009,0.0,10.06,C_01_S04
12-Nov-25,9:38,113.5,1097.5,95.5,984.0,9530.0,Cola Scavenger L2,14.316,0.171,0.0,0.008,0.0,9.71,C_01_S05
12-Nov-25,9:23,115.0,857.0,57.0,742.0,9531.0,Concentrado 1ra Limpieza L1,28.987,25.375,0.18,1.313,9.94,7.68,C_01_S08
12-Nov-25,9:30,113.5,983.5,183.5,870.0,9532.0,Concentrado 1ra Limpieza L2,29.157,22.5,0.161,1.544,12.72,21.09,C_01_S09
12-Nov-25,9:36,110.0,925.5,225.5,815.5,9533.0,Concentrado Colectivo,28.742,22.401,0.158,1.573,13.76,27.65,C_01_S10
12-Nov-25,9:26,113.5,1073.0,473.0,959.5,9534.0,Concentrado Primario L2,28.703,17.445,0.11,1.276,19.68,49.3,C_01_S14
12-Nov-25,9:32,100.0,1019.0,419.0,919.0,9535.0,Concentrado Primario L1,27.965,20.22,0.123,1.32,16.74,45.59,C_01_S15
14-Nov-25,11:09,115.0,922.5,232.5,807.5,9539.0,Rebose Hidrociclones L1,2.215,0.689,0.007,0.057,0.0,28.79,C_01_S01
14-Nov-25,10:57,110.0,879.3,145.0,769.3,9540.0,Relave Final,1.755,0.097,0.0,0.012,0.0,18.85,C_01_S03
14-Nov-25,11:00,107.0,1042.5,98.5,935.5,9541.0,Cola Scavenger L1,12.274,0.33,0.0,0.026,0.0,10.53,C_01_S04
14-Nov-25,11:04,108.5,1035.0,99.0,926.5,9542.0,Cola Scavenger L2,12.321,0.322,0.0,0.026,0.0,10.69,C_01_S05
14-Nov-25,11:12,110.0,823.0,106.5,713.0,9543.0,Concentrado 1ra Limpieza L1,27.516,23.987,0.141,2.267,11.74,14.94,C_01_S08
14-Nov-25,11:15,115.5,845.2,231.0,729.7,9544.0,Concentrado 1ra Limpieza L2,27.295,22.599,0.131,2.585,13.5,31.66,C_01_S09
14-Nov-25,11:18,115.5,885.0,150.0,769.5,9545.0,Concentrado Colectivo,27.652,26.069,0.146,2.307,10.36,19.49,C_01_S10
14-Nov-25,11:20,110.0,1050.0,371.0,940.0,9546.0,Concentrado Primario L2,23.498,16.355,0.106,1.662,27.84,39.47,C_01_S14
14-Nov-25,11:22,100.0,1063.5,395.0,963.5,9547.0,Concentrado Primario L1,25.858,19.229,0.106,1.612,20.84,41.0,C_01_S15
17-Nov-25,10:56,115.0,814.5,254.5,699.5,9548.0,Rebose Hidrociclones L1,2.979,0.581,0.008,0.11,0.0,36.38,C_01_S01
17-Nov-25,10:53,108.0,1030.0,36.0,922.0,9549.0,Cola Scavenger L2,12.56,0.665,0.0,0.088,0.0,3.9,C_01_S05
17-Nov-25,10:58,114.5,1021.0,291.5,906.5,9550.0,Concentrado 1ra Limpieza L2,25.493,24.483,0.174,7.341,8.08,32.16,C_01_S09
17-Nov-25,11:02,110.5,1284.0,320.0,1173.5,9551.0,Concentrado Colectivo,27.694,27.456,0.163,3.933,6.7,27.27,C_01_S10
17-Nov-25,11:00,110.0,1100.5,373.5,990.5,9552.0,Concentrado Primario L1,23.077,18.436,0.104,3.158,25.34,37.71,C_01_S15
24-Nov-25,11:31,115.0,863.5,267.5,748.5,9557.0,Rebose Hidrociclones L1,3.187,0.616,0.004,0.039,0.0,35.74,C_01_S01
24-Nov-25,11:33,114.5,867.0,284.0,752.5,9558.0,Rebose Hidrociclones L2,3.131,0.62,0.004,0.039,0.0,37.74,C_01_S02
24-Nov-25,11:11,114.5,732.5,127.5,618.0,9559.0,Relave Final,4.025,0.139,0.0,0.011,0.0,20.63,C_01_S03
24-Nov-25,11:18,108.5,1091.5,77.0,983.0,9560.0,Cola Scavenger L1,11.563,0.378,0.0,0.028,0.0,7.83,C_01_S04
24-Nov-25,11:27,108.0,1054.5,76.0,946.5,9561.0,Cola Scavenger L2,15.48,0.31,0.0,0.022,0.0,8.03,C_01_S05
24-Nov-25,11:24,114.5,952.5,162.5,838.0,9562.0,Concentrado 1ra Limpieza L1,27.946,22.885,0.079,1.795,13.98,19.39,C_01_S08
24-Nov-25,11:29,115.5,966.5,206.0,851.0,9563.0,Concentrado 1ra Limpieza L2,26.472,23.184,0.078,1.737,14.5,24.21,C_01_S09
24-Nov-25,11:15,110.0,1134.5,343.0,1024.5,9564.0,Concentrado Primario L2,25.832,18.01,0.062,1.342,23.22,33.48,C_01_S14
26-Nov-25,11:25,115.0,872.5,292.0,757.5,9565.0,Rebose Hidrociclones L1,2.894,0.503,0.009,0.024,0.0,38.55,C_01_S01
26-Nov-25,11:30,114.5,878.5,288.5,764.0,9566.0,Rebose Hidrociclones L2,2.667,0.5,0.009,0.022,0.0,37.76,C_01_S02
26-Nov-25,11:18,114.5,746.0,123.5,631.5,9567.0,Relave Final,2.271,0.096,0.0,0.007,0.0,19.56,C_01_S03
26-Nov-25,11:14,108.5,1040.5,66.5,932.0,9568.0,Cola Scavenger L1,10.358,0.242,0.0,0.017,0.0,7.14,C_01_S04
26-Nov-25,11:22,108.0,1322.5,101.5,1214.5,9569.0,Cola Scavenger L2,11.083,0.282,0.0,0.017,0.0,8.36,C_01_S05
26-Nov-25,11:16,114.5,943.0,144.0,828.5,9570.0,Concentrado 1ra Limpieza L1,28.931,25.87,0.387,1.34,8.56,17.38,C_01_S08
26-Nov-25,11:28,115.5,954.5,162.5,839.0,9571.0,Concentrado 1ra Limpieza L2,29.06,23.482,0.351,1.34,12.2,19.37,C_01_S09
26-Nov-25,11:11,110.5,961.5,193.0,851.0,9572.0,Concentrado Colectivo,28.961,27.263,0.428,1.471,8.12,22.68,C_01_S10
26-Nov-25,11:20,110.0,1135.5,338.5,1025.5,9573.0,Concentrado Primario L2,24.973,15.224,0.241,0.816,28.12,33.01,C_01_S14
26-Nov-25,11:31,110.0,1052.5,240.5,942.5,9574.0,Concentrado Primario L1,18.816,14.328,0.196,0.672,39.52,25.52,C_01_S15
28-Nov-25,12:16,115.0,866.8,271.0,751.8,1764349898.0,Rebose Hidrociclones L1,2.821,0.481,0.008,0.021,0.0,36.05,C_01_S01
28-Nov-25,12:20,114.5,863.0,297.0,748.5,1764349901.0,Rebose Hidrociclones L2,2.732,0.504,0.007,0.021,0.0,39.68,C_01_S02
28-Nov-25,12:28,114.5,717.6,110.0,603.1,1764349909.0,Relave Final,1.992,0.101,0.0,0.006,0.0,18.24,C_01_S03
28-Nov-25,12:24,108.5,1316.8,115.5,1208.3,1764349905.0,Cola Scavenger L1,4.983,0.294,0.0,0.014,0.0,9.56,C_01_S04
28-Nov-25,12:13,108.0,1039.4,77.5,931.4,1764349866.0,Cola Scavenger L2,5.534,0.147,0.0,0.01,0.0,8.32,C_01_S05
28-Nov-25,12:18,114.5,919.0,130.0,804.5,1764349899.0,Concentrado 1ra Limpieza L1,26.772,23.095,0.294,0.752,15.02,16.16,C_01_S08
28-Nov-25,12:27,115.5,948.0,172.0,832.5,1764349908.0,Concentrado 1ra Limpieza L2,25.214,20.419,0.245,1.025,19.28,20.66,C_01_S09
28-Nov-25,12:29,110.5,1002.0,246.0,891.5,1764349910.0,Concentrado Colectivo,26.403,23.69,0.247,0.975,13.86,27.59,C_01_S10
28-Nov-25,12:22,110.0,1039.6,342.0,929.6,1764349903.0,Concentrado Primario L2,21.413,18.139,0.185,0.781,29.16,36.79,C_01_S14
28-Nov-25,12:14,110.0,1054.8,228.5,944.8,1764349894.0,Concentrado Primario L1,16.259,11.3,0.1,0.512,46.16,24.19,C_01_S15
01-Dec-25,10:40,115.0,898.0,898.0,783.0,1764603416.0,Rebose Hidrociclones L2,2.844,0.46,0.007,0.032,0.0,114.69,C_01_S02
01-Dec-25,10:43,110.0,728.5,728.5,618.5,1764603430.0,Relave Final,2.092,0.066,0.0,0.006,0.0,117.78,C_01_S03
01-Dec-25,10:46,107.0,1075.0,1075.0,968.0,1764603432.0,Cola Scavenger L1,7.448,0.213,0.0,0.009,0.0,111.05,C_01_S04
01-Dec-25,10:49,108.5,1068.5,1068.5,960.0,1764603434.0,Cola Scavenger L2,7.341,0.149,0.0,0.005,0.0,111.3,C_01_S05
01-Dec-25,10:52,110.0,719.0,719.0,609.0,1764604087.0,Concentrado 1ra Limpieza L1,25.358,23.293,0.115,0.637,16.2,118.06,C_01_S08
01-Dec-25,10:56,109.0,921.0,921.0,812.0,1764604089.0,Concentrado 1ra Limpieza L2,23.758,19.031,0.085,0.731,23.18,113.42,C_01_S09
01-Dec-25,11:04,115.5,945.5,945.5,830.0,1764604983.0,Concentrado Colectivo,26.106,22.798,0.086,1.519,14.9,113.92,C_01_S10
01-Dec-25,10:57,110.0,1044.0,1044.0,934.0,1764604089.0,Concentrado Primario L2,11.859,8.326,0.04,0.546,57.14,111.78,C_01_S14
01-Dec-25,11:00,108.0,1056.5,1056.5,948.5,1764604100.0,Concentrado Primario L1,14.132,10.268,0.108,0.871,48.9,111.39,C_01_S15
03-Dec-25,10:43,114.5,788.0,151.5,673.5,1764776456.0,Relave Final,3.236,0.046,0.0,0.004,0.0,22.49,C_01_S03
03-Dec-25,10:46,108.5,1083.0,102.5,974.5,1764776460.0,Cola Scavenger L1,8.365,0.23,0.0,0.007,0.0,10.52,C_01_S04
03-Dec-25,10:50,108.0,1082.5,95.0,974.5,1764776463.0,Cola Scavenger L2,8.13,0.164,0.0,0.005,0.0,9.75,C_01_S05
03-Dec-25,10:54,114.5,985.5,72.0,871.0,1764777022.0,Concentrado 1ra Limpieza L1,27.642,24.574,0.387,1.012,11.08,8.27,C_01_S08
03-Dec-25,10:58,115.5,930.0,145.5,814.5,1764777023.0,Concentrado 1ra Limpieza L2,26.328,22.729,0.377,1.274,13.46,17.86,C_01_S09
03-Dec-25,11:01,110.5,954.0,148.5,843.5,1764777025.0,Concentrado Colectivo,26.97,26.518,0.406,1.033,8.36,17.61,C_01_S10
03-Dec-25,11:02,110.0,854.0,164.0,744.0,1764777027.0,Concentrado Primario L2,15.891,12.86,0.164,0.478,41.92,22.04,C_01_S14
03-Dec-25,11:17,110.0,1070.5,225.5,960.5,1764778542.0,Concentrado Primario L1,20.433,17.147,0.284,0.638,31.7,23.48,C_01_S15
05-Dec-25,11:29,111.0,840.5,191.0,729.5,1764951953.0,Relave Final,2.648,0.083,0.0,0.007,0.0,26.18,C_01_S03
05-Dec-25,11:32,110.5,1062.5,86.0,952.0,1764951960.0,Cola Scavenger L1,11.991,0.46,0.0,0.01,0.0,9.03,C_01_S04
05-Dec-25,11:36,113.5,1058.5,75.0,945.0,1764951963.0,Cola Scavenger L2,10.903,0.453,0.0,0.011,0.0,7.94,C_01_S05
05-Dec-25,11:38,115.0,897.5,75.0,782.5,1764952083.0,Concentrado 1ra Limpieza L1,28.243,25.033,0.262,1.189,12.06,9.58,C_01_S08
05-Dec-25,11:42,113.5,930.5,147.5,817.0,1764952088.0,Concentrado 1ra Limpieza L2,27.245,22.169,0.25,1.323,15.86,18.05,C_01_S09
05-Dec-25,11:45,110.0,929.5,116.5,819.5,1764952091.0,Concentrado Colectivo,27.987,26.268,0.268,1.304,9.76,14.22,C_01_S10
05-Dec-25,11:47,113.5,847.5,203.0,734.0,1764952413.0,Concentrado Primario L2,23.062,16.195,0.149,0.893,31.38,27.66,C_01_S14
15-Dec-25,11:21,108.0,713.0,231.0,605.0,1765797614.0,Rebose Hidrociclones L2,2.376,0.558,0.007,0.049,0.0,38.18,C_01_S02
15-Dec-25,10:50,111.0,576.5,47.0,465.5,1765795441.0,Relave Final,2.01,0.061,0.0,0.009,0.0,10.1,C_01_S03
15-Dec-25,10:54,113.5,584.0,37.5,470.5,1765795442.0,Cola Scavenger L2,15.411,0.173,0.0,0.025,0.0,7.97,C_01_S05
15-Dec-25,10:56,115.0,734.0,71.0,619.0,1765795596.0,Concentrado 1ra Limpieza L1,28.206,22.91,0.11,2.021,13.94,11.47,C_01_S08
15-Dec-25,10:49,110.0,1343.5,215.0,1233.5,1765794791.0,Concentrado Colectivo,27.483,21.182,0.12,2.583,15.9,17.43,C_01_S10
15-Dec-25,10:58,100.0,888.5,290.5,788.5,1765796213.0,Concentrado Primario L1,29.271,16.393,0.096,1.55,24.78,36.84,C_01_S15
17-Dec-25,10:09:00,114.5,719.0,241.5,604.5,1765965903.0,Rebose Hidrociclones L2,2013.0,0.59,0.006,0.057,0.0,39.95,C_01_S02
17-Dec-25,11:06:00,114.5,598.0,42.5,483.5,1765965895.0,Relave Final,1255.0,0.052,0.0,0.009,0.0,8.79,C_01_S03
17-Dec-25,10:12:00,108.0,576.0,35.0,468.0,1765965939.0,Cola Scavenger L2,7801.0,0.248,0.0,0.026,0.0,7.48,C_01_S05
17-Dec-25,10:15:00,115.5,720.5,155.5,605.0,1765965943.0,Concentrado 1ra Limpieza L2,26126.0,24776.0,0.165,6404.0,10.2,25.7,C_01_S09
17-Dec-25,10:17:00,110.5,831.0,103.0,720.5,1765965945.0,Concentrado Colectivo,28408.0,29452.0,0.163,2588.0,5.56,14.3,C_01_S10
17-Dec-25,10:19:00,110.0,755.5,257.5,645.5,1765965949.0,Concentrado Primario L1,21476.0,19801.0,0.111,1995.0,29.32,39.89,C_01_S15
19-Dec-25,12:30:00,110.0,573.5,96.5,463.5,1766147221.0,Relave Final,1409.0,0.07,0.0,0.011,0.0,20.82,C_01_S03
19-Dec-25,12:34:00,113.5,471.0,20.5,357.5,1766147224.0,Cola Scavenger L2,14.68,0.808,0.0,0.046,0.0,5.73,C_01_S05
19-Dec-25,12:37:00,115.0,581.5,170.0,466.5,1766147228.0,Concentrado 1ra Limpieza L1,29622.0,23108.0,0.126,2214.0,10.48,36.44,C_01_S08
19-Dec-25,12:40:00,113.5,589.0,128.0,475.5,1766147229.0,Concentrado 1ra Limpieza L2,28086.0,22762.0,0.136,2.85,12.68,26.92,C_01_S09
19-Dec-25,12:43:00,110.0,602.0,112.0,492.0,1766147231.0,Concentrado Colectivo,28352.0,24539.0,0.145,2783.0,10.6,22.76,C_01_S10
19-Dec-25,12:46:00,100.0,756.0,248.0,656.0,1766147234.0,Concentrado Primario L1,26743.0,17429.0,0.101,1971.0,21.34,37.8,C_01_S15
24-Dec-25,12:30:00 PM,114.5,671.5,228.5,557.0,9648.0,Rebose Hidrociclones L2,1.96,0.548,0.007,0.073,0.0,41.02,C_01_S02
24-Dec-25,12:31:00 PM,114.5,530.0,85.5,415.5,9649.0,Relave Final,1.26,0.057,0.0,0.012,0.0,20.58,C_01_S03
24-Dec-25,12:34:00 PM,108.0,481.0,23.0,373.0,9650.0,Cola Scavenger L2,8484.0,0.473,0.0,0.058,0.0,6.17,C_01_S05
24-Dec-25,12:40:00 PM,115.5,613.5,154.0,498.0,9651.0,Concentrado 1ra Limpieza L2,25043.0,20688.0,0.14,3224.0,20.08,30.92,C_01_S09
24-Dec-25,12:43:00 PM,110.5,628.5,154.5,518.0,9652.0,Concentrado Colectivo,25813.0,21824.0,0.147,3164.0,17.92,29.83,C_01_S10
24-Dec-25,12:46:00 PM,110.0,756.0,226.0,646.0,9653.0,Concentrado Primario L2,16077.0,14967.0,0.112,2372.0,40.94,34.98,C_01_S14
24-Dec-25,12:04:00 PM,110.0,750.0,216.0,640.0,9654.0,Concentrado Primario L1,20378.0,18139.0,0.129,2601.0,30.28,33.75,C_01_S15
09-Jan-26,11:57:00 AM,110.0,595.0,114.0,485.0,9671.0,Relave Final,2.176,0.094,,0.007,,23.51,C_01_S03
09-Jan-26,11:54:00 AM,110.0,475.0,21.0,365.0,9672.0,Cola Scavenger L2,17.379,0.615,,0.051,,5.75,C_01_S05
09-Jan-26,11:46:00 AM,110.0,571.0,99.0,461.0,9673.0,Concentrado 1ra Limpieza L1,25.536,22.455,0.197,1.379,8.72,21.48,C_01_S08
09-Jan-26,11:51:00 AM,110.5,605.5,121.0,495.0,9674.0,Concentrado 1ra Limpieza L2,27.864,20.014,0.184,2.048,10.4,24.44,C_01_S09
09-Jan-26,11:55:00 AM,110.0,588.0,84.5,478.0,9675.0,Concentrado Colectivo,24.301,26.165,0.225,1.539,7.6,17.68,C_01_S10
09-Jan-26,11:43:00 AM,108.0,740.0,153.5,632.0,9676.0,Concentrado Primario L1,22.112,16.792,0.16,1.005,22.5,24.29,C_01_S15
14-Jan-26,4:37:00 PM,108.0,626.5,218.5,518.5,9681.0,Rebose Hidrociclones L2,3.198,0.642,0.01,0.044,,42.14,C_01_S02
14-Jan-26,4:20:00 PM,110.0,574.0,62.0,464.0,9682.0,Relave Final,2.196,0.054,,0.007,,13.36,C_01_S03
14-Jan-26,4:23:00 PM,110.5,345.0,17.5,234.5,9683.0,Cola Scavenger L1,19.692,0.183,,0.03,,7.46,C_01_S04
14-Jan-26,4:27:00 PM,110.0,474.5,23.5,364.5,9684.0,Cola Scavenger L2,20.621,0.106,,0.029,,6.45,C_01_S05
14-Jan-26,4:44:00 PM,110.0,577.5,87.5,467.5,9685.0,Concentrado 1ra Limpieza L1,30.012,20.658,0.148,1.481,11.06,18.72,C_01_S08
14-Jan-26,4:29:00 PM,110.0,552.5,80.5,442.5,9686.0,Concentrado Colectivo,29.441,25.576,0.17,1.511,8.76,18.19,C_01_S10
14-Jan-26,4:40:00 PM,108.0,807.5,307.5,699.5,9687.0,Concentrado Primario L1,31.424,13.477,0.098,0.909,18.18,43.96,C_01_S15
19-Jan-26,11:00:00 AM,110.0,529.5,170.0,419.5,9690.0,Rebose Hidrociclones L2,3.861,1.08,0.011,0.031,,40.52,C_01_S02
19-Jan-26,10:41:00 AM,114.5,503.5,62.0,389.0,9691.0,Relave Final,3.515,0.071,,0.005,,15.94,C_01_S03
19-Jan-26,10:35:00 AM,108.5,454.0,44.5,345.5,9692.0,Cola Scavenger L1,25.558,0.141,,0.016,,12.88,C_01_S04
19-Jan-26,10:38:00 AM,108.0,439.0,35.5,331.0,9693.0,Cola Scavenger L2,24.366,0.169,,0.017,,10.73,C_01_S05
19-Jan-26,10:50:00 AM,109.0,496.5,82.2,387.5,9694.0,Concentrado 1ra Limpieza L1,29.855,22.035,0.101,0.66,9.74,21.21,C_01_S08
19-Jan-26,10:46:00 AM,115.5,528.0,128.0,412.5,9695.0,Concentrado 1ra Limpieza L2,30.191,20.854,0.097,0.658,10.94,31.03,C_01_S09
19-Jan-26,11:03:00 AM,110.0,578.5,70.5,468.5,9696.0,Concentrado Primario L1,20.153,13.673,0.076,0.537,18.46,15.05,C_01_S15
21-Jan-26,11:19:00 AM,108.0,514.0,136.0,406.0,9700.0,Rebose Hidrociclones L2,3.768,0.427,0.012,0.021,,33.5,C_01_S02
21-Jan-26,11:10:00 AM,110.0,561.0,94.0,451.0,9701.0,Relave Final,3.107,0.06,,0.003,,20.84,C_01_S03
21-Jan-26,11:13:00 AM,110.5,488.0,45.0,377.5,9702.0,Cola Scavenger L1,26.061,0.274,,0.008,,11.92,C_01_S04
21-Jan-26,11:17:00 AM,110.0,485.0,37.5,375.0,9703.0,Cola Scavenger L2,24.579,0.088,,0.006,,10.0,C_01_S05
21-Jan-26,11:25:00 AM,110.0,578.0,78.5,468.0,9704.0,Concentrado 1ra Limpieza L1,28.89,17.51,0.211,0.892,16.46,16.77,C_01_S08
21-Jan-26,11:28:00 AM,110.5,616.0,147.5,505.5,9705.0,Concentrado 1ra Limpieza L2,30.58,10.722,0.148,0.507,19.12,29.18,C_01_S09
21-Jan-26,11:21:00 AM,110.0,600.0,114.0,490.0,9706.0,Concentrado Colectivo,29.156,23.806,0.252,0.92,10.38,23.27,C_01_S10
21-Jan-26,11:30:00 AM,108.0,759.0,224.0,651.0,9707.0,Concentrado Primario L1,28.314,18.297,0.218,0.854,15.98,34.41,C_01_S15
23-Jan-26,10:40:00 AM,108.0,660.5,229.0,552.5,9708.0,Rebose Hidrociclones L2,3.0,0.33,0.011,0.019,,41.45,C_01_S02
23-Jan-26,11:40:00 AM,110.0,561.0,92.5,451.0,9709.0,Relave Final,2.522,0.067,,0.005,,20.51,C_01_S03
23-Jan-26,10:33:00 AM,110.5,503.0,52.5,392.5,9710.0,Cola Scavenger L1,27.879,0.115,,0.008,,13.38,C_01_S04
23-Jan-26,10:37:00 AM,110.0,491.5,43.5,381.5,9711.0,Cola Scavenger L2,26.023,0.101,,0.007,,11.4,C_01_S05
23-Jan-26,10:41:00 AM,110.0,590.0,89.5,480.0,9712.0,Concentrado Colectivo,29.284,22.07,0.296,0.92,12.08,18.65,C_01_S10
23-Jan-26,10:43:00 AM,108.0,737.0,213.0,629.0,9713.0,Concentrado Primario L1,26.016,15.808,0.209,0.73,25.34,33.86,C_01_S15
26-Jan-26,11:15:00 AM,110.0,562.5,114.0,452.5,9715.0,Rebose Hidrociclones L2,1.895,0.393,0.005,0.022,,25.19,C_01_S02
26-Jan-26,11:18:00 AM,114.5,589.5,114.0,475.0,9716.0,Relave Final,1.402,0.043,,0.004,,24.0,C_01_S03
26-Jan-26,11:07:00 AM,108.5,525.5,30.0,417.0,9717.0,Cola Scavenger L1,17.414,0.222,,0.014,,7.19,C_01_S04
26-Jan-26,11:10:00 AM,108.0,544.5,33.5,436.5,9718.0,Cola Scavenger L2,14.646,0.161,,0.006,,7.67,C_01_S05
26-Jan-26,11:12:00 AM,110.5,552.0,67.0,441.5,9719.0,Concentrado Colectivo,26.888,23.199,0.119,1.195,14.84,15.18,C_01_S10
26-Jan-26,11:13:00 AM,110.0,670.0,207.5,560.0,9720.0,Concentrado Primario L1,23.124,15.398,0.071,0.639,31.46,37.05,C_01_S15
28-Jan-26,11:20:00 AM,110.0,600.0,176.5,490.0,9721.0,Rebose Hidrociclones L2,1.703,0.581,0.006,0.027,,36.02,C_01_S02
28-Jan-26,11:11:00 AM,114.5,555.0,89.5,440.5,9722.0,Relave Final,1.616,0.068,,0.005,,20.32,C_01_S03
28-Jan-26,11:18:00 AM,108.5,476.5,49.5,368.0,9723.0,Cola Scavenger L1,15.259,0.125,,0.005,,13.45,C_01_S04
28-Jan-26,11:14:00 AM,108.0,471.5,37.0,363.5,9724.0,Cola Scavenger L2,15.423,0.158,,0.004,,10.18,C_01_S05
28-Jan-26,11:28:00 AM,109.0,532.5,54.5,423.5,9725.0,Concentrado 1ra Limpieza L1,25.94,23.25,0.124,0.938,15.8,12.87,C_01_S08
28-Jan-26,11:24:00 AM,115.5,676.0,107.5,560.5,9726.0,Concentrado 1ra Limpieza L2,23.899,18.99,0.107,1.11,24.72,19.18,C_01_S09
28-Jan-26,11:31:00 AM,110.0,551.0,98.5,441.0,9727.0,Concentrado Colectivo,26.577,24.79,0.122,1.027,14.02,22.34,C_01_S10
28-Jan-26,11:22:00 AM,110.0,677.5,201.5,567.5,9728.0,Concentrado Primario L1,20.622,15.295,0.07,0.733,36.58,35.51,C_01_S15
30-Jan-26,5:53:00 PM,110.0,485.0,138.0,375.0,9732.0,Rebose Hidrociclones L2,1.498,0.701,0.005,0.04,,36.8,C_01_S02
30-Jan-26,5:43:00 PM,114.5,419.5,43.0,305.0,9733.0,Relave Final,0.967,0.097,,0.006,,14.1,C_01_S03
30-Jan-26,5:47:00 PM,108.5,490.0,40.5,381.5,9734.0,Cola Scavenger L1,8.414,0.158,,0.012,,10.62,C_01_S04
30-Jan-26,5:50:00 PM,108.0,477.5,36.5,369.5,9735.0,Cola Scavenger L2,7.705,0.121,,0.011,,9.88,C_01_S05
30-Jan-26,5:55:00 PM,109.0,555.5,67.5,446.5,9736.0,Concentrado 1ra Limpieza L1,27.477,23.61,0.117,1.452,17.38,15.12,C_01_S08
30-Jan-26,5:59:00 PM,110.5,591.5,136.5,481.0,9737.0,Concentrado 1ra Limpieza L2,27.595,21.095,0.106,1.513,18.72,28.38,C_01_S09
30-Jan-26,6:08:00 PM,110.5,929.5,179.0,819.0,9738.0,Concentrado Colectivo,26.786,24.431,0.114,1.52,16.64,21.86,C_01_S10
30-Jan-26,6:09:00 PM,110.0,752.5,230.5,642.5,9739.0,Concentrado Primario L2,24.583,13.242,0.066,0.938,28.92,35.88,C_01_S14
30-Jan-26,6:06:00 PM,110.0,676.0,152.0,566.0,9740.0,Concentrado Primario L1,17.132,14.884,0.075,1.118,43.6,26.86,C_01_S15
02-Feb-26,9:55:00 AM,115.0,633.0,223.5,518.0,9745.0,Rebose Hidrociclones L2,2.15,0.483,0.009,0.024,,43.15,C_01_S02
02-Feb-26,9:45:00 AM,110.0,511.0,47.5,401.0,9746.0,Relave Final,1.447,0.092,,0.008,,11.85,C_01_S03
02-Feb-26,9:48:00 AM,107.0,505.0,59.5,398.0,9747.0,Cola Scavenger L1,13.701,0.153,,0.016,,14.95,C_01_S04
02-Feb-26,9:52:00 AM,108.5,495.5,53.0,387.0,9748.0,Cola Scavenger L2,12.755,0.156,,0.015,,13.7,C_01_S05
02-Feb-26,9:57:00 AM,110.0,601.5,81.5,491.5,9749.0,Concentrado 1ra Limpieza L1,29.154,27.305,0.284,1.252,8.6,16.58,C_01_S08
02-Feb-26,10:01:00 AM,109.0,630.0,126.0,521.0,9750.0,Concentrado 1ra Limpieza L2,28.262,25.663,0.282,1.516,11.0,24.18,C_01_S09
02-Feb-26,10:07:00 AM,114.5,1022.0,255.5,907.5,9751.0,Concentrado Colectivo,27.904,27.613,0.281,1.299,9.36,28.15,C_01_S10
02-Feb-26,10:02:00 AM,110.0,755.5,221.5,645.5,9752.0,Concentrado Primario L2,22.824,18.58,0.193,0.803,28.6,34.31,C_01_S14
02-Feb-26,10:05:00 AM,110.0,763.5,213.0,653.5,9753.0,Concentrado Primario L1,27.598,12.831,0.161,0.719,25.14,32.59,C_01_S15
04-Feb-26,10:12:00 AM,115.0,644.5,224.5,529.5,9754.0,Rebose Hidrociclones L2,2.499,0.46,0.008,0.024,,42.4,C_01_S02
04-Feb-26,9:50:00 AM,110.0,544.5,46.5,434.5,9755.0,Relave Final,2.05,0.06,,0.006,,10.7,C_01_S03
04-Feb-26,9:54:00 AM,107.0,499.0,38.5,392.0,9756.0,Cola Scavenger L1,6.408,0.099,,0.007,,9.82,C_01_S04
04-Feb-26,9:57:00 AM,108.5,502.5,37.0,394.0,9757.0,Cola Scavenger L2,6.179,0.101,,0.007,,9.39,C_01_S05
04-Feb-26,9:59:00 AM,110.0,592.5,77.0,482.5,9758.0,Concentrado 1ra Limpieza L1,26.889,25.765,0.222,1.052,12.64,15.96,C_01_S08
04-Feb-26,10:03:00 AM,109.0,620.0,220.5,511.0,9759.0,Concentrado 1ra Limpieza L2,25.391,20.838,0.199,1.498,20.56,43.15,C_01_S09
04-Feb-26,10:06:00 AM,114.5,592.0,86.0,477.5,9760.0,Concentrado Colectivo,27.578,23.61,0.232,1.302,13.08,18.01,C_01_S10
04-Feb-26,10:08:00 AM,110.0,750.5,117.5,640.5,9761.0,Concentrado Primario L2,22.387,16.835,0.154,0.864,32.6,18.35,C_01_S14
04-Feb-26,10:10:00 AM,109.0,731.0,215.5,622.0,9762.0,Concentrado Primario L1,21.962,17.245,0.16,0.904,31.62,34.65,C_01_S15
06-Feb-26,10:11:00 AM,110.0,471.5,44.0,361.5,9763.0,Relave Final,2.459,0.065,,0.004,,12.17,C_01_S03
06-Feb-26,10:15:00 AM,107.0,488.5,21.0,381.5,9764.0,Cola Scavenger L1,9.909,0.369,,0.015,,5.5,C_01_S04
06-Feb-26,10:21:00 AM,110.0,589.0,67.0,479.0,9766.0,Concentrado 1ra Limpieza L1,21.59,16.629,0.066,1.062,31.12,13.99,C_01_S08
06-Feb-26,10:25:00 AM,114.5,769.5,102.5,655.0,9767.0,Concentrado Colectivo,27.452,26.484,0.101,1.434,10.16,15.65,C_01_S10
06-Feb-26,10:23:00 AM,110.0,765.5,231.5,655.5,9768.0,Concentrado Primario L2,26.228,23.404,0.099,1.503,15.4,35.32,C_01_S14
09-Feb-26,11:35:00 AM,115.0,585.0,205.0,470.0,9769.0,Rebose Hidrociclones L2,1.968,0.413,0.006,0.023,,43.62,C_01_S02
09-Feb-26,11:25:00 AM,110.0,493.0,26.0,383.0,9770.0,Relave Final,1.614,0.18,,0.012,,6.79,C_01_S03
09-Feb-26,11:28:00 AM,107.0,584.0,39.0,477.0,9771.0,Cola Scavenger L1,13.69,0.112,,0.007,,8.18,C_01_S04
09-Feb-26,11:32:00 AM,108.5,547.0,37.5,438.5,9772.0,Cola Scavenger L2,13.822,0.105,,0.008,,8.55,C_01_S05
09-Feb-26,11:37:00 AM,110.0,672.0,82.0,562.0,9773.0,Concentrado 1ra Limpieza L1,26.639,20.975,0.13,1.293,18.36,14.59,C_01_S08
09-Feb-26,11:41:00 AM,109.0,711.0,136.5,602.0,9774.0,Concentrado 1ra Limpieza L2,21.874,15.082,0.089,0.885,36.52,22.67,C_01_S09
09-Feb-26,11:44:00 AM,114.5,682.5,120.0,568.0,9775.0,Concentrado Colectivo,26.878,21.924,0.13,1.285,18.52,21.13,C_01_S10
09-Feb-26,11:45:00 AM,110.0,619.5,179.0,509.5,9776.0,Concentrado Primario L2,25.848,19.327,0.121,1.317,23.1,35.13,C_01_S14
09-Feb-26,11:48:00 AM,109.0,772.0,233.5,663.0,9777.0,Concentrado Primario L1,21.788,16.081,0.094,0.853,34.12,35.22,C_01_S15
11-Feb-26,10:49:00 AM,115.0,896.5,345.0,781.5,9778.0,Rebose Hidrociclones L2,1.421,0.424,0.005,0.038,,44.15,C_01_S02
11-Feb-26,10:43:00 AM,107.0,481.5,36.5,374.5,9779.0,Cola Scavenger L1,11.301,0.201,,0.017,,9.75,C_01_S04
11-Feb-26,10:46:00 AM,108.5,468.5,29.5,360.0,9780.0,Cola Scavenger L2,10.99,0.135,,0.009,,8.19,C_01_S05
11-Feb-26,10:52:00 AM,110.0,1230.5,204.0,1120.5,9781.0,Concentrado 1ra Limpieza L1,25.333,20.656,0.114,1.733,19.14,18.21,C_01_S08
11-Feb-26,10:55:00 AM,109.0,1074.0,268.5,965.0,9782.0,Concentrado 1ra Limpieza L2,24.855,18.55,0.102,1.753,22.68,27.82,C_01_S09
11-Feb-26,10:58:00 AM,114.5,1052.5,225.0,938.0,9783.0,Concentrado Colectivo,25.866,23.363,0.127,1.913,15.36,23.99,C_01_S10
16-Feb-26,10:04:00 AM,110.0,611.5,104.5,501.5,9784.0,Relave Final,1.691,0.086,,0.014,,20.84,C_01_S03
16-Feb-26,10:08:00 AM,107.0,598.0,38.5,491.0,9785.0,Cola Scavenger L1,12.571,0.146,,0.019,,7.84,C_01_S04
16-Feb-26,10:11:00 AM,108.5,592.0,37.0,483.5,9786.0,Cola Scavenger L2,12.342,0.187,,0.021,,7.65,C_01_S05
16-Feb-26,10:16:00 AM,110.0,705.0,55.5,595.0,9787.0,Concentrado 1ra Limpieza L1,28.525,25.469,0.188,2.48,9.3,9.33,C_01_S08
16-Feb-26,10:20:00 AM,117.0,774.5,167.5,657.5,9788.0,Concentrado 1ra Limpieza L2,27.191,20.605,0.169,3.048,15.34,25.48,C_01_S09
16-Feb-26,10:26:00 AM,114.5,174.5,177.0,60.0,9789.0,Concentrado Colectivo,27.426,15.943,0.184,2.794,11.28,295.0,C_01_S10
16-Feb-26,10:22:00 AM,110.0,833.0,255.0,723.0,9790.0,Concentrado Primario L2,23.952,24.466,0.121,2.057,25.56,35.27,C_01_S14
16-Feb-26,10:24:00 AM,110.0,832.0,252.0,722.0,9791.0,Concentrado Primario L1,23.679,17.547,0.101,1.886,27.98,34.9,C_01_S15
18-Feb-26,10:44:00 AM,115.0,634.0,240.0,519.0,9792.0,Rebose Hidrociclones L2,1.709,0.464,0.007,0.045,,46.24,C_01_S02
18-Feb-26,10:25:00 AM,110.0,554.0,92.0,444.0,9793.0,Relave Final,1.421,0.067,,0.01,,20.72,C_01_S03
18-Feb-26,10:29:00 AM,107.0,600.5,45.5,493.5,9794.0,Cola Scavenger L1,9.742,0.107,,0.011,,9.22,C_01_S04
18-Feb-26,10:32:00 AM,108.5,599.5,45.0,491.0,9795.0,Cola Scavenger L2,9.087,0.105,,0.01,,9.16,C_01_S05
18-Feb-26,10:37:00 AM,110.0,712.5,128.0,602.5,9796.0,Concentrado 1ra Limpieza L1,27.032,23.563,0.166,2.172,13.82,21.24,C_01_S08
18-Feb-26,10:40:00 AM,114.5,1266.5,277.5,1152.0,9797.0,Concentrado Colectivo,26.741,24.867,0.163,2.128,15.1,24.09,C_01_S10
18-Feb-26,10:39:00 AM,110.0,832.0,194.5,722.0,9798.0,Concentrado Primario L2,16.475,10.528,0.068,1.02,52.86,26.94,C_01_S14
18-Feb-26,10:42:00 AM,109.0,826.0,207.0,717.0,9799.0,Concentrado Primario L1,16.509,9.225,0.056,0.925,48.0,28.87,C_01_S15
20-Feb-26,10:24:00 AM,115.0,644.5,231.5,529.5,9800.0,Rebose Hidrociclones L2,1.688,0.632,0.008,0.076,,43.72,C_01_S02
20-Feb-26,10:29:00 AM,110.0,581.0,123.5,471.0,9801.0,Relave Final,1.294,0.136,,0.019,,26.22,C_01_S03
20-Feb-26,10:40:00 AM,107.0,586.0,37.5,479.0,9802.0,Cola Scavenger L1,6.663,0.219,,0.023,,7.83,C_01_S04
20-Feb-26,10:36:00 AM,108.5,588.5,36.0,480.0,9803.0,Cola Scavenger L2,6.439,0.807,,0.038,,7.5,C_01_S05
20-Feb-26,10:31:00 AM,110.0,733.0,107.0,623.0,9804.0,Concentrado 1ra Limpieza L1,26.993,25.569,0.196,2.843,11.0,17.17,C_01_S08
20-Feb-26,10:26:00 AM,114.5,758.5,148.5,644.0,9805.0,Concentrado Colectivo,27.961,26.07,0.192,2.802,9.6,23.06,C_01_S10
20-Feb-26,10:27:00 AM,110.0,854.0,254.0,744.0,9806.0,Concentrado Primario L2,20.481,18.249,0.142,1.986,29.98,34.14,C_01_S14
20-Feb-26,10:41:00 AM,110.0,799.5,239.0,689.5,9807.0,Concentrado Primario L1,22.069,20.555,0.152,2.393,25.16,34.66,C_01_S15
23-Feb-26,11:05:00 AM,115.0,634.0,215.0,519.0,9808.0,Rebose Hidrociclones L2,1.951,0.576,0.006,0.077,,41.43,C_01_S02
23-Feb-26,9:48:00 AM,110.0,559.0,90.0,449.0,9809.0,Relave Final,1.324,0.059,,0.014,,20.04,C_01_S03
23-Feb-26,9:40:00 AM,107.0,584.0,35.0,477.0,9810.0,Cola Scavenger L1,6.929,0.219,,0.036,,7.34,C_01_S04
23-Feb-26,9:43:00 AM,108.5,580.0,34.5,471.5,9811.0,Cola Scavenger L2,6.718,0.229,,0.032,,7.32,C_01_S05
23-Feb-26,9:51:00 AM,110.0,680.5,15.0,570.5,9812.0,Concentrado 1ra Limpieza L1,22.467,19.427,0.16,3.211,23.62,2.63,C_01_S08
23-Feb-26,9:54:00 AM,114.5,751.0,120.0,636.5,9813.0,Concentrado Colectivo,26.303,23.771,0.189,3.304,12.08,18.85,C_01_S10
23-Feb-26,9:55:00 AM,110.0,872.5,261.0,762.5,9814.0,Concentrado Primario L2,20.328,16.68,0.121,2.251,31.7,34.23,C_01_S14
23-Feb-26,9:58:00 AM,109.5,862.5,254.0,753.0,9815.0,Concentrado Primario L1,20.453,17.379,0.131,2.247,30.74,33.73,C_01_S15
25-Feb-26,11:33:00 AM,115.0,607.5,202.0,492.5,9816.0,Rebose Hidrociclones L2,1.565,0.428,0.005,0.041,,41.02,C_01_S02
25-Feb-26,11:23:00 AM,110.0,529.0,80.5,419.0,9817.0,Relave Final,1.718,0.081,,0.01,,19.21,C_01_S03
25-Feb-26,11:27:00 AM,107.0,574.5,39.5,467.5,9818.0,Cola Scavenger L1,9.002,0.1,,0.011,,8.45,C_01_S04
25-Feb-26,11:30:00 AM,108.5,571.0,40.0,462.5,9819.0,Cola Scavenger L2,8.729,0.101,,0.009,,8.65,C_01_S05
25-Feb-26,11:39:00 AM,110.0,643.5,13.0,533.5,9820.0,Concentrado 1ra Limpieza L1,25.263,20.555,0.11,1.996,18.18,2.44,C_01_S08
25-Feb-26,11:22:00 AM,117.0,668.0,116.0,551.0,9821.0,Concentrado 1ra Limpieza L2,25.335,21.358,0.117,2.205,18.02,21.05,C_01_S09
25-Feb-26,11:42:00 AM,117.5,692.0,121.5,574.5,9822.0,Concentrado Colectivo,25.824,23.563,0.118,2.004,15.1,21.15,C_01_S10
25-Feb-26,11:36:00 AM,110.0,786.0,205.5,676.0,9823.0,Concentrado Primario L2,15.319,14.94,0.11,1.456,37.56,30.4,C_01_S14
27-Feb-26,11:47:00 AM,108.0,605.0,218.0,497.0,9824.0,Rebose Hidrociclones L2,2.576,0.395,0.005,0.027,,43.86,C_01_S02
27-Feb-26,11:33:00 AM,114.5,526.6,84.5,412.1,9825.0,Relave Final,2.263,0.532,,0.037,,20.5,C_01_S03
27-Feb-26,11:37:00 AM,110.5,571.5,35.5,461.0,9826.0,Cola Scavenger L1,10.088,0.154,,0.013,,7.7,C_01_S04
27-Feb-26,11:40:00 AM,110.0,560.0,28.0,450.0,9827.0,Cola Scavenger L2,9.769,0.14,,0.011,,6.22,C_01_S05
27-Feb-26,11:32:00 AM,110.5,653.0,14.5,542.5,9828.0,Concentrado 1ra Limpieza L1,26.414,20.856,0.135,1.594,17.46,2.67,C_01_S08
27-Feb-26,11:46:00 AM,110.5,710.5,119.5,600.0,9829.0,Concentrado 1ra Limpieza L2,26.069,20.756,0.14,1.79,16.9,19.92,C_01_S09
27-Feb-26,11:53:00 AM,110.0,1022.5,169.5,912.5,9830.0,Concentrado Colectivo,26.891,25.569,0.153,1.609,11.34,18.58,C_01_S10
27-Feb-26,11:49:00 AM,113.5,826.0,235.0,712.5,9831.0,Concentrado Primario L2,21.81,15.742,0.105,1.287,31.22,32.98,C_01_S14
27-Feb-26,11:51:00 AM,108.0,803.0,209.0,695.0,9832.0,Concentrado Primario L1,21.01,15.442,0.102,1.224,33.0,30.07,C_01_S15
02-Mar-26,3:40:00 PM,110.0,546.5,87.0,436.5,9833.0,Relave Final,2.335,0.089,,0.01,,19.93,C_01_S03
02-Mar-26,3:51:00 PM,107.0,573.0,20.0,466.0,9834.0,Cola Scavenger L1,14.057,0.28,,0.01,,4.29,C_01_S04
02-Mar-26,3:46:00 AM,108.5,569.0,17.0,460.5,9835.0,Cola Scavenger L2,12.669,0.58,,0.023,,3.69,C_01_S05
02-Mar-26,3:39:00 AM,110.0,679.0,15.0,569.0,9836.0,Concentrado 1ra Limpieza L1,26.187,20.255,0.128,2.105,17.1,2.64,C_01_S08
02-Mar-26,3:49:00 AM,117.0,735.5,108.5,618.5,9837.0,Concentrado 1ra Limpieza L2,25.924,21.157,0.134,2.027,17.32,17.54,C_01_S09
02-Mar-26,3:44:00 AM,114.5,1204.0,264.5,1089.5,9838.0,Concentrado Colectivo,26.594,23.764,0.136,1.958,12.44,24.28,C_01_S10
02-Mar-26,3:42:00 AM,114.0,836.0,233.0,722.0,9839.0,Concentrado Primario L1,22.56,16.394,0.096,1.371,29.24,32.27,C_01_S15
06-Mar-26,10:13:00 AM,108.0,992.5,368.5,884.5,9840.0,Rebose Hidrociclones L2,2.109,0.413,0.004,0.05,,41.66,C_01_S02
06-Mar-26,10:04:00 AM,110.0,882.5,138.5,772.5,9841.0,Relave Final,1.735,0.062,,0.01,,17.93,C_01_S03
06-Mar-26,10:07:00 AM,110.5,1121.0,92.5,1010.5,9842.0,Cola Scavenger L1,8.992,0.157,,0.019,,9.15,C_01_S04
06-Mar-26,10:11:00 AM,110.0,1115.0,96.0,1005.0,9843.0,Cola Scavenger L2,8.058,0.143,,0.016,,9.55,C_01_S05
06-Mar-26,10:16:00 AM,110.0,729.5,36.5,619.5,9844.0,Concentrado 1ra Limpieza L1,23.979,20.675,0.098,2.894,15.14,5.89,C_01_S08
06-Mar-26,10:20:00 AM,110.5,764.0,82.5,653.5,9845.0,Concentrado 1ra Limpieza L2,21.72,16.68,0.087,2.623,24.08,12.62,C_01_S09
06-Mar-26,10:23:00 AM,109.0,1198.0,215.0,1089.0,9846.0,Concentrado Colectivo,24.76,24.57,0.107,2.719,11.52,19.74,C_01_S10
06-Mar-26,10:49:00 AM,113.5,862.0,217.5,748.5,9847.0,Concentrado Primario L2,19.008,16.78,0.085,1.95,29.52,29.06,C_01_S14
06-Mar-26,10:21:00 AM,108.0,848.0,210.5,740.0,9848.0,Concentrado Primario L1,18.588,16.28,0.076,1.839,29.92,28.45,C_01_S15
09-Mar-26,3:30:00 PM,108.0,969.0,375.0,861.0,9855.0,Rebose Hidrociclones L2,2.23,0.637,0.005,0.042,,43.55,C_01_S02
09-Mar-26,2:48:00 AM,110.0,770.0,115.5,660.0,9856.0,Relave Final,1.503,0.064,,0.006,,17.5,C_01_S03
09-Mar-26,2:51:00 PM,110.5,1111.0,90.0,1000.5,9857.0,Cola Scavenger L1,9.263,0.15,,0.007,,9.0,C_01_S04
09-Mar-26,2:55:00 PM,110.0,1092.0,74.0,982.0,9858.0,Cola Scavenger L2,9.16,0.157,,0.008,,7.54,C_01_S05
09-Mar-26,2:57:00 PM,110.0,745.5,76.5,635.5,9859.0,Concentrado 1ra Limpieza L1,27.171,23.383,0.13,1.345,14.46,12.04,C_01_S08
09-Mar-26,3:01:00 PM,110.5,790.0,154.5,679.5,9860.0,Concentrado 1ra Limpieza L2,26.804,20.597,0.122,1.494,18.3,22.74,C_01_S09
09-Mar-26,3:04:00 PM,109.0,588.5,62.0,479.5,9861.0,Concentrado Colectivo,28.417,26.368,0.148,1.357,9.98,12.93,C_01_S10
09-Mar-26,3:08:00 PM,113.0,893.5,262.0,780.5,9862.0,Concentrado Primario L2,21.848,12.935,0.079,0.956,35.52,33.57,C_01_S14
09-Mar-26,3:06:00 PM,108.0,878.0,263.0,770.0,9863.0,Concentrado Primario L1,19.925,13.134,0.083,0.896,37.12,34.16,C_01_S15
11-Mar-26,12:09:00 PM,110.0,820.5,133.5,710.5,9849.0,Relave Final,3.004,0.076,,0.004,,18.79,C_01_S03
11-Mar-26,12:03:00 PM,107.0,1142.0,82.5,1035.0,9850.0,Cola Scavenger L1,10.846,0.243,,0.012,,7.97,C_01_S04
11-Mar-26,12:06:00 PM,108.5,1098.0,78.5,989.5,9851.0,Cola Scavenger L2,10.424,0.203,,0.009,,7.93,C_01_S05
11-Mar-26,11:55:00 AM,110.0,738.0,66.5,628.0,9852.0,Concentrado 1ra Limpieza L1,26.875,24.477,0.377,1.086,11.74,10.59,C_01_S08
11-Mar-26,11:59:00 AM,114.5,821.0,136.0,706.5,9853.0,Concentrado Colectivo,27.427,24.676,0.382,1.186,11.0,19.25,C_01_S10
11-Mar-26,12:00:00 PM,110.0,846.0,218.0,736.0,9854.0,Concentrado Primario L1,18.073,13.532,0.19,0.746,40.76,29.62,C_01_S15
13-Mar-26,11:28:00 AM,108.0,906.0,329.0,798.0,9864.0,Rebose Hidrociclones L2,2.955,0.509,0.008,0.004,,41.23,C_01_S02
13-Mar-26,11:19:00 AM,110.0,786.5,113.5,676.5,9865.0,Relave Final,2.552,0.063,,0.001,,16.78,C_01_S03
13-Mar-26,11:22:00 AM,110.5,1117.0,104.5,1006.5,9866.0,Cola Scavenger L1,17.214,0.253,,0.008,,10.38,C_01_S04
13-Mar-26,11:26:00 AM,110.0,1108.0,108.0,998.0,9867.0,Cola Scavenger L2,16.707,0.235,,0.008,,10.82,C_01_S05
13-Mar-26,11:31:00 AM,110.0,684.5,72.5,574.5,9868.0,Concentrado 1ra Limpieza L1,28.306,26.564,0.272,1.051,9.26,12.62,C_01_S08
13-Mar-26,11:35:00 AM,109.0,830.5,119.0,721.5,9869.0,Concentrado Colectivo,28.524,26.564,0.275,1.151,9.04,16.49,C_01_S10
13-Mar-26,11:32:00 AM,113.5,868.0,236.0,754.5,9870.0,Concentrado Primario L2,21.558,25.573,0.152,0.643,35.6,31.28,C_01_S14
16-Mar-26,10:30:00 AM,115.0,1004.5,354.0,889.5,9871.0,Rebose Hidrociclones L2,2.72,0.492,0.011,0.026,,39.8,C_01_S02
16-Mar-26,10:20:00 AM,110.0,879.5,184.0,769.5,9872.0,Relave Final,2.776,0.076,,0.006,,23.91,C_01_S03
16-Mar-26,10:24:00 AM,107.0,1092.0,50.0,985.0,9873.0,Cola Scavenger L1,7.87,0.238,,0.015,,5.08,C_01_S04
16-Mar-26,10:28:00 AM,108.5,1097.5,51.5,989.0,9874.0,Cola Scavenger L2,7.204,0.221,,0.014,,5.21,C_01_S05
16-Mar-26,10:33:00 AM,110.0,753.0,84.0,643.0,9875.0,Concentrado 1ra Limpieza L1,26.299,24.477,0.395,1.161,13.68,13.06,C_01_S08
16-Mar-26,10:37:00 AM,117.0,783.5,134.0,666.5,9876.0,Concentrado 1ra Limpieza L2,24.6,22.786,0.373,1.161,16.22,20.11,C_01_S09
16-Mar-26,10:41:00 AM,114.5,923.0,175.5,808.5,9877.0,Concentrado Colectivo,26.529,25.572,0.409,1.227,11.74,21.71,C_01_S10
16-Mar-26,10:38:00 AM,110.0,874.5,234.5,764.5,9878.0,Concentrado Primario L2,21.471,16.816,0.264,0.841,31.06,30.67,C_01_S14
25-Mar-26,11:06:00 AM,115.0,1060.5,401.5,945.5,9964.0,Rebose Hidrociclones L2,2.502,0.514,0.006,0.04,0.0,42.46,C_01_S02
25-Mar-26,11:09:00 AM,110.0,893.0,140.0,783.0,9965.0,Relave Final,2.523,0.101,0.0,0.014,0.0,17.88,C_01_S03
25-Mar-26,11:16:00 AM,107.0,1092.0,72.5,985.0,9966.0,Cola Scavenger L1,9.308,0.267,0.0,0.039,0.0,7.36,C_01_S04
25-Mar-26,11:12:00 AM,108.5,1092.0,60.0,983.5,9967.0,Cola Scavenger L2,8.907,0.268,0.0,0.041,0.0,6.1,C_01_S05
25-Mar-26,11:18:00 AM,110.0,724.5,42.5,614.5,9968.0,Concentrado 1ra Limpieza L1,29.117,22.073,0.11,1.195,8.2,6.92,C_01_S08
25-Mar-26,11:22:00 AM,117.0,835.0,218.0,718.0,9969.0,Concentrado 1ra Limpieza L2,29.285,21.175,0.108,1.243,8.46,30.36,C_01_S09
25-Mar-26,11:25:00 AM,114.5,633.5,118.5,519.0,9970.0,Concentrado Colectivo,29.674,20.775,0.103,1.263,7.28,22.83,C_01_S10
25-Mar-26,11:28:00 AM,110.0,855.5,195.5,745.5,9971.0,Concentrado Primario L1,22.922,18.228,0.092,1.346,23.32,26.22,C_01_S15
27-Mar-26,10:26:00 AM,110.0,1060.5,397.4,950.5,9976.0,Rebose Hidrociclones L2,2.81,0.54,0.006,0.043,0.0,41.81,C_01_S02
27-Mar-26,10:28:00 AM,114.5,894.0,106.4,779.5,9977.0,Relave Final,2.375,0.109,0.0,0.013,0.0,13.65,C_01_S03
27-Mar-26,10:32:00 AM,108.5,1092.5,76.0,984.0,9978.0,Cola Scavenger L1,7.776,0.415,0.0,0.045,0.0,7.72,C_01_S04
27-Mar-26,10:36:00 AM,108.0,1087.0,68.4,979.0,9979.0,Cola Scavenger L2,8.008,0.343,0.0,0.034,0.0,6.99,C_01_S05
27-Mar-26,10:38:00 AM,109.0,710.0,28.8,601.0,9980.0,Concentrado 1ra Limpieza L1,26.825,25.969,0.142,1.809,11.54,4.79,C_01_S08
27-Mar-26,10:45:00 AM,110.5,600.0,98.6,489.5,9982.0,Concentrado Colectivo,27.0,25.771,0.142,1.837,10.76,20.14,C_01_S10
27-Mar-26,10:46:00 AM,110.0,832.0,214.8,722.0,9983.0,Concentrado Primario L1,20.964,16.454,0.091,1.281,32.48,29.75,C_01_S15
01-Apr-26,12:09:00 PM,108.0,1031.5,381.0,923.5,9991.0,Rebose Hidrociclones L2,2.665,0.386,0.015,0.015,0.0,41.26,C_01_S02
01-Apr-26,12:13:00 PM,110.0,836.0,110.0,726.0,9992.0,Relave Final,2.267,0.047,0.0,0.005,0.0,15.15,C_01_S03
01-Apr-26,12:04:00 PM,110.5,1226.0,113.0,1115.5,9993.0,Cola Scavenger L1,9.455,0.145,0.0,0.017,0.0,10.13,C_01_S04
01-Apr-26,12:00:00 PM,110.0,1121.0,101.0,1011.0,9994.0,Cola Scavenger L2,9.386,0.125,0.0,0.008,0.0,9.99,C_01_S05
01-Apr-26,11:57:00 AM,110.5,721.5,30.0,611.0,9995.0,Concentrado 1ra Limpieza L1,26.149,18.977,0.584,0.734,16.96,4.91,C_01_S08
01-Apr-26,12:08:00 PM,110.5,778.5,119.5,668.0,9996.0,Concentrado 1ra Limpieza L2,26.595,16.88,0.558,0.777,18.12,17.89,C_01_S09
01-Apr-26,12:11:00 PM,110.5,590.5,82.0,480.0,9997.0,Concentrado Colectivo,26.955,19.576,0.602,0.963,14.16,17.08,C_01_S10
01-Apr-26,12:01:00 PM,113.5,848.5,178.5,735.0,9998.0,Concentrado Primario L2,22.056,12.934,0.401,0.57,32.5,24.29,C_01_S14
01-Apr-26,11:55:00 AM,108.0,823.5,125.5,715.5,9999.0,Concentrado Primario L1,18.643,12.885,0.38,0.66,38.06,17.54,C_01_S15
03-Apr-26,4:46:00 PM,110.0,828.5,112.5,718.5,10003.0,Relave Final,2.429,0.07,0.0,0.004,0.0,15.66,C_01_S03
03-Apr-26,4:30:00 PM,107.0,1134.5,108.0,1027.5,10004.0,Cola Scavenger L1,9.333,0.208,0.0,0.009,0.0,10.51,C_01_S04
03-Apr-26,4:35:00 PM,108.5,1137.5,103.5,1029.0,10005.0,Cola Scavenger L2,8.733,0.182,0.0,0.009,0.0,10.06,C_01_S05
03-Apr-26,4:32:00 PM,110.0,726.5,19.0,616.5,10006.0,Concentrado 1ra Limpieza L1,28.14,24.179,0.279,0.979,0.0,3.08,C_01_S08
03-Apr-26,4:41:00 PM,117.0,780.0,105.5,663.0,10007.0,Concentrado 1ra Limpieza L2,21.946,13.93,0.191,0.885,32.64,15.91,C_01_S09
03-Apr-26,4:44:00 PM,114.5,879.0,167.0,764.5,10008.0,Concentrado Colectivo,27.533,23.333,0.272,1.089,14.52,21.84,C_01_S10
03-Apr-26,4:37:00 PM,110.0,853.0,186.0,743.0,10009.0,Concentrado Primario L2,21.383,13.731,0.172,0.675,34.28,25.03,C_01_S14
03-Apr-26,4:42:00 PM,110.0,851.0,194.0,741.0,10010.0,Concentrado Primario L1,16.635,10.547,0.137,0.556,46.38,26.18,C_01_S15
06-Apr-26,12:04:00 PM,108.0,1073.0,396.5,965.0,10011.0,Rebose Hidrociclones L2,2.747,0.39,0.009,0.016,0.0,41.09,C_01_S02
06-Apr-26,11:51:00 AM,110.0,877.5,74.0,767.5,10012.0,Relave Final,3.563,0.061,0.0,0.004,0.0,9.64,C_01_S03
06-Apr-26,11:56:00 AM,110.5,1135.0,100.5,1024.5,10013.0,Cola Scavenger L1,5.632,0.107,0.0,0.013,0.0,9.81,C_01_S04
06-Apr-26,12:01:00 PM,110.0,1223.0,102.5,1113.0,10014.0,Cola Scavenger L2,5.579,0.117,0.0,0.007,0.0,9.21,C_01_S05
06-Apr-26,11:54:00 AM,110.0,718.0,10.5,608.0,10015.0,Concentrado 1ra Limpieza L1,26.783,23.681,0.213,0.834,15.42,1.73,C_01_S08
06-Apr-26,12:06:00 PM,110.5,809.0,171.5,698.5,10016.0,Concentrado 1ra Limpieza L2,26.995,22.985,0.221,1.097,16.04,24.55,C_01_S09
06-Apr-26,12:09:00 PM,109.0,615.5,100.0,506.5,10017.0,Concentrado Colectivo,26.534,21.89,0.215,1.023,18.48,19.74,C_01_S10
06-Apr-26,11:58:00 AM,113.5,848.0,226.0,734.5,10018.0,Concentrado Primario L2,21.265,17.064,0.16,0.647,33.0,30.77,C_01_S14
06-Apr-26,12:02:00 PM,108.0,857.0,203.5,749.0,10019.0,Concentrado Primario L1,21.433,17.462,0.164,0.784,32.74,21.74,C_01_S15
08-Apr-26,10:39:00 AM,108.0,1044.0,377.5,936.0,10020.0,Rebose Hidrociclones L2,2.014,0.352,0.008,0.042,0.0,50.3,C_01_S02
08-Apr-26,10:44:00 AM,110.0,860.5,69.0,750.5,10021.0,Relave Final,1.932,0.046,0.0,0.008,0.0,6.73,C_01_S03
08-Apr-26,10:48:00 AM,110.5,1135.0,86.0,1024.5,10022.0,Cola Scavenger L1,6.826,0.106,0.0,0.012,0.0,8.16,C_01_S04
08-Apr-26,10:52:00 AM,110.0,1163.5,86.5,1053.5,10023.0,Cola Scavenger L2,6.779,0.101,0.0,0.011,0.0,14.45,C_01_S05
08-Apr-26,10:59:00 AM,110.0,708.5,8.0,598.5,10024.0,Concentrado 1ra Limpieza L1,28.037,21.874,0.199,1.553,13.9,1.07,C_01_S08
08-Apr-26,10:42:00 AM,110.5,858.0,264.5,747.5,10025.0,Concentrado 1ra Limpieza L2,27.387,19.377,0.197,1.993,16.9,50.77,C_01_S09
08-Apr-26,10:46:00 AM,109.0,630.0,100.0,521.0,10026.0,Concentrado Colectivo,28.037,23.272,0.225,1.384,11.8,13.62,C_01_S10
08-Apr-26,10:50:00 AM,113.5,847.5,193.5,734.0,10027.0,Concentrado Primario L2,18.928,12.685,0.13,1.326,38.64,25.44,C_01_S14
08-Apr-26,10:56:00 AM,108.0,868.5,190.0,760.5,10028.0,Concentrado Primario L1,19.585,12.984,0.127,1.329,37.82,,C_01_S15
,,,,,,,,,,,,,,
,,,,,,,,,,,,,,
,,,,,,,,,,,,,,
,,,,,,,,,,,,,,
,,,,,,,,,,,,,,
,,,,,,,,,,,,,,
,,,,,,,,,,,,,,
,,,,,,,,,,,,,,
,,,,,,,,,,,,,,
,,,,,,,,,,,,,,
,,,,,,,,,,,,,,
,,,,,,,,,,,,,,
,,,,,,,,,,,,,,
,,,,,,,,,,,,,,
,,,,,,,,,,,,,,
,,,,,,,,,,,,,,
,,,,,,,,,,,,,,
,,,,,,,,,,,,,,
,,,,,,,,,,,,,,
,,,,,,,,,,,,,,
,,,,,,,,,,,,,,
,,,,,,,,,,,,,,
,,,,,,,,,,,,,,
,,,,,,,,,,,,,,
,,,,,,,,,,,,,,
,,,,,,,,,,,,,,
,,,,,,,,,,,,,,
,,,,,,,,,,,,,,
,,,,,,,,,,,,,,
,,,,,,,,,,,,,,
,,,,,,,,,,,,,,
,,,,,,,,,,,,,,
,,,,,,,,,,,,,,
,,,,,,,,,,,,,,
,,,,,,,,,,,,,,
,,,,,,,,,,,,,,
,,,,,,,,,,,,,,
,,,,,,,,,,,,,,
,,,,,,,,,,,,,,
,,,,,,,,,,,,,,
,,,,,,,,,,,,,,
,,,,,,,,,,,,,,
,,,,,,,,,,,,,,
,,,,,,,,,,,,,,
,,,,,,,,,,,,,,
,,,,,,,,,,,,,,
,,,,,,,,,,,,,,
,,,,,,,,,,,,,,
,,,,,,,,,,,,,,
,,,,,,,,,,,,,,
,,,,,,,,,,,,,,
,,,,,,,,,,,,,,
,,,,,,,,,,,,,,
,,,,,,,,,,,,,,
,,,,,,,,,,,,,,
,,,,,,,,,,,,,,
,,,,,,,,,,,,,,
,,,,,,,,,,,,,,
,,,,,,,,,,,,,,
,,,,,,,,,,,,,,
,,,,,,,,,,,,,,
,,,,,,,,,,,,,,
,,,,,,,,,,,,,,
,,,,,,,,,,,,,,
,,,,,,,,,,,,,,
,,,,,,,,,,,,,,
,,,,,,,,,,,,,,
,,,,,,,,,,,,,,
,,,,,,,,,,,,,,
,,,,,,,,,,,,,,
,,,,,,,,,,,,,,
,,,,,,,,,,,,,,
,,,,,,,,,,,,,,
,,,,,,,,,,,,,,
,,,,,,,,,,,,,,
,,,,,,,,,,,,,,
,,,,,,,,,,,,,,
,,,,,,,,,,,,,,
,,,,,,,,,,,,,,
,,,,,,,,,,,,,,
,,,,,,,,,,,,,,
,,,,,,,,,,,,,,
,,,,,,,,,,,,,,
,,,,,,,,,,,,,,
,,,,,,,,,,,,,,
,,,,,,,,,,,,,,
,,,,,,,,,,,,,,
,,,,,,,,,,,,,,
,,,,,,,,,,,,,,
,,,,,,,,,,,,,,
,,,,,,,,,,,,,,
,,,,,,,,,,,,,,
,,,,,,,,,,,,,,
,,,,,,,,,,,,,,
,,,,,,,,,,,,,,
,,,,,,,,,,,,,,
,,,,,,,,,,,,,,
,,,,,,,,,,,,,,
,,,,,,,,,,,,,,
,,,,,,,,,,,,,,
,,,,,,,,,,,,,,
,,,,,,,,,,,,,,
,,,,,,,,,,,,,,
,,,,,,,,,,,,,,
,,,,,,,,,,,,,,
,,,,,,,,,,,,,,
,,,,,,,,,,,,,,
,,,,,,,,,,,,,,
,,,,,,,,,,,,,,
,,,,,,,,,,,,,,
,,,,,,,,,,,,,,
,,,,,,,,,,,,,,
,,,,,,,,,,,,,,
,,,,,,,,,,,,,,
,,,,,,,,,,,,,,
,,,,,,,,,,,,,,
,,,,,,,,,,,,,,
,,,,,,,,,,,,,,
,,,,,,,,,,,,,,
,,,,,,,,,,,,,,
,,,,,,,,,,,,,,
,,,,,,,,,,,,,,
,,,,,,,,,,,,,,
,,,,,,,,,,,,,,
,,,,,,,,,,,,,,
,,,,,,,,,,,,,,
,,,,,,,,,,,,,,
,,,,,,,,,,,,,,
,,,,,,,,,,,,,,
,,,,,,,,,,,,,,
,,,,,,,,,,,,,,
,,,,,,,,,,,,,,
,,,,,,,,,,,,,,
,,,,,,,,,,,,,,
,,,,,,,,,,,,,,
,,,,,,,,,,,,,,
,,,,,,,,,,,,,,
,,,,,,,,,,,,,,
,,,,,,,,,,,,,,
,,,,,,,,,,,,,,
,,,,,,,,,,,,,,
,,,,,,,,,,,,,,
,,,,,,,,,,,,,,
,,,,,,,,,,,,,,
,,,,,,,,,,,,,,
,,,,,,,,,,,,,,
,,,,,,,,,,,,,,
,,,,,,,,,,,,,,
,,,,,,,,,,,,,,
,,,,,,,,,,,,,,
,,,,,,,,,,,,,,
,,,,,,,,,,,,,,
,,,,,,,,,,,,,,
,,,,,,,,,,,,,,
,,,,,,,,,,,,,,
,,,,,,,,,,,,,,
,,,,,,,,,,,,,,
,,,,,,,,,,,,,,
,,,,,,,,,,,,,,
,,,,,,,,,,,,,,
,,,,,,,,,,,,,,
,,,,,,,,,,,,,,
,,,,,,,,,,,,,,
,,,,,,,,,,,,,,
,,,,,,,,,,,,,,
,,,,,,,,,,,,,,
,,,,,,,,,,,,,,
,,,,,,,,,,,,,,
,,,,,,,,,,,,,,
,,,,,,,,,,,,,,
,,,,,,,,,,,,,,
,,,,,,,,,,,,,,
,,,,,,,,,,,,,,
,,,,,,,,,,,,,,
,,,,,,,,,,,,,,
,,,,,,,,,,,,,,
,,,,,,,,,,,,,,
,,,,,,,,,,,,,,
,,,,,,,,,,,,,,
,,,,,,,,,,,,,,
,,,,,,,,,,,,,,
,,,,,,,,,,,,,,
,,,,,,,,,,,,,,
,,,,,,,,,,,,,,
,,,,,,,,,,,,,,
,,,,,,,,,,,,,,
,,,,,,,,,,,,,,
,,,,,,,,,,,,,,
,,,,,,,,,,,,,,
,,,,,,,,,,,,,,
,,,,,,,,,,,,,,
,,,,,,,,,,,,,,
,,,,,,,,,,,,,,
,,,,,,,,,,,,,,
,,,,,,,,,,,,,,
,,,,,,,,,,,,,,
,,,,,,,,,,,,,,
,,,,,,,,,,,,,,
,,,,,,,,,,,,,,
,,,,,,,,,,,,,,
,,,,,,,,,,,,,,
,,,,,,,,,,,,,,
,,,,,,,,,,,,,,
,,,,,,,,,,,,,,
,,,,,,,,,,,,,,
,,,,,,,,,,,,,,
,,,,,,,,,,,,,,
,,,,,,,,,,,,,,
,,,,,,,,,,,,,,
,,,,,,,,,,,,,,
,,,,,,,,,,,,,,
,,,,,,,,,,,,,,
,,,,,,,,,,,,,,
,,,,,,,,,,,,,,
,,,,,,,,,,,,,,
,,,,,,,,,,,,,,
,,,,,,,,,,,,,,
,,,,,,,,,,,,,,
,,,,,,,,,,,,,,
,,,,,,,,,,,,,,
,,,,,,,,,,,,,,
,,,,,,,,,,,,,,
,,,,,,,,,,,,,,
,,,,,,,,,,,,,,
,,,,,,,,,,,,,,
,,,,,,,,,,,,,,
,,,,,,,,,,,,,,
,,,,,,,,,,,,,,
,,,,,,,,,,,,,,
,,,,,,,,,,,,,,
,,,,,,,,,,,,,,
,,,,,,,,,,,,,,
,,,,,,,,,,,,,,
,,,,,,,,,,,,,,
,,,,,,,,,,,,,,
,,,,,,,,,,,,,,
,,,,,,,,,,,,,,
,,,,,,,,,,,,,,
,,,,,,,,,,,,,,
,,,,,,,,,,,,,,
,,,,,,,,,,,,,,
,,,,,,,,,,,,,,
,,,,,,,,,,,,,,
,,,,,,,,,,,,,,
,,,,,,,,,,,,,,
,,,,,,,,,,,,,,
,,,,,,,,,,,,,,
,,,,,,,,,,,,,,
,,,,,,,,,,,,,,
,,,,,,,,,,,,,,
,,,,,,,,,,,,,,
,,,,,,,,,,,,,,
,,,,,,,,,,,,,,
,,,,,,,,,,,,,,
,,,,,,,,,,,,,,
,,,,,,,,,,,,,,
,,,,,,,,,,,,,,
,,,,,,,,,,,,,,
,,,,,,,,,,,,,,
,,,,,,,,,,,,,,
,,,,,,,,,,,,,,
,,,,,,,,,,,,,,
,,,,,,,,,,,,,,
,,,,,,,,,,,,,,
,,,,,,,,,,,,,,
,,,,,,,,,,,,,,
,,,,,,,,,,,,,,
,,,,,,,,,,,,,,
,,,,,,,,,,,,,,
,,,,,,,,,,,,,,
,,,,,,,,,,,,,,
,,,,,,,,,,,,,,
,,,,,,,,,,,,,,
,,,,,,,,,,,,,,
,,,,,,,,,,,,,,
,,,,,,,,,,,,,,
,,,,,,,,,,,,,,
,,,,,,,,,,,,,,
,,,,,,,,,,,,,,
,,,,,,,,,,,,,,
,,,,,,,,,,,,,,
,,,,,,,,,,,,,,
,,,,,,,,,,,,,,
,,,,,,,,,,,,,,
,,,,,,,,,,,,,,
,,,,,,,,,,,,,,
,,,,,,,,,,,,,,
,,,,,,,,,,,,,,
,,,,,,,,,,,,,,
,,,,,,,,,,,,,,
,,,,,,,,,,,,,,
,,,,,,,,,,,,,,
,,,,,,,,,,,,,,
,,,,,,,,,,,,,,
,,,,,,,,,,,,,,
,,,,,,,,,,,,,,
,,,,,,,,,,,,,,
,,,,,,,,,,,,,,
,,,,,,,,,,,,,,
,,,,,,,,,,,,,,
,,,,,,,,,,,,,,
,,,,,,,,,,,,,,
,,,,,,,,,,,,,,
,,,,,,,,,,,,,,
,,,,,,,,,,,,,,
,,,,,,,,,,,,,,
,,,,,,,,,,,,,,
,,,,,,,,,,,,,,
,,,,,,,,,,,,,,
,,,,,,,,,,,,,,
,,,,,,,,,,,,,,
,,,,,,,,,,,,,,
,,,,,,,,,,,,,,
,,,,,,,,,,,,,,
,,,,,,,,,,,,,,
,,,,,,,,,,,,,,
,,,,,,,,,,,,,,
,,,,,,,,,,,,,,
,,,,,,,,,,,,,,
,,,,,,,,,,,,,,
,,,,,,,,,,,,,,
,,,,,,,,,,,,,,
,,,,,,,,,,,,,,
,,,,,,,,,,,,,,
,,,,,,,,,,,,,,
,,,,,,,,,,,,,,
,,,,,,,,,,,,,,
,,,,,,,,,,,,,,
,,,,,,,,,,,,,,
,,,,,,,,,,,,,,
,,,,,,,,,,,,,,
,,,,,,,,,,,,,,
,,,,,,,,,,,,,,
,,,,,,,,,,,,,,
,,,,,,,,,,,,,,
,,,,,,,,,,,,,,
,,,,,,,,,,,,,,
,,,,,,,,,,,,,,
,,,,,,,,,,,,,,
,,,,,,,,,,,,,,
,,,,,,,,,,,,,,
,,,,,,,,,,,,,,
,,,,,,,,,,,,,,
,,,,,,,,,,,,,,
,,,,,,,,,,,,,,
,,,,,,,,,,,,,,
,,,,,,,,,,,,,,
,,,,,,,,,,,,,,
,,,,,,,,,,,,,,
,,,,,,,,,,,,,,
,,,,,,,,,,,,,,
,,,,,,,,,,,,,,
,,,,,,,,,,,,,,
,,,,,,,,,,,,,,
,,,,,,,,,,,,,,
,,,,,,,,,,,,,,
,,,,,,,,,,,,,,
,,,,,,,,,,,,,,
,,,,,,,,,,,,,,
,,,,,,,,,,,,,,
,,,,,,,,,,,,,,
,,,,,,,,,,,,,,
,,,,,,,,,,,,,,
,,,,,,,,,,,,,,
,,,,,,,,,,,,,,
,,,,,,,,,,,,,,
,,,,,,,,,,,,,,
,,,,,,,,,,,,,,
,,,,,,,,,,,,,,
,,,,,,,,,,,,,,
,,,,,,,,,,,,,,
,,,,,,,,,,,,,,
,,,,,,,,,,,,,,
,,,,,,,,,,,,,,
,,,,,,,,,,,,,,
,,,,,,,,,,,,,,
,,,,,,,,,,,,,,
,,,,,,,,,,,,,,
,,,,,,,,,,,,,,
,,,,,,,,,,,,,,
,,,,,,,,,,,,,,
,,,,,,,,,,,,,,
,,,,,,,,,,,,,,
,,,,,,,,,,,,,,
,,,,,,,,,,,,,,
,,,,,,,,,,,,,,
,,,,,,,,,,,,,,
,,,,,,,,,,,,,,
,,,,,,,,,,,,,,
,,,,,,,,,,,,,,
,,,,,,,,,,,,,,
,,,,,,,,,,,,,,
,,,,,,,,,,,,,,
,,,,,,,,,,,,,,
,,,,,,,,,,,,,,
,,,,,,,,,,,,,,
,,,,,,,,,,,,,,
,,,,,,,,,,,,,,
,,,,,,,,,,,,,,
,,,,,,,,,,,,,,
,,,,,,,,,,,,,,
,,,,,,,,,,,,,,
,,,,,,,,,,,,,,
,,,,,,,,,,,,,,
,,,,,,,,,,,,,,
,,,,,,,,,,,,,,
,,,,,,,,,,,,,,
,,,,,,,,,,,,,,
,,,,,,,,,,,,,,
,,,,,,,,,,,,,,
,,,,,,,,,,,,,,
,,,,,,,,,,,,,,
,,,,,,,,,,,,,,
,,,,,,,,,,,,,,
,,,,,,,,,,,,,,
,,,,,,,,,,,,,,
,,,,,,,,,,,,,,
,,,,,,,,,,,,,,
,,,,,,,,,,,,,,
,,,,,,,,,,,,,,
,,,,,,,,,,,,,,
,,,,,,,,,,,,,,
,,,,,,,,,,,,,,
,,,,,,,,,,,,,,
,,,,,,,,,,,,,,
,,,,,,,,,,,,,,
,,,,,,,,,,,,,,
,,,,,,,,,,,,,,
,,,,,,,,,,,,,,
,,,,,,,,,,,,,,
,,,,,,,,,,,,,,
,,,,,,,,,,,,,,
,,,,,,,,,,,,,,
,,,,,,,,,,,,,,
,,,,,,,,,,,,,,
,,,,,,,,,,,,,,
,,,,,,,,,,,,,,
,,,,,,,,,,,,,,
,,,,,,,,,,,,,,
,,,,,,,,,,,,,,
,,,,,,,,,,,,,,
,,,,,,,,,,,,,,
,,,,,,,,,,,,,,
,,,,,,,,,,,,,,
,,,,,,,,,,,,,,
,,,,,,,,,,,,,,
,,,,,,,,,,,,,,
,,,,,,,,,,,,,,
,,,,,,,,,,,,,,
,,,,,,,,,,,,,,
,,,,,,,,,,,,,,
,,,,,,,,,,,,,,
,,,,,,,,,,,,,,
,,,,,,,,,,,,,,
,,,,,,,,,,,,,,
,,,,,,,,,,,,,,
,,,,,,,,,,,,,,
,,,,,,,,,,,,,,
,,,,,,,,,,,,,,
,,,,,,,,,,,,,,
,,,,,,,,,,,,,,
,,,,,,,,,,,,,,
,,,,,,,,,,,,,,
,,,,,,,,,,,,,,
,,,,,,,,,,,,,,
,,,,,,,,,,,,,,
,,,,,,,,,,,,,,
,,,,,,,,,,,,,,
,,,,,,,,,,,,,,
,,,,,,,,,,,,,,
,,,,,,,,,,,,,,
,,,,,,,,,,,,,,
,,,,,,,,,,,,,,
,,,,,,,,,,,,,,
,,,,,,,,,,,,,,
,,,,,,,,,,,,,,
,,,,,,,,,,,,,,
,,,,,,,,,,,,,,
,,,,,,,,,,,,,,
,,,,,,,,,,,,,,
,,,,,,,,,,,,,,
,,,,,,,,,,,,,,
,,,,,,,,,,,,,,
,,,,,,,,,,,,,,
,,,,,,,,,,,,,,
,,,,,,,,,,,,,,
,,,,,,,,,,,,,,
,,,,,,,,,,,,,,
,,,,,,,,,,,,,,
,,,,,,,,,,,,,,
,,,,,,,,,,,,,,
,,,,,,,,,,,,,,
,,,,,,,,,,,,,,
,,,,,,,,,,,,,,
,,,,,,,,,,,,,,
,,,,,,,,,,,,,,
,,,,,,,,,,,,,,
,,,,,,,,,,,,,,
,,,,,,,,,,,,,,
,,,,,,,,,,,,,,
,,,,,,,,,,,,,,
,,,,,,,,,,,,,,
,,,,,,,,,,,,,,
,,,,,,,,,,,,,,
,,,,,,,,,,,,,,
,,,,,,,,,,,,,,
,,,,,,,,,,,,,,
,,,,,,,,,,,,,,
,,,,,,,,,,,,,,
,,,,,,,,,,,,,,
,,,,,,,,,,,,,,
,,,,,,,,,,,,,,
,,,,,,,,,,,,,,
,,,,,,,,,,,,,,
,,,,,,,,,,,,,,
,,,,,,,,,,,,,,
,,,,,,,,,,,,,,
,,,,,,,,,,,,,,
,,,,,,,,,,,,,,
,,,,,,,,,,,,,,
,,,,,,,,,,,,,,
,,,,,,,,,,,,,,
,,,,,,,,,,,,,,
,,,,,,,,,,,,,,
,,,,,,,,,,,,,,
,,,,,,,,,,,,,,
,,,,,,,,,,,,,,
,,,,,,,,,,,,,,
,,,,,,,,,,,,,,
,,,,,,,,,,,,,,
,,,,,,,,,,,,,,
,,,,,,,,,,,,,,
,,,,,,,,,,,,,,
,,,,,,,,,,,,,,
,,,,,,,,,,,,,,
,,,,,,,,,,,,,,
,,,,,,,,,,,,,,
,,,,,,,,,,,,,,
,,,,,,,,,,,,,,
,,,,,,,,,,,,,,
,,,,,,,,,,,,,,
,,,,,,,,,,,,,,
,,,,,,,,,,,,,,
,,,,,,,,,,,,,,
,,,,,,,,,,,,,,
,,,,,,,,,,,,,,
,,,,,,,,,,,,,,
,,,,,,,,,,,,,,
,,,,,,,,,,,,,,
,,,,,,,,,,,,,,
,,,,,,,,,,,,,,
,,,,,,,,,,,,,,
,,,,,,,,,,,,,,
,,,,,,,,,,,,,,
,,,,,,,,,,,,,,
,,,,,,,,,,,,,,
,,,,,,,,,,,,,,
,,,,,,,,,,,,,,
,,,,,,,,,,,,,,
,,,,,,,,,,,,,,
,,,,,,,,,,,,,,
,,,,,,,,,,,,,,
,,,,,,,,,,,,,,
,,,,,,,,,,,,,,
,,,,,,,,,,,,,,
,,,,,,,,,,,,,,
,,,,,,,,,,,,,,
,,,,,,,,,,,,,,
,,,,,,,,,,,,,,
,,,,,,,,,,,,,,
,,,,,,,,,,,,,,
,,,,,,,,,,,,,,
,,,,,,,,,,,,,,
,,,,,,,,,,,,,,
,,,,,,,,,,,,,,
,,,,,,,,,,,,,,
,,,,,,,,,,,,,,
,,,,,,,,,,,,,,
,,,,,,,,,,,,,,
,,,,,,,,,,,,,,
,,,,,,,,,,,,,,
,,,,,,,,,,,,,,
,,,,,,,,,,,,,,
,,,,,,,,,,,,,,
,,,,,,,,,,,,,,
,,,,,,,,,,,,,,
,,,,,,,,,,,,,,
,,,,,,,,,,,,,,
,,,,,,,,,,,,,,
,,,,,,,,,,,,,,
,,,,,,,,,,,,,,
,,,,,,,,,,,,,,
,,,,,,,,,,,,,,
,,,,,,,,,,,,,,
,,,,,,,,,,,,,,
,,,,,,,,,,,,,,
,,,,,,,,,,,,,,
,,,,,,,,,,,,,,
,,,,,,,,,,,,,,
,,,,,,,,,,,,,,
,,,,,,,,,,,,,,
,,,,,,,,,,,,,,
,,,,,,,,,,,,,,
,,,,,,,,,,,,,,
,,,,,,,,,,,,,,
,,,,,,,,,,,,,,
,,,,,,,,,,,,,,
,,,,,,,,,,,,,,
,,,,,,,,,,,,,,
,,,,,,,,,,,,,,
,,,,,,,,,,,,,,
,,,,,,,,,,,,,,
,,,,,,,,,,,,,,
,,,,,,,,,,,,,,
,,,,,,,,,,,,,,
,,,,,,,,,,,,,,
,,,,,,,,,,,,,,
,,,,,,,,,,,,,,
,,,,,,,,,,,,,,
,,,,,,,,,,,,,,
,,,,,,,,,,,,,,
,,,,,,,,,,,,,,
,,,,,,,,,,,,,,
,,,,,,,,,,,,,,
,,,,,,,,,,,,,,
,,,,,,,,,,,,,,
,,,,,,,,,,,,,,
,,,,,,,,,,,,,,
,,,,,,,,,,,,,,
,,,,,,,,,,,,,,
,,,,,,,,,,,,,,
,,,,,,,,,,,,,,
,,,,,,,,,,,,,,
,,,,,,,,,,,,,,
,,,,,,,,,,,,,,
,,,,,,,,,,,,,,
,,,,,,,,,,,,,,
,,,,,,,,,,,,,,
,,,,,,,,,,,,,,
,,,,,,,,,,,,,,
,,,,,,,,,,,,,,
,,,,,,,,,,,,,,
,,,,,,,,,,,,,,
,,,,,,,,,,,,,,
,,,,,,,,,,,,,,
,,,,,,,,,,,,,,
,,,,,,,,,,,,,,
,,,,,,,,,,,,,,
,,,,,,,,,,,,,,
,,,,,,,,,,,,,,
,,,,,,,,,,,,,,
,,,,,,,,,,,,,,
,,,,,,,,,,,,,,
,,,,,,,,,,,,,,
,,,,,,,,,,,,,,
,,,,,,,,,,,,,,
,,,,,,,,,,,,,,
,,,,,,,,,,,,,,
,,,,,,,,,,,,,,
,,,,,,,,,,,,,,
,,,,,,,,,,,,,,
,,,,,,,,,,,,,,
,,,,,,,,,,,,,,
,,,,,,,,,,,,,,
,,,,,,,,,,,,,,
,,,,,,,,,,,,,,
,,,,,,,,,,,,,,
,,,,,,,,,,,,,,
,,,,,,,,,,,,,,
,,,,,,,,,,,,,,
,,,,,,,,,,,,,,
,,,,,,,,,,,,,,
,,,,,,,,,,,,,,
,,,,,,,,,,,,,,
,,,,,,,,,,,,,,
,,,,,,,,,,,,,,
,,,,,,,,,,,,,,
,,,,,,,,,,,,,,
,,,,,,,,,,,,,,
,,,,,,,,,,,,,,
,,,,,,,,,,,,,,
,,,,,,,,,,,,,,
,,,,,,,,,,,,,,
,,,,,,,,,,,,,,
,,,,,,,,,,,,,,
,,,,,,,,,,,,,,
,,,,,,,,,,,,,,
,,,,,,,,,,,,,,
,,,,,,,,,,,,,,
,,,,,,,,,,,,,,
,,,,,,,,,,,,,,
,,,,,,,,,,,,,,
,,,,,,,,,,,,,,
,,,,,,,,,,,,,,
,,,,,,,,,,,,,,
,,,,,,,,,,,,,,
,,,,,,,,,,,,,,
,,,,,,,,,,,,,,
,,,,,,,,,,,,,,
,,,,,,,,,,,,,,
,,,,,,,,,,,,,,
,,,,,,,,,,,,,,
,,,,,,,,,,,,,,
,,,,,,,,,,,,,,
,,,,,,,,,,,,,,
,,,,,,,,,,,,,,
,,,,,,,,,,,,,,
,,,,,,,,,,,,,,
,,,,,,,,,,,,,,
,,,,,,,,,,,,,,
,,,,,,,,,,,,,,
,,,,,,,,,,,,,,
,,,,,,,,,,,,,,
,,,,,,,,,,,,,,
,,,,,,,,,,,,,,
,,,,,,,,,,,,,,
,,,,,,,,,,,,,,
,,,,,,,,,,,,,,
,,,,,,,,,,,,,,
,,,,,,,,,,,,,,
,,,,,,,,,,,,,,
,,,,,,,,,,,,,,
,,,,,,,,,,,,,,
,,,,,,,,,,,,,,
,,,,,,,,,,,,,,
,,,,,,,,,,,,,,
,,,,,,,,,,,,,,
,,,,,,,,,,,,,,
,,,,,,,,,,,,,,
,,,,,,,,,,,,,,
,,,,,,,,,,,,,,
,,,,,,,,,,,,,,
,,,,,,,,,,,,,,
,,,,,,,,,,,,,,
,,,,,,,,,,,,,,
,,,,,,,,,,,,,,
,,,,,,,,,,,,,,
,,,,,,,,,,,,,,
,,,,,,,,,,,,,,
,,,,,,,,,,,,,,
,,,,,,,,,,,,,,
,,,,,,,,,,,,,,
,,,,,,,,,,,,,,
,,,,,,,,,,,,,,
,,,,,,,,,,,,,,
,,,,,,,,,,,,,,
,,,,,,,,,,,,,,
,,,,,,,,,,,,,,
,,,,,,,,,,,,,,
,,,,,,,,,,,,,,
,,,,,,,,,,,,,,
,,,,,,,,,,,,,,
,,,,,,,,,,,,,,
,,,,,,,,,,,,,,
,,,,,,,,,,,,,,
,,,,,,,,,,,,,,
,,,,,,,,,,,,,,
,,,,,,,,,,,,,,
,,,,,,,,,,,,,,
,,,,,,,,,,,,,,
,,,,,,,,,,,,,,
,,,,,,,,,,,,,,
,,,,,,,,,,,,,,
,,,,,,,,,,,,,,
,,,,,,,,,,,,,,
,,,,,,,,,,,,,,
,,,,,,,,,,,,,,
,,,,,,,,,,,,,,
,,,,,,,,,,,,,,
,,,,,,,,,,,,,,
,,,,,,,,,,,,,,
,,,,,,,,,,,,,,
,,,,,,,,,,,,,,
,,,,,,,,,,,,,,
,,,,,,,,,,,,,,
,,,,,,,,,,,,,,
,,,,,,,,,,,,,,
,,,,,,,,,,,,,,
,,,,,,,,,,,,,,
,,,,,,,,,,,,,,
,,,,,,,,,,,,,,
,,,,,,,,,,,,,,
,,,,,,,,,,,,,,
,,,,,,,,,,,,,,
,,,,,,,,,,,,,,
,,,,,,,,,,,,,,
,,,,,,,,,,,,,,
,,,,,,,,,,,,,,
,,,,,,,,,,,,,,
,,,,,,,,,,,,,,
,,,,,,,,,,,,,,
,,,,,,,,,,,,,,
,,,,,,,,,,,,,,
,,,,,,,,,,,,,,
,,,,,,,,,,,,,,
,,,,,,,,,,,,,,
,,,,,,,,,,,,,,
,,,,,,,,,,,,,,
,,,,,,,,,,,,,,
,,,,,,,,,,,,,,
,,,,,,,,,,,,,,
,,,,,,,,,,,,,,
,,,,,,,,,,,,,,
,,,,,,,,,,,,,,
,,,,,,,,,,,,,,
,,,,,,,,,,,,,,
,,,,,,,,,,,,,,
,,,,,,,,,,,,,,
,,,,,,,,,,,,,,
,,,,,,,,,,,,,,
,,,,,,,,,,,,,,
,,,,,,,,,,,,,,
,,,,,,,,,,,,,,
,,,,,,,,,,,,,,
,,,,,,,,,,,,,,
,,,,,,,,,,,,,,
,,,,,,,,,,,,,,
,,,,,,,,,,,,,,
,,,,,,,,,,,,,,
,,,,,,,,,,,,,,
,,,,,,,,,,,,,,
,,,,,,,,,,,,,,
,,,,,,,,,,,,,,
,,,,,,,,,,,,,,
,,,,,,,,,,,,,,
,,,,,,,,,,,,,,
,,,,,,,,,,,,,,
,,,,,,,,,,,,,,
,,,,,,,,,,,,,,
,,,,,,,,,,,,,,
,,,,,,,,,,,,,,
,,,,,,,,,,,,,,
,,,,,,,,,,,,,,
,,,,,,,,,,,,,,
,,,,,,,,,,,,,,
,,,,,,,,,,,,,,
,,,,,,,,,,,,,,
,,,,,,,,,,,,,,
,,,,,,,,,,,,,,
,,,,,,,,,,,,,,
,,,,,,,,,,,,,,
,,,,,,,,,,,,,,
,,,,,,,,,,,,,,
,,,,,,,,,,,,,,
,,,,,,,,,,,,,,
,,,,,,,,,,,,,,
,,,,,,,,,,,,,,
,,,,,,,,,,,,,,
,,,,,,,,,,,,,,
,,,,,,,,,,,,,,
,,,,,,,,,,,,,,
,,,,,,,,,,,,,,
,,,,,,,,,,,,,,
,,,,,,,,,,,,,,
,,,,,,,,,,,,,,
,,,,,,,,,,,,,,
,,,,,,,,,,,,,,
,,,,,,,,,,,,,,
,,,,,,,,,,,,,,
,,,,,,,,,,,,,,
,,,,,,,,,,,,,,
,,,,,,,,,,,,,,
,,,,,,,,,,,,,,
,,,,,,,,,,,,,,
,,,,,,,,,,,,,,
,,,,,,,,,,,,,,
,,,,,,,,,,,,,,
,,,,,,,,,,,,,,
,,,,,,,,,,,,,,
,,,,,,,,,,,,,,
,,,,,,,,,,,,,,
,,,,,,,,,,,,,,
,,,,,,,,,,,,,,
,,,,,,,,,,,,,,
,,,,,,,,,,,,,,
,,,,,,,,,,,,,,
,,,,,,,,,,,,,,
,,,,,,,,,,,,,,
,,,,,,,,,,,,,,
,,,,,,,,,,,,,,
,,,,,,,,,,,,,,
,,,,,,,,,,,,,,
,,,,,,,,,,,,,,
,,,,,,,,,,,,,,
,,,,,,,,,,,,,,
,,,,,,,,,,,,,,
,,,,,,,,,,,,,,
,,,,,,,,,,,,,,
,,,,,,,,,,,,,,
,,,,,,,,,,,,,,
,,,,,,,,,,,,,,
,,,,,,,,,,,,,,
,,,,,,,,,,,,,,
,,,,,,,,,,,,,,
,,,,,,,,,,,,,,
,,,,,,,,,,,,,,
,,,,,,,,,,,,,,
,,,,,,,,,,,,,,
,,,,,,,,,,,,,,
,,,,,,,,,,,,,,
,,,,,,,,,,,,,,
,,,,,,,,,,,,,,
,,,,,,,,,,,,,,
,,,,,,,,,,,,,,
,,,,,,,,,,,,,,
,,,,,,,,,,,,,,
,,,,,,,,,,,,,,
,,,,,,,,,,,,,,
,,,,,,,,,,,,,,
,,,,,,,,,,,,,,
,,,,,,,,,,,,,,
,,,,,,,,,,,,,,
,,,,,,,,,,,,,,
,,,,,,,,,,,,,,
,,,,,,,,,,,,,,
,,,,,,,,,,,,,,
,,,,,,,,,,,,,,
,,,,,,,,,,,,,,
,,,,,,,,,,,,,,
,,,,,,,,,,,,,,
,,,,,,,,,,,,,,
,,,,,,,,,,,,,,
,,,,,,,,,,,,,,
,,,,,,,,,,,,,,
,,,,,,,,,,,,,,
,,,,,,,,,,,,,,
,,,,,,,,,,,,,,
,,,,,,,,,,,,,,
,,,,,,,,,,,,,,
,,,,,,,,,,,,,,
,,,,,,,,,,,,,,
,,,,,,,,,,,,,,
,,,,,,,,,,,,,,
,,,,,,,,,,,,,,
,,,,,,,,,,,,,,
,,,,,,,,,,,,,,
,,,,,,,,,,,,,,
,,,,,,,,,,,,,,
,,,,,,,,,,,,,,
,,,,,,,,,,,,,,
,,,,,,,,,,,,,,
,,,,,,,,,,,,,,
,,,,,,,,,,,,,,
,,,,,,,,,,,,,,
,,,,,,,,,,,,,,
,,,,,,,,,,,,,,
,,,,,,,,,,,,,,
,,,,,,,,,,,,,,
,,,,,,,,,,,,,,
,,,,,,,,,,,,,,
,,,,,,,,,,,,,,
,,,,,,,,,,,,,,
,,,,,,,,,,,,,,
,,,,,,,,,,,,,,
,,,,,,,,,,,,,,
,,,,,,,,,,,,,,
,,,,,,,,,,,,,,
,,,,,,,,,,,,,,
,,,,,,,,,,,,,,
,,,,,,,,,,,,,,
,,,,,,,,,,,,,,
,,,,,,,,,,,,,,
,,,,,,,,,,,,,,
,,,,,,,,,,,,,,
,,,,,,,,,,,,,,
,,,,,,,,,,,,,,
,,,,,,,,,,,,,,
,,,,,,,,,,,,,,
,,,,,,,,,,,,,,
,,,,,,,,,,,,,,
,,,,,,,,,,,,,,
,,,,,,,,,,,,,,
,,,,,,,,,,,,,,
,,,,,,,,,,,,,,
,,,,,,,,,,,,,,
,,,,,,,,,,,,,,
,,,,,,,,,,,,,,
,,,,,,,,,,,,,,
,,,,,,,,,,,,,,
,,,,,,,,,,,,,,
,,,,,,,,,,,,,,
,,,,,,,,,,,,,,
,,,,,,,,,,,,,,
,,,,,,,,,,,,,,
,,,,,,,,,,,,,,
,,,,,,,,,,,,,,
,,,,,,,,,,,,,,
,,,,,,,,,,,,,,
,,,,,,,,,,,,,,
,,,,,,,,,,,,,,
,,,,,,,,,,,,,,
,,,,,,,,,,,,,,
,,,,,,,,,,,,,,
,,,,,,,,,,,,,,
,,,,,,,,,,,,,,
,,,,,,,,,,,,,,
,,,,,,,,,,,,,,
,,,,,,,,,,,,,,
,,,,,,,,,,,,,,
,,,,,,,,,,,,,,
,,,,,,,,,,,,,,
,,,,,,,,,,,,,,
,,,,,,,,,,,,,,
,,,,,,,,,,,,,,
,,,,,,,,,,,,,,
,,,,,,,,,,,,,,
,,,,,,,,,,,,,,
,,,,,,,,,,,,,,
,,,,,,,,,,,,,,
,,,,,,,,,,,,,,
,,,,,,,,,,,,,,
,,,,,,,,,,,,,,
,,,,,,,,,,,,,,
,,,,,,,,,,,,,,
,,,,,,,,,,,,,,
,,,,,,,,,,,,,,
,,,,,,,,,,,,,,
,,,,,,,,,,,,,,
,,,,,,,,,,,,,,
,,,,,,,,,,,,,,
,,,,,,,,,,,,,,
,,,,,,,,,,,,,,
,,,,,,,,,,,,,,
,,,,,,,,,,,,,,
,,,,,,,,,,,,,,
,,,,,,,,,,,,,,
,,,,,,,,,,,,,,
,,,,,,,,,,,,,,
,,,,,,,,,,,,,,
,,,,,,,,,,,,,,
,,,,,,,,,,,,,,
,,,,,,,,,,,,,,
,,,,,,,,,,,,,,
,,,,,,,,,,,,,,
,,,,,,,,,,,,,,
,,,,,,,,,,,,,,
,,,,,,,,,,,,,,
,,,,,,,,,,,,,,
,,,,,,,,,,,,,,
,,,,,,,,,,,,,,
,,,,,,,,,,,,,,
,,,,,,,,,,,,,,
,,,,,,,,,,,,,,
,,,,,,,,,,,,,,
,,,,,,,,,,,,,,
,,,,,,,,,,,,,,
,,,,,,,,,,,,,,
,,,,,,,,,,,,,,
,,,,,,,,,,,,,,
,,,,,,,,,,,,,,
,,,,,,,,,,,,,,
,,,,,,,,,,,,,,
,,,,,,,,,,,,,,
,,,,,,,,,,,,,,
,,,,,,,,,,,,,,
,,,,,,,,,,,,,,
,,,,,,,,,,,,,,
,,,,,,,,,,,,,,
,,,,,,,,,,,,,,
,,,,,,,,,,,,,,
,,,,,,,,,,,,,,
,,,,,,,,,,,,,,
,,,,,,,,,,,,,,
,,,,,,,,,,,,,,
,,,,,,,,,,,,,,
,,,,,,,,,,,,,,
,,,,,,,,,,,,,,
,,,,,,,,,,,,,,
,,,,,,,,,,,,,,
,,,,,,,,,,,,,,
,,,,,,,,,,,,,,
,,,,,,,,,,,,,,
,,,,,,,,,,,,,,
,,,,,,,,,,,,,,
,,,,,,,,,,,,,,
,,,,,,,,,,,,,,
,,,,,,,,,,,,,,
,,,,,,,,,,,,,,
,,,,,,,,,,,,,,
,,,,,,,,,,,,,,
,,,,,,,,,,,,,,
,,,,,,,,,,,,,,
,,,,,,,,,,,,,,
,,,,,,,,,,,,,,
,,,,,,,,,,,,,,
,,,,,,,,,,,,,,
,,,,,,,,,,,,,,
,,,,,,,,,,,,,,
,,,,,,,,,,,,,,
,,,,,,,,,,,,,,
,,,,,,,,,,,,,,
,,,,,,,,,,,,,,
,,,,,,,,,,,,,,
,,,,,,,,,,,,,,
,,,,,,,,,,,,,,
,,,,,,,,,,,,,,
,,,,,,,,,,,,,,
,,,,,,,,,,,,,,
,,,,,,,,,,,,,,
,,,,,,,,,,,,,,
,,,,,,,,,,,,,,
,,,,,,,,,,,,,,
,,,,,,,,,,,,,,
,,,,,,,,,,,,,,
,,,,,,,,,,,,,,
,,,,,,,,,,,,,,
,,,,,,,,,,,,,,
,,,,,,,,,,,,,,
,,,,,,,,,,,,,,
,,,,,,,,,,,,,,
,,,,,,,,,,,,,,
,,,,,,,,,,,,,,
,,,,,,,,,,,,,,
,,,,,,,,,,,,,,
,,,,,,,,,,,,,,
,,,,,,,,,,,,,,
,,,,,,,,,,,,,,
,,,,,,,,,,,,,,
,,,,,,,,,,,,,,
,,,,,,,,,,,,,,
,,,,,,,,,,,,,,
,,,,,,,,,,,,,,
,,,,,,,,,,,,,,
,,,,,,,,,,,,,,
,,,,,,,,,,,,,,
,,,,,,,,,,,,,,
,,,,,,,,,,,,,,
,,,,,,,,,,,,,,
,,,,,,,,,,,,,,
,,,,,,,,,,,,,,
,,,,,,,,,,,,,,
,,,,,,,,,,,,,,
,,,,,,,,,,,,,,
,,,,,,,,,,,,,,
,,,,,,,,,,,,,,
,,,,,,,,,,,,,,
,,,,,,,,,,,,,,
,,,,,,,,,,,,,,
,,,,,,,,,,,,,,
,,,,,,,,,,,,,,
,,,,,,,,,,,,,,
,,,,,,,,,,,,,,
,,,,,,,,,,,,,,
,,,,,,,,,,,,,,
,,,,,,,,,,,,,,
,,,,,,,,,,,,,,
,,,,,,,,,,,,,,
,,,,,,,,,,,,,,
,,,,,,,,,,,,,,
,,,,,,,,,,,,,,
,,,,,,,,,,,,,,
,,,,,,,,,,,,,,
,,,,,,,,,,,,,,
,,,,,,,,,,,,,,
,,,,,,,,,,,,,,
,,,,,,,,,,,,,,
,,,,,,,,,,,,,,
,,,,,,,,,,,,,,
,,,,,,,,,,,,,,
,,,,,,,,,,,,,,
,,,,,,,,,,,,,,
,,,,,,,,,,,,,,
,,,,,,,,,,,,,,
,,,,,,,,,,,,,,
,,,,,,,,,,,,,,
,,,,,,,,,,,,,,
,,,,,,,,,,,,,,
,,,,,,,,,,,,,,
,,,,,,,,,,,,,,
,,,,,,,,,,,,,,
,,,,,,,,,,,,,,
,,,,,,,,,,,,,,
,,,,,,,,,,,,,,
,,,,,,,,,,,,,,
,,,,,,,,,,,,,,
,,,,,,,,,,,,,,
,,,,,,,,,,,,,,
,,,,,,,,,,,,,,
,,,,,,,,,,,,,,
,,,,,,,,,,,,,,
,,,,,,,,,,,,,,
,,,,,,,,,,,,,,
,,,,,,,,,,,,,,
,,,,,,,,,,,,,,
,,,,,,,,,,,,,,
,,,,,,,,,,,,,,
,,,,,,,,,,,,,,
,,,,,,,,,,,,,,
,,,,,,,,,,,,,,
,,,,,,,,,,,,,,
,,,,,,,,,,,,,,
,,,,,,,,,,,,,,
,,,,,,,,,,,,,,
,,,,,,,,,,,,,,
,,,,,,,,,,,,,,
,,,,,,,,,,,,,,
,,,,,,,,,,,,,,
,,,,,,,,,,,,,,
,,,,,,,,,,,,,,
,,,,,,,,,,,,,,
,,,,,,,,,,,,,,
,,,,,,,,,,,,,,
,,,,,,,,,,,,,,
,,,,,,,,,,,,,,
,,,,,,,,,,,,,,
,,,,,,,,,,,,,,
,,,,,,,,,,,,,,
,,,,,,,,,,,,,,
,,,,,,,,,,,,,,
,,,,,,,,,,,,,,
,,,,,,,,,,,,,,
,,,,,,,,,,,,,,
,,,,,,,,,,,,,,
,,,,,,,,,,,,,,
,,,,,,,,,,,,,,
,,,,,,,,,,,,,,
,,,,,,,,,,,,,,
,,,,,,,,,,,,,,
,,,,,,,,,,,,,,
,,,,,,,,,,,,,,
,,,,,,,,,,,,,,
,,,,,,,,,,,,,,
,,,,,,,,,,,,,,
,,,,,,,,,,,,,,
,,,,,,,,,,,,,,
,,,,,,,,,,,,,,
,,,,,,,,,,,,,,
,,,,,,,,,,,,,,
,,,,,,,,,,,,,,
,,,,,,,,,,,,,,
,,,,,,,,,,,,,,
,,,,,,,,,,,,,,
,,,,,,,,,,,,,,
,,,,,,,,,,,,,,
,,,,,,,,,,,,,,
,,,,,,,,,,,,,,
,,,,,,,,,,,,,,
,,,,,,,,,,,,,,
,,,,,,,,,,,,,,
,,,,,,,,,,,,,,
,,,,,,,,,,,,,,
,,,,,,,,,,,,,,
,,,,,,,,,,,,,,
,,,,,,,,,,,,,,
,,,,,,,,,,,,,,
,,,,,,,,,,,,,,
,,,,,,,,,,,,,,
,,,,,,,,,,,,,,
,,,,,,,,,,,,,,
,,,,,,,,,,,,,,
,,,,,,,,,,,,,,
,,,,,,,,,,,,,,
,,,,,,,,,,,,,,
,,,,,,,,,,,,,,
,,,,,,,,,,,,,,
,,,,,,,,,,,,,,
,,,,,,,,,,,,,,
,,,,,,,,,,,,,,
,,,,,,,,,,,,,,
,,,,,,,,,,,,,,
,,,,,,,,,,,,,,
,,,,,,,,,,,,,,
,,,,,,,,,,,,,,
,,,,,,,,,,,,,,
,,,,,,,,,,,,,,
,,,,,,,,,,,,,,
,,,,,,,,,,,,,,
,,,,,,,,,,,,,,
,,,,,,,,,,,,,,
,,,,,,,,,,,,,,
,,,,,,,,,,,,,,
,,,,,,,,,,,,,,
,,,,,,,,,,,,,,
,,,,,,,,,,,,,,
,,,,,,,,,,,,,,
,,,,,,,,,,,,,,
,,,,,,,,,,,,,,
,,,,,,,,,,,,,,
,,,,,,,,,,,,,,
,,,,,,,,,,,,,,
,,,,,,,,,,,,,,
,,,,,,,,,,,,,,
,,,,,,,,,,,,,,
,,,,,,,,,,,,,,
,,,,,,,,,,,,,,
,,,,,,,,,,,,,,
,,,,,,,,,,,,,,
,,,,,,,,,,,,,,
,,,,,,,,,,,,,,
,,,,,,,,,,,,,,
,,,,,,,,,,,,,,
,,,,,,,,,,,,,,
,,,,,,,,,,,,,,
,,,,,,,,,,,,,,
,,,,,,,,,,,,,,
,,,,,,,,,,,,,,
,,,,,,,,,,,,,,
,,,,,,,,,,,,,,
,,,,,,,,,,,,,,
,,,,,,,,,,,,,,
,,,,,,,,,,,,,,
,,,,,,,,,,,,,,
,,,,,,,,,,,,,,
,,,,,,,,,,,,,,
,,,,,,,,,,,,,,
,,,,,,,,,,,,,,
,,,,,,,,,,,,,,
,,,,,,,,,,,,,,
,,,,,,,,,,,,,,
,,,,,,,,,,,,,,
,,,,,,,,,,,,,,
,,,,,,,,,,,,,,
,,,,,,,,,,,,,,
,,,,,,,,,,,,,,
,,,,,,,,,,,,,,
,,,,,,,,,,,,,,
,,,,,,,,,,,,,,
,,,,,,,,,,,,,,
,,,,,,,,,,,,,,
,,,,,,,,,,,,,,
,,,,,,,,,,,,,,
,,,,,,,,,,,,,,
,,,,,,,,,,,,,,
,,,,,,,,,,,,,,
,,,,,,,,,,,,,,
,,,,,,,,,,,,,,
,,,,,,,,,,,,,,
,,,,,,,,,,,,,,
,,,,,,,,,,,,,,
,,,,,,,,,,,,,,
,,,,,,,,,,,,,,
,,,,,,,,,,,,,,
,,,,,,,,,,,,,,
,,,,,,,,,,,,,,
,,,,,,,,,,,,,,
,,,,,,,,,,,,,,
,,,,,,,,,,,,,,
,,,,,,,,,,,,,,
,,,,,,,,,,,,,,
,,,,,,,,,,,,,,
,,,,,,,,,,,,,,
,,,,,,,,,,,,,,
,,,,,,,,,,,,,,
,,,,,,,,,,,,,,
,,,,,,,,,,,,,,
,,,,,,,,,,,,,,
,,,,,,,,,,,,,,
,,,,,,,,,,,,,,
,,,,,,,,,,,,,,
,,,,,,,,,,,,,,
,,,,,,,,,,,,,,
,,,,,,,,,,,,,,
,,,,,,,,,,,,,,
,,,,,,,,,,,,,,
,,,,,,,,,,,,,,
,,,,,,,,,,,,,,
,,,,,,,,,,,,,,
,,,,,,,,,,,,,,
,,,,,,,,,,,,,,
,,,,,,,,,,,,,,
,,,,,,,,,,,,,,
,,,,,,,,,,,,,,
,,,,,,,,,,,,,,
,,,,,,,,,,,,,,
,,,,,,,,,,,,,,
,,,,,,,,,,,,,,
,,,,,,,,,,,,,,
,,,,,,,,,,,,,,
,,,,,,,,,,,,,,
,,,,,,,,,,,,,,
,,,,,,,,,,,,,,
,,,,,,,,,,,,,,
,,,,,,,,,,,,,,
,,,,,,,,,,,,,,
,,,,,,,,,,,,,,
,,,,,,,,,,,,,,
,,,,,,,,,,,,,,
,,,,,,,,,,,,,,
,,,,,,,,,,,,,,
,,,,,,,,,,,,,,
,,,,,,,,,,,,,,
,,,,,,,,,,,,,,
,,,,,,,,,,,,,,
,,,,,,,,,,,,,,
,,,,,,,,,,,,,,
,,,,,,,,,,,,,,
,,,,,,,,,,,,,,
,,,,,,,,,,,,,,
,,,,,,,,,,,,,,
,,,,,,,,,,,,,,
,,,,,,,,,,,,,,
,,,,,,,,,,,,,,
,,,,,,,,,,,,,,
,,,,,,,,,,,,,,
,,,,,,,,,,,,,,
,,,,,,,,,,,,,,
,,,,,,,,,,,,,,
,,,,,,,,,,,,,,
,,,,,,,,,,,,,,
,,,,,,,,,,,,,,
,,,,,,,,,,,,,,
,,,,,,,,,,,,,,
,,,,,,,,,,,,,,
,,,,,,,,,,,,,,
,,,,,,,,,,,,,,
,,,,,,,,,,,,,,
,,,,,,,,,,,,,,
,,,,,,,,,,,,,,
,,,,,,,,,,,,,,
,,,,,,,,,,,,,,
,,,,,,,,,,,,,,
,,,,,,,,,,,,,,
,,,,,,,,,,,,,,
,,,,,,,,,,,,,,
,,,,,,,,,,,,,,
,,,,,,,,,,,,,,
,,,,,,,,,,,,,,
,,,,,,,,,,,,,,
,,,,,,,,,,,,,,
,,,,,,,,,,,,,,
,,,,,,,,,,,,,,
,,,,,,,,,,,,,,
,,,,,,,,,,,,,,
,,,,,,,,,,,,,,
,,,,,,,,,,,,,,
,,,,,,,,,,,,,,
,,,,,,,,,,,,,,
,,,,,,,,,,,,,,
,,,,,,,,,,,,,,
,,,,,,,,,,,,,,
,,,,,,,,,,,,,,
,,,,,,,,,,,,,,
,,,,,,,,,,,,,,
,,,,,,,,,,,,,,
,,,,,,,,,,,,,,
,,,,,,,,,,,,,,
,,,,,,,,,,,,,,
,,,,,,,,,,,,,,
,,,,,,,,,,,,,,
,,,,,,,,,,,,,,
,,,,,,,,,,,,,,
,,,,,,,,,,,,,,
,,,,,,,,,,,,,,
,,,,,,,,,,,,,,
,,,,,,,,,,,,,,
,,,,,,,,,,,,,,
,,,,,,,,,,,,,,
,,,,,,,,,,,,,,
,,,,,,,,,,,,,,
,,,,,,,,,,,,,,
,,,,,,,,,,,,,,
,,,,,,,,,,,,,,
,,,,,,,,,,,,,,
,,,,,,,,,,,,,,
,,,,,,,,,,,,,,
,,,,,,,,,,,,,,
,,,,,,,,,,,,,,
,,,,,,,,,,,,,,
,,,,,,,,,,,,,,
,,,,,,,,,,,,,,
,,,,,,,,,,,,,,
,,,,,,,,,,,,,,
,,,,,,,,,,,,,,
,,,,,,,,,,,,,,
,,,,,,,,,,,,,,
,,,,,,,,,,,,,,
,,,,,,,,,,,,,,
,,,,,,,,,,,,,,
,,,,,,,,,,,,,,
,,,,,,,,,,,,,,
,,,,,,,,,,,,,,
,,,,,,,,,,,,,,
,,,,,,,,,,,,,,
,,,,,,,,,,,,,,
,,,,,,,,,,,,,,
,,,,,,,,,,,,,,
,,,,,,,,,,,,,,
,,,,,,,,,,,,,,
,,,,,,,,,,,,,,
,,,,,,,,,,,,,,
,,,,,,,,,,,,,,
,,,,,,,,,,,,,,
,,,,,,,,,,,,,,
,,,,,,,,,,,,,,
,,,,,,,,,,,,,,
,,,,,,,,,,,,,,
,,,,,,,,,,,,,,
,,,,,,,,,,,,,,
,,,,,,,,,,,,,,
,,,,,,,,,,,,,,
,,,,,,,,,,,,,,
,,,,,,,,,,,,,,
,,,,,,,,,,,,,,
,,,,,,,,,,,,,,
,,,,,,,,,,,,,,
,,,,,,,,,,,,,,
,,,,,,,,,,,,,,
,,,,,,,,,,,,,,
,,,,,,,,,,,,,,
,,,,,,,,,,,,,,
,,,,,,,,,,,,,,
,,,,,,,,,,,,,,
,,,,,,,,,,,,,,
,,,,,,,,,,,,,,
,,,,,,,,,,,,,,
,,,,,,,,,,,,,,
,,,,,,,,,,,,,,
,,,,,,,,,,,,,,
,,,,,,,,,,,,,,
,,,,,,,,,,,,,,
,,,,,,,,,,,,,,
,,,,,,,,,,,,,,
,,,,,,,,,,,,,,
,,,,,,,,,,,,,,
,,,,,,,,,,,,,,
,,,,,,,,,,,,,,
,,,,,,,,,,,,,,
,,,,,,,,,,,,,,
,,,,,,,,,,,,,,
,,,,,,,,,,,,,,
,,,,,,,,,,,,,,
,,,,,,,,,,,,,,
,,,,,,,,,,,,,,
,,,,,,,,,,,,,,
,,,,,,,,,,,,,,
,,,,,,,,,,,,,,
,,,,,,,,,,,,,,
,,,,,,,,,,,,,,
,,,,,,,,,,,,,,
,,,,,,,,,,,,,,
,,,,,,,,,,,,,,
,,,,,,,,,,,,,,
,,,,,,,,,,,,,,
,,,,,,,,,,,,,,
,,,,,,,,,,,,,,
,,,,,,,,,,,,,,
,,,,,,,,,,,,,,
,,,,,,,,,,,,,,
,,,,,,,,,,,,,,
,,,,,,,,,,,,,,
,,,,,,,,,,,,,,
,,,,,,,,,,,,,,
,,,,,,,,,,,,,,
,,,,,,,,,,,,,,
,,,,,,,,,,,,,,
,,,,,,,,,,,,,,
,,,,,,,,,,,,,,
,,,,,,,,,,,,,,
,,,,,,,,,,,,,,
,,,,,,,,,,,,,,
,,,,,,,,,,,,,,
,,,,,,,,,,,,,,
,,,,,,,,,,,,,,
,,,,,,,,,,,,,,
,,,,,,,,,,,,,,
,,,,,,,,,,,,,,
,,,,,,,,,,,,,,
,,,,,,,,,,,,,,
,,,,,,,,,,,,,,
,,,,,,,,,,,,,,
,,,,,,,,,,,,,,
,,,,,,,,,,,,,,
,,,,,,,,,,,,,,
,,,,,,,,,,,,,,
,,,,,,,,,,,,,,
,,,,,,,,,,,,,,
,,,,,,,,,,,,,,
,,,,,,,,,,,,,,
,,,,,,,,,,,,,,
,,,,,,,,,,,,,,
,,,,,,,,,,,,,,
,,,,,,,,,,,,,,
,,,,,,,,,,,,,,
,,,,,,,,,,,,,,
,,,,,,,,,,,,,,
,,,,,,,,,,,,,,
,,,,,,,,,,,,,,
,,,,,,,,,,,,,,
,,,,,,,,,,,,,,
,,,,,,,,,,,,,,
,,,,,,,,,,,,,,
,,,,,,,,,,,,,,
,,,,,,,,,,,,,,
,,,,,,,,,,,,,,
,,,,,,,,,,,,,,
,,,,,,,,,,,,,,
,,,,,,,,,,,,,,
,,,,,,,,,,,,,,
,,,,,,,,,,,,,,
,,,,,,,,,,,,,,
,,,,,,,,,,,,,,
,,,,,,,,,,,,,,
,,,,,,,,,,,,,,
,,,,,,,,,,,,,,
,,,,,,,,,,,,,,
,,,,,,,,,,,,,,
,,,,,,,,,,,,,,
,,,,,,,,,,,,,,
,,,,,,,,,,,,,,
,,,,,,,,,,,,,,
,,,,,,,,,,,,,,
,,,,,,,,,,,,,,
,,,,,,,,,,,,,,
,,,,,,,,,,,,,,
,,,,,,,,,,,,,,
,,,,,,,,,,,,,,
,,,,,,,,,,,,,,
,,,,,,,,,,,,,,
,,,,,,,,,,,,,,
,,,,,,,,,,,,,,
,,,,,,,,,,,,,,
,,,,,,,,,,,,,,
,,,,,,,,,,,,,,
,,,,,,,,,,,,,,
,,,,,,,,,,,,,,
,,,,,,,,,,,,,,
,,,,,,,,,,,,,,
,,,,,,,,,,,,,,
,,,,,,,,,,,,,,
,,,,,,,,,,,,,,
,,,,,,,,,,,,,,
,,,,,,,,,,,,,,
,,,,,,,,,,,,,,
,,,,,,,,,,,,,,
,,,,,,,,,,,,,,
,,,,,,,,,,,,,,
,,,,,,,,,,,,,,
,,,,,,,,,,,,,,
,,,,,,,,,,,,,,
,,,,,,,,,,,,,,
,,,,,,,,,,,,,,
,,,,,,,,,,,,,,
,,,,,,,,,,,,,,
,,,,,,,,,,,,,,
,,,,,,,,,,,,,,
,,,,,,,,,,,,,,
,,,,,,,,,,,,,,
,,,,,,,,,,,,,,
,,,,,,,,,,,,,,
,,,,,,,,,,,,,,
,,,,,,,,,,,,,,
,,,,,,,,,,,,,,
,,,,,,,,,,,,,,
,,,,,,,,,,,,,,
,,,,,,,,,,,,,,
,,,,,,,,,,,,,,
,,,,,,,,,,,,,,
,,,,,,,,,,,,,,
,,,,,,,,,,,,,,
,,,,,,,,,,,,,,
,,,,,,,,,,,,,,
,,,,,,,,,,,,,,
,,,,,,,,,,,,,,
,,,,,,,,,,,,,,
,,,,,,,,,,,,,,
,,,,,,,,,,,,,,
,,,,,,,,,,,,,,
,,,,,,,,,,,,,,
,,,,,,,,,,,,,,
,,,,,,,,,,,,,,
,,,,,,,,,,,,,,
,,,,,,,,,,,,,,
,,,,,,,,,,,,,,
,,,,,,,,,,,,,,
,,,,,,,,,,,,,,
,,,,,,,,,,,,,,
,,,,,,,,,,,,,,
,,,,,,,,,,,,,,
,,,,,,,,,,,,,,
,,,,,,,,,,,,,,
,,,,,,,,,,,,,,
,,,,,,,,,,,,,,
,,,,,,,,,,,,,,
,,,,,,,,,,,,,,
,,,,,,,,,,,,,,
,,,,,,,,,,,,,,
,,,,,,,,,,,,,,
,,,,,,,,,,,,,,
,,,,,,,,,,,,,,
,,,,,,,,,,,,,,
,,,,,,,,,,,,,,
,,,,,,,,,,,,,,
,,,,,,,,,,,,,,
,,,,,,,,,,,,,,
,,,,,,,,,,,,,,
,,,,,,,,,,,,,,
,,,,,,,,,,,,,,
,,,,,,,,,,,,,,
,,,,,,,,,,,,,,
,,,,,,,,,,,,,,
