,Fecha,Hora, Tara ," PESOTOTAL", PESO SECO , PESO PULPA ,Cod lab Quimico,MUESTRA,%Fe,%Cu,%Zn,%Mo,%Ins,"%Sol",,
,2022/12/05,15:27, 109.5 ," 1,255.0 ", 433.0 ," 1,145.5 ",4845,Rebose Hidrociclones L1," 2,752.000 ", 0.512 , 0.005 , 0.020 , -   ,37.80,,
,2022/12/05,15:23, 109.0 ," 1,177.5 ", 310.5 ," 1,068.5 ",4846,Relave Final,2.394,0.058,0.000,0.005,0.000,29.06,,
,2022/12/05,15:38, 110.0 ," 1,027.0 ", 234.5 , 917.0 ,4847,Concentrado Colectivo, 31.310 , 22.190 , 0.111 , 0.930 , 10.560 ,25.57,,
,2022/12/05,15:25, 110.0 ," 1,205.5 ", 325.5 ," 1,095.5 ",4848,Concentrado Primario L1, 25.650 , 12.440 , 0.067 , 0.545 , 29.900 ,29.71,,
,2022/12/07,12:04, 109.5 ," 1,230.0 ", 415.5 ," 1,120.5 ",4851,Rebose Hidrociclones L1," 2,596.000 ", 0.481 , 0.004 , 0.017 , -   ,37.08,,
,2022/12/07,12:06, 110.0 ," 1,210.0 ", 372.5 ," 1,100.0 ",4852,Relave Final,2.377,0.072,0.000,0.005,0.000,33.86,,
,2022/12/07,12:08, 109.0 , 964.5 , 163.5 , 855.5 ,4853,Concentrado Colectivo, 29.190 , 26.770 , 0.081 , 1.180 , 10.000 ,19.11,,
,2022/12/07,12:10, 111.5 ," 1,176.0 ", 319.0 ," 1,064.5 ",4854,Concentrado Primario L1, 24.270 , 15.220 , 0.056 , 0.690 , 29.540 ,29.97,,
,2022/12/09,10:50, 109.5 ," 1,206.0 ", 386.0 ," 1,096.5 ",4859,Rebose Hidrociclones L1, 2.648 , 0.512 , 0.003 , 0.014 , -   ,35.20,,
,2022/12/09,10:54, 109.0 ," 1,168.0 ", 326.0 ," 1,059.0 ",4860,Relave Final,2.089,0.045,0.000,0.005,0.000,30.78,,
,2022/12/09,10:52, 110.0 , 966.0 , 213.5 , 856.0 ,4861,Concentrado Colectivo, 31.110 , 23.491 , 0.057 , 0.736 , 11.160 ,24.94,,
,2022/12/09,10:55, 109.0 ," 1,249.0 ", 453.0 ," 1,140.0 ",4862,Concentrado Primario L2, 27.500 , 16.057 , 0.036 , 0.384 , 25.100 ,39.74,,
,2022/12/09,10:58, 110.0 ," 1,112.0 ", 223.5 ," 1,002.0 ",4863,Concentrado Primario L1, 24.790 , 13.679 , 0.036 , 0.368 , 30.680 ,22.31,,
,2022/12/14,10:20, 109.5 ," 1,216.0 ", 360.0 ," 1,106.5 ",4878,Rebose Hidrociclones L1, 2.459 , 0.421 , 0.003 , 0.016 , -   ,32.54,,
,2022/12/14,10:16, 109.0 ," 1,165.0 ", 315.0 ," 1,056.0 ",4879,Relave Final,2.068,0.049,0.000,0.002,0.000,29.83,,
,2022/12/14,10:21, 110.0 ," 1,070.0 ", 283.5 , 960.0 ,4880,Concentrado Colectivo, 29.490 , 24.331 , 0.068 , 1.030 , 10.100 ,29.53,,
,2022/12/14,10:23, 109.0 ," 1,219.0 ", 362.0 ," 1,110.0 ",4881,Concentrado Primario L2, 27.840 , 16.188 , 0.058 , 0.670 , 22.400 ,32.61,,
,2022/12/14,10:25, 110.0 ," 1,192.0 ", 310.5 ," 1,082.0 ",4882,Concentrado Primario L1, 27.270 , 14.201 , 0.054 , 0.620 , 24.240 ,28.70,,
,19-Dec-22,12:29, 110.0 ," 1,136.0 ", 181.5 ," 1,026.0 ",4887,Rebose Hidrociclones L2, 2.591 , 0.612 , 0.003 , 0.015 , -   ,17.69,,
,2022/12/19,12:23, 109.0 ," 1,242.0 ", 388.5 ," 1,133.0 ",4888,Relave Final,1.832,0.048,0.000,0.002,0.000,34.29,,
,2022/12/19,12:31, 110.0 ," 1,004.0 ", 217.5 , 894.0 ,4889,Concentrado Colectivo, 30.570 , 24.726 , 0.079 , 0.900 , 9.060 ,24.33,,
,2022/12/19,12:22, 109.0 , 904.0 , 316.0 , 795.0 ,4890,Concentrado Primario L2, 27.860 , 12.116 , 0.045 , 0.420 , 24.260 ,39.75,,
,2022/12/19,12:25, 110.0 ," 1,179.5 ", 293.0 ," 1,069.5 ",4891,Concentrado Primario L1, 28.440 , 13.208 , 0.055 , 0.530 , 22.600 ,27.40,,
,2022/12/21,11:29, 108.0 ," 1,327.5 ", 520.5 ," 1,219.5 ",4895,Rebose Hidrociclones L1, 2.635 , 0.484 , 0.005 , 0.014 , -   ,42.68,,
,21-Dec-22,11:32, 109.0 ," 1,300.0 ", 475.5 ," 1,191.0 ",4896,Rebose Hidrociclones L2, 2.829 , 0.598 , 0.005 , 0.017 , -   ,39.92,,
,2022/12/21,11:26, 110.0 ," 1,260.0 ", 410.5 ," 1,150.0 ",4897,Relave Final,2.202,0.055,0.000,0.003,0.000,35.70,,
,2022/12/21,11:33, 109.0 ," 1,019.0 ", 236.0 , 910.0 ,4898,Concentrado Colectivo, 28.180 , 25.920 , 0.112 , 1.090 , 11.780 ,25.93,,
,2022/12/21,11:35, 109.5 ," 1,254.5 ", 447.5 ," 1,145.0 ",4899,Concentrado Primario L2, 25.820 , 17.880 , 0.092 , 0.660 , 24.460 ,39.08,,
,2022/12/21,11:37, 111.5 ," 1,269.0 ", 403.0 ," 1,157.5 ",4900,Concentrado Primario L1, 27.900 , 14.500 , 0.092 , 0.630 , 23.660 ,34.82,,
,2022/12/26,11:52, 108.0 ," 1,143.0 ", 394.0 ," 1,035.0 ",4905,Rebose Hidrociclones L1, 2.361 , 0.394 , 0.003 , 0.023 , -   ,38.07,,
,26-Dec-22,11:58, 110.0 ," 1,195.0 ", 427.0 ," 1,085.0 ",4906,Rebose Hidrociclones L2, 2.385 , 0.518 , 0.003 , 0.027 , -   ,39.35,,
,2022/12/26,11:55, 109.0 ," 1,134.0 ", 338.0 ," 1,025.0 ",4907,Relave Final,2.153,0.044,0.000,0.003,0.000,32.98,,
,2022/12/26,11:53, 110.0 , 933.5 , 230.0 , 823.5 ,4908,Concentrado Colectivo, 27.800 , 23.970 , 0.072 , 1.350 , 13.160 ,27.93,,
,2022/12/26,12:00, 109.0 ," 1,176.5 ", 402.0 ," 1,067.5 ",4909,Concentrado Primario L2, 25.280 , 16.480 , 0.050 , 0.920 , 26.600 ,37.66,,
,2022/12/26,11:57, 109.5 , 983.5 , 101.5 , 874.0 ,4910,Concentrado Primario L1, 21.590 , 14.580 , 0.046 , 0.877 , 34.240 ,11.61,,
,2022/12/28,9:54, 112.0 ," 1,296.5 ", 474.5 ," 1,184.5 ",4914,Rebose Hidrociclones L1, 2.112 , 0.478 , 0.004 , 0.032 , -   ,40.06,,
,28-Dec-22,9:59, 109.0 ," 1,319.5 ", 516.5 ," 1,210.5 ",4915,Rebose Hidrociclones L2, 2.129 , 0.568 , 0.004 , 0.037 , -   ,42.67,,
,2022/12/28,10:02, 110.0 ," 1,226.0 ", 346.5 ," 1,116.0 ",4916,Relave Final,1.688,0.059,0.000,0.008,0.000,31.05,,
,2022/12/28,9:56, 109.0 ," 1,015.0 ", 230.5 , 906.0 ,4917,Concentrado Colectivo, 26.840 , 27.010 , 0.261 , 1.560 , 10.520 ,25.44,,
,2022/12/28,9:52, 109.5 ," 1,160.0 ", 312.0 ," 1,050.5 ",4918,Concentrado Primario L2, 23.140 , 18.340 , 0.176 , 1.080 , 27.020 ,29.70,,
,2022/12/28,10:01, 111.5 ," 1,086.0 ", 172.5 , 974.5 ,4919,Concentrado Primario L1, 22.730 , 17.150 , 0.176 , 1.030 , 29.040 ,17.70,,
,2023/01/02,11:44, 112.0 ," 1,225.0 ", 384.0 ," 1,113.0 ",4922,Rebose Hidrociclones L1, 2.650 , 0.369 , 0.006 , 0.020 ,,34.50,,
,02-Jan-23,11:58, 109.0 ," 1,088.0 ", 169.0 , 979.0 ,4923,Rebose Hidrociclones L2, 3.367 , 0.405 , 0.006 , 0.022 , -   ,17.26,,
,2023/01/02,11:48, 110.0 ," 1,185.5 ", 339.0 ," 1,075.5 ",4924,Relave Final,2.424,0.050,0.000,0.005,0.000,31.52,,
,2023/01/02,11:57, 109.0 , 983.5 , 158.5 , 874.5 ,4925,Concentrado Colectivo, 30.110 , 24.480 , 0.204 , 1.156 , 8.680 ,18.12,,
,2023/01/02,11:53, 109.5 ," 1,238.5 ", 384.0 ," 1,129.0 ",4926,Concentrado Primario L2, 26.660 , 13.530 , 0.122 , 0.745 , 25.900 ,34.01,,
,2023/01/02,11:50, 111.5 , 902.5 , 107.0 , 791.0 ,4927,Concentrado Primario L1, 22.610 , 13.930 , 0.128 , 0.798 , 33.100 ,13.53,,
,2023/01/04,10:52, 108.0 ," 1,266.0 ", 371.5 ," 1,158.0 ",4931,Rebose Hidrociclones L1, 2.524 , 0.312 , 0.003 , 0.030 , -   ,32.08,,
,2023/01/04,10:48, 109.0 ," 1,113.0 ", 190.5 ," 1,004.0 ",4932,Relave Final,3.295,0.053,0.000,0.006,0.000,18.97,,
,2023/01/04,10:54, 110.0 , 949.0 , 131.5 , 839.0 ,4933,Concentrado Colectivo, 28.970 , 22.390 , 0.084 , 2.248 , 11.320 ,15.67,,
,2023/01/09,11:14, 108.0 ," 1,157.5 ", 247.5 ," 1,049.5 ",4937,Rebose Hidrociclones L1,2.135,0.366,0.003,0.025,0.000,23.58,,
,2023/01/09,11:10, 109.0 ," 1,240.5 ", 360.5 ," 1,131.5 ",4938,Relave Final,1.775,0.034,0.000,0.003,0.000,31.86,,
,2023/01/09,11:03, 110.0 ," 1,013.0 ", 241.0 , 903.0 ,4939,Concentrado Colectivo,30.280,23.570,0.094,1.490,9.280,26.69,,
,2023/01/11,15:19, 108.0 ," 1,306.0 ", 466.0 ," 1,198.0 ",4943,Rebose Hidrociclones L1,2.247,0.361,0.004,0.020,0.000,38.90,,
,2023/01/11,15:22, 109.0 ," 1,180.0 ", 260.0 ," 1,071.0 ",4944,Relave Final,2.041,0.036,0.000,0.004,0.000,24.28,,
,2023/01/11,15:24, 110.0 ," 1,056.0 ", 293.0 , 946.0 ,4945,Concentrado Colectivo,28.880,23.570,0.166,1.080,7.860,30.97,,
,2023/01/11,15:25, 109.0 ,1251.5,454.0," 1,142.5 ",4946,Concentrado Primario L2,24.340,16.480,0.107,0.810,22.360,39.74,,
,2023/01/16,22:24, 108.0 ," 1,249.0 ",357.5,1141,4954,Rebose Hidrociclones L1,3.378,0.302,0.004,0.011,0.000,31.33,,
,16-Jan-23,22:17, 110.0 ,1160,221.5,1050,4955,Rebose Hidrociclones L2,3.545,0.315,0.004,0.012,0.000,21.10,,
,2023/01/16,22:08, 110.0 ,1198,290.5,1088,4956,Relave Final,2.762,0.032,0.000,0.002,0.000,26.70,,
,2023/01/16,22:12, 109.0 ,931,106.0,822,4957,Concentrado Colectivo,31.250,22.600,0.159,0.924,6.620,12.90,,
,18-Jan-23,9:43, 110.0 ," 1,290.5 ", 432.0 ," 1,180.5 ",4963,Rebose Hidrociclones L2,3.632,0.300,0.005,0.016,0.000,36.59,,
,2023/01/18,9:45, 110.0 ," 1,197.0 ", 285.5 ," 1,087.0 ",4964,Relave Final,3.276,0.039,0.000,0.003,0.000,26.26,,
,2023/01/18,9:47, 109.0 , 969.0 , 149.5 , 860.0 ,4965,Concentrado Colectivo,30.090,22.698,0.244,1.460,8.240,17.38,,
,2023/01/18,9:49, 109.5 ," 1,225.0 ", 407.5 ," 1,115.5 ",4966,Concentrado Primario L2,29.210,13.480,0.140,0.776,17.940,36.53,,
,2023/01/23,10:41, 108.0 ," 1,269.5 ", 415.5 ," 1,161.5 ",4975,Rebose Hidrociclones L1,2.975,0.319,0.003,0.015,0.000,35.77,,
,23-Jan-23,10:43, 109.0 ," 1,304.0 ", 462.5 ," 1,195.0 ",4976,Rebose Hidrociclones L2,3.105,0.350,0.003,0.016,0.000,38.70,,
,2023/01/23,10:46, 110.0 ," 1,197.0 ", 289.0 ," 1,087.0 ",4977,Relave Final,2.684,0.043,0.000,0.003,0.000,26.59,,
,2023/01/23,10:48, 109.0 , 960.5 , 146.5 , 851.5 ,4978,Concentrado Colectivo,30.890,25.873,0.129,1.200,5.360,17.20,,
,2023/01/23,10:49, 109.0 ," 1,288.0 ", 484.5 ," 1,179.0 ",4979,Concentrado Primario L2,30.170,14.516,0.071,0.700,20.160,41.09,,
,2023/01/25,10:51, 109.5 ," 1,244.0 ", 350.0 ," 1,134.5 ",4984,Rebose Hidrociclones L1,3.560,0.449,0.006,0.013,0.000,30.85,,
,25-Jan-23,11.06, 110.0 ," 1,302.0 ", 435.5 ," 1,192.0 ",4985,Rebose Hidrociclones L2,3.525,0.545,0.006,0.015,0.000,36.54,,
,2023/01/25,10:41, 109.0 ," 1,189.5 ", 271.5 ," 1,080.5 ",4986,Relave Final,3.090,0.070,0.000,0.003,0.000,25.13,,
,2023/01/25,10:45, 110.0 , 984.0 , 130.0 , 874.0 ,4987,Concentrado Colectivo,31.570,29.625,0.193,0.829,4.080,14.87,,
,2023/01/25,10:43, 110.0 ," 1,316.5 ", 470.5 ," 1,206.5 ",4988,Concentrado Primario L2,31.440,17.479,0.111,0.542,17.120,39.00,,
,2023/01/27,10:42, 108.0 ," 1,312.0 ", 465.0 ," 1,204.0 ",4989,Rebose Hidrociclones L1,3.019,0.345,0.004,0.016,0.000,38.62,,
,27-Jan-23,10:45, 109.0 ," 1,322.5 ", 490.5 ," 1,213.5 ",4990,Rebose Hidrociclones L2,2.786,0.512,0.005,0.020,0.000,40.42,,
,2023/01/27,10:47, 110.0 ," 1,176.0 ", 239.0 ," 1,066.0 ",4991,Relave Final,2.640,0.044,0.000,0.004,0.000,22.42,,
,2023/01/27,10:49, 109.0 ," 1,026.0 ", 214.0 , 917.0 ,4992,Concentrado Colectivo,32.880,21.923,0.162,0.969,8.680,23.34,,
,2023/01/27,11:24, 109.0 , 902.0 , 222.0 , 793.0 ,4993,Concentrado Primario L2,31.020,14.911,0.104,0.660,19.200,27.99,,
,30-Jan-23,11:42, 110.0 ," 1,312.5 ", 485.0 ," 1,202.5 ",4994,Rebose Hidrociclones L2,2.507,0.469,0.004,0.024,0.000,40.33,,
,2023/01/30,11:51, 110.0 ," 1,049.0 ", 268.0 , 939.0 ,4995,Concentrado Colectivo,32.410,20.384,0.106,1.148,8.360,28.54,,
,2023/01/30,11:52, 110.0 ," 1,329.0 ", 513.5 ," 1,219.0 ",4996,Concentrado Primario L2,32.040,10.290,0.052,0.559,19.800,42.12,,
 ,2023/02/01,11:46, 112.5 ," 1,281.0 ", 397.0 ," 1,168.5 ",5000,Rebose Hidrociclones L1,2.704,0.428,0.004,0.017,0.000,33.98,,
,01-Feb-23,11:49, 112.0 ," 1,176.0 ", 232.5 ," 1,064.0 ",5001,Rebose Hidrociclones L2,3.869,0.821,0.006,0.036,0.000,21.85,,
,2023/02/01,11:51, 109.5 ," 1,169.5 ", 210.5 ," 1,060.0 ",5002,Relave Final,3.261,0.055,0.000,0.002,0.000,19.86,,
,2023/02/01,11:53, 111.0 ," 1,008.0 ", 223.0 , 897.0 ,5003,Concentrado Colectivo,31.550,19.969,0.105,0.990,10.800,24.86,,
,2023/02/01,11:55, 109.5 ," 1,261.0 ", 409.0 ," 1,151.5 ",5004,Concentrado Primario L2,31.340,13.969,0.076,0.597,17.800,35.52,,
,2023/02/06,11:47, 109.5 ," 1,174.5 ", 347.5 ," 1,065.0 ",5011,Rebose Hidrociclones L1,2.456,0.376,0.005,0.019,0.000,32.63,,
,06-Feb-23,11:43, 110.0 ," 1,206.0 ", 393.5 ," 1,096.0 ",5012,Rebose Hidrociclones L2,2.641,0.702,0.007,0.029,0.000,35.90,,
,2023/02/06,11:41, 109.0 ," 1,019.0 ", 112.5 , 910.0 ,5013,Relave Final,2.235,0.040,0.003,0.004,0.000,12.36,,
,2023/02/06,11:52, 110.0 , 961.5 , 224.0 , 851.5 ,5014,Concentrado Colectivo,30.000,23.010,0.203,1.320,10.260,26.31,,
,2023/02/08,11:31, 108.0 ," 1,114.0 ", 440.0 ," 1,006.0 ",5018,Rebose Hidrociclones L1,3.040,0.469,0.005,0.021,0.000,43.74,,
,08-Feb-23,11:27, 109.0 ," 1,121.5 ", 478.5 ," 1,012.5 ",5019,Rebose Hidrociclones L2,2.641,0.428,0.005,0.018,0.000,47.26,,
,2023/02/08,11:25, 110.0 ," 1,167.0 ", 233.5 ," 1,057.0 ",5020,Relave Final,2.383,0.064,0.003,0.003,0.000,22.09,,
,2023/02/08,11:32, 109.0 ," 1,036.0 ", 209.5 , 927.0 ,5021,Concentrado Colectivo,29.440,26.520,0.139,1.065,8.840,22.60,,
,2023/02/08,11:43, 109.0 , 987.5 , 402.0 , 878.5 ,5022,"Conc, Primario L2",24.790,16.920,0.098,0.715,26.200,45.76,,
,2023/02/10,11:12, 109.5 ," 1,301.5 ", 141.0 ," 1,192.0 ",5023,Rebose Hidrociclones L1,2.727,0.573,0.005,0.020,0.000,11.83,,
,10-Feb-23,11:14, 110.0 ," 1,319.0 ", 152.5 ," 1,209.0 ",5024,Rebose Hidrociclones L2,2.824,0.591,0.005,0.022,0.000,12.61,,
,2023/02/10,11:17, 109.0 ," 1,159.5 ", 255.0 ," 1,050.5 ",5025,Relave Final,2.402,0.074,0.002,0.002,0.000,24.27,,
,2023/02/10,11:19, 110.0 ," 1,020.5 ", 252.0 , 910.5 ,5026,Concentrado Colectivo,28.710,25.070,0.125,1.263,11.560,27.68,,
,2023/02/10,11:29, 110.0 ," 1,232.0 ", 194.5 ," 1,122.0 ",5027,"Conc, Primario L2",23.760,12.040,0.071,0.600,34.160,17.34,,
,2023/02/13,11:22, 108.0 ," 1,229.5 ", 399.0 ," 1,121.5 ",5031,Rebose Hidrociclones L1,3.476,0.443,0.005,0.015,0.000,35.58,,
,13-Feb-23,11:25, 109.0 ," 1,234.0 ", 428.5 ," 1,125.0 ",5032,Rebose Hidrociclones L2,3.252,0.474,0.004,0.015,0.000,38.09,,
,2023/02/13,11:16, 110.0 ," 1,159.0 ", 271.0 ," 1,049.0 ",5033,Relave Final,3.402,0.071,0.002,0.003,0.000,25.83,,
,2023/02/13,11:47, 111.5 ," 1,234.5 ", 399.0 ," 1,123.0 ",5034,"Conc, Primario L2",26.040,15.670,0.000,0.601,25.460,35.53,,
,2023/02/15,15:36, 108.0 ," 1,250.0 ", 420.5 ," 1,142.0 ",5038,Rebose Hidrociclones L1,3.310,0.448,0.008,0.006,0.000,36.82,,
,15-Feb-23,15:39, 109.0 ," 1,242.0 ", 403.5 ," 1,133.0 ",5039,Rebose Hidrociclones L2,3.342,0.580,0.009,0.008,0.000,35.61,,
,2023/02/15,15:33, 110.0 ," 1,153.5 ", 270.5 ," 1,043.5 ",5040,Relave Final,2.934,0.054,0.000,0.001,0.000,25.92,,
,2023/02/15,15:41, 109.0 ," 1,127.0 ", 390.5 ," 1,018.0 ",5041,Concentrado Colectivo,28.740,22.370,0.267,0.489,13.840,38.36,,
,2023/02/15,15:42, 109.0 ," 1,234.5 ", 402.5 ," 1,125.5 ",5042,Concentrado Primario L2,25.190,13.980,0.161,0.261,29.400,35.76,,
,2023/02/17,10:59, 108.0 ," 1,236.5 ", 348.5 ," 1,128.5 ",5045,Rebose Hidrociclones L1,3.495,0.411,0.005,0.012,0.000,30.88,,
,17-Feb-23,10:51, 109.0 ," 1,276.0 ", 397.5 ," 1,167.0 ",5046,Rebose Hidrociclones L2,3.643,0.563,0.006,0.013,0.000,34.06,,
,2023/02/17,10:49, 110.0 ," 1,209.5 ", 276.0 ," 1,099.5 ",5047,Relave Final,3.065,0.048,0.000,0.002,0.000,25.10,,
,2023/02/17,10:53, 109.0 ," 1,015.5 ", 208.0 , 906.5 ,5048,Concentrado Colectivo,29.990,22.770,0.186,0.628,10.340,22.95,,
,2023/02/17,10:55, 109.0 ," 1,255.0 ", 406.5 ," 1,146.0 ",5049,Concentrado Primario L2,27.110,14.080,0.109,0.394,25.220,35.47,,
,2023/02/20,11:34, 108.0 ," 1,289.0 ", 434.0 ," 1,181.0 ",5052,Rebose Hidrociclones L1,3.637,0.353,0.010,0.004,0.000,36.75,,
,2023/02/20,11:36, 110.0 ," 1,242.0 ", 333.0 ," 1,132.0 ",5053,Relave Final,3.419,0.040,0.000,0.001,0.000,29.42,,
,2023/02/20,11:38, 109.0 ," 1,015.0 ", 214.0 , 906.0 ,5054,Concentrado Colectivo,28.870,24.470,0.392,0.310,8.960,23.62,,
,2023/02/20,11:40, 109.0 ," 1,250.5 ", 402.5 ," 1,141.5 ",5055,Concentrado Primario L2,25.750,13.280,0.264,0.181,26.020,35.26,,
,2023/02/22,10:34, 108.0 ," 1,243.5 ", 412.5 ," 1,135.5 ",5056,Rebose Hidrociclones L1,3.210,0.361,0.006,0.007,0.000,36.33,,
,22-Feb-23,10:37, 109.0 ," 1,281.5 ", 441.5 ," 1,172.5 ",5057,Rebose Hidrociclones L2,3.253,0.401,0.007,0.008,0.000,37.65,,
,2023/02/22,10:31, 110.0 ," 1,204.5 ", 322.5 ," 1,094.5 ",5058,Relave Final,2.986,0.041,0.000,0.002,0.000,29.47,,
,2023/02/22,10:49, 109.0 , 976.0 , 178.5 , 867.0 ,5059,Concentrado Colectivo,29.710,25.170,0.306,0.504,6.860,20.59,,
,2023/02/22,10:38, 109.0 ," 1,209.0 ", 380.0 ," 1,100.0 ",5060,Concentrado Primario L2,27.640,14.580,0.175,0.326,21.860,34.55,,
,2023/02/24,11:25, 108.0 ," 1,152.5 ", 199.5 ," 1,044.5 ",5063,Rebose Hidrociclones L1,4.655,0.377,0.017,0.013,0.000,19.10,,
,24-Feb-23,11:27, 109.0 ," 1,302.0 ", 443.5 ," 1,193.0 ",5064,Rebose Hidrociclones L2,4.161,0.429,0.017,0.015,0.000,37.18,,
,2023/02/24,11:17, 110.0 ," 1,205.5 ", 287.0 ," 1,095.5 ",5065,Relave Final,4.082,0.044,0.000,0.002,0.000,26.20,,
,2023/02/24,11:23, 109.0 , 999.5 , 176.5 , 890.5 ,5066,Concentrado Colectivo,29.000,22.970,0.802,1.111,10.860,19.82,,
,2023/02/24,11:25, 109.0 ," 1,251.5 ", 432.0 ," 1,142.5 ",5067,Concentrado Primario L2,27.640,11.890,0.467,0.542,24.680,37.81,,
,2023/02/27,18:18, 109.5 ," 1,318.5 ", 446.5 ," 1,209.0 ",5071,Rebose Hidrociclones L1,3.816,0.368,0.016,0.016,0.000,36.93,,
,27-Feb-23,18:20, 110.0 ," 1,336.5 ", 489.0 ," 1,226.5 ",5072,Rebose Hidrociclones L2,3.882,0.391,0.017,0.018,0.000,39.87,,
,2023/02/27,18:15, 109.0 ," 1,278.5 ", 417.5 ," 1,169.5 ",5073,Relave Final,3.209,0.051,0.000,0.003,0.000,35.70,,
,2023/02/27,18:25, 111.0 ," 1,115.0 ", 332.0 ," 1,004.0 ",5074,Concentrado Colectivo,30.920,20.400,0.286,0.974,10.180,33.07,,
,2023/02/27,18:23, 110.0 ," 1,299.5 ", 467.5 ," 1,189.5 ",5075,Concentrado Primario L2,28.320,14.630,0.227,0.688,10.300,39.30,,
,01-Mar-23,10:50, 109.0 ," 1,336.0 ", 498.0 ," 1,227.0 ",5076,Rebose Hidrociclones L2,3.128,0.417,0.520,0.016,0.000,40.59,,
,2023/03/01,10:48, 110.0 ," 1,222.5 ", 300.5 ," 1,112.5 ",5077,Relave Final,3.514,0.074,0.000,0.004,0.000,27.01,,
,2023/03/01,11:58, 109.0 ," 1,362.0 ", 123.5 ," 1,253.0 ",5078,Concentrado Colectivo,30.370,24.380,0.248,1.022,6.300,9.86,,
,2023/03/01,10:52, 109.0 , 815.5 , 553.5 , 706.5 ,5079,Concentrado Primario L2,27.530,9.650,0.246,0.415,19.960,78.34,,
,03-Mar-23,10:35, 108.0 ," 1,102.5 ", 84.5 , 994.5 ,5082,Rebose Hidrociclones L2,8.760,0.382,0.011,0.009,,8.50,,
,03-Mar-23,10:30, 109.0 ," 1,115.5 ", 100.0 ," 1,006.5 ",5083,Rebose Hidrociclones L2,7.888,0.582,0.011,0.012,,9.94,,
,2023/03/03,10:33, 110.0 ," 1,220.5 ", 251.5 ," 1,110.5 ",5084,Relave Final,4368.000,0.049,,0.002,,22.65,,
,2023/03/03,10:29, 109.0 ," 1,066.5 ", 252.0 , 957.5 ,5085,Concentrado Colectivo,30.720,23.880,0.303,0.670,8.280,26.32,,
,2023/03/03,10:32, 109.0 ," 1,169.5 ", 247.5 ," 1,060.5 ",5086,Concentrado Primario L2,31.500,8.960,0.135,0.241,21.980,23.34,,
,2023/03/06,12:36, 108.0 ," 1,266.5 ", 372.0 ," 1,158.5 ",5090,Rebose Hidrociclones L1,2946.000,0.423,0.008,0.009,,32.11,,
,06-Mar-23,12:20, 109.0 ," 1,303.5 ", 419.5 ," 1,194.5 ",5091,Rebose Hidrociclones L2,3.017,0.449,0.009,0.009,,35.12,,
,2023/03/06,12:17, 110.0 ," 1,159.5 ", 172.5 ," 1,049.5 ",5092,Relave Final,4926.000,0.037,,0.002,,16.44,,
,2023/03/06,12:25, 109.0 , 952.0 , 103.0 , 843.0 ,5093,Concentrado Colectivo,32.770,25.170,0.377,0.395,6.260,12.22,,
,2023/03/06,12:31, 109.0 ," 1,155.5 ", 249.5 ," 1,046.5 ",5094,Concentrado Primario L2,28.400,15.920,0.213,0.314,21.060,23.84,,
,2023/03/08,11:28, 108.0 ," 1,249.0 ", 422.0 ," 1,141.0 ",5098,Rebose Hidrociclones L1,3088.000,0.376,0.006,0.011,,36.99,,
,08-Mar-23,11:25, 109.0 ," 1,247.5 ", 420.5 ," 1,138.5 ",5099,Rebose Hidrociclones L2,3.219,0.412,0.007,0.011,,36.93,,
,2023/03/08,11:22, 110.0 ," 1,192.0 ", 331.5 ," 1,082.0 ",5100,Relave Final,2701.000,0.044,,0.002,,30.64,,
,2023/03/08,11:32, 109.0 , 987.0 , 170.0 , 878.0 ,5101,Concentrado Colectivo,28.720,23.320,0.251,0.800,9.720,19.36,,
,2023/03/08,11:30, 109.0 ," 1,282.0 ", 436.0 ," 1,173.0 ",5102,Concentrado Primario L2,26.730,14.030,0.167,0.442,23.820,37.17,,
,2023/03/13,12:34, 108.0 ," 1,129.5 ", 375.0 ," 1,021.5 ",5103,Rebose Hidrociclones L1,2969.000,0.342,0.010,0.012,,36.71,,
,13-Mar-23,12:20, 111.5 ," 1,237.5 ", 440.0 ," 1,126.0 ",5104,Rebose Hidrociclones L2,3.875,0.387,0.012,0.012,,39.08,,
,2023/03/13,12:22, 109.0 ," 1,072.5 ", 329.5 , 963.5 ,5105,Concentrado Colectivo,30.030,22.860,0.355,0.722,10.100,34.20,,
,2023/03/13,12:24, 109.0 ," 1,013.0 ", 329.0 , 904.0 ,5106,Concentrado Primario L2,27.100,13.490,0.274,0.464,24.820,36.39,,
,15-Mar-23,11:11, 108.0 ," 1,192.0 ", 305.5 ," 1,084.0 ",5110,Rebose Hidrociclones L2,3.164,0.364,0.005,0.022,,28.18,,
,2023/03/15,11:14, 111.5 ," 1,280.5 ", 482.0 ," 1,169.0 ",5111,Rebose Hidrociclones L1,2842.000,0.506,0.004,0.026,,41.23,,
,2023/03/15,11:08, 110.0 ," 1,116.0 ", 204.0 ," 1,006.0 ",5112,Relave Final,2.590,0.050,0.002,0.004,,20.28,,
,2023/03/15,12:22, 109.0 ," 1,000.0 ", 252.5 , 891.0 ,5113,Concentrado Colectivo,28.170,25.020,0.122,1.330,11.480,28.34,,
,2023/03/15,11:16, 109.0 ," 1,218.0 ", 407.0 ," 1,109.0 ",5114,Concentrado Primario L2,24.180,16.140,0.083,0.931,27.400,36.70,,
,17-Mar,17:15,,,, -   ,,,,,,,,#DIV/0!,,
,17-Mar-23,17:18, 110.0 ," 1,247.0 ", 417.0 ," 1,137.0 ",5081,Rebose Hidrociclones L2,2.777,0.539,0.005,0.022,,36.68,,
,2023/03/17,17:22, 109.0 ," 1,164.0 ", 320.0 ," 1,055.0 ",5082,Relave Final,2574.000,0.052,,0.003,,30.33,,
,2023/03/17,17:20, 110.0 ," 1,034.0 ", 231.0 , 924.0 ,5083,Concentrado Colectivo,28.920,26.370,0.153,1.070,7.820,25.00,,
,2023/03/17,17:17, 109.5 , 698.0 , 243.0 , 588.5 ,5084,Concentrado Primario L2,27.390,16.180,0.085,0.690,21.200,41.29,,
,22-Mar-23,16:48, 108.0 ," 1,181.0 ", 294.0 ," 1,073.0 ",5126,Rebose Hidrociclones L2,2.302,0.433,0.005,0.019,,27.40,,
,2023/03/22,17:28, 110.0 ," 1,238.0 ", 403.0 ," 1,128.0 ",5127,Rebose Hidrociclones L1,2618.000,0.407,0.005,0.017,,35.73,,
,2023/03/22,16:44, 109.0 ," 1,069.0 ", 88.0 , 960.0 ,5128,Relave Final,6437.000,0.061,0.004,0.004,,9.17,,
,2023/03/22,16:43, 109.0 , 832.5 , 195.0 , 723.5 ,5129,Concentrado Colectivo,31.560,23.440,0.144,1.336,6.900,26.95,,
,2023/03/22,16:54, 111.5 ," 1,237.0 ", 400.0 ," 1,125.5 ",5130,Concentrado Primario L2,30.390,11.120,0.110,0.646,22.080,35.54,,
,2023/03/24,12:26, 108.0 , 937.5 , 286.0 , 829.5 ,5135,Rebose Hidrociclones L1,3.751,0.458,0.007,0.011,,34.48,,
,2023/03/24,12:31, 109.0 , 968.0 , 236.5 , 859.0 ,5136,Relave Final,3.144,0.063,0.003,0.003,,27.53,,
,2023/03/24,12:33, 109.0 , 897.0 , 211.5 , 788.0 ,5137,Concentrado Colectivo,33.420,22.123,0.186,0.536,5.480,26.84,,
,2023/03/24,12:35, 111.5 ," 1,169.5 ", 427.0 ," 1,058.0 ",5138,Concentrado Primario L1,33.400,9.489,0.104,0.271,18.840,40.36,,
,27-Mar-23,11:21, 109.5 ," 1,102.0 ", 136.5 , 992.5 ,5142,Rebose Hidrociclones L2,5.973,0.335,0.006,0.011,,13.75,,
,2023/03/27,11:09, 110.0 ," 1,292.0 ", 472.5 ," 1,182.0 ",5143,Rebose Hidrociclones L1,3.243,0.445,0.006,0.011,,39.97,,
,2023/03/27,11:05, 110.0 ," 1,144.5 ", 236.5 ," 1,034.5 ",5144,Relave Final,2.545,0.062,0.002,0.003,,22.86,,
,2023/03/27,11:07, 110.0 ," 1,046.5 ", 267.0 , 936.5 ,5145,Concentrado Colectivo,32.310,22.373,,0.811,7.220,28.51,,
,2023/03/29,11:33, 108.0 ," 1,276.0 ", 436.5 ," 1,168.0 ",5146,Rebose Hidrociclones L1,3.549,0.358,0.005,0.011,,37.37,,
,29-Mar-23,11:30, 110.0 ," 1,285.5 ", 454.5 ," 1,175.5 ",5147,Rebose Hidrociclones L2,3.646,0.387,0.007,0.010,,38.66,,
,2023/03/29,11:27, 109.0 ," 1,194.0 ", 315.5 ," 1,085.0 ",5148,Relave Final,2.645,0.053,0.002,0.021,,29.08,,
,2023/03/29,11:35, 109.0 ," 1,040.0 ", 252.5 , 931.0 ,5149,Concentrado Colectivo,30.240,24.680,0.219,0.774,6.000,27.12,,
,2023/04/10,12:19, 109.5 ," 1,293.5 ", 433.5 ," 1,184.0 ",,,,,,,,36.61,,
,2023/04/10,12:21, 110.0 ," 1,243.5 ", 384.0 ," 1,133.5 ",,,,,,,,33.88,,
,2023/04/10,12:23, 110.0 , 995.5 , 160.5 , 885.5 ,,,,,,,,18.13,,
,2023/04/10,12:25, 109.0 , 987.5 , 26.0 , 878.5 ,,,,,,,,2.96,,
,2023/04/10,12:28, 111.5 ," 1,012.0 ", 60.0 , 900.5 ,,,,,,,,6.66,,
,2023/04/14,11:26, 109.5 ," 1,324.0 ", 441.5 ," 1,214.5 ",5158,"Rebose HidroCi, L1",3.640,0.510,0.008,0.027,0.000,36.35,,
,2023/04/14,10:55,110," 1,230.0 ", 318.0 ," 1,120.0 ",5159,Relave Final,2.924,0.060,0.004,0.005,0.000,28.39,,
,2023/04/14,10:57, 110.0 ," 1,017.0 ", 200.0 , 907.0 ,5160,Concentrado Colectivo,29.860,25.180,0.177,1.440,9.440,22.05,,
,2023/04/14,10:58, 109.0 , 996.0 , 57.0 , 887.0 ,5161,Concentrado Primario L2,27.590,20.230,0.152,1.032,18.560,6.43,,
,2023/04/14,11:01, 111.5 ," 1,132.5 ", 213.5 ," 1,021.0 ",5162,Concentrado Primario L1,26.260,13.850,0.000,0.853,27.800,20.91,,
,2023/04/17,16:01, 108.0 ," 1,325.0 ", 492.0 ," 1,217.0 ",5166,"Rebose HidroCi, L1",1.960,0.420,0.007,0.028,84.350,40.43,,
,2023/04/17,16:07, 109.5 ," 1,221.5 ", 310.5 ," 1,112.0 ",5167,Relave Final,1.220,0.073,0.002,0.008,85.950,27.92,,
,2023/04/17,16:13, 109.0 , 994.5 , 179.5 , 885.5 ,5168,Concentrado Colectivo,25.240,27.560,0.149,1.510,8.020,20.27,,
,2023/04/17,16:11, 109.5 ," 1,007.0 ", 81.5 , 897.5 ,5169,Concentrado Primario L2,25.560,17.510,0.115,0.800,24.140,9.08,,
,2023/04/17,16:09, 111.0 ," 1,030.0 ", 106.0 , 919.0 ,5170,Concentrado Primario L1,25.040,15.224,0.000,0.760,27.480,11.53,,
,2023/04/19,10:34, 109.5 ," 1,191.5 ", 290.0 ," 1,082.0 ",5174,"Rebose HidroCi, L1",3.792,0.293,0.005,0.012,80.910,26.80,,
,2023/04/19,11:09, 110.0 ," 1,056.0 ", 106.5 , 946.0 ,5175,Relave Final,4.541,0.042,0.003,0.005,78.640,11.26,,
,2023/04/19,10:36, 100.0 , 972.0 , 156.0 , 872.0 ,5176,Concentrado Colectivo,30.240,24.780,0.200,1.110,6.500,17.89,,
,2023/04/19,10:37, 109.0 ," 1,009.0 ", 70.0 , 900.0 ,5177,Concentrado Primario L2,30.470,10.350,0.097,0.350,20.800,7.78,,
,2023/04/19,10:40, 111.5 , 993.0 , 60.0 , 881.5 ,5178,Concentrado Primario L1,29.160,6.965,0.000,0.288,26.780,6.81,,
,2023/04/21,10:44, 108.0 ," 1,279.5 ", 415.0 ," 1,171.5 ",5179,"Rebose HidroCi, L1",3.443,0.338,0.006,0.016,81.280,35.42,,
,2023/04/21,10:41, 109.0 ," 1,178.0 ", 303.5 ," 1,069.0 ",5180,Relave Final,2.967,0.056,0.004,0.003,82.360,28.39,,
,2023/04/21,10:46, 109.0 , 998.5 , 232.0 , 889.5 ,5181,Concentrado Colectivo,30.700,27.960,0.292,1.470,4.880,26.08,,
,2023/04/21,10:47, 109.5 ," 1,081.0 ", 138.0 , 971.5 ,5182,Concentrado Primario L2,30.840,16.020,0.115,0.800,16.300,14.20,,
,2023/04/21,10:50, 111.0 , 983.5 , 55.0 , 872.5 ,5183,Concentrado Primario L1,29.070,13.831,0.000,0.784,22.460,6.30,,
,2023/04/24,12:28, 109.5 ," 1,311.0 ", 426.5 ," 1,201.5 ",5188,"Rebose HidroCi, L1",2.864,0.381,0.004,0.019,82.080,35.50,,
,2023/04/24,12:24, 110.0 ," 1,246.5 ", 288.5 ," 1,136.5 ",5189,Relave Final,2.374,0.052,0.003,0.004,83.340,25.38,,
,2023/04/24,12:29, 110.0 ," 1,053.0 ", 270.0 , 943.0 ,5190,Concentrado Colectivo,31.610,23.980,0.094,1.230,6.480,28.63,,
,2023/04/24,12:31, 111.5 ," 1,070.0 ", 151.0 , 958.5 ,5191,Concentrado Primario L2,30.570,12.140,0.055,0.780,20.220,15.75,,
,2023/04/24,12:33, 109.0 ," 1,052.0 ", 175.0 , 943.0 ,5192,Concentrado Primario L1,33.620,11.443,0.000,0.700,15.040,18.56,,
,2023/04/26,12:03, 109.5 ," 1,318.0 ", 456.0 ," 1,208.5 ",5196,Rebose Hidrociclones L1,2.917,0.417,0.005,0.018,81.700,37.73,,
,26-Apr-23,12:20, 110.0 ," 1,358.5 ", 500.0 ," 1,248.5 ",5197,Rebose Hidrociclones L2,2.871,0.365,0.004,0.019,81.840,40.05,,
,2023/04/26,11:59, 109.0 ," 1,191.0 ", 269.5 ," 1,082.0 ",5198,Relave Final,2.455,0.049,0.000,0.003,82.870,24.91,,
,2023/04/26,12:12, 110.0 ," 1,057.0 ", 284.0 , 947.0 ,5199,Concentrado Colectivo,30.710,23.820,0.137,1.210,9.180,29.99,,
,2023/04/26,12:08, 109.5 ," 1,050.5 ", 143.5 , 941.0 ,5200,Concentrado Primario L2,30.570,12.980,0.075,0.698,19.360,15.25,,
,2023/04/26,12:11, 111.0 ," 1,091.0 ", 212.5 , 980.0 ,5201,Concentrado Primario L1,32.030,12.580,0.078,0.680,17.340,21.68,,
,2023/04/28,10:53, 110.0 ," 1,124.5 ", 167.0 ," 1,014.5 ",5206,Relave Final,1.972,0.051,0.000,0.004,83.880,16.46,,
,2023/04/28,10:55, 109.0 ," 1,044.5 ", 232.5 , 935.5 ,5207,Concentrado Colectivo,30.920,25.370,0.203,1.610,6.000,24.85,,
,2023/04/28,11:08, 111.5 ," 1,272.5 ", 439.5 ," 1,161.0 ",5208,Concentrado Primario L1,27.950,9.390,0.094,0.561,29.160,37.86,,
,2023/05/03,11:24, 108.0 ," 1,266.5 ", 460.5 ," 1,158.5 ",5216,Rebose Hidrociclones L1,3.195,0.456,0.005,0.013,81.760,39.75,,
,2023/05/03,11:21, 109.0 ," 1,236.0 ", 404.5 ," 1,127.0 ",5217,Relave Final,2.907,0.082,0.000,0.002,82.800,35.89,,
,2023/05/03,11:20, 110.0 , 762.5 , 26.5 , 652.5 ,5218,Concentrado Colectivo,30.370,23.170,0.129,0.811,7.120,4.06,,
,2023/05/03,11:16, 109.0 ," 1,297.0 ", 454.0 ," 1,188.0 ",5219,Concentrado Primario L2,26.070,13.780,0.072,0.404,26.040,38.22,,
,2023/05/03,11:18, 111.5 ," 1,350.0 ", 497.5 ," 1,238.5 ",5220,Concentrado Primario L1,25.460,11.890,0.071,0.399,28.720,40.17,,
,2023/05/10,11:58, 109.5 ," 1,172.0 ", 323.0 ," 1,062.5 ",5228,Rebose Hidrociclones L1,3.421,0.329,0.005,0.015,0.000,30.40,,
,10-May-23,11:54, 112.0 ," 1,238.0 ", 444.5 ," 1,126.0 ",5229,Rebose Hidrociclones L2,3.118,0.318,0.005,0.014,0.000,39.48,,
,2023/05/10,11:52, 109.0 ," 1,129.5 ", 280.0 ," 1,020.5 ",5230,Relave Final ,2.869,0.061,0.002,0.004,0.000,27.44,,
,2023/05/10,11:59, 110.0 ," 1,028.5 ", 277.5 , 918.5 ,5231,Concentrado Colectivo,30.910,25.620,0.292,1.260,5.400,30.21,,
,2023/05/10,12:01, 109.5 ," 1,209.0 ", 369.5 ," 1,099.5 ",5232,Concentrado Primario L2,28.360,11.130,0.125,0.500,23.280,33.61,,
,2023/05/10,12:03, 111.0 ," 1,199.0 ", 413.0 ," 1,088.0 ",5233,Concentrado Primario L1,28.010,9.074,0.113,0.437,26.360,37.96,,
,2023/05/12,12:26, 108.0 ," 1,192.0 ", 355.5 ," 1,084.0 ",5237,Rebose Hidrociclones L1,2.777,0.423,0.004,0.036,0.000,32.80,,
,2023/05/12,12:29, 108.5 ," 1,155.5 ", 300.0 ," 1,047.0 ",5238,Relave Final ,2.395,0.051,0.002,0.006,0.000,28.65,,
,2023/05/12,12:33, 111.5 , 976.0 , 182.0 , 864.5 ,5239,Concentrado Colectivo,29.990,24.870,0.141,1.850,6.540,21.05,,
,2023/05/12,12:30, 109.0 ," 1,231.0 ", 391.5 ," 1,122.0 ",5240,Concentrado Primario L2,28.430,14.180,0.062,1.050,22.900,34.89,,
,17-May-23,11:15, 110.5 ," 1,075.5 ", 367.0 , 965.0 ,5252,Rebose Hidrociclones L1,3.089,0.361,0.005,0.030,0.000,38.03,,
,17-May-23,10:38, 111.0 , 917.0 , 229.5 , 806.0 ,5253,Relave Final ,2.843,0.048,0.002,0.007,0.000,28.47,,
,17-May-23,10:39, 110.0 , 616.5 , 109.0 , 506.5 ,5254,Concentrado Colectivo,29.680,20.970,0.156,2.411,10.160,21.52,,
,17-May-23,10:46, 110.0 ," 1,719.5 ", 433.0 ," 1,609.5 ",5255,Concentrado Primario L2,26.220,12.980,0.100,1254.000,26.520,26.90,,
,22-May-23,11:39, 109.5 ," 1,211.0 ", 346.0 ," 1,101.5 ",5259,Rebose Hidrociclones L1,3.017,0.370,0.005,0.015,80.870,31.41,,
,22-May-23,11:32, 109.0 ," 1,097.5 ", 200.0 , 988.5 ,5260,Relave Final,2.734,0.068,0.000,0.003,82.610,20.23,,
,22-May-23,11:30, 110.0 , 973.0 , 145.5 , 863.0 ,5261,Concentrado Colectivo,31.490,21.170,0.133,1.324,7.760,16.86,,
,22-May-23,11:33, 109.5 ," 1,187.0 ", 310.0 ," 1,077.5 ",5262,Concentrado Primario L2,28.110,11.990,0.075,0.633,23.620,28.77,,
,22-May-23,11:29, 112.0 ," 1,217.0 ", 355.0 ," 1,105.0 ",5263,Concentrado Primario L1,27.440,8.190,0.064,0.483,29.220,32.13,,
,24-May-23,16:56, 112.5 ," 1,238.5 ", 385.0 ," 1,126.0 ",5267,Rebose Hidrociclones L1,2.471,0.387,0.005,0.019,86.820,34.19,,
,24-May-23,17:28, 110.5 ," 1,126.0 ", 237.5 ," 1,015.5 ",5268,Relave Final,2.271,0.085,0.000,0.005,86.500,23.39,,
,24-May-23,17:26, 110.0 , 942.5 , 215.5 , 832.5 ,5269,Concentrado Colectivo,30.630,24.880,0.142,1.326,6.600,25.89,,
,24-May-23,17:25, 110.0 ," 1,194.5 ", 377.0 ," 1,084.5 ",5270,Concentrado Primario L2,27.650,14.730,0.085,0.735,22.740,34.76,,
,24-May-23,16:54, 110.0 ," 1,186.0 ", 525.5 ," 1,076.0 ",5271,Concentrado Primario L1,27.900,13.030,0.085,0.739,25.080,48.84,,
,26-May-23,11:11, 109.5 ," 1,189.5 ", 415.0 ," 1,080.0 ",5275,Rebose Hidrociclones L1,2.390,0.419,0.005,0.016,84.780,38.43,,
,26-May-23,11:14, 109.0 ," 1,094.5 ", 215.5 , 985.5 ,5276,Relave Final,2.074,0.055,0.000,0.003,85.150,21.87,,
,26-May-23,11:15, 110.0 , 922.5 , 204.0 , 812.5 ,5277,Concentrado Colectivo,30.100,23.980,0.204,1.197,7.760,25.11,,
,26-May-23,11:17, 109.5 ," 1,162.5 ", 371.0 ," 1,053.0 ",5278,Concentrado Primario L2,25.020,13.930,0.116,0.596,27.100,35.23,,
,26-May-23,11:20, 110.0 ," 1,206.0 ", 405.5 ," 1,096.0 ",5279,Concentrado Primario L1,25.580,14.530,0.122,0.623,25.660,37.00,,
,31-May-23,12:03, 108.0 ," 1,126.0 ", 328.0 ," 1,018.0 ",5286,Rebose Hidrociclones L1,3.878,0.483,0.004,0.017,81.580,32.22,,
,31-May-23,12:06, 110.0 ," 1,277.0 ", 468.5 ," 1,167.0 ",5287,Rebose Hidrociclones L2,3.402,0.443,0.004,0.016,82.380,40.15,,
,31-May-23,11:59, 109.0 ," 1,116.0 ", 228.0 ," 1,007.0 ",5288,Relave Final,3.297,0.069,0.000,0.004,83.470,22.64,,
,31-May-23,12:01, 110.0 , 965.5 , 186.5 , 855.5 ,5289,Concentrado Colectivo,30.120,25.470,0.131,0.943,7.420,21.80,,
,31-May-23,12:05, 109.5 ," 1,269.5 ", 450.0 ," 1,160.0 ",5290,Concentrado Primario L2,27.180,15.820,0.081,0.527,23.740,38.79,,
,31-May-23,12:08, 112.0 ," 1,232.5 ", 96.0 ," 1,120.5 ",5291,Concentrado Primario L1,30.110,11.642,0.062,0.403,20.560,8.57,,
,02-Jun-23,10:27, 108.0 ," 1,230.0 ", 362.0 ," 1,122.0 ",5294,Rebose Hidrociclones L1,4.230,0.345,0.007,0.013,82.280,32.26,,
,02-Jun-23,10:51, 110.0 ," 1,245.5 ", 375.5 ," 1,135.5 ",5295,Rebose Hidrociclones L2,3.991,0.230,0.006,0.011,81.790,33.07,,
,02-Jun-23,10:20, 109.0 ," 1,046.0 ", 207.5 , 937.0 ,5296,Relave Final,3.684,0.036,0.000,0.003,82.250,22.15,,
,02-Jun-23,10:21, 110.0 , 914.0 , 137.5 , 804.0 ,5297,Concentrado Colectivo,29.500,22.390,0.373,1.281,10.400,17.10,,
,02-Jun-23,10:24, 109.5 ," 1,209.5 ", 396.5 ," 1,100.0 ",5298,Concentrado Primario L2,25.620,13.330,0.195,0.587,27.780,36.05,,
,05-Jun-23,10:36, 110.5 ," 1,102.0 ", 292.5 , 991.5 ,5299,Rebose Hidrociclones L1,3.126,0.349,0.006,0.014,80.690,29.50,,
,05-Jun-23,10:32, 110.5 ," 1,140.5 ", 244.0 ," 1,030.0 ",5300,Relave Final,2.664,0.061,0.002,0.003,82.590,23.69,,
,05-Jun-23,10:42, 111.0 , 934.5 , 212.5 , 823.5 ,5301,Concentrado Colectivo,29.910,22.400,0.000,1.104,9.280,25.80,,
,05-Jun-23,10:37, 111.0 ," 1,213.0 ", 346.5 ," 1,102.0 ",5302,Concentrado Primario L2,24.950,12.890,0.108,0.578,28.720,31.44,,
,05-Jun-23,10:41, 110.5 ," 1,165.0 ", 306.0 ," 1,054.5 ",5303,Concentrado Primario L1,20.060,7.330,0.076,0.449,43.520,29.02,,
,07-Jun-23,12:11, 110.5 ," 1,069.0 ", 356.0 , 958.5 ,5305,Rebose Hidrociclones L1,2.917,0.407,0.005,0.021,82.310,37.14,,
,07-Jun-23,12:14, 110.5 ," 1,059.0 ", 245.5 , 948.5 ,5306,Relave Final,2.630,0.077,0.000,0.005,83.090,25.88,,
,07-Jun-23,12:16, 111.0 , 937.0 , 188.5 , 826.0 ,5307,Concentrado Colectivo,28.530,22.700,0.170,1.342,11.000,22.82,,
,07-Jun-23,12:09, 111.0 ," 1,223.5 ", 409.0 ," 1,112.5 ",5308,Concentrado Primario L2,26.240,13.780,0.108,0.676,28.700,36.76,,
,07-Jun-23,12:13, 110.5 ," 1,156.0 ", 376.5 ," 1,045.5 ",5309,Concentrado Primario L1,24.450,12.790,0.110,0.684,28.500,36.01,,
,14-Jun-23,17:10, 108.0 , 800.0 , 311.5 , 692.0 ,5309,Rebose Hidrociclones L1,2.732,0.413,0.004,0.012,81.180,45.01,,
,14-Jun-23,16:44, 109.0 , 609.0 , 191.5 , 500.0 ,5310,Relave Final,3.289,0.042,0.000,0.002,81.820,38.30,,
,14-Jun-23,16:45, 111.5 , 444.0 , 113.0 , 332.5 ,5311,Concentrado Colectivo,28.780,20.700,0.121,0.711,10.520,33.98,,
,14-Jun-23,16:56, 109.0 ," 1,853.0 ", 409.5 ," 1,744.0 ",5312,Concentrado Primario L2,23.530,12.840,0.077,0.526,29.680,23.48,,
,14-Jun-23,16:59, 111.5 ," 1,900.0 ", 426.5 ," 1,788.5 ",5313,Concentrado Primario L1,21.320,10.450,0.070,0.396,36.260,23.85,,
,19-Jun-23,11:18, 108.0 ," 1,106.0 ", 226.0 , 998.0 ,5318,Rebose Hidrociclones L1,3.857,0.333,0.007,0.004,80.530,22.65,,
,19-Jun-23,11:26, 110.0 ," 1,234.0 ", 453.5 ," 1,124.0 ",5319,Rebose Hidrociclones L2,3.566,0.300,0.007,0.004,81.310,40.35,,
,19-Jun-23,11:12, 109.0 ," 1,123.0 ", 265.5 ," 1,014.0 ",5320,Relave Final,3.230,0.054,0.000,0.001,82.050,26.18,,
,19-Jun-23,11:19, 111.5 , 776.0 , 135.0 , 664.5 ,5321,Concentrado Colectivo,30.700,20.300,0.263,0.379,7.600,20.32,,
,19-Jun-23,11:25, 111.5 ," 1,229.0 ", 389.0 ," 1,117.5 ",5322,Concentrado Primario L1,29.500,10.150,0.151,0.185,18.500,34.81,,
,26-Jun-23,11:30, 108.0 ," 1,196.0 ", 384.5 ," 1,088.0 ",5327,Rebose Hidrociclones L1,2.808,0.415,0.006,0.009,0.000,35.34,,
,26-Jun-23,11:22, 110.0 ," 1,217.0 ", 441.0 ," 1,107.0 ",5328,Rebose Hidrociclones L2,2.759,0.389,0.005,0.009,,39.84,,
,26-Jun-23,11:20, 109.0 ," 1,111.5 ", 246.5 ," 1,002.5 ",5329,Relave Final,2.079,0.054,0.000,0.002,0.000,24.59,,
,26-Jun-23,11:28, 111.5 ," 1,011.5 ", 340.0 , 900.0 ,5330,Concentrado Colectivo,30.720,23.070,0.247,0.485,,37.78,,
,26-Jun-23,11:26, 109.0 ," 1,220.5 ", 410.5 ," 1,111.5 ",5331,Concentrado Primario L1,28.060,13.680,0.141,0.286,,36.93,,
,26-Jun-23,11:24, 111.5 ," 1,105.5 ", 404.0 , 994.0 ,5332,Concentrado Primario L1,27.770,14.180,0.146,0.298,,40.64,,
,13-Jul-23,16:59, 108.5 , 988.0 , 99.5 , 879.5 ,5339,Cola Scavenger L1,15.780,0.437,,0.014,,11.31,,
,13-Jul-23,17:02, 108.5 , 986.0 , 96.0 , 877.5 ,5340,Cola Scavenger L2,15.430,0.315,,0.010,,10.94,,
,14-Jul-23,12:05, 110.5 ," 1,022.5 ", 318.5 , 912.0 ,5341,Rebose Hidrociclones L1,2.968,0.434,0.004,0.012,0.000,34.92,,
,14-Jul-23,12:08, 110.5 , 907.5 , 134.5 , 797.0 ,5342,Rebose Hidrociclones L2,2.971,0.359,0.004,0.009,,16.88,,
,14-Jul-23,12:02, 109.0 , 953.5 , 209.5 , 844.5 ,5343,Relave Final,2.538,0.061,0.000,0.002,0.000,24.81,,
,14-Jul-23,11:56, 110.5 , 985.0 , 85.5 , 874.5 ,5344,Cola Scavenger L1,16.400,0.362,,0.018,,9.78,,
,14-Jul-23,11:59, 109.5 ," 1,002.5 ", 93.0 , 893.0 ,5345,Cola Scavenger L2,16.270,0.327,,0.014,,10.41,,
,14-Jul-23,12:10, 110.0 ," 1,020.5 ", 317.5 , 910.5 ,5346,Concentrado Colectivo,30.050,24.870,0.133,0.578,8.120,34.87,,
,14-Jul-23,12:11, 109.5 ," 1,216.0 ", 376.5 ," 1,106.5 ",5347,Concentrado Primario L2,28.660,14.180,0.079,0.396,21.420,34.03,,
,14-Jul-23,12:14, 110.5 ," 1,102.5 ", 141.0 , 992.0 ,5348,Concentrado Primario L1,28.790,13.580,0.079,0.394,22.880,14.21,,
,19-Jul-23,11:42, 110.5 , 792.0 , 258.0 , 681.5 ,5352,Rebose Hidrociclones L1,2.945,0.322,0.005,0.012,0.000,37.86,,
,19-Jul-23,11:39, 110.0 , 730.0 , 245.0 , 620.0 ,5353,Rebose Hidrociclones L2,2.903,0.304,0.005,0.009,,39.52,,
,19-Jul-23,11:36, 109.0 , 740.5 , 193.0 , 631.5 ,5354,Relave Final,2.659,0.064,0.000,0.003,0.000,30.56,,
,19-Jul-23,11:34, 108.5 ," 1,062.5 ", 74.0 , 954.0 ,5355,Cola Scavenger L1,19.130,0.384,,0.018,,7.76,,
,19-Jul-23,11:31, 111.5 ," 1,072.0 ", 102.5 , 960.5 ,5356,Cola Scavenger L2,17.080,0.368,,0.016,,10.67,,
,19-Jul-23,11:28, 110.0 , 990.0 , 290.0 , 880.0 ,5357,Concentrado Colectivo,30.090,20.190,0.178,0.730,12.800,32.95,,
,19-Jul-23,11:26, 111.0 ," 1,049.0 ", 393.0 , 938.0 ,5358,Concentrado Primario L2,27.500,13.360,0.125,0.420,24.200,41.90,,
,19-Jul-23,11:24, 110.5 ," 1,078.5 ", 148.0 , 968.0 ,5359,Concentrado Primario L1,25.690,10.520,0.116,0.400,31.000,15.29,,
,20-Jul-23,11:27, 108.0 , 803.0 , 253.0 , 695.0 ,5360,Rebose Hidrociclones L1,2.721,0.329,0.003,0.014,0.000,36.40,,
,20-Jul-23,11:29, 110.5 , 743.0 , 150.5 , 632.5 ,5361,Relave Final,2.278,0.036,0.000,0.003,0.000,23.79,,
,20-Jul-23,11:33, 108.5 ," 1,061.0 ", 88.0 , 952.5 ,5362,Cola Scavenger L2,17.280,0.310,,0.012,,9.24,,
,20-Jul-23,11:34, 111.0 , 977.0 , 281.0 , 866.0 ,5363,Concentrado Colectivo,30.800,22.180,0.112,0.880,9.520,32.45,,
,20-Jul-23,11:36, 109.0 ," 1,234.0 ", 435.5 ," 1,125.0 ",5364,Concentrado Primario L2,26.410,12.460,0.050,0.530,28.360,38.71,,
,20-Jul-23,11:38, 111.5 ," 1,091.0 ", 140.0 , 979.5 ,5365,Concentrado Primario L1,26.580,13.260,0.054,0.565,27.300,14.29,,
,31-Jul-23,10:46, 110.0 , 856.0 , 291.5 , 746.0 ,5366,Rebose Hidrociclones L1,2.495,0.469,0.003,0.023,0.000,39.08,,
,31-Jul-23,10:36, 110.5 , 798.0 , 168.0 , 687.5 ,5367,Relave Final,2.185,0.067,0.000,0.006,0.000,24.44,,
,31-Jul-23,10:40, 111.0 ," 1,080.0 ", 168.0 , 969.0 ,5368,Cola Scavenger L1,17.880,0.353,,0.022,,17.34,,
,31-Aug-23,10:44, 110.0 ," 1,196.5 ", 130.0 ," 1,086.5 ",5369,Cola Scavenger L2,17.880,0.310,,0.023,,11.97,,
,31-Jul-23,10:52, 111.0 ," 1,036.0 ", 321.0 , 925.0 ,5370,Concentrado Colectivo,30.530,23.230,0.073,1.040,10.080,34.70,,
,31-Jul-23,10:48, 111.0 ," 1,231.0 ", 448.0 ," 1,120.0 ",5371,Concentrado Primario L2,27.250,17.410,0.055,0.810,21.160,40.00,,
,31-Aug-23,10:50, 110.5 ," 1,087.5 ", 146.0 , 977.0 ,5372,Concentrado Primario L1,28.510,16.120,0.056,0.820,21.120,14.94,,
,02-Aug-23,12:05, 110.0 , 805.5 , 218.5 , 695.5 ,5373,Rebose Hidrociclones L1,2.587,0.273,0.004,0.019,,31.42,,
,02-Aug-23,11:45, 110.5 , 793.5 , 154.0 , 683.0 ,5374,Relave Final,2.583,0.052,0.000,0.005,0.000,22.55,,
,02-Aug-23,11:49, 111.0 ," 1,080.0 ", 86.5 , 969.0 ,5375,Cola Scavenger L1,18.890,1.073,,0.076,,8.93,,
,02-Aug-23,11:52, 110.0 ," 1,175.5 ", 96.5 ," 1,065.5 ",5376,Cola Scavenger L2,17.680,0.266,,0.031,,9.06,,
,02-Aug-23,11:54, 111.0 , 832.0 , 334.5 , 721.0 ,5377,Concentrado Colectivo,30.150,21.070,0.075,1.400,11.320,46.39,,
,07-Aug-23,17:02, 111.5 , 992.0 , 239.5 , 880.5 ,5391,Concentrado Colectivo,28.300,20.580,0.079,1680.000,14.700,27.20,,
,02-Aug-23,11:55, 111.0 , 832.0 , 334.5 , 721.0 ,5378,Concentrado Primario L2,27.150,11.990,0.046,0.800,25.780,46.39,,
,02-Aug-23,11:58, 110.5 , 793.0 , 33.0 , 682.5 ,5379,Concentrado Primario L1,27.010,19.180,0.074,1170.000,18.360,4.84,,
,07-Aug-23,15:06, 111.0 , 768.0 , 168.0 , 657.0 ,5388,Relave Final,2.490,0.075,0.000,0.005,0.000,25.57,,
,07-Aug-23,15:00, 108.5 ," 1,175.5 ", 98.0 ," 1,067.0 ",5389,Cola Scavenger L1,13.040,0.417,,0.024,,9.18,,
,07-Aug-23,15:04, 108.5 ," 1,190.5 ", 127.0 ," 1,082.0 ",5390,Cola Scavenger L2,8.890,0.270,,0.018,,11.74,,
,07-Aug-23,17:04, 109.0 ," 1,226.5 ", 424.5 ," 1,117.5 ",5392,Concentrado Primario L2,24.120,17.380,0.063,1110.000,24.840,37.99,,
,07-Aug-23,17:06, 111.5 ," 1,117.5 ", 163.5 ," 1,006.0 ",5393,Concentrado Primario L1,24.420,16.290,0.064,1120.000,26.060,16.25,,
,09-Aug-23,12:35, 110.0 , 870.5 , 296.5 , 760.5 ,5398,"Rebose HidroCi, L1",2.448,0.496,,0.027,,38.99,,
,09-Aug-23,12:37, 110.5 , 882.0 , 274.0 , 771.5 ,5399,Relave Final,2.174,0.073,0.000,0.005,0.000,35.52,,
,09-Aug-23,12:40, 111.0 ," 1,208.0 ", 104.0 ," 1,097.0 ",5400,Cola Scavenger L1,12.200,0.296,0.000,0.018,0.000,9.48,,
,09-Aug-23,12:44, 110.0 ," 1,132.0 ", 96.5 ," 1,022.0 ",5401,Cola Scavenger L2,11.020,0.276,0.010,0.020,64.640,9.44,,
,09-Aug-23,12:51, 111.0 ," 1,322.0 ", 496.5 ," 1,211.0 ",5402,Concentrado Primario L2,24.230,13.980,0.083,0.895,30.240,41.00,,
,09-Aug-23,12:49, 110.5 ," 1,051.5 ", 144.5 , 941.0 ,5403,Concentrado Primario L1,22.790,14.080,0.084,0.868,33.180,15.36,,
,11-Aug-23,11:43, 110.5 , 805.5 , 185.0 , 695.0 ,5408,Relave Final,1.710,0.068,0.000,0.005,0.000,26.62,,
,11-Aug-23,11:46, 111.0 ," 1,192.5 ", 108.5 ," 1,081.5 ",5409,Cola Scavenger L1,10.640,0.280,0.000,0.015,0.000,10.03,,
,11-Aug-23,11:50, 110.0 ," 1,171.5 ", 93.5 ," 1,061.5 ",5410,Cola Scavenger L2,10.090,0.240,0.000,0.016,0.000,8.81,,
,11-Aug-23,11:52, 111.0 ," 1,023.5 ", 241.5 , 912.5 ,5411,"Conc, Colectivo",27.350,22.470,0.112,1470.000,16.080,26.47,,
,11-Aug-23,11:53, 111.0 ," 1,226.5 ", 322.5 ," 1,115.5 ",5412,Concentrado Primario L2,20.510,10.680,0.058,0.690,40.700,28.91,,
,11-Aug-23,11:56, 110.5 ," 1,112.5 ", 130.0 ," 1,002.0 ",5413,Concentrado Primario L1,21.440,9.690,0.056,0.669,39.780,12.97,,
,14-Aug-23,9:46, 111.5 , 841.0 , 286.5 , 729.5 ,5418,Rebose Hidrociclones L2,2.446,0.452,0.000,0.030,0.000,39.27,,
,14-Aug-23,9:36, 111.0 , 806.5 , 197.5 , 695.5 ,5419,Relave Final,1.798,0.074,0.000,0.004,0.000,28.40,,
,14-Aug-23,9:43, 108.5 ," 1,126.0 ", 74.5 ," 1,017.5 ",5420,Cola Scavenger L1,15.990,0.501,0.000,0.016,0.000,7.32,,
,14-Aug-23,9:40, 108.5 ," 1,107.0 ", 53.5 , 998.5 ,5421,Cola Scavenger L2,15.830,0.616,0.000,0.026,0.000,5.36,,
,14-Aug-23,9:48, 111.5 ," 1,028.0 ", 305.0 , 916.5 ,5422,Concentrado Colectivo,30.360,22.670,0.116,1480.000,9.440,33.28,,
,14-Aug-23,9:52, 109.0 ," 1,284.0 ", 459.5 ," 1,175.0 ",5423,Concentrado Primario L2,26.780,12.390,0.079,0.910,25.980,39.11,,
,14-Aug-23,9:49, 111.5 ," 1,094.5 ", 148.0 , 983.0 ,5424,Concentrado Primario L1,25.850,12.880,0.085,0.975,27.140,15.06,,
,18-Aug-23,10:55, 111.5 , 895.5 , 314.0 , 784.0 ,5429,Rebose Hidrociclone L2,2.695,0.420,0.006,0.020,0.000,40.05,,
,18-Aug-23,10:48, 111.0 , 840.0 , 190.0 , 729.0 ,5430,Relave Final,2.721,0.081,0.000,0.004,0.000,26.06,,
,18-Aug-23,10:45, 108.5 ," 1,242.0 ", 97.0 ," 1,133.5 ",5431,Cola Scavenger L1,23.360,0.385,0.000,0.032,0.000,8.56,,
,18-Aug-23,10:42, 108.5 ," 1,189.0 ", 48.5 ," 1,080.5 ",5432,Cola Scavenger L2,23.670,0.361,0.000,0.028,0.000,4.49,,
,18-Aug-23,10:57, 111.5 ," 11,175.0 ", 339.5 ," 11,063.5 ",5433,"Conc, Colectivo",29.540,25.670,0.173,0.874,6.980,3.07,,
,18-Aug-23,11:01, 111.5 ," 1,086.0 ", 76.0 , 974.5 ,5434,Concentrado Primario L1,28.260,19.780,0.135,0.725,14.340,7.80,,
,21-Aug-23,9:58, 110.0 , 917.0 , 299.0 , 807.0 ,5439,Rebose Hidrociclone L1,2.492,0.488,0.005,0.024,0.000,37.05,,
,21-Aug-23,10:02, 111.5 , 891.5 , 322.5 , 780.0 ,5440,Rebose Hidrociclone L2,2.493,0.466,0.004,0.024,0.000,41.35,,
,21-Aug-23,9:48, 110.5 , 862.5 , 209.5 , 752.0 ,5441,Relave Final,1.901,0.067,0.000,0.004,0.000,27.86,,
,21-Aug-23,9:52, 111.0 ," 1,250.0 ", 96.5 ," 1,139.0 ",5442,Cola Scavenger L1,13.490,0.438,0.000,0.022,0.000,8.47,,
,21-Aug-23,9:55, 110.0 ," 1,395.0 ", 57.0 ," 1,285.0 ",5443,Cola Scavenger L2,14.060,0.715,0.000,0.019,0.000,4.44,,
,21-Aug-23,10:10, 111.0 ," 3,280.0 ", 77.5 ," 3,169.0 ",5444,"Conc, Colectivo",28.270,23.670,0.098,1098.000,9.940,2.45,,
,21-Aug-23,10:06, 111.0 ," 1,197.0 ", 504.5 ," 1,086.0 ",5445,Concentrado Primario L2,25.460,17.480,0.075,0.792,21.980,46.45,,
,21-Aug-23,10:09, 110.5 ," 1,212.5 ", 200.0 ," 1,102.0 ",5446,Concentrado Primario L1,25.150,16.480,0.079,0.824,24.200,18.15,,
,23-Aug-23,9:56, 110.0 , 879.0 , 263.0 , 769.0 ,5451,Rebose Hidrociclone L1,3.550,0.459,0.009,0.017,0.000,34.20,,
,23-Aug-23,10:05, 111.5 , 896.0 , 312.5 , 784.5 ,5452,Rebose Hidrociclone L2,3.342,0.411,0.009,0.014,0.000,39.83,,
,23-Aug-23,9:43, 110.5 , 840.0 , 175.5 , 729.5 ,5453,Relave Final,2.481,0.063,0.000,0.002,0.000,24.06,,
,23-Aug-23,9:47, 111.0 ," 1,247.5 ", 108.5 ," 1,136.5 ",5454,Cola Scavenger L1,14.910,0.452,0.000,0.018,0.000,9.55,,
,23-Aug-23,9:52, 110.0 ," 1,175.0 ", 43.0 ," 1,065.0 ",5455,Cola Scavenger L2,14.410,0.495,0.000,0.016,0.000,4.04,,
,23-Aug-23,9:53, 111.0 , 316.0 , 59.5 , 205.0 ,5456,"Conc, Colectivo",29.730,22.790,0.254,0.774,8.700,29.02,,
,23-Aug-23,9:49, 111.0 ," 1,385.5 ", 504.5 ," 1,274.5 ",5457,Concentrado Primario L2,28.390,14.230,0.185,0.481,19.700,39.58,,
,23-Aug-23,9:45, 110.5 ," 1,202.5 ", 184.5 ," 1,092.0 ",5458,Concentrado Primario L1,26.370,13.080,0.198,0.496,24.900,16.90,,
,25-Aug-23,,,,,,5463,Rebose Hidrociclone L1,3.616,0.375,0.005,0.011,0.000,22.00,,
,25-Aug-23,,,,,,5464,Relave Final,2.072,0.047,0.000,0.002,0.000,24.00,,
,25-Aug-23,,,,,,5465,Cola Scavenger L1,13.450,0.409,0.000,0.018,0.000,8.00,,
,25-Aug-23,,,,,,5466,Cola Scavenger L2,21.470,0.748,0.000,0.030,0.000,4.00,,
,25-Aug-23,,,,,,5467,"Conc, Colectivo",30.710,24.080,0.152,0.728,6.200,20.00,,
,25-Aug-23,,,,,,5468,Concentrado Primario L1,29.810,13.030,0.095,0.449,19.600,16.00,,
,28-Aug-23,16:44, 111.5 , 894.0 , 314.5 , 782.5 ,5469,Rebose Hidrociclone L2,2.698,0.423,0.005,0.014,0.000,40.19,,
,28-Aug-23,16:47, 111.0 , 831.0 , 151.5 , 720.0 ,5470,Relave Final,1.858,0.069,0.000,0.004,0.000,21.04,,
,28-Aug-23,16:50, 108.5 ," 1,234.5 ", 102.0 ," 1,126.0 ",5471,Cola Scavenger L1,15.100,0.553,0.000,0.020,0.000,9.06,,
,28-Aug-23,16:54, 108.5 ," 1,211.5 ", 44.0 ," 1,103.0 ",5472,Cola Scavenger L2,14.740,0.516,0.000,0.017,0.000,3.99,,
,28-Aug-23,16:56, 111.5 , 335.5 , 92.5 , 224.0 ,5473,"Conc, Colectivo",28.680,24.280,0.146,0.665,8.300,41.29,,
,28-Aug-23,16:57, 109.0 ," 1,401.5 ", 530.5 ," 1,292.5 ",5474,Concentrado Primario L2,26.390,17.160,0.103,0.471,20.700,41.04,,
,28-Aug-23,17:00, 110.0 ," 1,241.5 ", 226.5 ," 1,131.5 ",5475,Concentrado Primario L1,26.200,16.370,0.111,0.496,21.880,20.02,,
,01-Sep-23,11:33, 110.5 , 928.5 , 297.5 , 818.0 ,5479,Rebose Hidrociclone L1,3.595,0.423,0.005,0.013,0.000,36.37,,
,01-Sep-23,11:35, 110.0 , 909.5 , 318.5 , 799.5 ,5480,Rebose Hidrociclone L2,4.007,0.350,0.004,0.011,0.000,39.84,,
,01-Sep-23,11:24, 109.0 , 800.5 , 109.5 , 691.5 ,5481,Relave Final,2.860,0.246,0.000,0.004,0.000,15.84,,
,01-Sep-23,11:27, 110.5 ," 1,271.5 ", 142.0 ," 1,161.0 ",5482,Cola Scavenger L1,19.440,0.579,0.000,0.017,0.000,12.23,,
,01-Sep-23,11:30, 108.5 ," 1,234.5 ", 79.0 ," 1,126.0 ",5483,Cola Scavenger L2,19.470,0.553,0.000,0.015,0.000,7.02,,
,01-Sep-23,11:38, 109.5 ," 1,445.5 ", 514.0 ," 1,336.0 ",5484,Concentrado Primario L2,28.850,12.940,0.092,0.478,21.360,38.47,,
,01-Sep-23,11:40, 110.5 ," 1,247.5 ", 210.0 ," 1,137.0 ",5485,Concentrado Primario L1,28.070,13.530,0.096,0.492,22.820,18.47,,
,11-Sep-23,15:57, 108.0 , 908.5 , 337.0 , 800.5 ,5490,Rebose Hidrociclone L1,2.112,0.467,0.003,0.031,0.000,42.10,,
,11-Sep-23,16:00, 111.0 , 838.0 , 197.0 , 727.0 ,5491,Relave Final,1.614,0.053,0.000,0.006,0.000,27.10,,
,11-Sep-23,16:11, 108.5 ," 1,217.0 ", 94.5 ," 1,108.5 ",5492,Cola Scavenger L1,10.140,0.291,0.000,0.016,0.000,8.53,,
,11-Sep-23,16:27, 111.5 , 298.0 , 43.0 , 186.5 ,5493,"Conc, Colectivo",28.320,21.990,0.000,1211.000,0.000,23.06,,
,11-Sep-23,16:06, 109.0 ," 13,334.0 ", 463.5 ," 13,225.0 ",5494,Concentrado Primario L2,24.850,16.120,0.050,1012.000,26.500,3.50,,
,13-Sep-23,10:28, 109.0 , 818.0 , 166.5 , 709.0 ,5499,Relave Final,1.630,0.045,0.003,0.004,0.000,23.48,,
,13-Sep-23,10:31, 110.5 ," 1,216.5 ", 108.0 ," 1,106.0 ",5500,Cola Scavenger L1,13.510,0.300,0.000,0.021,0.000,9.76,,
,13-Sep-23,10:33, 110.0 , 316.0 , 70.5 , 206.0 ,5501,"Conc, Colectivo",28.340,21.094,0.000,1211.000,0.000,34.22,,
,13-Sep-23,10:34, 109.5 ," 1,301.0 ", 388.0 ," 1,191.5 ",5502,Concentrado Primario L2,22.330,12.438,0.000,0.741,0.000,32.56,,
,13-Sep-23,10:37, 110.5 ," 1,255.5 ", 235.0 ," 1,145.0 ",5503,Concentrado Primario L1,20.140,9.450,0.037,0.642,40.780,20.52,,
,15-Sep-23,10:25, 108.0 , 890.0 , 294.0 , 782.0 ,5507,Rebose Hidrociclones L1,2.227,0.464,0.005,0.021,0.000,37.60,,
,15-Sep-23,10:27, 111.5 , 909.5 , 320.5 , 798.0 ,5508,Rebose Hidrociclones L2,2.002,0.333,0.000,0.017,0.000,40.16,,
,15-Sep-23,10:18, 111.0 , 826.5 , 181.5 , 715.5 ,5509,Relave Final,2.384,0.059,0.000,0.004,0.000,25.37,,
,15-Sep-23,10:21, 108.5 ," 1,229.0 ", 94.5 ," 1,120.5 ",5510,Cola Scavenger L1,10.090,0.294,0.000,0.025,0.000,8.43,,
,15-Sep-23,10:23, 111.5 , 311.5 , 78.5 , 200.0 ,5511,Concentrado Colectivo,29.190,21.170,0.130,0.940,11.780,39.25,,
,18-Sep-23,11:01, 110.0 , 883.0 , 305.0 , 773.0 ,5520,Rebose Hidrociclones L1,2.148,0.520,0.003,0.025,0.000,39.46,,
,18-Sep-23,11:04, 111.5 , 893.0 , 314.0 , 781.5 ,5521,Rebose Hidrociclones L2,1.952,0.434,0.000,0.022,0.000,40.18,,
,18-Sep-23,10:30, 110.5 , 829.0 , 187.5 , 718.5 ,5522,Relave Final,1.560,0.067,0.000,0.005,0.000,26.10,,
,18-Sep-23,10:33, 111.0 ," 1,243.5 ", 131.5 ," 1,132.5 ",5523,Cola Scavenger L1,9.670,0.265,0.000,0.013,0.000,11.61,,
,18-Sep-23,10:58, 110.0 ," 1,185.0 ", 46.5 ," 1,075.0 ",5524,Cola Scavenger L2,11.200,0.365,0.000,0.020,0.000,4.33,,
,18-Sep-23,11:16, 110.0 , 934.0 , 312.5 , 824.0 ,5525,Concentrado Colectivo,24.820,17.380,0.062,1750.000,22.920,37.92,,
,18-Sep-23,11:07, 110.0 ," 1,295.0 ", 335.5 ," 1,185.0 ",5526,Concentrado Primario L2,18.940,12.490,0.047,0.700,38.100,28.31,,
,18-Sep-23,11:09, 110.5 ," 1,259.5 ", 221.5 ," 1,149.0 ",5527,Concentrado Primario L1,18.680,11.590,0.045,0.660,41.120,19.28,,
,20-Sep-23,11:07, 115.5 , 868.0 , 293.5 , 752.5 ,5532,Rebose Hidrociclones L2,2.007,0.466,0.000,0.019,0.000,39.00,,
,20-Sep-23,10:48, 111.0 , 814.5 , 208.0 , 703.5 ,5533,Relave Final,1.900,0.064,0.000,0.004,0.000,29.57,,
,20-Sep-23,10:55, 108.5 ," 1,269.5 ", 135.5 ," 1,161.0 ",5534,Cola Scavenger L1,10.840,0.640,0.000,0.034,0.000,11.67,,
,20-Sep-23,10:49, 111.5 , 907.5 , 269.5 , 796.0 ,5535,Concentrado Colectivo,28.490,27.760,0.109,1450.000,7.040,33.86,,
,20-Sep-23,10:51, 109.0 ," 1,336.0 ", 495.5 ," 1,227.0 ",5536,Concentrado Primario L2,23.810,15.720,0.070,0.816,27.900,40.38,,
,22-Sep-23,10:51, 110.0 , 895.0 , 303.0 , 785.0 ,5541,Rebose Hidrociclones L1,2.601,0.492,0.000,0.026,0.000,38.60,,
,22-Sep-23,10:54, 111.5 , 728.5 , 245.0 , 617.0 ,5542,Rebose Hidrociclones L2,2.622,0.396,0.000,0.025,0.000,39.71,,
,22-Sep-23,10:38, 110.5 , 812.0 , 162.5 , 701.5 ,5543,Relave Final,2.271,0.088,0.000,0.005,0.000,23.16,,
,22-Sep-23,10:42, 111.0 ," 1,229.0 ", 103.0 ," 1,118.0 ",5544,Cola Scavenger L1,18.720,0.735,0.000,0.024,0.000,9.21,,
,22-Sep-23,10:45, 111.0 ," 1,188.0 ", 80.5 ," 1,077.0 ",5545,Cola Scavenger L2,16.560,0.713,0.000,0.026,0.000,7.47,,
,22-Sep-23,10:47, 110.0 , 853.0 , 160.5 , 743.0 ,5546,Concentrado Colectivo,28.490,24.470,0.151,1533.000,8.940,21.60,,
,22-Sep-23,11:26, 110.0 ," 1,391.0 ", 513.5 ," 1,281.0 ",5547,Concentrado Primario L2,26.720,14.240,0.099,0.773,23.640,40.09,,
,22-Sep-23,10:50, 110.5 ," 1,196.0 ", 206.5 ," 1,085.5 ",5548,Concentrado Primario L1,24.620,15.340,0.110,0.822,24.240,19.02,,
,26-Sep-23,11:02, 108.0 , 880.0 , 277.5 , 772.0 ,5553,Rebose Hidrociclones L1,2.770,0.390,0.000,0.026,0.000,35.95,,
,26-Sep-23,11:04, 111.0 , 809.5 , 160.5 , 698.5 ,5554,Relave Final,2.452,0.060,0.000,0.005,0.000,22.98,,
,26-Sep-23,11:08, 108.5 ," 1,242.5 ", 108.0 ," 1,134.0 ",5555,Cola Scavenger L1,17.730,0.480,0.000,0.032,0.000,9.52,,
,26-Sep-23,11:11, 108.5 ," 1,258.0 ", 108.5 ," 1,149.5 ",5556,Cola Scavenger L2,18.160,0.402,0.000,0.028,0.000,9.44,,
,26-Sep-23,11:17, 111.5 , 860.5 , 155.0 , 749.0 ,5557,Concentrado Colectivo,28.340,22.260,0.090,1689.000,9.160,20.69,,
,26-Sep-23,11:13, 109.0 ," 1,364.0 ", 514.0 ," 1,255.0 ",5558,Concentrado Primario L2,26.000,11.030,0.047,0.778,25.120,40.96,,
,26-Sep-23,11:16, 110.5 ," 1,301.0 ", 283.5 ," 1,190.5 ",5559,Concentrado Primario L1,27.020,9.580,0.039,0.752,27.700,23.81,,
,29-Sep-23,11:58, 110.5 , 879.5 , 284.0 , 769.0 ,5564,Rebose Hidrociclones L1,3.144,0.399,0.000,0.027,0.000,36.93,,
,29-Sep-23,15:50, 110.0 , 879.0 , 273.5 , 769.0 ,5565,Rebose Hidrociclones L2,2.997,0.356,0.000,0.035,0.000,35.57,,
,29-Sep-23,12:01, 109.0 , 749.5 , 151.0 , 640.5 ,5566,Relave Final,2.524,0.066,0.000,0.005,0.000,23.58,,
,29-Sep-23,12:06, 110.5 ," 1,176.5 ", 101.0 ," 1,066.0 ",5567,Cola Scavenger L1,16.750,0.548,0.000,0.036,0.000,9.47,,
,29-Sep-23,12:10, 108.5 ," 1,234.0 ", 108.5 ," 1,125.5 ",5568,Cola Scavenger L2,17.670,0.495,0.000,0.025,0.000,9.64,,
,29-Sep-23,12:07, 110.0 , 894.5 , 243.0 , 784.5 ,5569,Concentrado Colectivo,27.570,24.760,0.084,1860.000,9.080,30.98,,
,29-Sep-23,12:00, 109.0 ," 1,343.0 ", 410.0 ," 1,234.0 ",5570,Concentrado Primario L2,24.730,14.800,0.051,0.990,25.860,33.23,,
,29-Sep-23,12:03, 110.0 ," 1,243.0 ", 221.0 ," 1,133.0 ",5571,Concentrado Primario L1,20.800,12.580,0.049,1030.000,40.820,19.51,,
,04-Oct-23,10:21, 110.0 , 871.5 , 227.5 , 761.5 ,5576,Rebose Hidrociclones L1,4.087,0.404,0.000,0.022,0.000,29.88,,
,04-Oct-23,10:24, 111.5 , 851.5 , 234.0 , 740.0 ,5577,Rebose Hidrociclones L2,4.241,0.289,0.000,0.016,0.000,31.62,,
,04-Oct-23,10:15, 110.5 , 769.0 , 98.5 , 658.5 ,5578,Relave Final,3.253,0.072,0.000,0.004,0.000,14.96,,
,04-Oct-23,10:19, 111.0 ," 1,190.5 ", 109.5 ," 1,079.5 ",5579,Cola Scavenger L2,15.410,0.633,0.000,0.023,0.000,10.14,,
,04-Oct-23,10:25, 110.0 , 866.5 , 212.5 , 756.5 ,5580,Concentrado Colectivo,29.650,24.170,0.125,1523.000,7.700,28.09,,
,04-Oct-23,10:27, 110.5 ," 1,216.0 ", 172.5 ," 1,105.5 ",5581,Concentrado Primario L1,22.730,10.130,0.060,0.695,34.480,15.60,,
,09-Oct-23,11:21, 108.0 , 890.0 , 299.5 , 782.0 ,5585,Rebose Hidrociclones L1,2.609,0.627,0.005,0.016,0.000,38.30,,
,09-Oct-23,11:24, 111.5 , 900.0 , 315.0 , 788.5 ,5586,Rebose Hidrociclones L2,2.545,0.531,0.004,0.015,0.000,39.95,,
,09-Oct-23,11:27, 111.0 , 815.0 , 166.0 , 704.0 ,5587,Relave Final,2.118,0.099,0.000,0.005,0.000,23.58,,
,09-Oct-23,11:30, 108.5 ," 1,238.0 ", 87.5 ," 1,129.5 ",5588,Cola Scavenger L1,13.550,0.402,0.000,0.015,0.000,7.75,,
,09-Oct-23,11:19, 108.5 ," 1,180.0 ", 34.5 ," 1,071.5 ",5589,Cola Scavenger L2,13.530,0.438,0.000,0.011,0.000,3.22,,
,09-Oct-23,11:32, 111.5 , 864.5 , 190.0 , 753.0 ,5590,Concentrado Colectivo,30.830,24.065,0.119,0.706,7.040,25.23,,
,09-Oct-23,11:25, 110.0 ," 1,331.0 ", 403.5 ," 1,221.0 ",5591,Concentrado Primario L2,25.600,15.542,0.084,0.406,24.100,33.05,,
,09-Oct-23,11:34, 110.5 ," 1,206.5 ", 193.0 ," 1,096.0 ",5592,Concentrado Primario L1,25.760,13.536,0.070,0.412,27.860,17.61,,
,13-Oct-23,10:50, 108.0 , 907.5 , 313.0 , 799.5 ,5597,Rebose Hidrociclones L1,2.597,0.523,0.005,0.021,0.000,39.15,,
,13-Oct-23,10:52, 111.5 , 923.0 , 357.5 , 811.5 ,5598,Rebose Hidrociclones L2,2.588,0.458,0.004,0.018,,44.05,,
,13-Oct-23,10:35, 108.5 ," 1,176.5 ", 26.0 ," 1,068.0 ",5599,Cola Scavenger L2,13.770,0.488,,0.013,0.000,2.43,,
,13-Oct-23,11:00, 111.5 , 980.0 , 390.5 , 868.5 ,5600,Concentrado Colectivo,33.890,19.077,0.094,0.504,6.860,44.96,,
,13-Oct-23,10:38, 109.0 ," 1,217.5 ", 430.0 ," 1,108.5 ",5601,Concentrado Primario L2,23.880,15.082,0.083,0.471,24.780,38.79,,
,13-Oct-23,10:41, 110.5 ," 1,167.0 ", 114.5 ," 1,056.5 ",5602,Concentrado Primario L1,23.940,14.033,0.086,0.489,28.540,10.84,,
,16-Oct-23,11:44, 110.0 , 830.5 , 253.0 , 720.5 ,5606,Rebose Hidrociclones L1,2.510,0.716,0.005,0.024,82.380,35.11,,
,16-Oct-23,11:47, 111.5 , 741.0 , 233.0 , 629.5 ,5607,Rebose Hidrociclones L2,2.460,0.583,0.004,0.021,81.870,37.01,,
,16-Oct-23,11:57, 110.5 , 758.0 , 126.0 , 647.5 ,5608,Relave Final,2.152,0.081,0.002,0.004,83.430,19.46,,
,16-Oct-23,11:50, 110.0 ," 1,210.0 ", 126.0 ," 1,100.0 ",5609,Cola Scavenger L1,12.500,0.312,0.010,0.014,82.100,11.45,,
,16-Oct-23,11:41, 110.0 ," 1,105.5 ", 45.0 , 995.5 ,5610,Cola Scavenger L2,12.620,0.396,0.011,0.011,68.260,4.52,,
,16-Oct-23,11:36, 110.0 , 850.0 , 227.5 , 740.0 ,5611,Concentrado Colectivo,29.630,22.972,0.095,0.901,10.260,30.74,,
,16-Oct-23,11:38, 110.0 ," 1,277.5 ", 452.0 ," 1,167.5 ",5612,Concentrado Primario L2,25.420,14.982,0.067,0.565,26.920,38.72,,
,16-Oct-23,11:35, 110.5 ," 1,076.0 ", 93.0 , 965.5 ,5613,Concentrado Primario L1,22.650,15.581,0.066,0.592,33.340,9.63,,
,18-Oct-23,10:37, 108.0 , 865.5 , 236.0 , 757.5 ,5618,Rebose Hidrociclones L1,2.028,0.503,0.006,0.018,81.490,31.16,,
,18-Oct-23,10:51, 111.5 , 885.0 , 286.0 , 773.5 ,5619,Rebose Hidrociclones L2,2.377,0.466,0.005,0.017,82.240,36.97,,
,18-Oct-23,10:40, 111.0 , 809.5 , 176.0 , 698.5 ,5620,Relave Final,1.960,0.097,0.002,0.005,83.840,25.20,,
,18-Oct-23,10:44, 108.5 ," 1,274.5 ", 126.0 ," 1,166.0 ",5621,Cola Scavenger L1,17.160,0.404,0.010,0.008,55.760,10.81,,
,18-Oct-23,10:48, 108.5 ," 1,189.5 ", 52.0 ," 1,081.0 ",5622,Cola Scavenger L2,16.560,0.528,0.012,0.011,55.840,4.81,,
,18-Oct-23,10:45, 111.5 , 912.5 , 250.5 , 801.0 ,5623,Concentrado Colectivo,30.600,22.670,0.179,0.970,7.920,31.27,,
,18-Oct-23,10:38, 109.0 ," 1,333.0 ", 465.0 ," 1,224.0 ",5624,Concentrado Primario L2,24.800,13.730,0.119,0.534,24.720,37.99,,
,18-Oct-23,10:41, 110.5 ," 1,135.5 ", 86.5 ," 1,025.0 ",5625,Concentrado Primario L1,29.990,14.180,0.103,0.486,18.460,8.44,,
,23-Oct-23,12:56, 108.0 , 918.0 , 316.0 , 810.0 ,5623,Rebose Hidrociclones L1,2.189,0.613,0.006,0.014,83.870,39.01,,
,23-Oct-23,12:44, 111.0 , 838.0 , 232.5 , 727.0 ,5624,Relave Final,1.692,0.061,0.002,0.003,85.380,31.98,,
,23-Oct-23,12:48, 108.5 ," 1,222.5 ", 78.5 ," 1,114.0 ",5625,Cola Scavenger L2,24.340,0.416,0.010,0.008,42.460,7.05,,
,23-Oct-23,12:49, 111.5 , 875.5 , 223.0 , 764.0 ,5626,Concentrado Colectivo,29.400,24.170,0.169,0.630,9.280,29.19,,
,23-Oct-23,12:51, 109.0 ," 1,132.0 ", 367.0 ," 1,023.0 ",5627,Concentrado Primario L2,28.470,11.130,0.085,0.285,23.700,35.87,,
,23-Oct-23,12:40, 110.5 ," 1,161.0 ", 147.0 ," 1,050.5 ",5628,Concentrado Primario L1,31.090,9.070,0.067,0.219,21.460,13.99,,
,27-Oct-23,10:57, 110.0 , 898.5 , 336.5 , 788.5 ,5629,Rebose Hidrociclones L1,2.285,0.563,0.004,0.017,84.480,42.68,,
,27-Oct-23,10:59, 110.5 , 788.0 , 143.0 , 677.5 ,5630,Relave Final,2.194,0.094,0.002,0.005,85.600,21.11,,
,27-Oct-23,11:10, 110.0 ," 1,164.0 ", 58.0 ," 1,054.0 ",5631,Cola Scavenger L2,15.390,0.563,0.012,0.017,58.380,5.50,,
,27-Oct-23,11:12, 110.0 , 883.0 , 229.5 , 773.0 ,5632,Concentrado Colectivo,27.720,25.870,0.108,0.780,10.980,29.69,,
,27-Oct-23,11:05, 110.0 ," 1,398.0 ", 569.5 ," 1,288.0 ",5633,Concentrado Primario L2,26.450,18.650,0.082,0.560,20.940,44.22,,
,27-Oct-23,11:08, 110.5 ," 1,193.0 ", 151.5 ," 1,082.5 ",5634,Concentrado Primario L1,26.800,19.250,0.086,0.580,19.400,14.00,,
,30-Oct-23,10:47, 108.0 , 906.0 , 318.5 , 798.0 ,5635,Rebose Hidrociclones L1,2.134,0.559,0.004,0.015,0.000,39.91,,
,30-Oct-23,10:50, 110.5 , 804.0 , 157.5 , 693.5 ,5636,Relave Final,1.638,0.090,0.002,0.003,0.000,22.71,,
,30-Oct-23,11:01, 108.5 ," 1,242.0 ", 142.0 ," 1,133.5 ",5637,Cola Scavenger L2,13.370,0.350,0.000,0.016,0.000,12.53,,
,30-Oct-23,10:54, 111.5 , 908.5 , 281.5 , 797.0 ,5638,Concentrado Colectivo,25.810,26.610,0.088,0.634,10.860,35.32,,
,30-Oct-23,10:56, 110.5 ," 1,420.5 ", 560.5 ," 1,310.0 ",5639,Concentrado Primario L2,27.370,18.940,0.065,0.525,0.000,42.79,,
,30-Oct-23,10:58, 110.0 ," 1,382.5 ", 589.0 ," 1,272.5 ",5640,Concentrado Primario L1,26.170,18.440,0.061,0.508,0.000,46.29,,
,03-Nov-23,11:59, 110.0 , 875.0 , 293.0 , 765.0 ,5642,Rebose Hidrociclones L1,2.170,0.764,0.000,0.029,82.100,38.30,,
,03-Nov-23,11:54, 110.0 , 831.5 , 190.0 , 721.5 ,5643,Relave Final,1.840,0.103,0.000,0.006,83.240,26.33,,
,03-Nov-23,12:02, 110.5 ," 1,162.5 ", 150.0 ," 1,052.0 ",5644,"Conc, 1era Limp, L1",27.740,22.133,0.000,1.416,14.660,14.26,,
,03-Nov-23,11:56, 110.0 ," 9,000.0 ", 243.5 ," 8,890.0 ",5645,Concentrado Colectivo,28.830,26.360,0.000,1.203,10.340,2.74,,
,03-Nov-23,11:57, 110.0 ," 1,351.5 ", 519.0 ," 1,241.5 ",5646,Concentrado Primario L2,27.150,14.760,0.000,0.683,23.600,41.80,,
,08-Nov-23,12:44, 111.0 , 807.0 , 163.5 , 696.0 ,5647,Relave Final,1.330,0.078,0.000,0.007,82.670,23.49,,
,08-Nov-23,12:47, 108.5 ," 1,211.0 ", 84.5 ," 1,102.5 ",5648,Cola Scavenger L2,11.940,0.386,0.000,0.016,57.700,7.66,,
,08-Nov-23,12:50, 111.0 ," 1,210.0 ", 222.0 ," 1,099.0 ",5649,"Conc, 1era Limp, L1",21.510,15.470,0.066,1.350,24.760,20.20,,
,08-Nov-23,12:53, 111.5 , 901.5 , 267.5 , 790.0 ,5650,Concentrado Colectivo,23.840,22.320,0.088,1.450,14.320,33.86,,
,08-Nov-23,12:55, 111.0 ," 1,335.0 ", 457.0 ," 1,224.0 ",5651,Concentrado Primario L2,18.910,13.450,0.056,1.150,34.200,37.34,,
,13-Nov-23,10:26, 111.0 , 803.0 , 174.0 , 692.0 ,5652,Relave Final,2.314,0.111,0.000,0.005,82.970,25.14,,
,13-Nov-23,10:32, 111.0 ," 1,233.0 ", 256.0 ," 1,122.0 ",5653,"Conc, 1era Limp, L1",28.280,14.430,0.136,0.750,18.940,22.82,,
,13-Nov-23,10:35, 111.5 , 880.0 , 256.0 , 768.5 ,5654,Concentrado Colectivo,28.340,23.780,0.248,0.750,10.840,33.31,,
,13-Nov-23,10:37, 109.0 ," 1,326.0 ", 542.0 ," 1,217.0 ",5655,Concentrado Primario L2,26.930,11.140,0.116,0.472,17.940,44.54,,
,13-Nov-23,10:43, 110.5 ," 1,238.5 ", 278.0 ," 1,128.0 ",5656,Concentrado Primario L1,25.940,11.240,0.112,0.499,26.120,24.65,,
,20-Nov-23,9:29, 110.0 , 703.5 , 219.5 , 593.5 ,5660,Rebose Hidrociclones L1,2.516,0.578,0.000,0.020,0.000,36.98,,
,20-Nov-23,9:31, 111.5 , 873.0 , 306.5 , 761.5 ,5661,Rebose Hidrociclones L2,2.530,0.634,0.000,0.021,0.000,40.25,,
,20-Nov-23,9:23, 110.5 , 797.0 , 148.0 , 686.5 ,5662,Relave Final,2.359,0.118,0.000,0.004,0.000,21.56,,
,20-Nov-23,9:27, 110.0 ," 1,190.0 ", 52.5 ," 1,080.0 ",5663,Cola Scavenger L2,11.400,0.357,0.000,0.012,0.000,4.86,,
,20-Nov-23,9:42, 110.0 , 898.0 , 286.0 , 788.0 ,5664,Concentrado Colectivo,29.760,24.880,0.000,1.000,8.360,36.29,,
,20-Nov-23,9:33, 110.0 ," 1,330.5 ", 439.0 ," 1,220.5 ",5665,Concentrado Primario L2,23.860,16.420,0.000,0.640,27.440,35.97,,
,22-Nov-23,10:27, 108.0 , 898.0 , 297.0 , 790.0 ,5669,Rebose Hidrociclones L1,1.998,0.590,0.000,0.030,0.000,37.59,,
,22-Nov-23,10;25, 111.5 , 948.5 , 337.5 , 837.0 ,5670,Rebose Hidrociclones L2,1.897,0.605,0.000,0.027,0.000,40.32,,
,22-Nov-23,10:30, 111.0 , 816.5 , 159.0 , 705.5 ,5671,Relave Final,2.162,0.066,0.000,0.002,0.000,22.54,,
,22-Nov-23,10:33, 108.5 ," 1,196.0 ", 43.0 ," 1,087.5 ",5672,Cola Scavenger L2,11.420,0.330,0.000,0.012,0.000,3.95,,
,22-Nov-23,10:36, 110.5 , 806.0 , 109.0 , 695.5 ,5673,"Conc, 1era Limp, L1",29.250,17.610,0.000,1.112,14.700,15.67,,
,22-Nov-23,10:39, 111.5 , 915.0 , 287.5 , 803.5 ,5674,Concentrado Colectivo,30.400,20.400,0.000,1.106,9.760,35.78,,
,22-Nov-23,10:40, 109.0 ," 1,251.0 ", 356.0 ," 1,142.0 ",5675,Concentrado Primario L2,21.670,14.630,0.000,0.781,31.880,31.17,,
,24-Nov-23,11:19, 110.5 , 899.5 , 300.5 , 789.0 ,5679,Rebose Hidrociclones L1,2.463,0.477,0.000,0.016,0.000,38.09,,
,24-Nov-23,10:57, 111.5 , 875.0 , 317.5 , 763.5 ,5680,Rebose Hidrociclones L2,2.470,0.448,0.000,0.016,0.000,41.58,,
,24-Nov-23,11:00, 110.5 , 835.5 , 194.0 , 725.0 ,5681,Relave Final,2.130,0.122,0.000,0.007,0.000,26.76,,
,24-Nov-23,11:25, 111.0 ," 1,157.5 ", 52.5 ," 1,046.5 ",5682,Cola Scavenger L2,23.200,0.709,0.000,0.034,0.000,5.02,,
,24-Nov-23,11:06, 110.0 ," 1,075.0 ", 137.5 , 965.0 ,5683,"Conc, 1era Limp, L1",30.250,21.690,0.000,0.865,8.460,14.25,,
,24-Nov-23,11:09, 110.0 , 823.0 , 213.0 , 713.0 ,5684,Concentrado Colectivo,30.360,23.980,0.000,0.869,6.120,29.87,,
,27-Nov-23,11:34, 110.5 , 886.5 , 276.0 , 776.0 ,5685,Rebose Hidrociclones L1,1.712,0.508,0.004,0.032,84.300,35.57,,
,27-Nov-23,11:37, 110.5 , 842.0 , 174.0 , 731.5 ,5686,Relave Final,1.022,0.059,0.002,0.005,86.510,23.79,,
,27-Nov-23,11:41, 111.0 ," 1,278.0 ", 96.0 ," 1,167.0 ",5687,Cola Scavenger L2,14.560,0.305,0.011,0.014,59.080,8.23,,
,27-Nov-23,11:43, 110.0 , 861.0 , 215.0 , 751.0 ,5688,Concentrado Colectivo,29.630,23.383,0.097,1.690,8.760,28.63,,
,27-Nov-23,11:48, 110.0 ," 1,300.5 ", 408.5 ," 1,190.5 ",5689,Concentrado Primario L2,21.750,12.736,0.046,0.871,33.360,34.31,,
,27-Nov-23,11:50, 110.5 ," 1,334.0 ", 429.5 ," 1,223.5 ",5690,Concentrado Primario L1,22.260,13.383,0.052,0.896,31.800,35.10,,
,29-Nov-23,12:28, 108.0 , 948.5 , 328.0 , 840.5 ,5691,Rebose Hidrociclones L1,2.449,0.635,0.004,0.026,86.240,39.02,,
,29-Nov-23,12:30, 109.0 , 826.5 , 146.0 , 717.5 ,5692,Relave Final,2.306,0.043,0.002,0.004,86.990,20.35,,
,29-Nov-23,12:34, 108.5 ," 1,223.0 ", 117.5 ," 1,114.5 ",5693,Cola Scavenger L2,14.050,0.221,0.007,0.015,61.740,10.54,,
,29-Nov-23,12:36, 110.5 ," 1,102.0 ", 98.0 , 991.5 ,5694,"Conc, 1era Limp, L1",28.090,20.796,0.081,1.260,14.920,9.88,,
,29-Nov-23,12:39, 110.0 , 848.0 , 214.0 , 738.0 ,5695,Concentrado Colectivo,29.110,25.373,0.091,1.178,9.940,29.00,,
,29-Nov-23,12:41, 109.5 ," 1,288.5 ", 331.0 ," 1,179.0 ",5696,Concentrado Primario L2,22.180,14.229,0.054,0.636,33.460,28.07,,
,29-Nov-23,12:43, 110.0 ," 1,313.0 ", 380.5 ," 1,203.0 ",5697,Concentrado Primario L1,21.770,12.935,0.052,0.644,35.520,31.63,,
,04-Dec-23,16:41, 111.0 , 848.5 , 204.0 , 737.5 ,5698,Relave Final,1.073,0.092,0.004,0.011,88.730,27.66,,
,04-Dec-23,16:39, 110.0 ," 1,121.5 ", 91.0 ," 1,011.5 ",5699,"Conc, 1era Limp, L1",24.840,22.089,0.128,1.794,16.720,9.00,,
,04-Dec-23,16:42, 111.5 , 809.5 , 152.0 , 698.0 ,5700,Concentrado Colectivo,24.890,24.079,0.141,2.248,14.000,21.78,,
,08-Dec-23,12:14, 108.0 , 933.5 , 318.0 , 825.5 ,5708,Rebose Hidrociclones L1,2.725,0.709,0.005,0.028,0.000,38.52,,
,08-Dec-23,12:17, 111.5 , 957.5 , 373.0 , 846.0 ,5709,Rebose Hidrociclones L2,2.813,0.749,0.005,0.029,0.000,44.09,,
,08-Dec-23,12:09, 111.0 , 858.0 , 182.0 , 747.0 ,5710,Relave Final,2.455,0.096,0.000,0.006,0.000,24.36,,
,08-Dec-23,12:12, 108.5 ," 1,321.0 ", 162.0 ," 1,212.5 ",5711,Cola Scavenger L2,14.860,0.311,0.000,0.033,0.000,13.36,,
,08-Dec-23,12:23, 110.0 ," 1,123.0 ", 101.0 ," 1,013.0 ",5712,"Conc, 1era Limp, L1",30.030,17.050,0.079,0.964,16.280,9.97,,
,08-Dec-23,12:19, 111.5 , 905.5 , 275.0 , 794.0 ,5713,"Conc, Colectivo",30.140,24.980,0.106,0.981,8.200,34.63,,
,08-Dec-23,12:24, 109.0 ," 1,439.0 ", 595.0 ," 1,330.0 ",5714,"Conc, Primario L2",28.440,13.280,0.059,0.553,23.120,44.74,,
,08-Dec-23,12:20, 110.5 ," 1,423.0 ", 540.0 ," 1,312.5 ",5715,"Conc, Primario L1",28.050,14.370,0.063,0.559,22.660,41.14,,
,11-Dec-23,16:26, 110.5 , 888.0 , 239.5 , 777.5 ,5719,Relave Final,2.291,0.045,0.000,0.003,0.000,30.80,,
,11-Dec-23,16:28, 112.5 ," 1,102.5 ", 99.5 , 990.0 ,5720,"Conc, 1era Limp, L1",30.540,19.030,0.132,1.698,11.640,10.05,,
,11-Dec-23,16:31, 110.0 , 890.5 , 255.0 , 780.5 ,5721,"Conc, Colectivo",30.270,23.490,0.153,1.615,8.000,32.67,,
,11-Dec-23,16:30, 110.0 ," 1,333.5 ", 446.0 ," 1,223.5 ",5722,"Conc, Primario L2",26.330,14.670,0.077,0.856,24.420,36.45,,
,11-Dec-23,16:33, 110.0 ," 1,345.0 ", 430.5 ," 1,235.0 ",5723,"Conc, Primario L1",24.860,11.890,0.067,0.759,30.000,34.86,,
,18-Dec-23,10:58, 108.0 , 929.0 , 355.0 , 821.0 ,5724,Rebose Hidrociclones L2,1.549,0.581,0.000,0.032,0.000,43.24,,
,18-Dec-23,11:01, 109.0 , 808.5 , 103.5 , 699.5 ,5725,Relave Final,0.892,0.043,0.002,0.006,90.760,14.80,,
,18-Dec-23,11:03, 111.0 ," 1,111.0 ", 70.0 ," 1,000.0 ",5726,"Conc, 1era Limp, L1",29.450,28.150,0.109,1.510,7.260,7.00,,
,18-Dec-23,11.06, 11.5 , 883.0 , 238.5 , 871.5 ,5727,"Conc, Colectivo",29.570,29.340,0.116,1.480,5.200,27.37,,
,18-Dec-23,11:08, 109.0 ," 1,272.0 ", 406.0 ," 1,163.0 ",5728,"Conc, Primario L2",22.720,19.130,0.073,0.987,25.540,34.91,,
,20-Dec-23,12:03, 110.5 , 885.5 , 217.0 , 775.0 ,5733,Relave Final,1.436,0.069,0.000,0.007,0.000,28.00,,
,20-Dec-23,12:08, 112.5 , 938.5 , 62.5 , 826.0 ,5734,"Conc, 1era Limp, L1",29.770,22.900,0.102,1.430,11.620,7.57,,
,20-Dec-23,12:02, 110.0 , 750.5 , 21.0 , 640.5 ,5735,"Conc, Colectivo",30.210,26.760,0.112,1.570,7.760,3.28,,
,20-Dec-23,12:05, 110.0 ," 1,285.0 ", 326.0 ," 1,175.0 ",5736,"Conc, Primario L2",19.490,12.140,0.049,0.656,38.000,27.74,,
,20-Dec-23,12:13, 111.5 ," 1,068.0 ", 200.5 , 956.5 ,5737,"Conc, Primario L1",22.600,13.580,0.072,0.838,31.200,20.96,,
,22-Dec-23,19:17, 110.0 ," 1,065.0 ", 31.5 , 955.0 ,5740,"Conc, 1era Limp, L1",27.660,27.750,0.000,2.300,7.320,3.30,,
,22-Dec-23,19:22, 110.0 , 769.5 , 4.5 , 659.5 ,5741,"Conc, Colectivo",28.060,29.040,0.000,1.969,6.000,0.68,,
,22-Dec-23,19:20, 109.5 ," 1,361.5 ", 485.5 ," 1,252.0 ",5742,"Conc, Primario L2",23.070,18.930,0.000,1.182,23.960,38.78,,
,22-Dec-23,19:23, 110.0 ," 1,387.5 ", 505.5 ," 1,277.5 ",5743,"Conc, Primario L1",24.250,18.340,0.000,1.232,22.460,39.57,,
,24-Dec-23,10:24, 111.0 , 848.5 , 160.5 , 737.5 ,5744,Relave Final,1.544,0.070,0.000,0.022,0.000,21.76,,
,24-Dec-23,10:39, 108.5 ," 1,277.0 ", 67.0 ," 1,168.5 ",5745,Cola Scavenger L1,19.420,0.359,0.000,0.356,0.000,5.73,,
,24-Dec-23,10:43, 108.5 ," 1,298.0 ", 75.0 ," 1,189.5 ",5746,Cola Scavenger L2,20.460,0.335,0.000,0.349,0.000,6.31,,
,24-Dec-23,10:32, 111.0 ," 1,146.0 ", 143.5 ," 1,035.0 ",5747,"Conc, 1era Limp, L1",27.860,24.280,0.109,5.980,7.880,13.86,,
,24-Dec-23,10:36, 110.0 ," 1,114.0 ", 91.0 ," 1,004.0 ",5748,"Conc, 1era Limp, L2",28.070,25.770,0.108,5.720,6.700,9.06,,
,24-Dec-23,10:44, 111.5 , 848.0 , 157.0 , 736.5 ,5749,"Conc, Colectivo",28.680,26.760,0.114,5.290,6.020,21.32,,
,27-Dec-23,10:52, 111.5 , 917.5 , 311.0 , 806.0 ,5750,Rebose Hidrociclones L1,2.780,0.680,0.003,0.036,0.000,38.59,,
,27-Dec-23,10:55, 108.0 , 951.5 , 317.5 , 843.5 ,5751,Rebose Hidrociclones L2,2.690,0.582,0.002,0.033,0.000,37.64,,
,27-Dec-23,10:57, 111.0 , 835.5 , 155.0 , 724.5 ,5752,Relave Final,2.490,0.072,0.000,0.007,0.000,21.39,,
,27-Dec-23,11:01, 108.5 ," 1,187.5 ", 176.0 ," 1,079.0 ",5753,Cola Scavenger L1,17.500,0.244,0.000,0.016,0.000,16.31,,
,27-Dec-23,11:04, 108.5 ," 1,117.0 ", 160.0 ," 1,008.5 ",5754,Cola Scavenger L2,16.940,0.233,0.000,0.019,0.000,15.87,,
,27-Dec-23,11:07, 111.0 , 800.0 , 126.0 , 689.0 ,5755,"Conc, 1era Limp, L1",29.230,15.360,0.034,1.319,16.220,18.29,,
,27-Dec-23,11:10, 110.0 , 784.0 , 91.0 , 674.0 ,5756,"Conc, 1era Limp, L2",28.300,19.530,0.039,1.330,13.620,13.50,,
,27-Dec-23,11:16, 111.5 , 843.5 , 155.5 , 732.0 ,5757,"Conc, Colectivo",28.570,23.690,0.047,1.440,8.500,21.24,,
,27-Dec-23,11:12, 109.0 , 930.0 , 347.5 , 821.0 ,5758,"Conc, Primario L2",26.590,19.430,0.038,0.907,18.440,42.33,,
,27-Dec-23,11:14, 110.5 , 967.0 , 346.0 , 856.5 ,5759,"Conc, Primario L1",25.490,17.350,0.039,1.000,21.120,40.40,,
,01-Jan-24,11:57, 108.0 , 927.0 , 308.5 , 819.0 ,5765,Rebose Hidrociclones L1,2.553,0.568,0.003,0.026,0.000,37.67,,
,01-Jan-24,11:47, 111.5 , 940.0 , 311.0 , 828.5 ,5766,Rebose Hidrociclones L2,2.634,0.506,0.003,0.027,0.000,37.54,,
,01-Jan-24,11:49, 111.0 , 864.5 , 172.0 , 753.5 ,5767,Relave Final,1.972,0.063,0.000,0.006,0.000,22.83,,
,01-Jan-24,11:53, 108.5 ," 1,118.0 ", 81.0 ," 1,009.5 ",5768,Cola Scavenger L1,11.810,0.342,0.000,0.035,0.000,8.02,,
,01-Jan-24,12:13, 108.5 ," 1,113.0 ", 80.5 ," 1,004.5 ",5769,Cola Scavenger L2,12.530,0.351,0.000,0.030,0.000,8.01,,
,01-Jan-24,12:00, 111.0 , 824.5 , 103.0 , 713.5 ,5770,"Conc, 1era Limp, L1",27.900,18.819,0.052,1.260,11.400,14.44,,
,01-Jan-24,12:03, 110.0 , 810.0 , 90.5 , 700.0 ,5771,"Conc, 1era Limp, L2",29.970,22.295,0.056,1.111,8.600,12.93,,
,01-Jan-24,12:06, 111.5 , 844.5 , 187.5 , 733.0 ,5772,"Conc, Colectivo",28.770,21.848,0.059,1.265,8.620,25.58,,
,01-Jan-24,12:08, 109.0 , 947.5 , 307.0 , 838.5 ,5773,"Conc, Primario L2",26.450,14.698,0.034,0.720,20.680,36.61,,
,01-Jan-24,12:10, 110.5 , 352.0 , 90.0 , 241.5 ,5774,"Conc, Primario L1",25.260,13.903,0.033,0.702,22.680,37.27,,
,03-Jan-24,13:13, 110.5 , 889.5 , 192.5 , 779.0 ,5778,Rebose Hidrociclones L1,2.432,0.602,0.003,0.040,0.000,24.71,,
,03-Jan-24,13:16, 110.0 , 940.5 , 340.5 , 830.5 ,5779,Rebose Hidrociclones L2,2.455,0.508,0.003,0.035,0.000,41.00,,
,03-Jan-24,12:49, 109.0 , 849.5 , 151.0 , 740.5 ,5780,Relave Final,1.861,0.047,0.000,0.056,0.000,20.39,,
,03-Jan-24,12:52, 110.5 ," 1,135.5 ", 111.5 ," 1,025.0 ",5781,Cola Scavenger L1,12.340,0.245,0.000,0.017,0.000,10.88,,
,03-Jan-24,12:59, 112.5 , 814.5 , 117.5 , 702.0 ,5782,"Conc, 1era Limp, L1",28.910,16.119,0.060,1.490,18.020,16.74,,
,03-Jan-24,13:03, 110.5 , 831.0 , 104.5 , 720.5 ,5783,"Conc, 1era Limp, L2",29.250,20.099,0.080,1.470,14.060,14.50,,
,03-Jan-24,13:05, 110.0 , 978.5 , 296.5 , 868.5 ,5784,"Conc, Colectivo",29.390,23.383,0.096,1.540,10.900,34.14,,
,03-Jan-24,13:07, 109.5 , 808.5 , 252.5 , 699.0 ,5785,"Conc, Primario L2",25.270,13.035,0.053,0.870,29.000,36.12,,
,05-Jan-24,11:32, 108.0 , 841.5 , 274.0 , 733.5 ,5786,Rebose Hidrociclones L1,1.365,0.326,0.003,0.009,0.000,37.36,,
,05-Jan-24,11:29, 111.5 , 855.0 , 311.5 , 743.5 ,5787,Rebose Hidrociclones L2,1.375,0.320,0.003,0.008,0.000,41.90,,
,05-Jan-24,11:34, 111.0 , 811.5 , 172.5 , 700.5 ,5788,Relave Final,1.236,0.040,0.000,0.003,0.000,24.63,,
,05-Jan-24,11:44, 108.5 ," 1,078.0 ", 68.5 , 969.5 ,5789,Cola Scavenger L1,6.660,0.165,0.000,0.014,0.000,7.07,,
,05-Jan-24,11:49, 108.5 ," 1,070.0 ", 65.5 , 961.5 ,5790,Cola Scavenger L2,6.950,0.124,0.000,0.013,0.000,6.81,,
,05-Jan-24,11:37, 111.0 , 770.0 , 82.5 , 659.0 ,5791,"Conc, 1era Limp, L1",28.170,20.698,0.093,0.649,12.720,12.52,,
,05-Jan-24,11:47, 110.0 , 776.0 , 93.0 , 666.0 ,5792,"Conc, 1era Limp, L2",27.910,23.968,0.108,0.589,10.380,13.96,,
,05-Jan-24,11:40, 111.5 , 851.0 , 215.5 , 739.5 ,5793,"Conc, Colectivo",28.040,24.212,0.102,0.640,9.320,29.14,,
,05-Jan-24,11:38, 109.0 , 902.5 , 288.0 , 793.5 ,5794,"Conc, Primario L2",23.690,16.890,0.082,0.459,25.600,36.29,,
,05-Jan-24,11:42, 110.5 , 909.0 , 301.5 , 798.5 ,5795,"Conc, Primario L1",23.800,16.402,0.075,0.438,25.720,37.76,,
,08-Jan-24,12:03, 110.0 , 951.0 , 363.5 , 841.0 ,5800,Rebose Hidrociclones L2,1.015,0.272,0.002,0.010,0.000,43.22,,
,08-Jan-24,11:44, 109.0 , 791.5 , 74.0 , 682.5 ,5801,Relave Final,0.700,0.041,0.000,0.003,0.000,10.84,,
,08-Jan-24,11:48, 110.5 ," 1,083.5 ", 39.5 , 973.0 ,5802,Cola Scavenger L1,19.040,0.312,0.000,0.012,0.000,4.06,,
,08-Jan-24,11:51, 108.5 ," 1,025.5 ", 47.0 , 917.0 ,5803,Cola Scavenger L2,19.490,0.375,0.000,0.014,0.000,5.13,,
,08-Jan-24,11:54, 112.5 , 751.0 , 54.0 , 638.5 ,5804,"Conc, 1era Limp, L1",28.100,17.281,0.070,1.050,14.060,8.46,,
,08-Jan-24,11:57, 109.5 , 887.5 , 73.0 , 778.0 ,5805,"Conc, 1era Limp, L2",28.360,20.893,0.074,1.004,10.820,9.38,,
,08-Jan-24,12:00, 110.0 , 827.0 , 194.5 , 717.0 ,5806,"Conc, Colectivo",28.050,23.236,0.082,1.070,9.080,27.13,,
,08-Jan-24,12:02, 110.5 , 774.0 , 254.5 , 663.5 ,5807,"Conc, Primario L2",21.840,15.133,0.051,0.715,27.000,38.36,,
,15-Jan-24,17:30, 108.0 , 904.0 , 271.5 , 796.0 ,5808,Rebose Hidrociclones L1,1.782,0.463,0.003,0.027,0.000,34.11,,
,15-Jan-24,17:33, 110.0 , 932.5 , 269.0 , 822.5 ,5809,Rebose Hidrociclones L2,1.713,0.392,0.004,0.024,0.000,32.71,,
,15-Jan-24,17:08, 109.0 , 800.0 , 116.5 , 691.0 ,5810,Relave Final,1.271,0.044,0.000,0.005,0.000,16.86,,
,15-Jan-24,17:12, 110.5 ," 1,115.5 ", 111.5 ," 1,005.0 ",5811,Cola Scavenger L1,11.740,0.098,0.000,0.010,0.000,11.09,,
,15-Jan-24,17:15, 108.5 ," 1,111.0 ", 81.5 ," 1,002.5 ",5812,Cola Scavenger L2,11.030,0.106,0.000,0.012,0.000,8.13,,
,15-Jan-24,17:18, 112.5 , 765.5 , 77.5 , 653.0 ,5813,"Conc, 1era Limp, L1",25.090,17.279,0.061,1.397,23.420,11.87,,
,15-Jan-24,17:21, 110.5 , 755.0 , 59.5 , 644.5 ,5814,"Conc, 1era Limp, L2",26.860,21.649,0.067,1.197,16.260,9.23,,
,15-Jan-24,17:24, 110.0 , 770.0 , 137.5 , 660.0 ,5815,"Conc, Colectivo",26.070,21.344,0.073,1.577,17.700,20.83,,
,15-Jan-24,17:26, 109.5 , 908.0 , 235.5 , 798.5 ,5816,"Conc, Primario L2",21.600,13.213,0.044,0.755,35.560,29.49,,
,15-Jan-24,17:28, 110.5 , 916.5 , 228.5 , 806.0 ,5817,"Conc, Primario L1",19.080,10.672,0.042,0.662,42.040,28.35,,
,17-Jan-24,10:22, 110.0 , 919.0 , 311.0 , 809.0 ,5820,Rebose Hidrociclones L1,2.292,0.529,0.003,0.040,0.000,38.44,,
,17-Jan-24,10:42, 111.5 , 945.0 , 333.5 , 833.5 ,5821,Rebose Hidrociclones L2,2.418,0.634,0.003,0.047,0.000,40.01,,
,17-Jan-24,10:35, 111.0 , 986.5 , 69.5 , 875.5 ,5822,Cola Scavenger L1,9.170,0.161,0.000,0.015,0.000,7.94,,
,17-Jan-24,10:39, 110.0 ," 1,111.0 ", 83.0 ," 1,001.0 ",5823,Cola Scavenger L2,9.290,0.213,0.000,0.025,0.000,8.29,,
,17-Jan-24,10:44, 110.5 , 758.5 , 70.0 , 648.0 ,5824,"Conc, 1era Limp, L1",26.800,26.579,0.068,2.009,10.400,10.80,,
,17-Jan-24,10:31, 110.0 , 712.0 , 33.0 , 602.0 ,5825,"Conc, 1era Limp, L2",26.790,26.630,0.071,2.523,9.420,5.48,,
,17-Jan-24,10:37, 110.0 , 795.5 , 188.0 , 685.5 ,5826,"Conc, Colectivo",26.490,28.662,0.067,1.942,6.780,27.43,,
,17-Jan-24,10:46, 110.0 , 964.0 , 326.0 , 854.0 ,5827,"Conc, Primario L2",22.700,19.921,0.050,1.325,25.100,38.17,,
,17-Jan-24,10:33, 110.0 , 882.5 , 290.0 , 772.5 ,5828,"Conc, Primario L1",21.800,18.600,0.053,1.357,26.900,37.54,,
,25-Jan-24,,,,,,,,,,,,,#DIV/0!,,
,25-Jan-24,,,,,,,,,,,,,#DIV/0!,,
,25-Jan-24,,,,,,,,,,,,,#DIV/0!,,
,25-Jan-24,,,,,,,,,,,,,#DIV/0!,,
,25-Jan-24,,,,,,,,,,,,,#DIV/0!,,
,25-Jan-24,,,,,,,,,,,,,#DIV/0!,,
,25-Jan-24,,,,,,,,,,,,,#DIV/0!,,
,25-Jan-24,,,,,,,,,,,,,#DIV/0!,,
,25-Jan-24,,,,,,,,,,,,,#DIV/0!,,
,01-Feb-24,16:27, 108.0 , 889.0 , 310.0 , 781.0 ,5832,Rebose Hidrociclones L1,"1,844",0.519,0.004,0.048,0,39.69,,
,01-Feb-24,16:21, 110.0 , 887.5 , 312.0 , 777.5 ,5833,Rebose Hidrociclones L2,"1,899",0.454,0.004,0.037,0,40.13,,
,01-Feb-24,16:30, 109.0 , 804.5 , 162.0 , 695.5 ,5834,Relave Final,"1,891",0.067,0,0.009,0,23.29,,
,01-Feb-24,16:33, 110.5 ," 1,086.0 ", 61.0 , 975.5 ,5835,Cola Scavenger L1,"8,430",0.174,0,0.01,0,6.25,,
,01-Feb-24,16:37, 110.0 ," 1,134.0 ", 93.5 ," 1,024.0 ",5836,Cola Scavenger L2,"7,830",0.162,0,0.009,0,9.13,,
,01-Feb-24,16:39, 110.5 , 808.0 , 130.5 , 697.5 ,5837,"Conc, 1era Limp, L1","26,820","23,072",0.08,"1,980","14,220",18.71,,
,01-Feb-24,16:42, 111.5 , 800.0 , 136.5 , 688.5 ,5838,"Conc, Colectivo","28,160","25,527",0.087,"2,032","10,000",19.83,,
,01-Feb-24,16:43, 109.5 , 720.0 , 203.5 , 610.5 ,5839,"Conc, Primario L2","18,750","14,334",0.045,"1,366","38,180",33.33,,
,01-Feb-24,16:46, 112.5 , 941.0 , 284.0 , 828.5 ,5840,"Conc, Primario L1","21,700","17,476",0.047,"1,723","28,820",34.28,,
,02-Feb-24,11:43, 110.0 , 914.0 , 346.5 , 804.0 ,5841,Rebose Hidrociclones L1,"2,173",0.625,0.003,0.063,0,43.10,,
,02-Feb-24,11:15, 111.5 , 909.0 , 352.0 , 797.5 ,5842,Rebose Hidrociclones L2,"2,247",0.632,0.004,0.064,0,44.14,,
,02-Feb-24,11:01, 111.0 , 865.5 , 147.5 , 754.5 ,5843,Relave Final,"1,902",0.115,0,0.022,0,19.55,,
,02-Feb-24,10:55, 108.5 ," 1,097.0 ", 113.5 , 988.5 ,5844,Cola Scavenger L1,"5,300",0.138,0,0.012,0,11.48,,
,02-Feb-24,10:58, 108.5 ," 1,140.0 ", 133.5 ," 1,031.5 ",5845,Cola Scavenger L2,"5,251",0.132,0,0.012,0,12.94,,
,02-Feb-24,11:03, 110.5 , 831.5 , 132.0 , 721.0 ,5846,"Conc, 1era Limp, L1","25,880","20,874",0.073,"2,705","17,140",18.31,,
,02-Feb-24,11:11, 110.0 , 859.0 , 204.5 , 749.0 ,5847,"Conc, Colectivo","27,480","24,892",0.082,"2,610","11,200",27.30,,
,02-Feb-24,11:10, 110.0 ," 1,020.5 ", 388.0 , 910.5 ,5848,"Conc, Primario L2","23,120","17,248",0.064,"1,792","28,980",42.61,,
,02-Feb-24,11:07, 110.5 , 990.5 , 385.5 , 880.0 ,5849,"Conc, Primario L1","24,840","18,424",0.062,"1,925","23,020",43.81,,
,05-Feb-24,11:27, 110.0 , 907.0 , 339.5 , 797.0 ,5850,Rebose Hidrociclones L2,2.211,0.572,0.005,0.020,0.000,42.60,,
,05-Feb-24,11:24, 109.0 , 865.0 , 210.0 , 756.0 ,5851,Relave Final,1.409,0.089,0.000,0.004,0.000,27.78,,
,05-Feb-24,11:21, 110.0 ," 1,139.0 ", 133.0 ," 1,029.0 ",5852,Cola Scavenger L2,14.380,0.276,0.000,0.025,0.000,12.93,,
,05-Feb-24,11:09, 110.5 , 807.0 , 109.5 , 696.5 ,5853,"Conc, 1era Limp, L1",30.510,23.324,0.105,0.751,11.340,15.72,,
,05-Feb-24,11:28, 111.5 , 865.0 , 191.5 , 753.5 ,5854,"Conc, Colectivo",30.960,27.930,0.163,0.689,7.000,25.41,,
,05-Feb-24,11:16, 109.5 , 950.5 , 335.0 , 841.0 ,5855,"Conc, Primario L2",23.530,12.740,0.072,0.436,32.720,39.83,,
,06-Feb-24,10:07, 110.5 , 938.0 , 369.5 , 827.5 ,5856,Rebose Hidrociclones L1,1.896,0.618,0.004,0.022,0.000,44.65,,
,06-Feb-24,10:21, 110.0 , 918.5 , 342.5 , 808.5 ,5857,Rebose Hidrociclones L2,1.929,0.589,0.004,0.024,0.000,42.36,,
,06-Feb-24,10:13, 110.5 , 849.5 , 172.5 , 739.0 ,5858,Relave Final,1.389,0.131,0.000,0.006,0.000,23.34,,
,06-Feb-24,10:01, 109.5 ," 1,126.5 ", 122.5 ," 1,017.0 ",5859,Cola Scavenger L1,14.070,0.205,0.000,0.008,0.000,12.05,,
,06-Feb-24,10:05, 108.5 ," 1,137.5 ", 159.0 ," 1,029.0 ",5860,Cola Scavenger L2,12.950,0.581,0.000,0.020,0.000,15.45,,
,06-Feb-24,10:10, 111.0 , 806.5 , 121.0 , 695.5 ,5861,"Conc, 1era Limp, L1",29.740,23.030,0.095,0.904,12.500,17.40,,
,06-Feb-24,9:58, 112.0 , 740.5 , 21.5 , 628.5 ,5862,"Conc, 1era Limp, L2",27.510,25.872,0.116,1.160,12.240,3.42,,
,06-Feb-24,10:02, 110.5 , 847.5 , 179.5 , 737.0 ,5863,"Conc, Colectivo",29.940,27.244,0.105,0.907,8.040,24.36,,
,06-Feb-24,10:11, 109.0 , 999.5 , 382.5 , 890.5 ,5864,"Conc, Primario L2",25.260,16.464,0.066,0.517,29.520,42.95,,
,07-Feb-24,15:39, 111.5 , 930.5 , 348.5 , 819.0 ,5865,Rebose Hidrociclones L2,2.007,0.502,0.003,0.027,0.000,42.55,,
,07-Feb-24,15:45, 111.0 , 841.0 , 166.5 , 730.0 ,5866,Relave Final,1.466,0.089,0.000,0.006,0.000,22.81,,
,07-Feb-24,15:49, 108.5 , 921.5 , 95.5 , 813.0 ,5867,Cola Scavenger L1,15.480,0.169,0.000,0.006,0.000,11.75,,
,07-Feb-24,15:52, 110.5 ," 1,155.0 ", 140.0 ," 1,044.5 ",5868,Cola Scavenger L2,15.100,0.160,0.000,0.006,0.000,13.40,,
,07-Feb-24,15:42, 110.5 , 815.5 , 123.5 , 705.0 ,5869,"Conc, 1era Limp, L1",27.920,18.592,0.059,1.140,13.420,17.52,,
,07-Feb-24,15:46, 110.0 , 921.5 , 226.0 , 811.5 ,5870,"Conc, Colectivo",26.520,20.854,0.062,1.160,14.600,27.85,,
,07-Feb-24,15:43, 110.0 , 991.0 , 354.5 , 881.0 ,5871,"Conc, Primario L2",21.770,12.886,0.036,0.633,31.520,40.24,,
,09-Feb-24,10:18, 111.5 , 942.0 , 362.5 , 830.5 ,5872,Rebose Hidrociclones L2,2.138,0.588,0.003,0.027,0.000,43.65,,
,09-Feb-24,10:08, 111.0 , 989.5 , 145.5 , 878.5 ,5873,Relave Final,1.078,0.088,0.000,0.005,0.000,16.56,,
,09-Feb-24,10:12, 108.5 ," 1,076.0 ", 97.0 , 967.5 ,5874,Cola Scavenger L1,10.200,0.104,0.000,0.005,0.000,10.03,,
,09-Feb-24,10:15, 110.5 ," 1,097.0 ", 133.0 , 986.5 ,5875,Cola Scavenger L2,10.400,0.111,0.000,0.005,0.000,13.48,,
,09-Feb-24,10:22, 110.5 , 784.0 , 110.0 , 673.5 ,5876,"Conc, 1era Limp, L1",29.920,16.720,0.060,0.770,16.440,16.33,,
,09-Feb-24,10:25, 110.0 , 840.0 , 244.0 , 730.0 ,5877,"Conc, Colectivo",29.750,22.820,0.071,0.960,11.000,33.42,,
,09-Feb-24,10:24, 110.0 , 902.0 , 255.5 , 792.0 ,5878,"Conc, Primario L2",21.750,10.920,0.038,0.510,36.520,32.26,,
,19-Feb-24,15:34, 108.0 , 931.0 , 348.0 , 823.0 ,5895,Rebose Hidrociclones L1,2.846,0.688,0.004,0.024,0.000,42.28,,
,19-Feb-24,15:37, 111.0 , 805.5 , 132.5 , 694.5 ,5896,Relave Final,1.856,0.076,0.000,0.006,0.000,19.08,,
,19-Feb-24,15:40, 108.5 ," 1,134.5 ", 157.5 ," 1,026.0 ",5897,Cola Scavenger L1,12.390,0.211,0.000,0.122,0.000,15.35,,
,19-Feb-24,15:43, 110.5 , 732.5 , 51.5 , 622.0 ,5898,"Conc, 1era Limp, L1",26.190,22.290,0.098,1.517,12.800,8.28,,
,19-Feb-24,15:45, 111.0 , 818.0 , 132.5 , 707.0 ,5899,"Conc, Colectivo",26.130,23.580,0.092,1.015,12.100,18.74,,
,19-Feb-24,15:47, 109.0 , 948.5 , 328.0 , 839.5 ,5900,"Conc, Primario L2",24.890,20.447,0.062,0.553,18.820,39.07,,
,21-Feb-24,10:27, 110.0 , 901.5 , 289.5 , 791.5 ,5904,C2CP - Cobre - 02 Rebose Hidrociclones L2,2.983,0.493,0.007,0.024,0.000,36.58,,
,21-Feb-24,10:29, 110.5 , 761.0 , 70.5 , 650.5 ,5905,C2CP - Cobre - 03 Relave Final,2.932,0.094,0.000,0.008,0.000,10.84,,
,21-Feb-24,10:44, 110.5 , 755.0 , 50.5 , 644.5 ,5906,C2CP - Cobre - 07 Concentrado 1ra Limpieza L1,30.070,19.100,0.142,1.030,13.080,7.84,,
,21-Feb-24,10:36, 110.0 , 860.5 , 224.5 , 750.5 ,5907,C2CP - Cobre - 09 Concentrado Colectivo,30.260,24.380,0.167,0.820,8.880,29.91,,
,28-Feb-24,15:59:00, 108.0 , 792.0 , 289.0 , 684.0 ,5911,C2CP - Cobre - 01 Rebose Hidrociclones L1,2.686,0.526,0.005,0.028,0.000,42.25,,
,28-Feb-24,15:57:00, 111.0 , 731.0 , 240.0 , 620.0 ,5912,C2CP - Cobre - 02 Rebose Hidrociclones L2,2.771,0.537,0.005,0.029,0.000,38.71,,
,28-Feb-24,16:02:00, 111.0 , 724.0 , 160.0 , 613.0 ,5913,C2CP - Cobre - 03 Relave Final,2.643,0.072,0.000,0.006,0.000,26.10,,
,28-Feb-24,16:05:00, 108.5 , 945.5 , 91.0 , 837.0 ,5914,C2CP - Cobre - 04 Cola Scavenger L1,14.001,0.364,0.000,0.007,0.000,10.87,,
,28-Feb-24,16:09:00, 108.5 , 970.5 , 104.0 , 862.0 ,5915,C2CP - Cobre - 05 Cola Scavenger L2,15.430,0.329,0.000,0.006,0.000,12.06,,
,28-Feb-24,16:11:00, 110.5 , 744.0 , 54.5 , 633.5 ,5916,C2CP - Cobre - 07 Concentrado 1ra Limpieza L1,30.162,16.553,0.105,1.099,13.780,8.60,,
,28-Feb-24,16:14:00, 110.0 , 870.0 , 216.0 , 760.0 ,5917,C2CP - Cobre - 09 Concentrado Colectivo,29.307,20.320,0.128,1.100,11.100,28.42,,
,28-Feb-24,16:16:00, 109.0 , 944.5 , 287.5 , 835.5 ,5918,C2CP - Cobre - 10 Concentrado Primario L2,23.812,14.967,0.088,0.826,26.780,34.41,,
,28-Feb-24,16:18:00, 110.5 , 975.5 , 332.5 , 865.0 ,5919,C2CP - Cobre - 11 Concentrado Primario L1,24.415,14.273,0.083,0.810,26.500,38.44,,
,12-Mar-24,01:08:00, 108.0 , 910.0 , 312.0 , 802.0 ,,C2CP - Cobre - 01 Rebose Hidrociclones L1,2.515,0.501,0.006,0.020,0.000,38.90,,
,12-Mar-24,01:13:00, 111.0 , 855.0 , 202.0 , 744.0 ,,C2CP - Cobre - 03 Relave Final,2.248,0.063,0.000,0.010,0.000,27.15,,
,12-Mar-24,01:35:00, 108.5 ," 1,121.0 ", 134.0 ," 1,012.5 ",,C2CP - Cobre - 05 Cola Scavenger L2,22.076,0.357,0.000,0.020,0.000,13.23,,
,12-Mar-24,01:10:00, 110.5 , 838.5 , 126.0 , 728.0 ,,C2CP - Cobre - 07 Concentrado 1ra Limpieza L1,29.638,18.777,0.165,1.300,13.900,17.31,,
,12-Mar-24,01:32:00, 110.0 , 819.5 , 137.5 , 709.5 ,,C2CP - Cobre - 09 Concentrado Colectivo,28.865,25.869,0.256,1.610,8.700,19.38,,
,12-Mar-24,01:12:00, 109.5 , 922.0 , 235.0 , 812.5 ,,C2CP - Cobre - 10 Concentrado Primario L2,19.086,7.990,0.097,0.500,44.280,28.92,,
,12-Mar-24,01:15:00, 110.0 , 911.0 , 224.5 , 801.0 ,,C2CP - Cobre - 11 Concentrado Primario L1,21.928,9.688,0.091,0.560,37.640,28.03,,
,13-Mar-24,22:57:00, 109.0 , 794.5 , 124.0 , 685.5 ,,C2CP - Cobre - 03 Relave Final,2.405,0.072,0.000,0.010,0.000,18.09,,
,13-Mar-24,23:12:00, 108.5 ," 1,070.5 ", 62.5 , 962.0 ,,C2CP - Cobre - 05 Cola Scavenger L2,25.792,0.668,0.000,0.010,0.000,6.50,,
,13-Mar-24,23:01:00, 110.5 , 811.5 , 73.0 , 701.0 ,,C2CP - Cobre - 07 Concentrado 1ra Limpieza L1,30.126,21.424,0.000,1.360,16.540,10.41,,
,13-Mar-24,23:05:00, 110.0 , 817.5 , 103.5 , 707.5 ,,C2CP - Cobre - 08 Concentrado 1ra Limpieza L2,29.752,24.570,0.000,1.310,8.180,14.63,,
,13-Mar-24,23:07:00, 111.0 , 882.5 , 209.5 , 771.5 ,,C2CP - Cobre - 09 Concentrado Colectivo,28.970,28.466,0.000,1.480,5.940,27.15,,
,15-Mar-24,15:43:00, 111.0 , 851.0 , 189.0 , 740.0 ,,C2CP - Cobre - 03 Relave Final,1.979,0.074,0.000,0.010,0.000,25.54,,
,15-Mar-24,12:11:00, 110.5 , 846.0 , 142.0 , 735.5 ,,C2CP - Cobre - 07 Concentrado 1ra Limpieza L1,30.594,19.576,0.087,1.150,11.780,19.31,,
,15-Mar-24,15:30:00, 110.0 , 930.0 , 320.0 , 820.0 ,,C2CP - Cobre - 09 Concentrado Colectivo,30.034,25.969,0.118,1.230,5.640,39.02,,
,15-Mar-24,15:32:00, 109.0 , 995.0 , 336.5 , 886.0 ,,C2CP - Cobre - 10 Concentrado Primario L2,31.360,9.788,0.058,0.450,20.960,37.98,,
,15-Mar-24,14:42:00, 110.0 , 847.0 , 91.5 , 737.0 ,,C2CP - Cobre - 11 Concentrado Primario L1,34.147,10.887,0.055,0.450,15.300,12.42,,
,18-Mar-24,11:04:00, 110.5 , 868.0 , 245.0 , 757.5 ,,C2CP - Cobre - 01 Rebose Hidrociclones L1,2.726,0.837,0.005,0.070,0.000,32.34,,
,18-Mar-24,11:06:00, 111.0 , 769.0 , 88.0 , 658.0 ,,C2CP - Cobre - 03 Relave Final,2.851,0.098,0.000,0.010,0.000,13.37,,
,18-Mar-24,11:10:00, 108.5 ," 1,072.5 ", 94.5 , 964.0 ,,C2CP - Cobre - 05 Cola Scavenger L2,16.650,0.532,0.000,0.040,0.000,9.80,,
,18-Mar-24,11:13:00, 110.0 , 968.5 , 135.0 , 858.5 ,,C2CP - Cobre - 07 Concentrado 1ra Limpieza L1,26.648,19.900,0.096,1.810,0.000,15.73,,
,18-Mar-24,11:16:00, 110.0 , 839.0 , 143.5 , 729.0 ,,C2CP - Cobre - 08 Concentrado 1ra Limpieza L2,26.696,20.696,0.097,1.900,0.000,19.68,,
,18-Mar-24,11:19:00, 110.0 , 834.5 , 149.0 , 724.5 ,,C2CP - Cobre - 09 Concentrado Colectivo,27.525,24.676,0.114,2.230,0.000,20.57,,
,18-Mar-24,11:21:00, 110.5 , 844.5 , 318.0 , 734.0 ,,C2CP - Cobre - 11 Concentrado Primario L1,22.658,16.169,0.841,1.270,0.000,43.32,,
,20-Mar-24,12:17:00, 110.5 , 898.0 , 306.0 , 787.5 ,,C2CP - Cobre - 01 Rebose Hidrociclones L1,2.573,0.600,0.006,0.020,0.000,38.86,,
,20-Mar-24,12:20:00, 110.0 , 870.0 , 265.0 , 760.0 ,,C2CP - Cobre - 02 Rebose Hidrociclones L2,2.786,0.597,0.006,0.020,0.000,34.87,,
,20-Mar-24,12:15:00, 109.0 , 812.5 , 164.5 , 703.5 ,,C2CP - Cobre - 03 Relave Final,2.298,0.076,0.000,0.000,0.000,23.38,,
,20-Mar-24,12:40:00, 108.5 ," 1,069.0 ", 91.5 , 960.5 ,,C2CP - Cobre - 05 Cola Scavenger L2,20.925,0.563,0.000,0.014,0.000,9.53,,
,20-Mar-24,12:26:00, 112.0 , 820.0 , 117.0 , 708.0 ,,C2CP - Cobre - 07 Concentrado 1ra Limpieza L1,30.696,18.833,0.186,1.038,15.920,16.53,,
,20-Mar-24,12:37:00, 110.0 , 866.0 , 181.5 , 756.0 ,,C2CP - Cobre - 08 Concentrado 1ra Limpieza L2,30.875,20.121,0.196,0.947,14.920,24.01,,
,20-Mar-24,12:29:00, 110.0 , 867.0 , 216.0 , 757.0 ,,C2CP - Cobre - 09 Concentrado Colectivo,31.396,24.879,0.270,1.131,10.420,28.53,,
,20-Mar-24,12:30:00, 109.5 , 992.0 , 361.5 , 882.5 ,,C2CP - Cobre - 10 Concentrado Primario L2,32.235,13.877,0.104,0.571,21.620,40.96,,
,20-Mar-24,12:31:00, 110.0 ," 1,035.5 ", 388.5 , 925.5 ,,C2CP - Cobre - 11 Concentrado Primario L1,32.991,11.201,0.091,0.541,22.380,41.98,,
,25-Mar-24,12:26:00, 110.5 , 851.0 , 306.0 , 740.5 ,1711387447,C2CP - Cobre - 01 Rebose Hidrociclones L1,3.209,0.510,0.000,0.027,0.000,41.32,,
,25-Mar-24,12:37:00, 110.0 , 827.5 , 291.0 , 717.5 ,1711387980,C2CP - Cobre - 02 Rebose Hidrociclones L2,3.027,0.448,0.000,0.024,0.000,40.56,,
,25-Mar-24,12:28:00, 109.0 , 761.5 , 157.5 , 652.5 ,1711387549,C2CP - Cobre - 03 Relave Final,3.861,0.067,0.000,0.006,0.000,24.14,,
,25-Mar-24,12:34:00, 108.5 ," 1,020.0 ", 104.0 , 911.5 ,1711387800,C2CP - Cobre - 05 Cola Scavenger L2,23.751,0.220,0.000,0.011,0.000,11.41,,
,25-Mar-24,12:50:00, 111.0 , 817.0 , 106.0 , 706.0 ,1711388783,C2CP - Cobre - 07 Concentrado 1ra Limpieza L1,31.818,16.305,0.000,0.974,0.000,15.01,,
,25-Mar-24,12:42:00, 110.0 , 888.5 , 267.0 , 778.5 ,1711388480,C2CP - Cobre - 09 Concentrado Colectivo,31.141,21.608,0.000,1.068,0.000,34.30,,
,25-Mar-24,12:41:00, 109.5 , 919.5 , 269.5 , 810.0 ,1711388298,C2CP - Cobre - 10 Concentrado Primario L2,26.260,11.647,0.000,0.598,0.000,33.27,,
,25-Mar-24,12:46:00, 110.0 , 969.5 , 327.5 , 859.5 ,1711388661,C2CP - Cobre - 11 Concentrado Primario L1,29.383,10.903,0.000,0.639,0.000,38.10,,
,27-Mar-24,12:25:00, 110.5 , 915.0 , 327.5 , 804.5 ,1711560144,C2CP - Cobre - 01 Rebose Hidrociclones L1,2.578,0.616,0.006,0.022,0.000,40.71,,
,27-Mar-24,12:28:00, 110.0 , 906.0 , 301.5 , 796.0 ,1711560171,C2CP - Cobre - 02 Rebose Hidrociclones L2,2.563,0.596,0.006,0.026,0.000,37.88,,
,27-Mar-24,12:32:00, 109.0 , 824.5 , 165.5 , 715.5 ,1711560203,C2CP - Cobre - 03 Relave Final,1.683,0.065,0.000,0.004,0.000,23.13,,
,27-Mar-24,12:37:00, 108.5 ," 1,121.0 ", 130.0 ," 1,012.5 ",1711560214,C2CP - Cobre - 05 Cola Scavenger L2,18.786,0.139,0.000,0.008,0.000,12.84,,
,27-Mar-24,12:27:00, 111.0 , 823.5 , 111.5 , 712.5 ,1711560164,C2CP - Cobre - 07 Concentrado 1ra Limpieza L1,30.125,14.997,0.094,0.748,18.800,15.65,,
,27-Mar-24,12:31:00, 110.0 , 871.0 , 177.2 , 761.0 ,1711560177,C2CP - Cobre - 08 Concentrado 1ra Limpieza L2,30.000,16.553,0.103,0.747,17.060,23.29,,
,27-Mar-24,12:39:00, 110.0 , 885.0 , 218.5 , 775.0 ,1711560218,C2CP - Cobre - 09 Concentrado Colectivo,30.551,21.856,0.130,0.850,11.220,28.19,,
,27-Mar-24,12:34:00, 109.5 , 969.0 , 314.0 , 859.5 ,1711560209,C2CP - Cobre - 10 Concentrado Primario L2,28.368,12.788,0.081,0.469,23.340,36.53,,
,27-Mar-24,12:40:00, 110.0 , 991.0 , 352.5 , 881.0 ,1711560223,C2CP - Cobre - 11 Concentrado Primario L1,30.799,12.245,0.076,0.492,20.500,40.01,,
,29-Mar-24,12:00:00, 110.5 ," 1,107.0 ", 420.0 , 996.5 ,1711731555,C2CP - Cobre - 01 Rebose Hidrociclones L1,2.009,0.579,0.004,0.031,0.000,42.15,,
,29-Mar-24,12:25:00, 110.0 , 927.0 , 321.0 , 817.0 ,1711729346,C2CP - Cobre - 02 Rebose Hidrociclones L2,2.199,0.648,0.004,0.037,0.000,39.29,,
,29-Mar-24,12:05:00, 109.0 , 853.0 , 235.0 , 744.0 ,1711731593,C2CP - Cobre - 03 Relave Final,1.386,0.081,0.000,0.006,0.000,31.59,,
,29-Mar-24,12:16:00, 108.5 ," 1,072.0 ", 92.0 , 963.5 ,1711732465,C2CP - Cobre - 05 Cola Scavenger L2,23.117,0.204,0.000,0.009,0.000,9.55,,
,29-Mar-24,12:03:00, 111.0 , 808.0 , 92.5 , 697.0 ,1711731583,C2CP - Cobre - 07 Concentrado 1ra Limpieza L1,30.645,20.886,0.075,1.245,11.620,13.27,,
,29-Mar-24,12:07:00, 110.0 , 850.0 , 155.0 , 740.0 ,1711731603,C2CP - Cobre - 08 Concentrado 1ra Limpieza L2,29.858,21.923,0.077,1.323,11.020,20.95,,
,29-Mar-24,12:10:00, 110.0 , 785.5 , 53.0 , 675.5 ,1711731675,C2CP - Cobre - 09 Concentrado Colectivo,29.670,24.095,0.087,1.382,9.780,7.85,,
,29-Mar-24,12:19:00, 109.5 ," 1,016.0 ", 380.5 , 906.5 ,1711732535,C2CP - Cobre - 10 Concentrado Primario L2,31.760,11.554,0.042,0.693,18.860,41.97,,
,29-Mar-24,12:12:00, 110.0 , 961.5 , 331.5 , 851.5 ,1711731679,C2CP - Cobre - 11 Concentrado Primario L1,29.905,11.998,0.042,0.718,20.760,38.93,,
,01-Apr-24,18:03:00, 110.5 , 913.5 , 349.5 , 803.0 ,1712012045,C2CP - Cobre - 01 Rebose Hidrociclones L1,2.079,0.685,0.004,0.032,0.000,43.52,,
,01-Apr-24,17:57:00, 109.0 , 850.0 , 242.0 , 741.0 ,1712012040,C2CP - Cobre - 03 Relave Final,1.779,0.088,0.000,0.006,0.000,32.66,,
,01-Apr-24,18:14:00, 108.5 , 946.5 , 117.5 , 838.0 ,1712012790,C2CP - Cobre - 05 Cola Scavenger L2,9.859,0.085,0.000,0.008,0.000,14.02,,
,01-Apr-24,18:08:00, 111.0 , 816.0 , 99.5 , 705.0 ,1712012613,C2CP - Cobre - 07 Concentrado 1ra Limpieza L1,26.075,20.590,0.061,1.337,17.540,14.11,,
,01-Apr-24,18:12:00, 110.0 , 853.0 , 162.5 , 743.0 ,1712012614,C2CP - Cobre - 08 Concentrado 1ra Limpieza L2,26.447,21.730,0.062,1.211,15.960,21.87,,
,01-Apr-24,18:04:00, 110.0 , 878.0 , 237.0 , 768.0 ,1712012063,C2CP - Cobre - 09 Concentrado Colectivo,27.213,24.014,0.062,1.245,12.060,30.86,,
,01-Apr-24,18:06:00, 110.0 , 927.5 , 276.5 , 817.5 ,1712012065,C2CP - Cobre - 11 Concentrado Primario L1,19.142,11.709,0.036,0.613,39.020,33.82,,
,03-Apr-24,11:20, 108.0 , 715.0 , 245.0 , 607.0 ,1712161129,C2CP - Cobre - 01 Rebose Hidrociclones L1,2.418,0.929,0.006,0.039,0.000,40.36,,
,03-Apr-24,10:44, 111.0 , 782.0 , 127.5 , 671.0 ,1712158889,C2CP - Cobre - 03 Relave Final,1.470,0.111,0.000,0.007,0.000,19.00,,
,03-Apr-24,11:23, 108.5 ," 1,062.5 ", 66.5 , 954.0 ,1712161202,C2CP - Cobre - 05 Cola Scavenger L2,24.205,0.440,0.000,0.024,0.000,6.97,,
,03-Apr-24,11:25, 110.5 , 584.5 , 20.0 , 474.0 ,1712161254,C2CP - Cobre - 07 Concentrado 1ra Limpieza L1,21.689,8.435,0.036,2.768,34.900,4.22,,
,03-Apr-24,11:29, 110.0 , 850.5 , 176.0 , 740.5 ,1712161261,C2CP - Cobre - 08 Concentrado 1ra Limpieza L2,26.443,23.121,0.078,1.787,14.240,23.77,,
,03-Apr-24,11:32, 111.0 , 843.5 , 177.5 , 732.5 ,1712161265,C2CP - Cobre - 09 Concentrado Colectivo,27.296,27.487,0.086,1.488,8.280,24.23,,
,08-Apr-24,11:36, 108.0 , 901.0 , 331.5 , 793.0 ,1712593851,C2CP - Cobre - 01 Rebose Hidrociclones L1,"2,073",0.673,0,0.038,0,41.80,,
,08-Apr-24,11:31, 111.0 , 807.0 , 171.5 , 696.0 ,1712593837,C2CP - Cobre - 03 Relave Final,"1,623",0.091,0,0.009,0,24.64,,
,08-Apr-24,11:42, 108.5 ," 1,080.0 ", 106.5 , 971.5 ,1712593859,C2CP - Cobre - 05 Cola Scavenger L2,"14,341",0.263,0,0.024,0,10.96,,
,08-Apr-24,11:16, 110.5 , 819.5 , 113.0 , 709.0 ,1712592726,C2CP - Cobre - 07 Concentrado 1ra Limpieza L1,"30,284","25,127",0,"1,398",8.24,15.94,,
,08-Apr-24,11:21, 111.0 , 842.0 , 151.5 , 731.0 ,1712592751,C2CP - Cobre - 08 Concentrado 1ra Limpieza L2,"29,932","25,771",0,1.35,7.96,20.73,,
,08-Apr-24,11:23, 111.0 , 894.5 , 225.5 , 783.5 ,1712592754,C2CP - Cobre - 09 Concentrado Colectivo,"29,696","26,961",0,"1,312",7.52,28.78,,
,13-Apr-24,6:48, 111.0 , 890.5 , 321.5 , 779.5 ,1713095136,C2CP - Cobre - 02 Rebose Hidrociclones L2,"3,794",0.554,0.034,0.028,0,41.24,,
,13-Apr-24,6:50, 111.0 , 842.0 , 217.5 , 731.0 ,1713095139,C2CP - Cobre - 03 Relave Final,"2,988",0.089,0,0.008,0,29.75,,
,13-Apr-24,7:07, 110.5 , 821.5 , 110.0 , 711.0 ,1713096024,C2CP - Cobre - 07 Concentrado 1ra Limpieza L1,"28,113","26,713","1,686","1,674",8.12,15.47,,
,13-Apr-24,7:04, 111.0 , 815.0 , 123.5 , 704.0 ,1713095732,C2CP - Cobre - 08 Concentrado 1ra Limpieza L2,"28,184","26,415","1,807","1,916",8,17.54,,
,13-Apr-24,6:57, 111.0 , 853.5 , 192.5 , 742.5 ,1713095152,C2CP - Cobre - 09 Concentrado Colectivo,"28,782","28,943","1,884","1,338",5,25.93,,
,13-Apr-24,6:59, 110.0 , 934.0 , 307.5 , 824.0 ,1713095155,C2CP - Cobre - 10 Concentrado Primario L2,"30,008","11,746",0.623,0.64,21.98,37.32,,
,13-Apr-24,7:01, 110.5 , 974.0 , 370.0 , 863.5 ,1713095157,C2CP - Cobre - 11 Concentrado Primario L1,"30,671","13,976",0.752,0.7,18.24,42.85,,
,15-Apr-24,11:49, 111.0 , 865.5 , 314.0 , 754.5 ,1713199649,C2CP - Cobre - 02 Rebose Hidrociclones L2,"2,104",0.689,0.005,0.057,0,41.62,,
,15-Apr-24,11:28, 111.0 , 825.5 , 166.5 , 714.5 ,1713197894,C2CP - Cobre - 03 Relave Final,"2,503",0.172,0,0.017,0,23.30,,
,15-Apr-24,11:25, 110.5 , 824.0 , 125.0 , 713.5 ,1713197881,C2CP - Cobre - 07 Concentrado 1ra Limpieza L1,"27,737","18,139",0.115,"1,643",16.7,17.52,,
,15-Apr-24,11:31, 111.0 , 839.5 , 176.5 , 728.5 ,1713197898,C2CP - Cobre - 08 Concentrado 1ra Limpieza L2,"27,641","19,923",0.129,"1,579",16,24.23,,
,15-Apr-24,11:20, 111.0 , 853.0 , 223.0 , 742.0 ,1713197869,C2CP - Cobre - 09 Concentrado Colectivo,27.02,"21,906",0.122,"1,839",14.62,30.05,,
,15-Apr-24,11:27, 110.0 , 912.0 , 297.5 , 802.0 ,1713197890,C2CP - Cobre - 10 Concentrado Primario L2,"21,833","16,256",0.088,"1,308",31.16,37.09,,
,15-Apr-24,11:32, 110.5 , 915.0 , 300.5 , 804.5 ,1713198505,C2CP - Cobre - 11 Concentrado Primario L1,"21,528","15,661",0.076,"1,311",31.58,37.35,,
,17-Apr-24,11:22, 108.0 , 889.5 , 324.5 , 781.5 ,1713370826,C2CP - Cobre - 01 Rebose Hidrociclones L1,"2,639",0.748,0.004,0.037,0,41.52,,
,17-Apr-24,11:15, 111.0 , 843.0 , 214.0 , 732.0 ,1713370116,C2CP - Cobre - 02 Rebose Hidrociclones L2,"2,463",0.534,0.004,0.024,0,29.23,,
,17-Apr-24,11:18, 111.0 , 815.5 , 179.0 , 704.5 ,1713370119,C2CP - Cobre - 03 Relave Final,"1,795",0.06,0,0.005,0,25.41,,
,17-Apr-24,12:09, 108.5 ," 1,089.0 ", 112.0 , 980.5 ,1713373620,C2CP - Cobre - 05 Cola Scavenger L2,"18,311",0.222,0,0.009,0,11.42,,
,17-Apr-24,11:53, 110.5 , 829.0 , 106.5 , 718.5 ,1713372271,C2CP - Cobre - 07 Concentrado 1ra Limpieza L1,"29,177","18,436",0.065,"1,329",14.72,14.82,,
,17-Apr-24,11:57, 111.0 , 855.5 , 168.5 , 744.5 ,1713372274,C2CP - Cobre - 08 Concentrado 1ra Limpieza L2,"29,115","19,874",0.067,"1,341",13.7,22.63,,
,17-Apr-24,11:59, 111.0 , 851.5 , 210.5 , 740.5 ,1713372278,C2CP - Cobre - 09 Concentrado Colectivo,"28,691","23,194",0.071,"1,384",11.2,28.43,,
,17-Apr-24,12:05, 110.0 , 935.0 , 247.5 , 825.0 ,1713373422,C2CP - Cobre - 10 Concentrado Primario L2,25.99,"10,903",0.04,0.586,27.92,30.00,,
,19-Apr-24,11:45:00, 110.0 , 894.5 , 313.0 , 784.5 ,1713544985,C2CP - Cobre - 02 Rebose Hidrociclones L2,2.289,0.624,0.006,0.029,0.000,39.90,,
,19-Apr-24,23:48:00, 110.5 , 857.5 , 222.5 , 747.0 ,1713544988,C2CP - Cobre - 03 Relave Final,1.992,0.077,0.000,0.007,0.000,29.79,,
,19-Apr-24,12:05:00, 108.5 ," 1,111.5 ", 140.5 ," 1,003.0 ",1713545678,C2CP - Cobre - 04 Cola Scavenger L1,24.558,0.258,0.000,0.009,0.000,14.01,,
,19-Apr-24,12:03:00, 111.0 , 862.0 , 166.0 , 751.0 ,1713545029,C2CP - Cobre - 07 Concentrado 1ra Limpieza L1,31.059,16.850,0.110,1.156,12.120,22.10,,
,19-Apr-24,11:59:00, 110.0 , 859.0 , 163.5 , 749.0 ,1713545018,C2CP - Cobre - 08 Concentrado 1ra Limpieza L2,29.761,19.527,0.119,1.135,12.040,21.83,,
,19-Apr-24,12:10:00, 110.0 , 846.5 , 199.0 , 736.5 ,1713546548,C2CP - Cobre - 09 Concentrado Colectivo,29.390,23.392,0.137,1.110,9.620,27.02,,
,19-Apr-24,11:54:00, 109.5 , 946.5 , 324.5 , 837.0 ,1713545001,C2CP - Cobre - 10 Concentrado Primario L2,28.469,13.282,0.082,0.658,20.140,38.77,,
,19-Apr-24,11:57:00, 110.0 ," 1,006.5 ", 380.5 , 896.5 ,1713545004,C2CP - Cobre - 11 Concentrado Primario L1,29.568,11.498,0.076,0.634,20.080,42.44,,
,22-Apr-24,11:02:00, 108.0 , 891.0 , 315.5 , 783.0 ,1713801688,C2CP - Cobre - 01 Rebose Hidrociclones L1,2.519,0.610,0.007,0.030,0.000,40.29,,
,22-Apr-24,11:05:00, 110.0 , 877.0 , 313.0 , 767.0 ,1713801690,C2CP - Cobre - 02 Rebose Hidrociclones L2,2.329,0.579,0.006,0.028,0.000,40.81,,
,22-Apr-24,10:45:00, 111.0 , 769.0 , 74.5 , 658.0 ,1713800564,C2CP - Cobre - 03 Relave Final,1.828,0.180,0.000,0.010,0.000,11.32,,
,22-Apr-24,10:48:00, 110.5 ," 1,083.5 ", 104.0 , 973.0 ,1713800566,C2CP - Cobre - 04 Cola Scavenger L1,18.918,0.198,0.000,0.009,0.000,10.69,,
,22-Apr-24,10:50:00, 111.0 , 844.0 , 155.0 , 733.0 ,1713800569,C2CP - Cobre - 07 Concentrado 1ra Limpieza L1,28.368,23.591,0.184,1.241,10.700,21.15,,
,22-Apr-24,10:54:00, 111.0 , 834.5 , 157.0 , 723.5 ,1713800571,C2CP - Cobre - 08 Concentrado 1ra Limpieza L2,28.913,24.086,0.191,1.233,9.600,21.70,,
,22-Apr-24,10:57:00, 111.0 , 800.0 , 105.5 , 689.0 ,1713800573,C2CP - Cobre - 09 Concentrado Colectivo,28.770,26.862,0.226,1.047,7.340,15.31,,
,22-Apr-24,10:58:00, 109.0 , 889.0 , 245.0 , 780.0 ,1713800574,C2CP - Cobre - 10 Concentrado Primario L2,23.007,11.498,0.077,0.582,33.440,31.41,,
,22-Apr-24,11:01:00, 110.0 , 912.0 , 274.5 , 802.0 ,1713800577,C2CP - Cobre - 11 Concentrado Primario L1,26.035,11.894,0.084,0.629,26.200,34.23,,
,24-Apr-24,10:56 AM, 110.5 , 903.0 , 293.5 , 792.5 ,1713973897,C2CP - Cobre - 01 Rebose Hidrociclones L1,2.433,0.569,0.000,0.021,0.000,37.03,,
,24-Apr-24,10:58 AM, 111.0 , 894.5 , 290.0 , 783.5 ,1713973900,C2CP - Cobre - 02 Rebose Hidrociclones L2,2.173,0.473,0.000,0.018,0.000,37.01,,
,24-Apr-24,10:50 AM, 109.0 , 843.5 , 195.0 , 734.5 ,1713973631,C2CP - Cobre - 03 Relave Final,1.880,0.071,0.000,0.004,0.000,26.55,,
,24-Apr-24,10:53 AM, 108.5 ," 1,074.5 ", 70.0 , 966.0 ,1713973733,C2CP - Cobre - 04 Cola Scavenger L1,13.794,0.585,0.000,0.016,0.000,7.25,,
,24-Apr-24,11:07 AM, 110.5 , 849.5 , 119.0 , 739.0 ,1713974287,C2CP - Cobre - 07 Concentrado 1ra Limpieza L1,28.237,22.035,0.000,1.092,0.000,16.10,,
,24-Apr-24,11:04 AM, 110.0 , 861.5 , 163.0 , 751.5 ,1713974285,C2CP - Cobre - 08 Concentrado 1ra Limpieza L2,28.551,24.297,0.000,1.004,0.000,21.69,,
,24-Apr-24,11:00 AM, 110.0 , 855.5 , 193.0 , 745.5 ,1713974282,C2CP - Cobre - 09 Concentrado Colectivo,28.550,26.658,0.000,1.040,0.000,25.89,,
,24-Apr-24,11:09 AM, 109.5 , 966.0 , 349.0 , 856.5 ,1713974583,C2CP - Cobre - 10 Concentrado Primario L2,25.731,17.067,0.000,0.778,0.000,40.75,,
,24-Apr-24,11:11 AM, 109.5 , 955.5 , 359.5 , 846.0 ,1713974820,C2CP - Cobre - 11 Concentrado Primario L1,25.713,17.018,0.000,0.774,0.000,42.49,,
,26-Apr-24,11:12, 108.0 , 866.5 , 247.0 , 758.5 ,1714147781,C2CP - Cobre - 01 Rebose Hidrociclones L1,2.453,0.525,0.006,0.032,0.000,32.56,,
,26-Apr-24,11:18, 110.5 ," 1,100.0 "," 1,121.5 ", 989.5 ,1714147788,C2CP - Cobre - 04 Cola Scavenger L1,20.210,0.191,0.000,0.011,0.000,113.34,,
,26-Apr-24,11:24, 110.5 , 849.5 , 137.0 , 739.0 ,1714147790,C2CP - Cobre - 07 Concentrado 1ra Limpieza L1,29.911,19.674,0.000,1.459,12.640,18.54,,
,26-Apr-24,11:28, 111.0 , 856.5 , 148.5 , 745.5 ,1714147792,C2CP - Cobre - 08 Concentrado 1ra Limpieza L2,28.985,19.871,0.000,1.651,14.320,19.92,,
,26-Apr-24,11:30, 111.0 , 876.0 , 240.5 , 765.0 ,1714147794,C2CP - Cobre - 09 Concentrado Colectivo,29.048,24.199,0.000,1.646,9.720,31.44,,
,26-Apr-24,11:32, 109.0 ," 1,008.0 ", 380.0 , 899.0 ,1714147798,C2CP - Cobre - 10 Concentrado Primario L2,32.010,12.100,0.000,0.955,19.020,42.27,,
,26-Apr-24,11:35, 110.0 ," 1,003.0 ", 392.0 , 893.0 ,1714147800,C2CP - Cobre - 11 Concentrado Primario L1,30.342,12.985,0.000,0.959,19.640,43.90,,
,29-Apr-24,11:57, 108.0 , 895.0 , 333.5 , 787.0 ,1714409584,C2CP - Cobre - 01 Rebose Hidrociclones L1,1.810,0.548,0.003,0.026,0.000,42.38,,
,29-Apr-24,11:26, 110.0 , 887.0 , 310.0 , 777.0 ,1714407936,C2CP - Cobre - 02 Rebose Hidrociclones L2,1.852,0.593,0.003,0.029,0.000,39.90,,
,29-Apr-24,11:31, 110.5 ," 1,085.0 ", 98.0 , 974.5 ,1714407939,C2CP - Cobre - 04 Cola Scavenger L1,21.574,0.317,0.000,0.010,0.000,10.06,,
,29-Apr-24,11:37, 110.5 , 824.0 , 94.5 , 713.5 ,1714407943,C2CP - Cobre - 07 Concentrado 1ra Limpieza L1,27.256,23.961,0.084,1.272,10.380,13.24,,
,29-Apr-24,11:41, 111.0 , 849.5 , 178.5 , 738.5 ,1714407945,C2CP - Cobre - 08 Concentrado 1ra Limpieza L2,27.551,22.932,0.083,1.227,11.920,24.17,,
,29-Apr-24,11:43, 110.0 , 892.5 , 243.5 , 782.5 ,1714407947,C2CP - Cobre - 09 Concentrado Colectivo,27.417,22.981,0.000,1.288,12.480,31.12,,
,29-Apr-24,11:45, 109.0 , 940.0 , 295.0 , 831.0 ,1714407948,C2CP - Cobre - 10 Concentrado Primario L2,25.076,14.308,0.053,0.791,26.280,35.50,,
,29-Apr-24,11:48, 110.0 , 936.0 , 278.5 , 826.0 ,1714407950,C2CP - Cobre - 11 Concentrado Primario L1,23.382,12.936,0.050,0.712,31.920,33.72,,
,01-May-24,10:24, 111.0 , 893.5 , 315.5 , 782.5 ,1714576855,C2CP - Cobre - 02 Rebose Hidrociclones L2,3.294,0.483,0.034,0.029,0.000,40.32,,
,01-May-24,10:30, 110.5 ," 1,071.0 ", 97.0 , 960.5 ,1714576869,C2CP - Cobre - 04 Cola Scavenger L1,23.655,0.323,0.000,0.012,0.000,10.10,,
,01-May-24,10:26, 110.5 , 835.0 , 113.0 , 724.5 ,1714576860,C2CP - Cobre - 07 Concentrado 1ra Limpieza L1,29.446,19.698,0.632,1.684,12.960,15.60,,
,01-May-24,10:33, 111.0 , 851.0 , 104.5 , 740.0 ,1714576873,C2CP - Cobre - 08 Concentrado 1ra Limpieza L2,29.486,19.110,0.622,1.766,12.920,14.12,,
,01-May-24,10:35, 111.0 , 887.0 , 267.0 , 776.0 ,1714576880,C2CP - Cobre - 09 Concentrado Colectivo,29.679,24.059,0.739,1.623,7.980,34.41,,
,01-May-24,10:28, 109.0 , 947.5 , 301.0 , 838.5 ,1714576865,C2CP - Cobre - 10 Concentrado Primario L2,26.453,15.092,0.644,0.989,24.060,35.90,,
,03-May-24,11:13, 111.0 , 897.5 , 317.0 , 786.5 ,1714752037,C2CP - Cobre - 02 Rebose Hidrociclones L2,2.274,0.635,0.005,0.037,0.000,40.31,,
,03-May-24,11:19, 111.0 , 899.0 , 234.5 , 788.0 ,1714752936,C2CP - Cobre - 03 Relave Final,1.508,0.081,0.000,0.005,0.000,29.76,,
,03-May-24,11:07, 108.5 ," 1,126.0 ", 127.5 ," 1,017.5 ",1714752022,C2CP - Cobre - 04 Cola Scavenger L1,17.230,0.212,0.000,0.009,0.000,12.53,,
,03-May-24,11:17, 108.5 ," 1,105.0 ", 103.0 , 996.5 ,1714752791,C2CP - Cobre - 05 Cola Scavenger L2,15.780,0.220,0.000,0.007,0.000,10.34,,
,03-May-24,11:22, 110.5 , 901.5 , 71.0 , 791.0 ,1714753107,C2CP - Cobre - 07 Concentrado 1ra Limpieza L1,29.366,24.002,0.114,1.108,11.880,8.98,,
,03-May-24,11:26, 110.0 , 948.5 , 194.5 , 838.5 ,1714753108,C2CP - Cobre - 08 Concentrado 1ra Limpieza L2,30.100,19.969,0.108,1.262,14.280,23.20,,
,03-May-24,11:29, 111.0 , 894.5 , 248.5 , 783.5 ,1714753109,C2CP - Cobre - 09 Concentrado Colectivo,29.644,22.822,0.122,1.308,12.360,31.72,,
,03-May-24,11:30, 109.0 ," 1,000.0 ", 340.0 , 891.0 ,1714753111,C2CP - Cobre - 10 Concentrado Primario L2,28.570,11.903,0.060,0.874,24.040,38.16,,
,03-May-24,11:33, 110.0 , 983.5 , 307.5 , 873.5 ,1714753112,C2CP - Cobre - 11 Concentrado Primario L1,25.663,12.296,0.058,0.880,30.240,35.20,,
,06-May-24,11:42, 110.5 , 890.5 , 275.5 , 780.0 ,1715013579,C2CP - Cobre - 01 Rebose Hidrociclones L1,2.811,0.692,0.008,0.085,0.000,35.32,,
,06-May-24,11:16, 111.0 , 892.0 , 276.5 , 781.0 ,1715012092,C2CP - Cobre - 02 Rebose Hidrociclones L2,2.852,0.736,0.006,0.103,0.000,35.40,,
,06-May-24,11:34, 110.5 , 813.0 , 143.5 , 702.5 ,1715013102,C2CP - Cobre - 03 Relave Final,2.518,0.136,0.004,0.023,0.000,20.43,,
,06-May-24,11:22, 108.5 ," 1,138.0 ", 141.5 ," 1,029.5 ",1715012161,C2CP - Cobre - 04 Cola Scavenger L1,24.046,0.183,0.000,0.031,0.000,13.74,,
,06-May-24,11:24, 110.5 , 870.5 , 142.5 , 760.0 ,1715012374,C2CP - Cobre - 07 Concentrado 1ra Limpieza L1,27.898,20.816,0.056,3.500,15.840,18.75,,
,06-May-24,11:28, 111.0 , 874.5 , 173.5 , 763.5 ,1715012376,C2CP - Cobre - 08 Concentrado 1ra Limpieza L2,27.021,21.602,0.057,3.582,14.440,22.72,,
,06-May-24,11:31, 111.0 , 897.5 , 254.0 , 786.5 ,1715012380,C2CP - Cobre - 09 Concentrado Colectivo,26.946,23.909,0.052,3.400,12.980,32.29,,
,06-May-24,11:32, 109.5 , 976.5 , 309.0 , 867.0 ,1715012383,C2CP - Cobre - 11 Concentrado Primario L1,25.086,12.765,0.054,1.912,27.900,35.64,,
,08-May-24,11:01, 110.0 , 902.5 , 317.0 , 792.5 ,1715183987,C2CP - Cobre - 02 Rebose Hidrociclones L2,2.171,0.618,0.003,0.069,0.000,40.00,,
,08-May-24,10:58, 110.5 , 919.0 , 38.5 , 808.5 ,1715183779,C2CP - Cobre - 04 Cola Scavenger L1,14.328,0.237,0.000,0.056,0.000,4.76,,
,08-May-24,11:03, 110.5 , 861.0 , 168.5 , 750.5 ,1715183988,C2CP - Cobre - 07 Concentrado 1ra Limpieza L1,29.369,25.480,0.056,2.926,7.860,22.45,,
,08-May-24,11:07, 110.0 , 836.5 , 138.0 , 726.5 ,1715184176,C2CP - Cobre - 08 Concentrado 1ra Limpieza L2,28.929,25.873,0.054,3.031,7.700,19.00,,
,08-May-24,10:59, 110.0 , 828.0 , 136.0 , 718.0 ,1715183923,C2CP - Cobre - 09 Concentrado Colectivo,29.466,27.199,0.057,3.179,5.600,18.94,,
,15-May-24,10:42, 108.5 , 920.5 , 79.0 , 812.0 ,1715787576,C2CP - Cobre - 04 Cola Scavenger L1,19.308,0.192,0.000,0.020,0.000,9.73,,
,15-May-24,10:46, 108.5 ," 1,085.0 ", 99.0 , 976.5 ,1715787580,C2CP - Cobre - 05 Cola Scavenger L2,19.981,0.185,0.000,0.018,0.000,10.14,,
,15-May-24,10:51, 110.5 , 784.5 , 97.5 , 674.0 ,1715788021,C2CP - Cobre - 07 Concentrado 1ra Limpieza L1,25.966,19.204,0.000,2.000,0.000,14.47,,
,15-May-24,10:54, 110.0 , 810.0 , 165.5 , 700.0 ,1715788024,C2CP - Cobre - 08 Concentrado 1ra Limpieza L2,26.411,21.144,0.000,1.997,0.000,23.64,,
,15-May-24,10:57, 111.0 , 788.5 , 142.5 , 677.5 ,1715788027,C2CP - Cobre - 09 Concentrado Colectivo,30.176,24.225,0.000,1.948,0.000,21.03,,
,15-May-24,10:59, 109.0 , 911.5 , 278.0 , 802.5 ,1715788029,C2CP - Cobre - 10 Concentrado Primario L2,26.002,16.349,0.000,1.406,0.000,34.64,,
,15-May-24,11:01, 109.5 , 960.5 , 327.5 , 851.0 ,1715788033,C2CP - Cobre - 11 Concentrado Primario L1,27.419,14.754,0.000,1.347,0.000,38.48,,
,17-May-24,10:45, 110.0 , 877.0 , 302.0 , 767.0 ,1715960370,C2CP - Cobre - 02 Rebose Hidrociclones L2,2.147,0.604,0.004,0.040,0.000,39.37,,
,17-May-24,10:48, 110.5 ," 1,121.5 ", 137.0 ," 1,011.0 ",1715960373,C2CP - Cobre - 04 Cola Scavenger L1,22.648,0.140,0.000,0.012,0.000,13.55,,
,17-May-24,10:52, 108.5 ," 1,121.5 ", 134.0 ," 1,013.0 ",1715960376,C2CP - Cobre - 05 Cola Scavenger L2,21.318,0.132,0.000,0.012,0.000,13.23,,
,17-May-24,10:54, 110.5 , 805.0 , 112.0 , 694.5 ,1715960380,C2CP - Cobre - 07 Concentrado 1ra Limpieza L1,30.700,19.104,0.084,1.502,12.940,16.13,,
,17-May-24,10:58, 110.0 , 809.5 , 162.0 , 699.5 ,1715960387,C2CP - Cobre - 08 Concentrado 1ra Limpieza L2,30.283,20.895,0.087,1.495,11.560,23.16,,
,17-May-24,11:01, 110.0 , 826.0 , 173.0 , 716.0 ,1715960390,C2CP - Cobre - 09 Concentrado Colectivo,30.054,23.880,0.092,1.601,9.500,24.16,,
,17-May-24,11:02, 109.5 , 897.0 , 239.0 , 787.5 ,1715960394,C2CP - Cobre - 10 Concentrado Primario L2,21.046,11.144,0.051,0.735,37.700,30.35,,
,17-May-24,11:05, 110.0 , 968.0 , 313.0 , 858.0 ,1715960396,C2CP - Cobre - 11 Concentrado Primario L1,30.058,12.438,0.057,0.843,20.900,36.48,,
,20-May-24,11:05, 108.0 , 882.5 , 324.5 , 774.5 ,,C2CP - Cobre - 01 Rebose Hidrociclones L1,1.591,0.605,0.004,0.040,0.000,41.90,,
,20-May-24,11:36, 111.0 , 876.5 , 319.5 , 765.5 ,,C2CP - Cobre - 02 Rebose Hidrociclones L2,1.628,0.627,0.005,0.041,0.000,41.74,,
,20-May-24,11:10, 108.5 ," 1,102.5 ", 142.5 , 994.0 ,,C2CP - Cobre - 04 Cola Scavenger L1,14.109,0.150,0.000,0.015,0.000,14.34,,
,20-May-24,11:14, 108.5 ," 1,109.5 ", 131.5 ," 1,001.0 ",,C2CP - Cobre - 05 Cola Scavenger L2,12.485,0.143,0.000,0.013,0.000,13.14,,
,20-May-24,11:17, 110.5 , 788.0 , 94.5 , 677.5 ,,C2CP - Cobre - 07 Concentrado 1ra Limpieza L1,29.019,18.905,0.087,1.611,15.400,13.95,,
,20-May-24,11:20, 110.0 , 810.0 , 165.5 , 700.0 ,,C2CP - Cobre - 08 Concentrado 1ra Limpieza L2,30.149,21.393,0.093,1.479,12.180,23.64,,
,20-May-24,11:23, 111.0 , 880.0 , 235.5 , 769.0 ,,C2CP - Cobre - 09 Concentrado Colectivo,29.722,22.885,0.098,1.638,11.100,30.62,,
,20-May-24,11:44, 109.0 , 926.0 , 269.5 , 817.0 ,,C2CP - Cobre - 10 Concentrado Primario L2,22.582,15.423,0.061,0.970,30.640,32.99,,
,20-May-24,11:47, 109.5 , 925.0 , 282.0 , 815.5 ,,C2CP - Cobre - 11 Concentrado Primario L1,22.932,14.030,0.058,0.989,31.000,34.58,,
,22-May-24,15:48:00, 108.0 , 848.5 , 238.5 , 740.5 ,1716410804,C2CP - Cobre - 01 Rebose Hidrociclones L1,1.811,0.516,0.004,0.037,86.870,32.21,,
,22-May-24,15:15:00, 111.0 , 904.5 , 330.0 , 793.5 ,1716408797,C2CP - Cobre - 02 Rebose Hidrociclones L2,2.079,0.669,0.004,0.038,85.740,41.59,,
,22-May-24,15:17:00, 109.0 , 774.0 , 142.0 , 665.0 ,1716408800,C2CP - Cobre - 03 Relave Final,1.177,0.047,0.002,0.006,87.410,21.35,,
,22-May-24,15:21:00, 108.5 ," 1,098.0 ", 123.5 , 989.5 ,1716408804,C2CP - Cobre - 04 Cola Scavenger L1,16.245,0.166,0.000,0.012,55.600,12.48,,
,22-May-24,15:23:00, 110.5 , 801.5 , 103.5 , 691.0 ,1716408808,C2CP - Cobre - 07 Concentrado 1ra Limpieza L1,27.708,20.975,0.085,1.354,0.000,14.98,,
,22-May-24,15:27:00, 110.0 , 822.0 , 166.0 , 712.0 ,1716408810,C2CP - Cobre - 08 Concentrado 1ra Limpieza L2,27.233,23.372,0.092,1.330,0.000,23.31,,
,22-May-24,15:30:00, 110.0 , 889.0 , 250.0 , 779.0 ,1716408812,C2CP - Cobre - 09 Concentrado Colectivo,27.114,24.371,0.092,1.314,0.000,32.09,,
,22-May-24,15:31:00, 109.0 , 979.5 , 330.0 , 870.5 ,1716408814,C2CP - Cobre - 10 Concentrado Primario L2,25.367,15.182,0.057,0.957,0.000,37.91,,
,22-May-24,15:34:00, 109.5 , 969.5 , 336.5 , 860.0 ,1716408816,C2CP - Cobre - 11 Concentrado Primario L1,23.624,15.981,0.059,0.976,0.000,39.13,,
,24-May-24,11:50:00, 110.0 , 850.5 , 262.5 , 740.5 ,1716569267,C2CP - Cobre - 02 Rebose Hidrociclones L2,4.084,0.633,0.019,0.015,0.000,35.45,,
,24-May-24,11:31:00, 111.0 , 818.5 , 168.0 , 707.5 ,1716568089,C2CP - Cobre - 03 Relave Final,2.587,0.090,0.008,0.005,0.000,23.75,,
,24-May-24,11:34:00, 110.5 ," 1,085.5 ", 88.0 , 975.0 ,1716568091,C2CP - Cobre - 04 Cola Scavenger L1,10.962,0.288,0.000,0.020,0.000,9.03,,
,24-May-24,11:38:00, 108.5 ," 1,084.5 ", 95.5 , 976.0 ,1716568093,C2CP - Cobre - 05 Cola Scavenger L2,10.040,0.270,0.000,0.017,0.000,9.78,,
,24-May-24,11:40:00, 111.0 , 621.0 , 62.5 , 510.0 ,1716568095,C2CP - Cobre - 07 Concentrado 1ra Limpieza L1,26.923,27.367,0.572,0.583,6.500,12.25,,
,24-May-24,11:44:00, 110.0 , 829.0 , 163.5 , 719.0 ,1716568097,C2CP - Cobre - 08 Concentrado 1ra Limpieza L2,26.988,27.567,0.589,0.665,6.300,22.74,,
,24-May-24,11:47:00, 110.0 , 858.5 , 194.0 , 748.5 ,1716568098,C2CP - Cobre - 09 Concentrado Colectivo,26.673,29.964,0.609,0.582,4.500,25.92,,
,24-May-24,10:54, 110.0 , 958.0 , 315.0 , 848.0 ,1716568100,C2CP - Cobre - 11 Concentrado Primario L1,25.973,14.982,0.360,0.353,20.500,37.15,,
,25-May-24,11:02:00, 110.0 , 887.5 , 303.5 , 777.5 ,1716825665,C2CP - Cobre - 02 Rebose Hidrociclones L2,2.942,0.651,0.013,0.018,0.000,39.04,,
,27-May-24,10:38:00, 111.0 , 784.5 , 119.5 , 673.5 ,1716824227,C2CP - Cobre - 03 Relave Final,2.023,0.189,0.000,0.007,0.000,17.74,,
,27-May-24,10:42:00, 110.5 ," 1,112.0 ", 130.5 ," 1,001.5 ",1716824231,C2CP - Cobre - 04 Cola Scavenger L1,9.073,0.130,0.000,0.006,0.000,13.03,,
,27-May-24,10:44:00, 111.0 , 809.0 , 122.5 , 698.0 ,1716824233,C2CP - Cobre - 07 Concentrado 1ra Limpieza L1,29.782,18.932,0.000,0.596,14.640,17.55,,
,27-May-24,22:50:00, 110.0 , 807.5 , 159.0 , 697.5 ,1716824709,C2CP - Cobre - 08 Concentrado 1ra Limpieza L2,29.648,19.725,0.000,0.659,13.540,22.80,,
,27-May-24,22:47:00, 110.0 , 861.5 , 190.0 , 751.5 ,1716824693,C2CP - Cobre - 09 Concentrado Colectivo,29.625,22.599,0.000,0.697,10.700,25.28,,
,27-May-24,11:48:00, 110.0 , 940.0 , 289.0 , 830.0 ,1716825054,C2CP - Cobre - 11 Concentrado Primario L1,25.056,17.346,0.000,0.563,25.440,34.82,,
,29-May-24,10:36:00, 111.0 , 912.0 , 312.5 , 801.0 ,1716996082,C2CP - Cobre - 02 Rebose Hidrociclones L2,2.638,0.824,0.000,0.023,0.000,39.01,,
,29-May-24,10:38:00, 109.0 , 803.5 , 130.5 , 694.5 ,1716996084,C2CP - Cobre - 03 Relave Final,1.646,0.075,0.000,0.005,0.000,18.79,,
,29-May-24,10:42:00, 108.5 ," 1,126.5 ", 129.5 ," 1,018.0 ",1716996087,C2CP - Cobre - 04 Cola Scavenger L1,11.426,0.282,0.000,0.013,0.000,12.72,,
,29-May-24,10:57:00, 108.5 ," 1,120.0 ", 146.5 ," 1,011.5 ",1716998030,C2CP - Cobre - 05 Cola Scavenger L2,11.954,0.286,0.000,0.013,0.000,14.48,,
,29-May-24,10:27:00, 110.5 , 799.5 , 107.0 , 689.0 ,1716996006,C2CP - Cobre - 07 Concentrado 1ra Limpieza L1,30.239,23.338,0.000,0.786,11.980,15.53,,
,29-May-24,10:24:00, 110.0 , 789.0 , 148.5 , 679.0 ,1716995976,C2CP - Cobre - 08 Concentrado 1ra Limpieza L2,31.255,24.232,0.000,0.758,10.760,21.87,,
,29-May-24,10:47:00, 111.0 , 883.0 , 222.5 , 772.0 ,1716997486,C2CP - Cobre - 09 Concentrado Colectivo,30.252,25.622,0.000,0.736,9.900,28.82,,
,29-May-24,10:29:00, 109.0 , 995.0 , 345.0 , 886.0 ,1716996016,C2CP - Cobre - 10 Concentrado Primario L2,28.469,17.379,0.000,0.535,23.060,38.94,,
,29-May-24,10:32:00, 109.5 ," 1,033.0 ", 398.5 , 923.5 ,1716996019,C2CP - Cobre - 11 Concentrado Primario L1,27.700,16.684,0.000,0.507,23.860,43.15,,
,30-May-24,10:46:00, 110.5 , 822.0 , 132.5 , 711.5 ,1717083827,C2CP - Cobre - 03 Relave Final,1.201,0.095,0.003,0.005,0.000,18.62,,
,31-May-24,10:35:00, 110.5 , 936.5 , 345.5 , 826.0 ,1717168604,C2CP - Cobre - 01 Rebose Hidrociclones L1,2.494,0.703,0.007,0.027,0.000,41.83,,
,31-May-24,11:41:00, 110.0 , 923.0 , 340.0 , 813.0 ,1717168683,C2CP - Cobre - 02 Rebose Hidrociclones L2,2.275,0.660,0.006,0.024,0.000,41.82,,
,31-May-24,10:18:00, 111.0 , 916.0 , 198.0 , 805.0 ,1717168570,C2CP - Cobre - 03 Relave Final,1.848,0.156,0.000,0.007,0.000,24.60,,
,31-May-24,10:31:00, 110.5 ," 1,215.0 ", 161.0 ," 1,104.5 ",1717168593,C2CP - Cobre - 04 Cola Scavenger L1,18.501,0.214,0.000,0.010,0.000,14.58,,
,31-May-24,10:39:00, 108.5 , 999.0 , 108.5 , 890.5 ,1717168620,C2CP - Cobre - 05 Cola Scavenger L2,16.448,0.215,0.000,0.008,0.000,12.18,,
,31-May-24,10:24:00, 111.0 , 907.0 , 162.0 , 796.0 ,1717168572,C2CP - Cobre - 07 Concentrado 1ra Limpieza L1,29.675,18.472,0.121,1.017,18.020,20.35,,
,31-May-24,10:21:00, 110.0 , 959.5 , 153.5 , 849.5 ,1717168571,C2CP - Cobre - 08 Concentrado 1ra Limpieza L2,29.308,21.352,0.136,1.009,15.200,18.07,,
,31-May-24,10:32:00, 110.0 , 749.5 , 196.0 , 639.5 ,1717168598,C2CP - Cobre - 09 Concentrado Colectivo,27.780,23.184,0.000,1.060,12.540,30.65,,
,31-May-24,10:34:00, 109.5 ," 1,016.0 ", 343.0 , 906.5 ,1717168616,C2CP - Cobre - 10 Concentrado Primario L2,24.277,17.214,0.052,0.693,26.080,37.84,,
,31-May-24,10:26:00, 110.0 , 992.0 , 340.5 , 882.0 ,1717168575,C2CP - Cobre - 11 Concentrado Primario L1,28.362,26.069,0.065,0.062,10.760,38.61,,
,03-Jun-24,10:38, 110.0 , 813.5 , 158.0 , 703.5 ,1717428637,C2CP - Cobre - 03 Relave Final,0.900,0.083,0.000,0.007,0.000,22.46,,
,03-Jun-24,10:41, 110.5 ," 1,101.5 ", 97.0 , 991.0 ,1717428638,C2CP - Cobre - 04 Cola Scavenger L1,19.802,0.614,0.000,0.012,0.000,9.79,,
,03-Jun-24,10:54, 108.5 ," 1,101.5 ", 100.0 , 993.0 ,1717429684,C2CP - Cobre - 05 Cola Scavenger L2,18.893,0.685,0.000,0.016,0.000,10.07,,
,03-Jun-24,10:47, 111.0 , 819.0 , 123.5 , 708.0 ,1717428645,C2CP - Cobre - 07 Concentrado 1ra Limpieza L1,30.178,23.009,0.000,1.490,11.100,17.44,,
,03-Jun-24,10:50, 110.0 , 923.5 , 284.5 , 813.5 ,1717428648,C2CP - Cobre - 09 Concentrado Colectivo,29.572,26.663,0.000,1.471,9.240,34.97,,
,03-Jun-24,10:52, 109.5 , 972.5 , 338.0 , 863.0 ,1717428650,C2CP - Cobre - 10 Concentrado Primario L2,24.928,19.750,0.000,1.004,24.980,39.17,,
,03-Jun-24,10:32, 110.0 , 967.0 , 320.0 , 857.0 ,1717428595,C2CP - Cobre - 11 Concentrado Primario L1,24.106,18.763,0.000,0.983,26.340,37.34,,
,05-Jun-24,10:13, 110.5 , 894.0 , 289.0 , 783.5 ,1717600061,C2CP - Cobre - 01 Rebose Hidrociclones L1,1.775,0.859,0.004,0.034,0.000,36.89,,
,05-Jun-24,10:11, 110.0 , 904.0 , 307.0 , 794.0 ,1717599788,C2CP - Cobre - 02 Rebose Hidrociclones L2,1.807,0.775,0.004,0.033,0.000,38.66,,
,05-Jun-24,10:05, 109.0 , 809.0 , 151.5 , 700.0 ,1717599668,C2CP - Cobre - 03 Relave Final,1.378,0.070,0.000,0.004,0.000,21.64,,
,05-Jun-24,10:08, 110.5 ," 1,105.0 ", 124.0 , 994.5 ,1717599672,C2CP - Cobre - 04 Cola Scavenger L1,10.341,0.263,0.000,0.013,0.000,12.47,,
,05-Jun-24,10:17, 108.5 ," 1,131.0 ", 139.0 ," 1,022.5 ",1717600158,C2CP - Cobre - 05 Cola Scavenger L2,10.093,0.249,0.000,0.012,0.000,13.59,,
,05-Jun-24,10:30, 111.0 , 817.0 , 120.5 , 706.0 ,1717600620,C2CP - Cobre - 07 Concentrado 1ra Limpieza L1,27.264,23.293,0.109,1.060,11.120,17.07,,
,05-Jun-24,10:21, 110.0 , 795.0 , 116.5 , 685.0 ,1717600596,C2CP - Cobre - 08 Concentrado 1ra Limpieza L2,26.407,23.987,0.105,0.998,11.960,17.01,,
,05-Jun-24,10:24, 110.0 , 909.5 , 256.5 , 799.5 ,1717600601,C2CP - Cobre - 09 Concentrado Colectivo,26.532,25.276,0.110,1.090,10.540,32.08,,
,05-Jun-24,10:25, 109.5 , 941.0 , 276.0 , 831.5 ,1717600604,C2CP - Cobre - 10 Concentrado Primario L2,20.855,16.355,0.082,0.699,30.920,33.19,,
,05-Jun-24,10:28, 110.0 , 944.5 , 285.0 , 834.5 ,1717600606,C2CP - Cobre - 11 Concentrado Primario L1,20.477,16.454,0.081,0.676,32.240,34.15,,
,10-Jun-24,12:23, 110.5 , 926.0 , 325.0 , 815.5 ,1718038783,C2CP - Cobre - 01 Rebose Hidrociclones L1,2.363,0.518,0.000,0.028,0.000,39.85,,
,10-Jun-24,12:25, 110.0 , 921.5 , 318.5 , 811.5 ,1718039947,C2CP - Cobre - 02 Rebose Hidrociclones L2,2.379,0.507,0.000,0.023,0.000,39.25,,
,10-Jun-24,12:01, 109.0 , 902.0 , 266.5 , 793.0 ,1718038545,C2CP - Cobre - 03 Relave Final,1.646,0.062,0.000,0.006,0.000,33.61,,
,10-Jun-24,12:04, 110.5 ," 1,114.5 ", 92.5 ," 1,004.0 ",1718038546,C2CP - Cobre - 04 Cola Scavenger L1,11.576,0.481,0.000,0.010,0.000,9.21,,
,10-Jun-24,12:09, 108.5 ," 1,096.5 ", 91.0 , 988.0 ,1718038548,C2CP - Cobre - 05 Cola Scavenger L2,11.326,0.481,0.000,0.010,0.000,9.21,,
,10-Jun-24,12:11, 111.0 , 836.5 , 123.5 , 725.5 ,1718038551,C2CP - Cobre - 07 Concentrado 1ra Limpieza L1,31.828,21.113,0.000,1.125,0.000,17.02,,
,10-Jun-24,12:15, 110.0 , 874.5 , 179.5 , 764.5 ,1718038553,C2CP - Cobre - 08 Concentrado 1ra Limpieza L2,31.779,20.270,0.000,1.219,0.000,23.48,,
,10-Jun-24,12:17, 110.0 , 918.5 , 278.0 , 808.5 ,1718038554,C2CP - Cobre - 09 Concentrado Colectivo,31.061,24.086,0.000,1.340,0.000,34.38,,
,10-Jun-24,12:19, 109.5 ," 1,011.0 ", 358.5 , 901.5 ,1718038556,C2CP - Cobre - 10 Concentrado Primario L2,26.677,19.031,0.000,0.982,0.000,39.77,,
,10-Jun-24,12:21, 110.0 ," 1,045.0 ", 379.5 , 935.0 ,1718038558,C2CP - Cobre - 11 Concentrado Primario L1,27.220,17.544,0.000,0.946,0.000,40.59,,
,12-Jun-24,10:26, 108.0 , 837.0 , 169.0 , 729.0 ,1718205772,C2CP - Cobre - 01 Rebose Hidrociclones L1,1.939,0.522,0.000,0.026,0.000,23.18,,
,12-Jun-24,10:31, 111.0 , 858.5 , 206.5 , 747.5 ,1718205776,C2CP - Cobre - 03 Relave Final,1.852,0.069,0.000,0.006,0.000,27.63,,
,12-Jun-24,10:35, 108.5 ," 1,081.0 ", 73.5 , 972.5 ,1718205778,C2CP - Cobre - 04 Cola Scavenger L1,10.940,0.504,0.000,0.010,0.000,7.56,,
,12-Jun-24,10:38, 110.0 ," 1,037.0 ", 35.0 , 927.0 ,1718205780,C2CP - Cobre - 05 Cola Scavenger L2,10.606,0.524,0.000,0.012,0.000,3.78,,
,12-Jun-24,10:41, 110.5 , 791.0 , 100.0 , 680.5 ,1718205782,C2CP - Cobre - 07 Concentrado 1ra Limpieza L1,30.932,23.491,0.000,1.230,0.000,14.70,,
,12-Jun-24,10:44, 110.0 , 839.0 , 180.5 , 729.0 ,1718205783,C2CP - Cobre - 08 Concentrado 1ra Limpieza L2,31.282,22.302,0.000,1.300,0.000,24.76,,
,12-Jun-24,10:47, 111.0 , 900.0 , 259.0 , 789.0 ,1718205799,C2CP - Cobre - 09 Concentrado Colectivo,30.745,24.483,0.000,1.377,0.000,32.83,,
,12-Jun-24,10:49, 109.0 , 981.0 , 352.0 , 872.0 ,1718205801,C2CP - Cobre - 10 Concentrado Primario L2,25.938,18.486,0.000,1.033,0.000,40.37,,
,12-Jun-24,10:51, 110.5 ," 1,034.0 ", 390.5 , 923.5 ,1718205804,C2CP - Cobre - 11 Concentrado Primario L1,26.689,16.850,0.000,0.987,0.000,42.28,,
,17-Jun-24,11:55, 108.0 , 914.0 , 317.0 , 806.0 ,1718643239,C2CP - Cobre - 01 Rebose Hidrociclones L1,2.013,0.504,0.005,0.015,0.000,39.33,,
,17-Jun-24,11:59, 111.0 , 914.0 , 322.5 , 803.0 ,1718643263,C2CP - Cobre - 02 Rebose Hidrociclones L2,2.295,0.530,0.006,0.014,0.000,40.16,,
,17-Jun-24,12:01, 111.0 , 821.0 , 159.0 , 710.0 ,1718643270,C2CP - Cobre - 03 Relave Final,1.824,0.051,0.000,0.003,0.000,22.39,,
,17-Jun-24,12:05, 108.5 ," 1,073.0 ", 88.0 , 964.5 ,1718643279,C2CP - Cobre - 04 Cola Scavenger L1,9.625,0.256,0.000,0.007,0.000,9.12,,
,17-Jun-24,12:09, 110.0 ," 1,083.0 ", 83.5 , 973.0 ,1718643288,C2CP - Cobre - 05 Cola Scavenger L2,9.624,0.247,0.000,0.018,0.000,8.58,,
,17-Jun-24,12:07, 110.5 , 805.0 , 71.0 , 694.5 ,1718643282,C2CP - Cobre - 07 Concentrado 1ra Limpieza L1,30.505,23.293,0.122,0.695,7.960,10.22,,
,17-Jun-24,12:12, 110.0 , 833.5 , 152.5 , 723.5 ,1718643292,C2CP - Cobre - 08 Concentrado 1ra Limpieza L2,30.694,21.608,0.116,0.767,9.260,21.08,,
,17-Jun-24,12:15, 111.0 , 672.5 , 158.5 , 561.5 ,1718643296,C2CP - Cobre - 09 Concentrado Colectivo,29.767,25.276,0.000,0.838,6.760,28.23,,
,17-Jun-24,11:57, 109.0 , 960.0 , 258.5 , 851.0 ,1718643259,C2CP - Cobre - 10 Concentrado Primario L2,24.584,14.868,0.077,0.485,26.720,30.38,,
,17-Jun-24,4:43, 110.5 , 942.0 , 195.0 , 831.5 ,1718660439,C2CP - Cobre - 11 Concentrado Primario L1,22.493,14.372,0.071,0.510,30.720,23.45,,
,21-Jun-24,10:52:00, 108.0 , 898.0 , 304.5 , 790.0 ,1718984445,C2CP - Cobre - 01 Rebose Hidrociclones L1,2.723,0.377,0.010,0.013,0.000,38.54,,
,21-Jun-24,10:54:00, 111.0 , 888.0 , 294.0 , 777.0 ,1718984897,C2CP - Cobre - 02 Rebose Hidrociclones L2,2.876,0.462,0.011,0.014,0.000,37.84,,
,21-Jun-24,10:42:00, 111.0 , 834.2 , 196.0 , 723.2 ,1718984431,C2CP - Cobre - 03 Relave Final,2.999,0.078,0.000,0.005,0.000,27.10,,
,21-Jun-24,10:46:00, 108.5 ," 1,100.6 ", 123.0 , 992.1 ,1718984436,C2CP - Cobre - 04 Cola Scavenger L1,11.006,0.283,0.000,0.007,0.000,12.40,,
,21-Jun-24,10:49:00, 110.0 ," 1,111.6 ", 121.5 ," 1,001.6 ",1718984440,C2CP - Cobre - 05 Cola Scavenger L2,10.926,0.261,0.000,0.006,0.000,12.13,,
,21-Jun-24,10:57:00, 110.5 , 815.2 , 102.0 , 704.7 ,1718984903,C2CP - Cobre - 07 Concentrado 1ra Limpieza L1,31.037,21.113,0.227,0.881,8.900,14.47,,
,21-Jun-24,11:00:00, 110.0 , 832.5 , 159.5 , 722.5 ,1718984909,C2CP - Cobre - 08 Concentrado 1ra Limpieza L2,29.969,20.914,0.227,0.832,11.680,22.08,,
,21-Jun-24,11:03:00, 111.0 , 650.4 , 100.0 , 539.4 ,1718984913,C2CP - Cobre - 09 Concentrado Colectivo,29.673,24.185,0.260,1.094,7.340,18.54,,
,21-Jun-24,11:05:00, 109.0 , 945.5 , 269.0 , 836.5 ,1718984916,C2CP - Cobre - 10 Concentrado Primario L2,25.328,16.157,0.206,0.642,24.220,32.16,,
,21-Jun-24,11:07:00, 110.5 , 949.8 , 302.5 , 839.3 ,1718984919,C2CP - Cobre - 11 Concentrado Primario L1,26.141,17.842,0.212,0.647,21.220,36.04,,
,24-Jun-24,16:32:00, 110.5 , 897.0 , 289.5 , 786.5 ,1719264625,C2CP - Cobre - 01 Rebose Hidrociclones L1,2.047,0.916,0.007,0.108,0.000,36.81,,
,24-Jun-24,16:30:00, 111.0 , 895.5 , 311.0 , 784.5 ,1719264309,C2CP - Cobre - 02 Rebose Hidrociclones L2,2.281,0.845,0.007,0.119,0.000,39.64,,
,24-Jun-24,11:12:00, 111.0 , 874.0 , 216.0 , 763.0 ,1719245277,C2CP - Cobre - 03 Relave Final,2.075,0.113,0.005,0.014,0.000,28.31,,
,24-Jun-24,11:15:00, 108.5 ," 1,089.5 ", 85.0 , 981.0 ,1719245279,C2CP - Cobre - 04 Cola Scavenger L1,11.107,0.422,0.000,0.023,0.000,8.66,,
,24-Jun-24,11:19:00, 108.5 ," 1,095.5 ", 97.0 , 987.0 ,1719245282,C2CP - Cobre - 05 Cola Scavenger L2,10.550,0.357,0.000,0.019,0.000,9.83,,
,24-Jun-24,11:21:00, 110.5 , 845.0 , 134.5 , 734.5 ,1719245285,C2CP - Cobre - 07 Concentrado 1ra Limpieza L1,26.180,22.302,0.128,2.451,15.200,18.31,,
,24-Jun-24,11:25:00, 110.0 , 866.0 , 184.0 , 756.0 ,1719245287,C2CP - Cobre - 08 Concentrado 1ra Limpieza L2,23.767,19.130,0.112,2.089,22.680,24.34,,
,24-Jun-24,11:28:00, 110.0 , 886.5 , 200.5 , 776.5 ,1719245289,C2CP - Cobre - 09 Concentrado Colectivo,27.579,26.961,0.156,2.476,8.800,25.82,,
,24-Jun-24,11:30:00, 109.0 , 975.0 , 330.0 , 866.0 ,1719245291,C2CP - Cobre - 10 Concentrado Primario L2,23.532,22.451,0.146,2.224,20.040,38.11,,
,24-Jun-24,11:32:00, 110.0 , 874.5 , 151.5 , 764.5 ,1719245294,C2CP - Cobre - 11 Concentrado Primario L1,22.559,5.253,0.042,0.746,40.420,19.82,,
,26-Jun-24,16:22:00, 108.0 , 894.5 , 286.0 , 786.5 ,1719436844,C2CP - Cobre - 01 Rebose Hidrociclones L1,2.113,1.222,0.008,0.077,0.000,36.36,,
,26-Jun-24,16:00:00, 110.0 , 895.5 , 303.5 , 785.5 ,1719435290,C2CP - Cobre - 02 Rebose Hidrociclones L2,2.505,1.125,0.009,0.073,0.000,38.64,,
,26-Jun-24,15:25:00, 109.0 , 800.5 , 135.5 , 691.5 ,1719433246,C2CP - Cobre - 03 Relave Final,1.679,0.133,0.003,0.016,0.000,19.60,,
,26-Jun-24,15:28:00, 110.5 ," 1,091.5 ", 100.5 , 981.0 ,1719433248,C2CP - Cobre - 04 Cola Scavenger L1,6.723,0.228,0.000,0.022,0.000,10.24,,
,26-Jun-24,15:31:00, 108.5 ," 1,066.5 ", 71.0 , 958.0 ,1719433250,C2CP - Cobre - 05 Cola Scavenger L2,6.385,0.212,0.000,0.020,0.000,7.41,,
,26-Jun-24,15:34:00, 111.0 , 825.5 , 122.0 , 714.5 ,1719433251,C2CP - Cobre - 07 Concentrado 1ra Limpieza L1,26.138,24.934,0.165,1.773,13.880,17.07,,
,26-Jun-24,15:38:00, 110.0 , 841.5 , 172.0 , 731.5 ,1719433253,C2CP - Cobre - 08 Concentrado 1ra Limpieza L2,25.792,25.083,0.155,1.858,18.700,23.51,,
,26-Jun-24,15:40:00, 110.0 , 857.0 , 184.5 , 747.0 ,1719433254,C2CP - Cobre - 09 Concentrado Colectivo,27.019,28.045,0.172,1.939,9.500,24.70,,
,26-Jun-24,15:42:00, 109.5 , 934.5 , 281.5 , 825.0 ,1719433256,C2CP - Cobre - 10 Concentrado Primario L2,19.907,18.318,0.109,1.157,31.920,34.12,,
,26-Jun-24,15:54:00, 110.5 , 964.5 , 314.0 , 854.0 ,1719435173,C2CP - Cobre - 11 Concentrado Primario L1,20.084,17.183,0.103,1.107,33.060,36.77,,
,28-Jun-24,12:11:00, 110.5 , 906.5 , 305.0 , 796.0 ,1719594577,C2CP - Cobre - 01 Rebose Hidrociclones L1,3.611,0.825,0.000,0.057,0.000,38.32,,
,28-Jun-24,23:43:00, 111.0 , 906.5 , 312.0 , 795.5 ,1719592751,C2CP - Cobre - 02 Rebose Hidrociclones L2,3.666,0.753,0.000,0.056,0.000,39.22,,
,28-Jun-24,23:46:00, 111.0 , 817.5 , 161.0 , 706.5 ,1719592752,C2CP - Cobre - 03 Relave Final,2.703,0.087,0.000,0.011,0.000,22.79,,
,28-Jun-24,23:41:00, 108.5 , 912.5 , 76.5 , 804.0 ,1719592741,C2CP - Cobre - 04 Cola Scavenger L1,7.210,0.170,0.000,0.020,0.000,9.51,,
,28-Jun-24,23:51:00, 108.5 ," 1,089.0 ", 89.0 , 980.5 ,1719593191,C2CP - Cobre - 05 Cola Scavenger L2,7.452,0.163,0.000,0.021,0.000,9.08,,
,28-Jun-24,23:55:00, 110.5 , 825.0 , 134.5 , 714.5 ,1719593416,C2CP - Cobre - 07 Concentrado 1ra Limpieza L1,26.876,20.540,0.000,1.491,18.000,18.82,,
,28-Jun-24,23:59:00, 110.0 , 793.0 , 73.5 , 683.0 ,1719593418,C2CP - Cobre - 08 Concentrado 1ra Limpieza L2,26.269,20.244,0.000,1.655,18.840,10.76,,
,28-Jun-24,12:01:00, 111.0 , 705.0 , 173.0 , 594.0 ,1719593420,C2CP - Cobre - 09 Concentrado Colectivo,26.924,24.391,0.000,1.458,14.120,29.12,,
,28-Jun-24,12:03:00, 109.0 , 957.0 , 295.0 , 848.0 ,1719593422,C2CP - Cobre - 10 Concentrado Primario L2,23.552,19.454,0.000,1.370,25.020,34.79,,
,28-Jun-24,12:06:00, 110.0 , 966.0 , 310.5 , 856.0 ,1719593426,C2CP - Cobre - 11 Concentrado Primario L1,23.736,19.849,0.000,1.337,24.120,36.27,,
,01-Jul-24,10:58, 109.0 , 813.0 , 130.5 , 704.0 ,1719849279,C2CP - Cobre - 03 Relave Final,2.158,0.057,0.000,0.006,0.000,18.54,,
,01-Jul-24,11:02, 110.5 ," 1,068.5 ", 55.5 , 958.0 ,1719849281,C2CP - Cobre - 04 Cola Scavenger L1,8.195,0.176,0.000,0.027,0.000,5.79,,
,01-Jul-24,11:05, 108.5 ," 1,054.0 ", 72.0 , 945.5 ,1719849284,C2CP - Cobre - 05 Cola Scavenger L2,8.729,0.181,0.000,0.025,0.000,7.62,,
,01-Jul-24,11:08, 111.0 , 799.5 , 103.5 , 688.5 ,1719849287,C2CP - Cobre - 07 Concentrado 1ra Limpieza L1,27.479,25.375,0.000,2.098,11.380,15.03,,
,01-Jul-24,11:11, 110.0 , 789.5 , 125.0 , 679.5 ,1719849290,C2CP - Cobre - 08 Concentrado 1ra Limpieza L2,27.870,26.961,0.000,1.862,9.640,18.40,,
,01-Jul-24,11:15, 110.0 , 817.0 , 116.5 , 707.0 ,1719849319,C2CP - Cobre - 09 Concentrado Colectivo,28.589,28.646,0.000,1.807,6.920,16.48,,
,01-Jul-24,11:13, 109.5 , 977.5 , 289.0 , 868.0 ,1719849294,C2CP - Cobre - 10 Concentrado Primario L2,23.886,17.346,0.000,1.226,28.120,33.29,,
,01-Jul-24,11:16, 110.5 , 971.5 , 283.5 , 861.0 ,1719849322,C2CP - Cobre - 11 Concentrado Primario L1,23.081,14.769,0.000,0.919,30.520,32.93,,
,05-Jul-24,11:18, 111.0 , 903.0 , 334.0 , 792.0 ,1720196213,C2CP - Cobre - 02 Rebose Hidrociclones L2,3.078,0.480,0.008,0.032,0.000,42.17,,
,05-Jul-24,11:21, 111.0 , 819.5 , 173.0 , 708.5 ,1720196238,C2CP - Cobre - 03 Relave Final,2.695,0.064,0.000,0.008,0.000,24.42,,
,05-Jul-24,11:24, 108.5 ," 1,053.5 ", 45.5 , 945.0 ,1720196241,C2CP - Cobre - 04 Cola Scavenger L1,11.023,0.388,0.000,0.063,0.000,4.81,,
,05-Jul-24,11:28, 108.5 ," 1,061.0 ", 48.0 , 952.5 ,1720196244,C2CP - Cobre - 05 Cola Scavenger L2,10.915,0.337,0.000,0.054,0.000,5.04,,
,05-Jul-24,11:30, 110.5 , 810.0 , 98.5 , 699.5 ,1720196248,C2CP - Cobre - 07 Concentrado 1ra Limpieza L1,26.972,22.649,0.181,1.626,12.460,14.08,,
,05-Jul-24,11:34, 111.0 , 827.0 , 144.0 , 716.0 ,1720196252,C2CP - Cobre - 08 Concentrado 1ra Limpieza L2,26.758,22.798,0.166,1.538,12.160,20.11,,
,05-Jul-24,11:37, 111.0 , 837.5 , 167.0 , 726.5 ,1720196255,C2CP - Cobre - 09 Concentrado Colectivo,27.288,26.663,0.192,1.588,8.220,22.99,,
,05-Jul-24,11:38, 109.0 , 904.5 , 212.5 , 795.5 ,1720196258,C2CP - Cobre - 10 Concentrado Primario L2,17.332,12.489,0.088,0.862,39.840,26.71,,
,05-Jul-24,11:45, 109.5 , 879.0 , 175.0 , 769.5 ,1720197744,C2CP - Cobre - 11 Concentrado Primario L1,16.784,14.174,0.088,0.883,36.420,22.74,,
,08-Jul-24,11:04, 108.0 , 887.0 , 294.0 , 779.0 ,1720454080,C2CP - Cobre - 01 Rebose Hidrociclones L1,2.860,0.541,0.007,0.035,0.000,37.74,,
,08-Jul-24,12:14, 111.0 , 896.5 , 300.5 , 785.5 ,1720458650,C2CP - Cobre - 02 Rebose Hidrociclones L2,2.931,0.563,0.007,0.036,0.000,38.26,,
,08-Jul-24,10:54, 111.0 , 818.5 , 172.5 , 707.5 ,1720453972,C2CP - Cobre - 03 Relave Final,2.908,0.063,0.000,0.009,0.000,24.38,,
,08-Jul-24,10:58, 108.5 ," 1,082.5 ", 85.0 , 974.0 ,1720454011,C2CP - Cobre - 04 Cola Scavenger L1,9.189,0.155,0.000,0.017,0.000,8.73,,
,08-Jul-24,11:01, 108.5 ," 1,062.5 ", 62.5 , 954.0 ,1720454013,C2CP - Cobre - 05 Cola Scavenger L2,9.125,0.147,0.000,0.016,0.000,6.55,,
,08-Jul-24,11:21, 110.5 , 783.5 , 85.5 , 673.0 ,1720455420,C2CP - Cobre - 07 Concentrado 1ra Limpieza L1,25.904,21.379,0.103,1.454,13.240,12.70,,
,08-Jul-24,11:24, 111.0 , 830.5 , 181.5 , 719.5 ,1720455422,C2CP - Cobre - 08 Concentrado 1ra Limpieza L2,26.033,21.577,0.103,1.434,12.480,25.23,,
,08-Jul-24,11:27, 111.0 , 840.0 , 190.5 , 729.0 ,1720455742,C2CP - Cobre - 09 Concentrado Colectivo,26.412,23.305,0.106,1.464,10.880,26.13,,
,08-Jul-24,11:29, 110.5 , 976.0 , 274.5 , 865.5 ,1720455745,C2CP - Cobre - 11 Concentrado Primario L1,23.890,18.170,0.077,1.131,22.100,31.72,,
,10-Jul-24,11:24, 111.0 , 742.0 , 142.5 , 631.0 ,1720628544,C2CP - Cobre - 03 Relave Final,1.787,0.073,0.000,0.015,0.000,22.58,,
,10-Jul-24,11:28, 108.5 ," 1,068.6 ", 66.0 , 960.1 ,1720628548,C2CP - Cobre - 04 Cola Scavenger L1,17.291,0.226,0.000,0.069,0.000,6.87,,
,10-Jul-24,11:31, 108.5 ," 1,060.4 ", 53.5 , 951.9 ,1720628550,C2CP - Cobre - 05 Cola Scavenger L2,17.404,0.211,0.000,0.074,0.000,5.62,,
,10-Jul-24,11:39, 110.5 , 782.0 , 80.0 , 671.5 ,1720629241,C2CP - Cobre - 07 Concentrado 1ra Limpieza L1,27.224,19.207,0.096,1.723,15.240,11.91,,
,10-Jul-24,11:43, 111.0 , 830.2 , 184.0 , 719.2 ,1720629405,C2CP - Cobre - 08 Concentrado 1ra Limpieza L2,28.116,19.404,0.100,1.813,13.920,25.58,,
,10-Jul-24,11:46, 111.0 , 863.6 , 187.5 , 752.6 ,1720629407,C2CP - Cobre - 09 Concentrado Colectivo,28.235,22.910,0.106,1.833,9.840,24.91,,
,10-Jul-24,11:47, 110.5 , 927.2 , 222.0 , 816.7 ,1720629408,C2CP - Cobre - 11 Concentrado Primario L1,21.376,10.863,0.055,0.918,35.300,27.18,,
,12-Jul-24,10:35, 110.5 , 989.0 , 275.5 , 878.5 ,1720798461,C2CP - Cobre - 01 Rebose Hidrociclones L1,2.283,0.456,0.005,0.034,0.000,31.36,,
,12-Jul-24,10:38, 110.0 , 903.0 , 308.5 , 793.0 ,1720798598,C2CP - Cobre - 02 Rebose Hidrociclones L2,2.465,0.419,0.006,0.030,0.000,38.90,,
,12-Jul-24,10:42, 109.0 , 794.5 , 129.5 , 685.5 ,1720798796,C2CP - Cobre - 03 Relave Final,1.677,0.051,0.000,0.011,0.000,18.89,,
,12-Jul-24,10:47, 110.5 ," 1,081.5 ", 91.0 , 971.0 ,1720799090,C2CP - Cobre - 04 Cola Scavenger L1,7.043,0.107,0.000,0.017,0.000,9.37,,
,12-Jul-24,10:33, 108.5 ," 1,076.5 ", 82.0 , 968.0 ,1720798249,C2CP - Cobre - 05 Cola Scavenger L2,6.806,0.146,0.000,0.018,0.000,8.47,,
,12-Jul-24,10:40, 111.0 , 784.5 , 80.0 , 673.5 ,1720798599,C2CP - Cobre - 07 Concentrado 1ra Limpieza L1,27.726,16.723,0.105,1.493,18.200,11.88,,
,12-Jul-24,10:44, 110.0 , 827.0 , 183.0 , 717.0 ,1720798797,C2CP - Cobre - 08 Concentrado 1ra Limpieza L2,29.079,19.969,0.113,1.430,12.800,25.52,,
,12-Jul-24,10:48, 110.0 , 825.0 , 171.0 , 715.0 ,1720799235,C2CP - Cobre - 09 Concentrado Colectivo,28.039,23.068,0.133,1.670,10.880,23.92,,
,15-Jul-24,10:20, 108.0 , 861.2 , 222.5 , 753.2 ,1721056644,C2CP - Cobre - 01 Rebose Hidrociclones L1,2.215,0.608,0.000,0.029,0.000,29.54,,
,15-Jul-24,10:23, 111.0 , 806.6 , 133.0 , 695.6 ,1721056652,C2CP - Cobre - 03 Relave Final,1.434,0.043,0.000,0.010,0.000,19.12,,
,15-Jul-24,10:26, 108.5 ," 1,108.6 ", 116.5 ," 1,000.1 ",1721056654,C2CP - Cobre - 04 Cola Scavenger L1,7.652,0.082,0.000,0.012,0.000,11.65,,
,15-Jul-24,10:30, 108.5 ," 1,076.4 ", 92.5 , 967.9 ,1721056657,C2CP - Cobre - 05 Cola Scavenger L2,7.603,0.078,0.000,0.011,0.000,9.56,,
,15-Jul-24,10:32, 110.5 , 825.6 , 142.0 , 715.1 ,1721057228,C2CP - Cobre - 07 Concentrado 1ra Limpieza L1,28.752,17.510,0.000,0.789,17.140,19.86,,
,15-Jul-24,10:36, 111.0 , 806.2 , 177.5 , 695.2 ,1721057232,C2CP - Cobre - 08 Concentrado 1ra Limpieza L2,28.661,19.772,0.000,0.863,15.140,25.53,,
,15-Jul-24,10:38, 111.0 , 816.8 , 125.0 , 705.8 ,1721057235,C2CP - Cobre - 09 Concentrado Colectivo,28.975,24.101,0.000,1.109,10.600,17.71,,
,15-Jul-24,10:53, 109.5 , 932.0 , 273.5 , 822.5 ,1721058654,C2CP - Cobre - 10 Concentrado Primario L2,25.498,14.313,0.000,0.650,27.240,33.25,,
,15-Jul-24,22:40, 110.5 , 953.2 , 260.0 , 842.7 ,1721057946,C2CP - Cobre - 11 Concentrado Primario L1,24.371,11.706,0.000,0.629,31.780,30.85,,
,19-Jul-24,17:10, 110.5 , 843.0 , 175.0 , 732.5 ,1721426815,C2CP - Cobre - 01 Rebose Hidrociclones L1,2.251,0.754,0.008,0.024,0.000,23.89,,
,19-Jul-24,17:36, 110.0 , 912.0 , 314.5 , 802.0 ,1721428389,C2CP - Cobre - 02 Rebose Hidrociclones L2,2.162,0.713,0.008,0.026,0.000,39.21,,
,19-Jul-24,17:21, 109.0 , 789.0 , 114.5 , 680.0 ,1721427149,C2CP - Cobre - 03 Relave Final,1.755,0.066,0.000,0.008,0.000,16.84,,
,19-Jul-24,17:15, 110.5 ," 1,072.5 ", 68.5 , 962.0 ,1721426858,C2CP - Cobre - 04 Cola Scavenger L1,7.086,0.215,0.000,0.022,0.000,7.12,,
,19-Jul-24,17:19, 108.5 ," 1,079.0 ", 66.5 , 970.5 ,1721426862,C2CP - Cobre - 05 Cola Scavenger L2,6.960,0.196,0.000,0.022,0.000,6.85,,
,19-Jul-24,17:24, 111.0 , 809.0 , 89.5 , 698.0 ,1721427191,C2CP - Cobre - 07 Concentrado 1ra Limpieza L1,27.613,22.472,0.173,0.808,16.340,12.82,,
,19-Jul-24,17:28, 110.0 , 823.0 , 120.5 , 713.0 ,1721427194,C2CP - Cobre - 08 Concentrado 1ra Limpieza L2,27.886,22.373,0.178,0.880,15.920,16.90,,
,19-Jul-24,17:30, 110.0 , 846.5 , 170.5 , 736.5 ,1721427198,C2CP - Cobre - 09 Concentrado Colectivo,29.290,26.956,0.197,0.755,9.040,23.15,,
,19-Jul-24,17:32, 109.5 , 935.5 , 271.0 , 826.0 ,1721427201,C2CP - Cobre - 10 Concentrado Primario L2,21.253,16.870,0.110,0.600,29.760,32.81,,
,19-Jul-24,17:34, 110.0 , 941.0 , 254.5 , 831.0 ,1721427204,C2CP - Cobre - 11 Concentrado Primario L1,19.913,15.444,0.101,0.554,33.840,30.63,,
,22-Jul-24,9:45, 108.0 , 793.0 , 166.5 , 685.0 ,1721659321,C2CP - Cobre - 01 Rebose Hidrociclones L1,2.037,0.560,0.006,0.026,0.000,24.31,,
,22-Jul-24,9:48, 111.0 , 883.0 , 296.5 , 772.0 ,1721659326,C2CP - Cobre - 02 Rebose Hidrociclones L2,2.134,0.654,0.007,0.028,0.000,38.41,,
,22-Jul-24,9:57, 108.5 ," 1,093.0 ", 131.5 , 984.5 ,1721659629,C2CP - Cobre - 04 Cola Scavenger L1,12.069,0.127,0.000,0.013,0.000,13.36,,
,22-Jul-24,9:54, 108.5 ," 1,082.0 ", 131.5 , 973.5 ,1721659337,C2CP - Cobre - 05 Cola Scavenger L2,11.906,0.128,0.000,0.013,0.000,13.51,,
,22-Jul-24,10:00, 110.5 , 782.0 , 90.5 , 671.5 ,1721659642,C2CP - Cobre - 07 Concentrado 1ra Limpieza L1,28.453,19.084,0.123,0.998,15.080,13.48,,
,22-Jul-24,10:03, 110.0 , 810.5 , 131.0 , 700.5 ,1721659653,C2CP - Cobre - 08 Concentrado 1ra Limpieza L2,28.166,18.985,0.123,1.027,14.800,18.70,,
,22-Jul-24,10:06, 111.0 , 825.0 , 131.0 , 714.0 ,1721659657,C2CP - Cobre - 09 Concentrado Colectivo,29.035,25.675,0.150,0.969,8.220,18.35,,
,22-Jul-24,10:08, 109.0 , 911.5 , 296.0 , 802.5 ,1721659660,C2CP - Cobre - 10 Concentrado Primario L2,25.202,14.264,0.092,0.603,27.360,36.88,,
,22-Jul-24,10:10, 110.5 , 958.5 , 276.5 , 848.0 ,1721659665,C2CP - Cobre - 11 Concentrado Primario L1,22.347,13.870,0.093,0.614,31.620,32.61,,
,29-Jul-24,11:36:00, 110.5 , 741.0 , 249.5 , 630.5 ,1722270908,C2CP - Cobre - 01 Rebose Hidrociclones L1,2.464,0.838,0.005,0.022,0.000,39.57,,
,29-Jul-24,11:08:00, 111.0 , 834.5 , 208.5 , 723.5 ,1722268867,C2CP - Cobre - 03 Relave Final,1.327,0.098,0.000,0.003,0.000,28.82,,
,29-Jul-24,11:11:00, 110.5 ," 1,335.5 ", 134.0 ," 1,225.0 ",1722268869,C2CP - Cobre - 04 Cola Scavenger L1,9.048,0.203,0.000,0.009,0.000,10.94,,
,29-Jul-24,11:15:00, 108.5 ," 1,329.0 ", 132.5 ," 1,220.5 ",1722268871,C2CP - Cobre - 05 Cola Scavenger L2,8.896,0.189,0.000,0.012,0.000,10.86,,
,29-Jul-24,11:17:00, 110.5 , 845.0 , 133.5 , 734.5 ,1722268872,C2CP - Cobre - 07 Concentrado 1ra Limpieza L1,25.511,18.535,0.069,0.669,22.380,18.18,,
,29-Jul-24,11:21:00, 111.0 , 863.0 , 202.0 , 752.0 ,1722268874,C2CP - Cobre - 08 Concentrado 1ra Limpieza L2,27.052,20.164,0.088,0.626,19.300,26.86,,
,29-Jul-24,11:23:00, 110.0 ," 1,591.0 ", 476.5 ," 1,481.0 ",1722268876,C2CP - Cobre - 09 Concentrado Colectivo,28.320,23.220,0.097,0.713,14.800,32.17,,
,29-Jul-24,11:25:00, 110.0 ," 1,178.5 ", 419.0 ," 1,068.5 ",1722268880,C2CP - Cobre - 11 Concentrado Primario L1,19.095,14.665,0.071,0.510,42.320,39.21,,
,31-Jul-24,11:00:00, 108.0 , 738.0 , 260.0 , 630.0 ,1722441469,C2CP - Cobre - 01 Rebose Hidrociclones L1,3.129,0.590,0.015,0.017,0.000,41.27,,
,31-Jul-24,10:46:00, 111.0 , 928.0 , 327.0 , 817.0 ,1722440711,C2CP - Cobre - 02 Rebose Hidrociclones L2,3.140,0.517,0.016,0.017,0.000,40.02,,
,31-Jul-24,10:50:00, 109.0 , 831.5 , 186.0 , 722.5 ,1722440906,C2CP - Cobre - 03 Relave Final,2.703,0.157,0.000,0.006,0.000,25.74,,
,31-Jul-24,10:57:00, 108.5 ," 1,113.5 ", 116.0 ," 1,005.0 ",1722441298,C2CP - Cobre - 04 Cola Scavenger L1,12.600,0.161,0.000,0.007,0.000,11.54,,
,31-Jul-24,10:42:00, 108.5 ," 1,117.5 ", 112.5 ," 1,009.0 ",1722440440,C2CP - Cobre - 05 Cola Scavenger L2,10.840,0.241,0.000,0.007,0.000,11.15,,
,31-Jul-24,10:49:00, 110.5 , 841.0 , 136.5 , 730.5 ,1722440712,C2CP - Cobre - 07 Concentrado 1ra Limpieza L1,29.037,18.637,0.234,0.841,16.360,18.69,,
,31-Jul-24,10:53:00, 110.0 , 832.0 , 163.5 , 722.0 ,1722440907,C2CP - Cobre - 08 Concentrado 1ra Limpieza L2,29.018,21.081,0.241,0.675,14.100,22.65,,
,31-Jul-24,10:58:00, 111.0 , 843.0 , 170.0 , 732.0 ,1722441443,C2CP - Cobre - 09 Concentrado Colectivo,29.638,24.543,0.277,0.714,10.260,23.22,,
,31-Jul-24,10:54:00, 110.5 , 953.0 , 281.0 , 842.5 ,1722441198,C2CP - Cobre - 11 Concentrado Primario L1,24.784,15.021,0.179,0.556,27.980,33.35,,
,03-Aug-24,01:00:00, 111.0 , 876.0 , 258.2 , 765.0 ,1722663962,C2CP - Cobre - 02 Rebose Hidrociclones L2,2.825,0.589,0.015,0.020,0.000,33.75,,
,03-Aug-24,00:48:00, 109.0 , 803.5 , 150.6 , 694.5 ,1722663826,C2CP - Cobre - 03 Relave Final,2.432,0.050,0.000,0.005,0.000,21.68,,
,03-Aug-24,00:51:00, 108.5 ," 1,115.5 ", 110.2 ," 1,007.0 ",1722663829,C2CP - Cobre - 04 Cola Scavenger L1,9.358,0.147,0.000,0.006,0.000,10.94,,
,03-Aug-24,00:55:00, 108.5 ," 1,112.0 ", 106.6 ," 1,003.5 ",1722663831,C2CP - Cobre - 05 Cola Scavenger L2,9.777,0.150,0.000,0.007,0.000,10.62,,
,03-Aug-24,01:02:00, 110.5 , 743.5 , 70.6 , 633.0 ,1722664330,C2CP - Cobre - 07 Concentrado 1ra Limpieza L1,26.430,18.026,0.203,0.944,21.920,11.15,,
,03-Aug-24,01:06:00, 110.0 , 805.0 , 103.6 , 695.0 ,1722664331,C2CP - Cobre - 08 Concentrado 1ra Limpieza L2,27.754,19.757,0.221,0.924,18.560,14.91,,
,03-Aug-24,01:09:00, 111.0 , 837.5 , 163.8 , 726.5 ,1722664332,C2CP - Cobre - 09 Concentrado Colectivo,27.423,21.794,0.231,1.038,17.460,22.55,,
,03-Aug-24,01:11:00, 109.0 , 947.0 , 287.6 , 838.0 ,1722664334,C2CP - Cobre - 10 Concentrado Primario L2,20.766,13.850,0.193,0.579,36.080,34.32,,
,03-Aug-24,01:13:00, 110.5 ," 1,009.5 ", 284.2 , 899.0 ,1722664335,C2CP - Cobre - 11 Concentrado Primario L1,18.179,14.970,0.172,0.553,42.580,31.61,,
,05-Aug-24,10:59:00, 108.0 , 875.5 , 270.0 , 767.5 ,1722873054,C2CP - Cobre - 01 Rebose Hidrociclones L1,2.323,0.842,0.000,0.023,0.000,35.18,,
,05-Aug-24,10:53:00, 111.0 , 923.5 , 305.0 , 812.5 ,1722873040,C2CP - Cobre - 02 Rebose Hidrociclones L2,2.858,0.723,0.000,0.021,0.000,37.54,,
,05-Aug-24,11:05:00, 109.0 , 866.0 , 273.5 , 757.0 ,1722873069,C2CP - Cobre - 03 Relave Final,2.331,0.184,0.000,0.007,0.000,36.13,,
,05-Aug-24,11:08:00, 108.5 ," 1,047.0 ", 120.5 , 938.5 ,1722873077,C2CP - Cobre - 04 Cola Scavenger L1,10.070,0.312,0.000,0.010,0.000,12.84,,
,05-Aug-24,11:11:00, 108.5 ," 1,050.0 ", 122.0 , 941.5 ,1722873080,C2CP - Cobre - 05 Cola Scavenger L2,9.88,0.177,0.000,0.008,0.000,12.96,,
,05-Aug-24,10:56:00, 110.5 , 806.5 , 73.5 , 696.0 ,1722873044,C2CP - Cobre - 07 Concentrado 1ra Limpieza L1,29.203,22.608,0.000,0.954,0.000,10.56,,
,05-Aug-24,11:01:00, 110.0 , 786.5 , 125.0 , 676.5 ,1722873059,C2CP - Cobre - 08 Concentrado 1ra Limpieza L2,29.150,24.136,0.000,0.881,0.000,18.48,,
,05-Aug-24,11:37:00, 111.6 , 693.0 , 156.0 , 581.4 ,1722875749,C2CP - Cobre - 09 Concentrado Colectivo,30.140,26.631,0.000,0.821,0.000,26.83,,
,05-Aug-24,10:57, 109.0 , 717.0 , 213.5 , 608.0 ,1722873047,C2CP - Cobre - 10 Concentrado Primario L2,21.312,15.174,0.000,0.458,0.000,35.12,,
,05-Aug-24,11:03:00, 110.5 ," 1,000.5 ", 329.0 , 890.0 ,1722873065,C2CP - Cobre - 11 Concentrado Primario L1,26.570,17.720,0.000,0.529,0.000,36.97,,
,07-Aug-24,10:11:00, 110.5 , 411.5 , 282.0 , 301.0 ,1723043332,C2CP - Cobre - 02 Rebose Hidrociclones L2,3.487,0.872,0.014,0.026,0.000,93.69,,
,07-Aug-24,10:14:00, 111.0 , 815.0 , 143.5 , 704.0 ,1723043336,C2CP - Cobre - 03 Relave Final,2.903,0.103,0.000,0.006,0.000,20.38,,
,07-Aug-24,10:17:00, 110.5 ," 1,107.0 ", 139.0 , 996.5 ,1723043340,C2CP - Cobre - 04 Cola Scavenger L1,13.663,0.866,0.000,0.021,0.000,13.95,,
,07-Aug-24,10:21:00, 108.5 ," 1,085.5 ", 141.0 , 977.0 ,1723043343,C2CP - Cobre - 05 Cola Scavenger L2,13.65,0.277,0.000,0.015,0.000,14.43,,
,07-Aug-24,10:36:00, 110.5 , 789.5 , 101.5 , 679.0 ,1723044763,C2CP - Cobre - 07 Concentrado 1ra Limpieza L1,29.603,19.757,0.315,0.748,15.800,14.95,,
,07-Aug-24,10:40:00, 111.0 , 827.0 , 192.0 , 716.0 ,1723044776,C2CP - Cobre - 08 Concentrado 1ra Limpieza L2,29.201,20.164,0.323,0.738,15.860,26.82,,
,07-Aug-24,10:43:00, 110.0 , 898.0 , 219.5 , 788.0 ,1723044780,C2CP - Cobre - 09 Concentrado Colectivo,28.858,25.562,0.416,0.891,11.220,27.86,,
,07-Aug-24,10:46:00, 110.0 , 965.0 , 308.5 , 855.0 ,1723044792,C2CP - Cobre - 11 Concentrado Primario L1,25.711,15.480,0.209,0.499,27.660,36.08,,
,12-Aug-24,12:37:00, 110.0 , 898.5 , 301.5 , 788.5 ,1723483567,C2CP - Cobre - 02 Rebose Hidrociclones L2,2.157,0.788,0.007,0.037,0.000,38.24,,
,12-Aug-24,12:31:00, 110.5 ," 1,156.5 ", 84.0 ," 1,046.0 ",1723483564,C2CP - Cobre - 04 Cola Scavenger L1,11.677,0.463,0.000,0.019,0.000,8.03,,
,12-Aug-24,12:34:00, 108.5 ," 1,098.0 ", 80.0 , 989.5 ,1723483565,C2CP - Cobre - 05 Cola Scavenger L2,11.97,0.317,0.000,0.016,0.000,8.08,,
,12-Aug-24,12:39:00, 111.0 , 785.0 , 79.0 , 674.0 ,1723483595,C2CP - Cobre - 07 Concentrado 1ra Limpieza L1,29.227,22.761,0.151,1.210,10.700,11.72,,
,12-Aug-24,12:43:00, 110.0 , 818.5 , 122.5 , 708.5 ,1723483597,C2CP - Cobre - 08 Concentrado 1ra Limpieza L2,28.871,23.525,0.151,1.294,9.880,17.29,,
,12-Aug-24,12:46:00, 110.0 , 890.0 , 211.5 , 780.0 ,1723483601,C2CP - Cobre - 09 Concentrado Colectivo,28.511,26.427,0.166,1.265,7.300,27.12,,
,12-Aug-24,12:49:00, 110.0 ," 1,003.5 ", 245.5 , 893.5 ,1723483604,C2CP - Cobre - 11 Concentrado Primario L1,19.964,11.457,0.075,0.627,21.500,27.48,,
,14-Aug-24,16:57:00, 108.0 , 911.0 , 308.5 , 803.0 ,1723672344,C2CP - Cobre - 01 Rebose Hidrociclones L1,2.585,0.632,0.006,0.021,0.000,38.42,,
,14-Aug-24,16:59:00, 111.0 , 914.0 , 307.0 , 803.0 ,1723672352,C2CP - Cobre - 02 Rebose Hidrociclones L2,2.766,0.708,0.007,0.021,0.000,38.23,,
,14-Aug-24,16:40:00, 111.0 , 832.0 , 168.0 , 721.0 ,1723671518,C2CP - Cobre - 03 Relave Final,1.783,0.109,0.000,0.008,0.000,23.30,,
,14-Aug-24,16:45:00, 108.5 ," 1,030.0 ", 94.0 , 921.5 ,1723671809,C2CP - Cobre - 04 Cola Scavenger L1,11.181,0.193,0.000,0.013,0.000,10.20,,
,14-Aug-24,16:49:00, 108.5 ," 1,018.0 ", 102.5 , 909.5 ,1723672050,C2CP - Cobre - 05 Cola Scavenger L2,10.44,0.312,0.000,0.010,0.000,11.27,,
,14-Aug-24,16:55:00, 110.5 , 598.5 , 58.5 , 488.0 ,1723672300,C2CP - Cobre - 07 Concentrado 1ra Limpieza L1,29.239,19.377,0.119,0.757,6.750,11.99,,
,14-Aug-24,16:43:00, 110.0 , 797.5 , 154.5 , 687.5 ,1723671519,C2CP - Cobre - 08 Concentrado 1ra Limpieza L2,29.162,20.276,0.115,0.663,6.700,22.47,,
,14-Aug-24,16:47:00, 111.0 , 835.5 , 266.5 , 724.5 ,1723671957,C2CP - Cobre - 09 Concentrado Colectivo,29.682,22.423,0.129,0.755,5.690,36.78,,
,16-Aug-24,15:15:00, 110.0 , 918.0 , 341.0 , 808.0 ,1723839227,C2CP - Cobre - 02 Rebose Hidrociclones L2,3.138,0.641,0.010,0.044,0.000,42.20,,
,16-Aug-24,15:19:00, 110.5 , 829.0 , 172.0 , 718.5 ,1723839514,C2CP - Cobre - 03 Relave Final,2.783,0.072,0.000,0.010,0.000,23.94,,
,16-Aug-24,15:02:00, 110.5 ," 1,070.0 ", 109.5 , 959.5 ,1723838394,C2CP - Cobre - 04 Cola Scavenger L1,13.029,0.300,0.000,0.018,0.000,11.41,,
,16-Aug-24,15:10:00, 110.0 ," 1,091.5 ", 111.5 , 981.5 ,1723838902,C2CP - Cobre - 05 Cola Scavenger L2,13.739,0.270,0.000,0.015,0.000,11.36,,
,16-Aug-24,15:14:00, 111.0 , 818.5 , 72.5 , 707.5 ,1723839035,C2CP - Cobre - 07 Concentrado 1ra Limpieza L1,28.169,24.121,0.193,1.386,5.720,10.25,,
,16-Aug-24,15:18:00, 110.0 , 854.0 , 139.0 , 744.0 ,1723839228,C2CP - Cobre - 08 Concentrado 1ra Limpieza L2,27.355,24.071,0.195,1.326,5.930,18.68,,
,16-Aug-24,15:21:00, 110.0 , 862.5 , 203.0 , 752.5 ,1723839603,C2CP - Cobre - 09 Concentrado Colectivo,28.645,27.317,0.204,1.384,3.910,26.98,,
,16-Aug-24,15:08, 109.5 , 947.0 , 255.5 , 837.5 ,1723838576,C2CP - Cobre - 10 Concentrado Primario L2,19.653,15.581,0.122,1.126,16.530,30.51,,
,16-Aug-24,15:12:00, 110.0 , 939.0 , 224.5 , 829.0 ,1723839034,C2CP - Cobre - 11 Concentrado Primario L1,18.739,13.983,0.104,0.996,18.830,27.08,,
,19-Aug-24,10:07:00, 110.0 , 885.5 , 308.5 , 775.5 ,1724079675,C2CP - Cobre - 02 Rebose Hidrociclones L2,2.894,0.040,0.000,0.040,0.000,39.78,,
,19-Aug-24,9:44:00, 110.5 , 842.5 , 200.5 , 732.0 ,1724078507,C2CP - Cobre - 03 Relave Final,2.349,0.010,0.000,0.012,0.000,27.39,,
,19-Aug-24,9:48:00, 110.5 ," 1,059.0 ", 72.5 , 948.5 ,1724078510,C2CP - Cobre - 04 Cola Scavenger L1,8.025,0.256,0.000,0.027,0.000,7.64,,
,19-Aug-24,9:51:00, 110.0 ," 1,046.0 ", 73.5 , 936.0 ,1724078516,C2CP - Cobre - 05 Cola Scavenger L2,8.122,0.201,0.000,0.024,0.000,7.85,,
,19-Aug-24,9:54:00, 111.0 , 841.5 , 99.0 , 730.5 ,1724078528,C2CP - Cobre - 07 Concentrado 1ra Limpieza L1,30.045,24.366,0.000,1.211,9.920,13.55,,
,19-Aug-24,10:05:00, 111.0 , 881.0 , 157.0 , 770.0 ,1724079668,C2CP - Cobre - 08 Concentrado 1ra Limpieza L2,30.564,26.471,0.000,1.204,8.920,20.39,,
,19-Aug-24,9:57:00, 110.0 , 830.5 , 151.0 , 720.5 ,1724078544,C2CP - Cobre - 09 Concentrado Colectivo,28.259,28.978,0.000,0.952,5.680,20.96,,
,19-Aug-24,9:58, 109.5 , 957.5 , 305.0 , 848.0 ,1724078552,C2CP - Cobre - 10 Concentrado Primario L2,23.492,20.204,0.000,0.866,23.480,35.97,,
,19-Aug-24,10:01:00, 110.0 , 966.5 , 279.0 , 856.5 ,1724078556,C2CP - Cobre - 11 Concentrado Primario L1,24.617,19.352,0.000,0.873,25.680,32.57,,
,23-Aug-24,11:37:00, 111.0 , 883.5 , 290.5 , 772.5 ,1724430963,C2CP - Cobre - 02 Rebose Hidrociclones L2,2.434,0.688,0.000,0.021,0.000,37.61,,
,23-Aug-24,11:23:00, 111.0 , 886.0 , 258.0 , 775.0 ,1724429801,C2CP - Cobre - 03 Relave Final,2.090,0.065,0.000,0.004,0.000,33.29,,
,23-Aug-24,11:27:00, 108.5 ," 1,031.5 ", 65.5 , 923.0 ,1724429812,C2CP - Cobre - 04 Cola Scavenger L1,7.910,0.207,0.000,0.016,0.000,7.10,,
,23-Aug-24,11:32:00, 108.5 ," 1,052.0 ", 69.5 , 943.5 ,1724429826,C2CP - Cobre - 05 Cola Scavenger L2,7.923,0.239,0.000,0.016,0.000,7.37,,
,23-Aug-24,11:22:00, 110.5 , 711.0 , 99.0 , 600.5 ,1724429795,C2CP - Cobre - 07 Concentrado 1ra Limpieza L1,26.429,22.742,0.000,0.768,16.000,16.49,,
,23-Aug-24,11:30:00, 110.0 , 858.0 , 172.0 , 748.0 ,1724429817,C2CP - Cobre - 08 Concentrado 1ra Limpieza L2,27.294,24.033,0.000,0.707,13.500,22.99,,
,23-Aug-24,11:41:00, 111.0 ," 1,061.0 ", 244.0 , 950.0 ,1724431172,C2CP - Cobre - 09 Concentrado Colectivo,27.174,26.466,0.000,0.768,11.100,25.68,,
,23-Aug-24,11:25, 109.5 , 979.5 , 308.0 , 870.0 ,1724429807,C2CP - Cobre - 10 Concentrado Primario L2,22.366,17.230,0.000,0.497,29.740,35.40,,
,23-Aug-24,11:34:00, 110.0 , 955.5 , 253.5 , 845.5 ,1724429830,C2CP - Cobre - 11 Concentrado Primario L1,21.281,16.883,0.000,0.525,31.980,29.98,,
,26-Aug-24,11:39:00, 110.0 , 914.0 , 311.5 , 804.0 ,1724689909,C2CP - Cobre - 02 Rebose Hidrociclones L2,3.031,0.410,0.010,0.018,0.000,38.74,,
,26-Aug-24,11:21:00, 109.0 , 856.0 , 231.0 , 747.0 ,1724688982,C2CP - Cobre - 03 Relave Final,2.768,0.046,0.000,0.001,0.000,30.92,,
,26-Aug-24,11:33:00, 110.5 ," 1,044.0 ", 92.5 , 933.5 ,1724689684,C2CP - Cobre - 04 Cola Scavenger L1,13.416,0.266,0.000,0.011,0.000,9.91,,
,26-Aug-24,11:37:00, 110.0 ," 1,047.0 ", 93.0 , 937.0 ,1724689687,C2CP - Cobre - 05 Cola Scavenger L2,13.498,0.254,0.000,0.008,0.000,9.93,,
,26-Aug-24,11:42:00, 112.5 , 821.5 , 89.5 , 709.0 ,1724689921,C2CP - Cobre - 07 Concentrado 1ra Limpieza L1,27.810,17.313,0.164,0.917,19.280,12.62,,
,26-Aug-24,11:46:00, 110.0 , 853.0 , 147.0 , 743.0 ,1724689924,C2CP - Cobre - 08 Concentrado 1ra Limpieza L2,28.342,18.706,0.178,0.874,16.560,19.78,,
,26-Aug-24,11:49:00, 110.0 , 888.0 , 264.0 , 778.0 ,1724689926,C2CP - Cobre - 09 Concentrado Colectivo,29.485,21.890,0.201,1.056,12.360,33.93,,
,26-Aug-24,11:43, 109.0 , 977.5 , 307.5 , 868.5 ,1724689922,C2CP - Cobre - 10 Concentrado Primario L2,25.044,15.124,0.157,0.704,26.200,35.41,,
,26-Aug-24,11:47:00, 110.5 , 975.5 , 291.5 , 865.0 ,1724689925,C2CP - Cobre - 11 Concentrado Primario L1,24.457,13.532,0.151,0.670,30.680,33.70,,
,28-Aug-24,12:10, 110.5 , 868.0 , 268.5 , 757.5 ,1724864369,C2CP - Cobre - 01 Rebose Hidrociclones L1,3.236,0.394,0.015,0.023,0.000,35.45,,
,28-Aug-24,12:13, 110.0 , 874.0 , 281.0 , 764.0 ,1724864373,C2CP - Cobre - 02 Rebose Hidrociclones L2,3.256,0.403,0.014,0.023,0.000,36.78,,
,28-Aug-24,12:01, 109.0 , 854.5 , 220.0 , 745.5 ,1724864342,C2CP - Cobre - 03 Relave Final,2.601,0.047,0.000,0.004,0.000,29.51,,
,28-Aug-24,12:04, 110.5 ," 1,050.5 ", 99.5 , 940.0 ,1724864344,C2CP - Cobre - 04 Cola Scavenger L1,8.764,0.155,0.000,0.009,0.000,10.59,,
,28-Aug-24,12:08, 108.5 ," 1,041.0 ", 101.5 , 932.5 ,1724864345,C2CP - Cobre - 05 Cola Scavenger L2,8.634,0.145,0.000,0.009,0.000,10.88,,
,28-Aug-24,12:15, 111.0 , 783.0 , 74.5 , 672.0 ,1724865088,C2CP - Cobre - 07 Concentrado 1ra Limpieza L1,27.758,20.468,0.416,1.467,15.280,11.09,,
,28-Aug-24,12:19, 110.0 , 638.0 , 90.0 , 528.0 ,1724865093,C2CP - Cobre - 08 Concentrado 1ra Limpieza L2,28.697,22.401,0.435,1.403,12.480,17.05,,
,28-Aug-24,12:23, 110.0 , 778.5 , 139.5 , 668.5 ,1724865100,C2CP - Cobre - 09 Concentrado Colectivo,24.142,23.392,0.388,1.286,11.660,20.87,,
,28-Aug-24,12:17, 109.5 , 941.5 , 242.5 , 832.0 ,1724865091,C2CP - Cobre - 10 Concentrado Primario L2,24.736,16.008,0.341,0.914,25.840,29.15,,
,28-Aug-24,12:21, 110.0 , 919.0 , 209.5 , 809.0 ,1724865097,C2CP - Cobre - 11 Concentrado Primario L1,19.328,9.466,0.231,0.614,42.220,25.90,,
,30-Aug-24,5:53, 108.0 , 919.5 , 307.0 , 811.5 ,6633,C2CP - Cobre - 01 Rebose Hidrociclones L1,2.127,0.427,0.006,0.025,0.000,37.83,,
,30-Aug-24,6:12, 111.0 , 894.5 , 297.5 , 783.5 ,6634,C2CP - Cobre - 02 Rebose Hidrociclones L2,2.276,0.501,0.007,0.029,0.000,37.97,,
,30-Aug-24,5:59, 108.5 ," 1,036.0 ", 56.0 , 927.5 ,6635,C2CP - Cobre - 04 Cola Scavenger L1,13.902,0.268,0.000,0.011,0.000,6.04,,
,30-Aug-24,6:02, 108.5 ," 1,046.5 ", 75.0 , 938.0 ,6636,C2CP - Cobre - 05 Cola Scavenger L2,14.320,0.243,0.000,0.010,0.000,8.00,,
,30-Aug-24,6:05, 110.5 , 816.0 , 82.5 , 705.5 ,6637,C2CP - Cobre - 07 Concentrado 1ra Limpieza L1,29.671,19.725,0.125,1.111,12.460,11.69,,
,30-Aug-24,6:09, 111.0 , 834.0 , 104.5 , 723.0 ,6638,C2CP - Cobre - 08 Concentrado 1ra Limpieza L2,31.166,20.022,0.137,1.260,10.240,14.45,,
,30-Aug-24,6:10, 109.0 , 996.5 , 313.5 , 887.5 ,6639,C2CP - Cobre - 10 Concentrado Primario L2,25.829,16.503,0.108,0.932,23.200,35.32,,
,30-Aug-24,5:51, 109.5 , 974.0 , 274.5 , 864.5 ,6640,C2CP - Cobre - 11 Concentrado Primario L1,22.841,16.652,0.103,0.923,25.860,31.75,,
,02-Sep-24,3:46, 110.5 , 887.0 , 290.5 , 776.5 ,6644,C2CP - Cobre - 01 Rebose Hidrociclones L1,2.04,0.619,0,0.029,0.000,37.41,,
,02-Sep-24,3:50, 110.0 , 902.0 , 318.5 , 792.0 ,6645,C2CP - Cobre - 02 Rebose Hidrociclones L2,2.13,0.618,0,0.03,0.000,40.21,,
,02-Sep-24,3:54, 109.0 , 837.5 , 187.0 , 728.5 ,6646,C2CP - Cobre - 03 Relave Final,1.64,0.055,0,0.003,0.000,25.67,,
,02-Sep-24,3:38, 110.5 ," 1,070.0 ", 122.0 , 959.5 ,6647,C2CP - Cobre - 04 Cola Scavenger L1,13.36,0.193,0,0.012,0.000,12.71,,
,02-Sep-24,3:42, 108.5 ," 1,071.5 ", 120.0 , 963.0 ,6648,C2CP - Cobre - 05 Cola Scavenger L2,13.73,0.183,0,0.01,0.000,12.46,,
,02-Sep-24,3:48, 111.0 , 835.5 , 98.5 , 724.5 ,6649,C2CP - Cobre - 07 Concentrado 1ra Limpieza L1,26.600,20.854,0,"1,334",13.12,13.60,,
,02-Sep-24,3:52, 110.0 , 842.0 , 131.5 , 732.0 ,6650,C2CP - Cobre - 08 Concentrado 1ra Limpieza L2,27.030,22.33,0,"1,232",12.06,17.96,,
,02-Sep-24,3:55, 110.0 , 845.0 , 146.5 , 735.0 ,6651,C2CP - Cobre - 09 Concentrado Colectivo,27.59,25.97,0,"1,299",8.06,19.93,,
,02-Sep-24,3:40, 109.5 ," 1,035.5 ", 373.0 , 926.0 ,6652,C2CP - Cobre - 10 Concentrado Primario L2,21.73,15.641,0,0.862,29.62,40.28,,
,02-Sep-24,3:45, 110.0 , 992.0 , 296.0 , 882.0 ,6653,C2CP - Cobre - 11 Concentrado Primario L1,19.780,12.69,0,0.784,37.12,33.56,,
,04-Sep-24,3:27, 108.0 , 872.5 , 288.0 , 764.5 ,6658,C2CP - Cobre - 01 Rebose Hidrociclones L1,2.515,0.583,0.000,0.027,0.000,37.67,,
,04-Sep-24,3:29, 111.0 , 886.5 , 307.5 , 775.5 ,6659,C2CP - Cobre - 02 Rebose Hidrociclones L2,2.547,0.564,0.000,0.027,0.000,39.65,,
,04-Sep-24,3:32, 111.0 , 833.0 , 195.0 , 722.0 ,6660,C2CP - Cobre - 03 Relave Final,2.060,0.045,0.000,0.004,0.000,27.01,,
,04-Sep-24,3:35, 108.5 ," 1,066.0 ", 131.5 , 957.5 ,6661,C2CP - Cobre - 04 Cola Scavenger L1,9.106,0.195,0.000,0.008,0.000,13.73,,
,04-Sep-24,3:42, 108.5 ," 1,079.5 ", 131.0 , 971.0 ,6662,C2CP - Cobre - 05 Cola Scavenger L2,8.852,0.177,0.000,0.008,0.000,13.49,,
,04-Sep-24,3:25, 110.5 , 811.0 , 108.0 , 700.5 ,6663,C2CP - Cobre - 07 Concentrado 1ra Limpieza L1,29.149,24.378,0.000,1.152,10.400,15.42,,
,04-Sep-24,3:44, 111.0 , 830.0 , 125.5 , 719.0 ,6664,C2CP - Cobre - 08 Concentrado 1ra Limpieza L2,27.315,23.283,0.000,1.276,11.200,17.45,,
,04-Sep-24,3:40, 111.0 , 847.0 , 155.0 , 736.0 ,6665,C2CP - Cobre - 09 Concentrado Colectivo,29.273,27.064,0.000,1.257,7.420,21.06,,
,06-Sep-24,15:37,108,910,208.5,802,6669,C2CP - Cobre - 01 Rebose Hidrociclones L1,2.69,0.57,0,0.02,0,26,,
,06-Sep-24,16:08,111,898.5,304.5,787.5,6670,C2CP - Cobre - 02 Rebose Hidrociclones L2,2.72,0.62,0,0.03,0,38.67,,
,06-Sep-24,12:15,111,835,201.5,724,6671,C2CP - Cobre - 03 Relave Final,2.21,0.07,0,0.01,0,27.83,,
,06-Sep-24,12:19,108.5,"1,057.00",89,948.5,6672,C2CP - Cobre - 04 Cola Scavenger L1,13.29,0.36,0,0.01,0,9.38,,
,06-Sep-24,12:22,108.5,"1,057.00",88,948.5,6673,C2CP - Cobre - 05 Cola Scavenger L2,13.21,0.34,0,0.01,0,9.28,,
,06-Sep-24,12:25,110.5,842,120,731.5,6674,C2CP - Cobre - 07 Concentrado 1ra Limpieza L1,26.05,24.38,0,1.04,0,16.4,,
,06-Sep-24,12:28,111,854,131,743,6675,C2CP - Cobre - 08 Concentrado 1ra Limpieza L2,27.05,23.78,0,1.18,12.62,17.63,,
,06-Sep-24,12:31,111,853.5,163,742.5,6676,C2CP - Cobre - 09 Concentrado Colectivo,27.28,26.02,0,0.87,10.46,21.95,,
,06-Sep-24,16:26,109,"1,054.00",325,945,6677,C2CP - Cobre - 10 Concentrado Primario L2,22.63,17.76,0,0.79,27.32,34.39,,
,06-Sep-24,15:30,110.5,"1,006.50",321.5,896,6678,C2CP - Cobre - 11 Concentrado Primario L1,21.6,17.21,0,0.73,29.92,35.88,,
,09-Sep-24,12:01,111,786,308,675,6683,C2CP - Cobre - 02 Rebose Hidrociclones L2,2.49,0.7,0,0.05,0,45.63,,
,09-Sep-24,11:47,111,818,189,707,6684,C2CP - Cobre - 03 Relave Final,1.93,0.07,0,0.01,0,26.73,,
,09-Sep-24,11:52,108.5,"1,066.00",96.5,957.5,6685,C2CP - Cobre - 04 Cola Scavenger L1,7.86,0.15,0,0.02,0,10.08,,
,09-Sep-24,11:56,108.5,"1,065.50",94.5,957,6686,C2CP - Cobre - 05 Cola Scavenger L2,7.95,0.17,0,0.02,0,9.87,,
,09-Sep-24,11:46,110.5,630,52.5,519.5,6687,C2CP - Cobre - 07 Concentrado 1ra Limpieza L1,26.1,23.39,0,1.73,15.84,10.11,,
,09-Sep-24,11:49,111,827,106.5,716,6688,C2CP - Cobre - 08 Concentrado 1ra Limpieza L2,25.83,23,0,2.01,15.86,14.87,,
,09-Sep-24,11:59,111,806,93.5,695,6689,C2CP - Cobre - 09 Concentrado Colectivo,28.28,26.47,0,1.89,9.42,13.45,,
,09-Sep-24,11:53,109,948,257.5,839,6690,C2CP - Cobre - 10 Concentrado Primario L2,18.34,16.36,0,1.21,35.2,30.69,,
,09-Sep-24,11:58,110.5,947.5,259,837,6691,C2CP - Cobre - 11 Concentrado Primario L1,19.21,15.07,0,1.23,36.38,30.94,,
,11-Sep-24,10:11,110.5,882,294,771.5,6696,C2CP - Cobre - 01 Rebose Hidrociclones L1,2.12,0.56,0.01,0.04,0,38.11,,
,11-Sep-24,10:13,111,897.5,303,786.5,6697,C2CP - Cobre - 02 Rebose Hidrociclones L2,2.15,0.56,0.01,0.04,0,38.53,,
,11-Sep-24,10:16,111,826.5,186,715.5,6698,C2CP - Cobre - 03 Relave Final,1.5,0.06,0,0.01,0,26,,
,11-Sep-24,10:19,108.5,"1,088.50",116.5,980,6699,C2CP - Cobre - 04 Cola Scavenger L1,6.85,0.14,0,0.02,0,11.89,,
,11-Sep-24,10:23,108.5,"1,060.00",117,951.5,6700,C2CP - Cobre - 05 Cola Scavenger L2,6.69,0.12,0,0.02,0,12.3,,
,11-Sep-24,10:25,110.5,784,72.5,673.5,6701,C2CP - Cobre - 07 Concentrado 1ra Limpieza L1,27.93,25.97,0.12,1.58,10.6,10.76,,
,11-Sep-24,10:29,111,832,114,721,6702,C2CP - Cobre - 08 Concentrado 1ra Limpieza L2,27.76,25.77,0.13,1.68,11.04,15.81,,
,11-Sep-24,10:32,111,853.5,167.5,742.5,6703,C2CP - Cobre - 09 Concentrado Colectivo,28.19,28.05,0.12,1.55,7.92,22.56,,
,11-Sep-24,10:33,109,980,262,871,6704,C2CP - Cobre - 10 Concentrado Primario L2,22.44,16.16,0.09,1.13,31.08,30.08,,
,11-Sep-24,10:36,110.5,955,233,844.5,6705,C2CP - Cobre - 11 Concentrado Primario L1,18.89,13.08,0.07,0.9,39.78,27.59,,
,13-Sep-24,11:49,110.5,886.5,269,776,6710,C2CP - Cobre - 01 Rebose Hidrociclones L1,3.29,0.59,0.01,0.03,0,34.66,,
,13-Sep-24,11:52,111,905,296,794,6711,C2CP - Cobre - 02 Rebose Hidrociclones L2,2.82,0.42,0.01,0.02,0,37.28,,
,13-Sep-24,11:40,111,835,184,724,6712,C2CP - Cobre - 03 Relave Final,2.5,0.07,0,0.01,0,25.41,,
,13-Sep-24,11:43,110.5,"1,073.50",97.5,963,6713,C2CP - Cobre - 04 Cola Scavenger L1,10.7,0.44,0,0.01,0,10.12,,
,13-Sep-24,11:46,108.5,"1,076.00",95.5,967.5,6714,C2CP - Cobre - 05 Cola Scavenger L2,10.68,0.46,0,0.01,0,9.87,,
,13-Sep-24,11:54,111,834,92,723,6715,C2CP - Cobre - 07 Concentrado 1ra Limpieza L1,28.58,20.91,0.09,1.12,12.92,12.72,,
,13-Sep-24,11:58,110,869,132,759,6716,C2CP - Cobre - 08 Concentrado 1ra Limpieza L2,28.36,21.26,0.09,1.05,12.1,17.39,,
,13-Sep-24,12:01,110,849.5,136,739.5,6717,C2CP - Cobre - 09 Concentrado Colectivo,29.4,25.72,0.11,1.13,8.26,18.39,,
,13-Sep-24,11:56,109,971,279,862,6718,C2CP - Cobre - 10 Concentrado Primario L2,23.6,17.5,0.08,0.79,25.54,32.37,,
,13-Sep-24,12:00,110,954,240,844,6719,C2CP - Cobre - 11 Concentrado Primario L1,21.56,14.62,0.06,0.67,31.94,28.44,,
,16-Sep-24,4:46, 108.0 , 908.0 , 315.5 , 800.0 ,6724,C2CP - Cobre - 01 Rebose Hidrociclones L1,2.787,0.651,0.009,0.043,0.000,39.44,,
,16-Sep-24,4:56, 110.0 , 954.5 , 389.5 , 844.5 ,6725,C2CP - Cobre - 02 Rebose Hidrociclones L2,2.937,0.588,0.009,0.044,0.000,46.12,,
,16-Sep-24,4:33, 111.0 , 854.5 , 235.5 , 743.5 ,6726,C2CP - Cobre - 03 Relave Final,2.518,0.073,0.000,0.009,0.000,31.67,,
,16-Sep-24,4:39, 108.5 ," 1,070.0 ", 107.5 , 961.5 ,6727,C2CP - Cobre - 04 Cola Scavenger L1,8.460,0.206,0.000,0.013,0.000,11.18,,
,16-Sep-24,4:43, 108.5 ," 1,084.5 ", 106.0 , 976.0 ,6728,C2CP - Cobre - 05 Cola Scavenger L2,8.373,0.151,0.000,0.010,0.000,10.86,,
,16-Sep-24,4:48, 110.5 , 842.5 , 93.0 , 732.0 ,6729,C2CP - Cobre - 07 Concentrado 1ra Limpieza L1,27.851,22.203,0.160,1.717,14.900,12.70,,
,16-Sep-24,4:32, 111.0 , 830.5 , 129.0 , 719.5 ,6730,C2CP - Cobre - 08 Concentrado 1ra Limpieza L2,28.468,22.302,0.168,1.716,14.500,17.93,,
,16-Sep-24,4:35, 111.0 , 886.5 , 179.0 , 775.5 ,6731,C2CP - Cobre - 09 Concentrado Colectivo,28.608,24.830,0.177,1.663,11.700,23.08,,
,16-Sep-24,4:40, 109.0 , 966.0 , 272.5 , 857.0 ,6732,C2CP - Cobre - 10 Concentrado Primario L2,22.909,15.958,0.119,1.216,30.320,31.80,,
,16-Sep-24,4:44, 110.5 , 978.0 , 281.5 , 867.5 ,6733,C2CP - Cobre - 11 Concentrado Primario L1,22.924,16.256,0.123,1.223,29.600,32.45,,
,20-Sep-24,11:16 AM, 108.0 , 888.5 , 304.5 , 780.5 ,6739,C2CP - Cobre - 01 Rebose Hidrociclones L1,3.189,0.679,0.008,0.040,0.000,39.01,,
,20-Sep-24,11:19 AM, 110.0 , 915.0 , 291.5 , 805.0 ,6740,C2CP - Cobre - 02 Rebose Hidrociclones L2,3.175,0.626,0.008,0.043,0.000,36.21,,
,20-Sep-24,11:21 AM, 111.0 , 839.0 , 181.0 , 728.0 ,6741,C2CP - Cobre - 03 Relave Final,2.897,0.067,0.000,0.010,0.000,24.86,,
,20-Sep-24,11:25 AM, 108.5 , 916.0 , 88.0 , 807.5 ,6742,C2CP - Cobre - 04 Cola Scavenger L1,8.356,0.311,0.000,0.035,0.000,10.90,,
,20-Sep-24,11:28 AM, 108.5 ," 1,065.5 ", 109.5 , 957.0 ,6743,C2CP - Cobre - 05 Cola Scavenger L2,7.833,0.262,0.000,0.035,0.000,11.44,,
,20-Sep-24,11:37 AM, 110.5 , 823.0 , 83.5 , 712.5 ,6744,C2CP - Cobre - 07 Concentrado 1ra Limpieza L1,26.626,23.609,0.182,1.864,14.500,11.72,,
,20-Sep-24,11:33 AM, 111.0 , 856.0 , 175.5 , 745.0 ,6745,C2CP - Cobre - 08 Concentrado 1ra Limpieza L2,27.253,25.379,0.186,1.699,11.480,23.56,,
,20-Sep-24,11:39 AM, 111.0 , 864.5 , 176.5 , 753.5 ,6746,C2CP - Cobre - 09 Concentrado Colectivo,27.790,27.544,0.197,1.733,9.000,23.42,,
,20-Sep-24,11:41 AM, 109.0 ," 1,017.0 ", 361.0 , 908.0 ,6747,C2CP - Cobre - 10 Concentrado Primario L2,24.103,20.854,0.156,1.280,22.600,39.76,,
,20-Sep-24,11:43 AM, 110.5 ," 1,035.5 ", 375.0 , 925.0 ,6748,C2CP - Cobre - 11 Concentrado Primario L1,24.243,19.969,0.146,1.279,24.240,40.54,,
,23-Sep-24,10:13 AM, 108.0 , 899.0 , 294.0 , 791.0 ,6753,C2CP - Cobre - 01 Rebose Hidrociclones L1,2.581,0.532,0.000,0.026,0.000,37.17,,
,23-Sep-24,10:17 AM, 110.0 , 929.5 , 310.0 , 819.5 ,6754,C2CP - Cobre - 02 Rebose Hidrociclones L2,2.629,0.511,0.000,0.027,0.000,37.83,,
,23-Sep-24,10:20 AM, 111.0 , 817.0 , 156.5 , 706.0 ,6755,C2CP - Cobre - 03 Relave Final,1.874,0.078,0.000,0.006,0.000,22.17,,
,23-Sep-24,10:25 AM, 108.5 ," 1,070.5 ", 70.0 , 962.0 ,6756,C2CP - Cobre - 04 Cola Scavenger L1,18.003,0.286,0.000,0.012,0.000,7.28,,
,23-Sep-24,10:29 AM, 108.5 ," 1,064.5 ", 81.5 , 956.0 ,6757,C2CP - Cobre - 05 Cola Scavenger L2,9.549,0.279,0.000,0.012,0.000,8.53,,
,23-Sep-24,10:15 AM, 110.5 , 813.5 , 70.5 , 703.0 ,6758,C2CP - Cobre - 07 Concentrado 1ra Limpieza L1,28.211,19.454,0.000,1.672,16.100,10.03,,
,23-Sep-24,10:23 AM, 111.0 , 844.0 , 122.5 , 733.0 ,6759,C2CP - Cobre - 08 Concentrado 1ra Limpieza L2,28.039,19.454,0.000,1.618,15.860,16.71,,
,23-Sep-24,10:26 AM, 111.0 , 698.5 , 107.5 , 587.5 ,6760,C2CP - Cobre - 09 Concentrado Colectivo,27.274,25.083,0.000,1.639,10.680,18.30,,
,23-Sep-24,11:11 AM, 109.0 , 987.5 , 327.0 , 878.5 ,6761,C2CP - Cobre - 10 Concentrado Primario L2,23.773,16.195,0.000,1.011,28.440,37.22,,
,23-Sep-24,10:18 AM, 110.5 , 970.5 , 286.5 , 860.0 ,6762,C2CP - Cobre - 11 Concentrado Primario L1,20.476,12.344,0.000,0.727,34.660,33.31,,
,25-Sep-24,12:50 PM, 108.0 , 920.5 , 319.5 , 812.5 ,6767,C2CP - Cobre - 01 Rebose Hidrociclones L1,2.573,0.542,0.000,0.022,0.000,39.32,,
,25-Sep-24,12:35 PM, 110.0 , 907.0 , 287.0 , 797.0 ,6768,C2CP - Cobre - 02 Rebose Hidrociclones L2,2.630,0.516,0.000,0.018,0.000,36.01,,
,25-Sep-24,12:38 PM, 111.0 , 839.5 , 175.0 , 728.5 ,6769,C2CP - Cobre - 03 Relave Final,2.108,0.062,0.000,0.004,0.000,24.02,,
,25-Sep-24,12:43 PM, 108.5 ," 1,055.0 ", 64.5 , 946.5 ,6770,C2CP - Cobre - 04 Cola Scavenger L1,10.508,0.264,0.000,0.008,0.000,6.81,,
,25-Sep-24,12:47 PM, 108.5 ," 1,049.5 ", 66.0 , 941.0 ,6771,C2CP - Cobre - 05 Cola Scavenger L2,10.458,0.312,0.000,0.010,0.000,7.01,,
,25-Sep-24,12:33 PM, 110.5 , 836.5 , 98.0 , 726.0 ,6772,C2CP - Cobre - 07 Concentrado 1ra Limpieza L1,27.500,21.437,0.000,1.036,15.580,13.50,,
,25-Sep-24,12:41 PM, 111.0 , 840.0 , 120.5 , 729.0 ,6773,C2CP - Cobre - 08 Concentrado 1ra Limpieza L2,27.926,22.275,0.000,0.976,14.160,16.53,,
,25-Sep-24,12:44 PM, 111.0 , 839.0 , 157.5 , 728.0 ,6774,C2CP - Cobre - 09 Concentrado Colectivo,27.678,22.817,0.000,0.996,14.280,21.63,,
,25-Sep-24,12:36 PM, 109.0 , 962.0 , 282.0 , 853.0 ,6775,C2CP - Cobre - 10 Concentrado Primario L2,22.688,15.178,0.000,0.738,31.560,33.06,,
,25-Sep-24,12:49 PM, 110.5 , 938.5 , 234.5 , 828.0 ,6776,C2CP - Cobre - 11 Concentrado Primario L1,20.107,12.024,0.000,0.640,39.060,28.32,,
,27-Sep-24,12:20 PM, 108.0 , 891.5 , 291.5 , 783.5 ,1727456873,C2CP - Cobre - 01 Rebose Hidrociclones L1,2.221,0.554,0.027,0.021,0.000,37.20,,
,27-Sep-24,12:22 PM, 110.0 , 906.5 , 289.5 , 796.5 ,1727456875,C2CP - Cobre - 02 Rebose Hidrociclones L2,2.291,0.531,0.028,0.024,0.000,36.35,,
,27-Sep-24,12:10 PM, 111.0 , 826.0 , 179.0 , 715.0 ,1727456809,C2CP - Cobre - 03 Relave Final,1.867,0.038,0.000,0.004,0.000,25.03,,
,27-Sep-24,12:14 PM, 108.5 ," 1,057.0 ", 105.0 , 948.5 ,1727456811,C2CP - Cobre - 04 Cola Scavenger L1,14.395,0.194,0.000,0.007,0.000,11.07,,
,27-Sep-24,12:17 PM, 108.5 ," 1,047.5 ", 111.5 , 939.0 ,1727456813,C2CP - Cobre - 05 Cola Scavenger L2,14.352,0.201,0.000,0.006,0.000,11.87,,
,27-Sep-24,12:25 PM, 110.5 , 785.0 , 55.5 , 674.5 ,1727457163,C2CP - Cobre - 07 Concentrado 1ra Limpieza L1,28.730,20.993,1.424,1.138,11.420,8.23,,
,27-Sep-24,12:29 PM, 111.0 , 818.5 , 112.5 , 707.5 ,1727457166,C2CP - Cobre - 08 Concentrado 1ra Limpieza L2,28.976,21.782,1.331,1.008,11.160,15.90,,
,27-Sep-24,12:32 PM, 111.0 , 856.5 , 181.5 , 745.5 ,1727457168,C2CP - Cobre - 09 Concentrado Colectivo,28.942,23.999,1.404,0.979,9.220,24.35,,
,27-Sep-24,12:26 PM, 109.0 , 951.5 , 254.5 , 842.5 ,1727457164,C2CP - Cobre - 10 Concentrado Primario L2,22.426,13.306,0.692,0.668,32.140,30.21,,
,27-Sep-24,12:30 PM, 110.5 , 939.5 , 228.5 , 829.0 ,1727457167,C2CP - Cobre - 11 Concentrado Primario L1,23.283,14.242,0.755,0.753,29.620,27.56,,
,30-Sep-24,11:21 AM, 110.5 , 825.5 , 124.0 , 715.0 ,1727713220,C2CP - Cobre - 01 Rebose Hidrociclones L1,2.418,0.404,0.007,0.016,0.000,17.34,,
,30-Sep-24,11:10 AM, 111.0 , 793.5 , 107.0 , 682.5 ,1727712460,C2CP - Cobre - 02 Rebose Hidrociclones L2,2.533,0.333,0.006,0.013,0.000,15.68,,
,30-Sep-24,10:54 AM, 109.0 , 787.5 , 124.0 , 678.5 ,1727711478,C2CP - Cobre - 03 Relave Final,1.295,0.033,0.000,0.003,0.000,18.28,,
,30-Sep-24,10:57 AM, 110.5 ," 1,081.5 ", 113.0 , 971.0 ,1727711480,C2CP - Cobre - 04 Cola Scavenger L1,10.967,0.123,0.000,0.006,0.000,11.64,,
,30-Sep-24,11:00 AM, 108.5 ," 1,078.5 ", 116.0 , 970.0 ,1727711481,C2CP - Cobre - 05 Cola Scavenger L2,10.687,0.116,0.000,0.005,0.000,11.96,,
,30-Sep-24,11:13 AM, 112.0 , 782.5 , 53.5 , 670.5 ,1727712554,C2CP - Cobre - 07 Concentrado 1ra Limpieza L1,30.160,17.643,0.153,1.021,13.980,7.98,,
,30-Sep-24,11:17 AM, 110.0 , 851.5 , 167.0 , 741.5 ,1727712557,C2CP - Cobre - 08 Concentrado 1ra Limpieza L2,30.613,17.643,0.144,1.043,13.460,22.52,,
,30-Sep-24,11:20 AM, 110.0 , 815.0 , 117.5 , 705.0 ,1727712561,C2CP - Cobre - 09 Concentrado Colectivo,29.504,18.833,0.167,1.270,14.820,16.67,,
,30-Sep-24,11:14 AM, 109.5 , 954.5 , 228.5 , 845.0 ,1727712556,C2CP - Cobre - 10 Concentrado Primario L2,26.581,14.075,0.120,0.630,26.820,27.04,,
,30-Sep-24,11:18 AM, 110.0 , 971.5 , 270.5 , 861.5 ,1727712560,C2CP - Cobre - 11 Concentrado Primario L1,24.212,12.489,0.121,0.620,32.660,31.40,,
,02-Oct-24,10:22 AM, 108.0 , 889.0 , 297.0 , 781.0 ,1727882466,C2CP - Cobre - 01 Rebose Hidrociclones L1,2.157,0.445,0.012,0.014,0.000,38.03,,
,02-Oct-24,10:25 AM, 110.0 , 887.5 , 271.5 , 777.5 ,1727882487,C2CP - Cobre - 02 Rebose Hidrociclones L2,2.288,0.440,0.012,0.014,0.000,34.92,,
,02-Oct-24,10:27 AM, 111.0 , 834.5 , 150.0 , 723.5 ,1727882496,C2CP - Cobre - 03 Relave Final,1.754,0.039,0.000,0.003,0.000,20.73,,
,02-Oct-24,10:31 AM, 108.5 ," 1,071.5 ", 104.5 , 963.0 ,1727882498,C2CP - Cobre - 04 Cola Scavenger L1,9.243,0.155,0.000,0.008,0.000,10.85,,
,02-Oct-24,10:34 AM, 108.5 ," 1,073.5 ", 105.0 , 965.0 ,1727882501,C2CP - Cobre - 05 Cola Scavenger L2,8.873,0.137,0.000,0.006,0.000,10.88,,
,02-Oct-24,10:36 AM, 111.0 , 876.5 , 186.0 , 765.5 ,1727882801,C2CP - Cobre - 07 Concentrado 1ra Limpieza L1,31.055,22.599,0.404,0.773,7.940,24.30,,
,02-Oct-24,10:40 AM, 110.0 , 796.0 , 56.5 , 686.0 ,1727882803,C2CP - Cobre - 08 Concentrado 1ra Limpieza L2,30.871,21.212,0.381,0.889,8.720,8.24,,
,02-Oct-24,10:43 AM, 111.0 , 818.0 , 128.0 , 707.0 ,1727882806,C2CP - Cobre - 09 Concentrado Colectivo,29.005,25.127,0.481,0.881,6.300,18.10,,
,02-Oct-24,11:03 AM, 109.0 , 874.0 , 140.0 , 765.0 ,1727884757,C2CP - Cobre - 10 Concentrado Primario L2,22.635,15.711,0.331,0.638,27.360,18.30,,
,02-Oct-24,10:46 AM, 109.5 , 975.0 , 279.0 , 865.5 ,1727882811,C2CP - Cobre - 11 Concentrado Primario L1,18.118,15.463,0.328,0.630,26.160,32.24,,
,04-Oct-24,10:30 AM, 110.5 , 898.0 , 287.5 , 787.5 ,1728055776,C2CP - Cobre - 01 Rebose Hidrociclones L1,1.909,0.559,0.000,0.023,0.000,36.51,,
,04-Oct-24,10:33 AM, 111.0 , 902.0 , 276.0 , 791.0 ,1728055874,C2CP - Cobre - 02 Rebose Hidrociclones L2,2.052,0.561,0.000,0.025,0.000,34.89,,
,04-Oct-24,10:35 AM, 109.0 , 832.0 , 153.5 , 723.0 ,1728055883,C2CP - Cobre - 03 Relave Final,1.424,0.053,0.000,0.004,0.000,21.23,,
,04-Oct-24,10:39 AM, 110.5 ," 1,018.5 ", 94.0 , 908.0 ,1728056041,C2CP - Cobre - 04 Cola Scavenger L1,7.811,0.105,0.000,0.009,0.000,10.35,,
,04-Oct-24,10:42 AM, 108.5 ," 1,008.0 ", 93.5 , 899.5 ,1728056044,C2CP - Cobre - 05 Cola Scavenger L2,7.774,0.094,0.000,0.008,0.000,10.39,,
,04-Oct-24,10:47 AM, 111.0 , 763.0 , 47.0 , 652.0 ,1728056604,C2CP - Cobre - 07 Concentrado 1ra Limpieza L1,30.600,25.669,0.000,1.298,6.600,7.21,,
,04-Oct-24,10:51 AM, 110.0 , 834.5 , 138.0 , 724.5 ,1728056606,C2CP - Cobre - 08 Concentrado 1ra Limpieza L2,30.426,25.619,0.000,1.156,6.520,19.05,,
,04-Oct-24,10:53 AM, 110.0 , 788.5 , 126.5 , 678.5 ,1728056608,C2CP - Cobre - 09 Concentrado Colectivo,30.062,29.365,0.000,1.049,3.940,18.64,,
,04-Oct-24,10:55 AM, 109.5 ," 1,034.5 ", 379.5 , 925.0 ,1728056954,C2CP - Cobre - 10 Concentrado Primario L2,27.545,18.578,0.000,0.876,18.800,41.03,,
,04-Oct-24,10:57 AM, 110.0 ," 1,045.0 ", 402.0 , 935.0 ,1728056957,C2CP - Cobre - 11 Concentrado Primario L1,26.304,17.928,0.000,0.849,21.540,42.99,,
,07-Oct-24,11:15 AM, 110.5 , 911.5 , 296.5 , 801.0 ,1728317179,C2CP - Cobre - 01 Rebose Hidrociclones L1,2.521,0.530,0.011,0.024,0.000,37.02,,
,07-Oct-24,11:00 AM, 111.0 , 899.0 , 298.0 , 788.0 ,1728316507,C2CP - Cobre - 02 Rebose Hidrociclones L2,2.434,0.507,0.011,0.021,0.000,37.82,,
,07-Oct-24,11:03 AM, 109.0 , 823.0 , 171.0 , 714.0 ,1728316509,C2CP - Cobre - 03 Relave Final,1.997,0.060,0.000,0.004,0.000,23.95,,
,07-Oct-24,11:12 AM, 110.5 ," 1,025.0 ", 101.0 , 914.5 ,1728317147,C2CP - Cobre - 04 Cola Scavenger L1,9.508,0.442,0.000,0.010,0.000,11.04,,
,07-Oct-24,11:06 AM, 108.5 ," 1,022.5 ", 104.0 , 914.0 ,1728316516,C2CP - Cobre - 05 Cola Scavenger L2,9.082,0.421,0.000,0.008,0.000,11.38,,
,07-Oct-24,10:59 AM, 111.0 , 756.0 , 68.5 , 645.0 ,1728316503,C2CP - Cobre - 07 Concentrado 1ra Limpieza L1,27.448,25.325,0.334,1.084,8.140,10.62,,
,07-Oct-24,11:10 AM, 110.0 , 795.5 , 126.5 , 685.5 ,1728316525,C2CP - Cobre - 08 Concentrado 1ra Limpieza L2,27.005,25.672,0.341,1.109,7.560,18.45,,
,07-Oct-24,11:17 AM, 109.5 , 999.5 , 334.0 , 890.0 ,1728317232,C2CP - Cobre - 10 Concentrado Primario L2,23.275,17.049,0.214,0.777,24.640,37.53,,
,07-Oct-24,11:19 AM, 110.0 ," 1,020.0 ", 338.5 , 910.0 ,1728317235,C2CP - Cobre - 11 Concentrado Primario L1,23.294,15.909,0.207,0.784,26.400,37.20,,
,09-Oct-24,4:20 PM, 110.5 , 870.5 , 296.0 , 760.0 ,1728508643,C2CP - Cobre - 01 Rebose Hidrociclones L1,3.160,0.593,0.000,0.022,0.000,38.95,,
,09-Oct-24,4:23 PM, 111.0 , 862.5 , 282.5 , 751.5 ,1728508647,C2CP - Cobre - 02 Rebose Hidrociclones L2,3.027,0.517,0.000,0.022,0.000,37.59,,
,09-Oct-24,4:25 PM, 109.0 , 808.5 , 172.5 , 699.5 ,1728508649,C2CP - Cobre - 03 Relave Final,2.600,0.059,0.000,0.004,0.000,24.66,,
,09-Oct-24,4:29 PM, 110.5 , 960.0 , 75.0 , 849.5 ,1728508653,C2CP - Cobre - 04 Cola Scavenger L1,9.222,0.373,0.000,0.007,0.000,8.83,,
,09-Oct-24,4:32 PM, 108.5 , 966.5 , 76.0 , 858.0 ,1728508655,C2CP - Cobre - 05 Cola Scavenger L2,9.278,0.362,0.000,0.006,0.000,8.86,,
,09-Oct-24,4:35 PM, 111.0 , 720.0 , 48.5 , 609.0 ,1728508658,C2CP - Cobre - 07 Concentrado 1ra Limpieza L1,29.513,25.070,0.000,1.139,8.080,7.96,,
,09-Oct-24,4:38 PM, 110.0 , 783.5 , 178.5 , 673.5 ,1728508664,C2CP - Cobre - 08 Concentrado 1ra Limpieza L2,29.531,25.170,0.000,0.962,7.600,26.50,,
,09-Oct-24,4:31 PM, 110.0 , 739.5 , 127.0 , 629.5 ,1728508665,C2CP - Cobre - 09 Concentrado Colectivo,29.281,27.367,0.000,1.097,5.880,20.17,,
,09-Oct-24,4:43 PM, 109.5 , 935.0 , 298.0 , 825.5 ,1728508666,C2CP - Cobre - 10 Concentrado Primario L2,24.899,17.379,0.000,0.665,24.800,36.10,,
,09-Oct-24,4:45 PM, 110.0 , 942.5 , 288.5 , 832.5 ,1728508667,C2CP - Cobre - 11 Concentrado Primario L1,23.554,15.182,0.000,0.653,28.720,34.65,,
,14-Oct-24,5:41 PM, 108.0 , 940.0 , 348.0 , 832.0 ,1728945332,C2CP - Cobre - 01 Rebose Hidrociclones L1,2.376,0.633,0.007,0.031,0.000,41.83,,
,14-Oct-24,5:47 PM, 111.0 , 818.0 , 149.0 , 707.0 ,1728945343,C2CP - Cobre - 03 Relave Final,1.699,0.055,0.000,0.006,0.000,21.07,,
,14-Oct-24,5:52 PM, 108.5 , 970.0 , 79.0 , 861.5 ,1728945346,C2CP - Cobre - 04 Cola Scavenger L1,6.152,0.194,0.000,0.007,0.000,9.17,,
,14-Oct-24,5:57 PM, 108.5 , 983.5 , 78.0 , 875.0 ,1728945349,C2CP - Cobre - 05 Cola Scavenger L2,6.181,0.194,0.000,0.007,0.000,8.91,,
,14-Oct-24,5:54 PM, 111.0 , 761.5 , 57.5 , 650.5 ,1728945347,C2CP - Cobre - 07 Concentrado 1ra Limpieza L1,29.418,20.326,0.111,1.158,15.480,8.84,,
,14-Oct-24,5:49 PM, 110.0 , 846.0 , 206.0 , 736.0 ,1728945344,C2CP - Cobre - 08 Concentrado 1ra Limpieza L2,30.248,21.274,0.109,1.055,12.880,27.99,,
,14-Oct-24,5:42 PM, 111.0 , 830.0 , 191.0 , 719.0 ,1728945336,C2CP - Cobre - 09 Concentrado Colectivo,29.251,21.125,0.102,1.059,15.440,26.56,,
,14-Oct-24,5:45 PM, 109.0 , 966.5 , 284.0 , 857.5 ,1728945341,C2CP - Cobre - 10 Concentrado Primario L2,20.837,15.681,0.096,0.747,35.300,33.12,,
,14-Oct-24,5:39 PM, 110.5 , 986.5 , 294.0 , 876.0 ,1728945327,C2CP - Cobre - 11 Concentrado Primario L1,19.002,13.184,0.080,0.708,40.960,33.56,,
,23-Oct-24,10:07 AM, 110.5 , 900.0 , 298.0 , 789.5 ,1729695755,C2CP - Cobre - 01 Rebose Hidrociclones L1,3.017,0.390,0.000,0.018,0.000,37.75,,
,23-Oct-24,10:10 AM, 110.0 , 913.5 , 307.0 , 803.5 ,1729695760,C2CP - Cobre - 02 Rebose Hidrociclones L2,3.148,0.439,0.000,0.019,0.000,38.21,,
,23-Oct-24,10:12 AM, 109.0 , 831.0 , 167.5 , 722.0 ,1729695763,C2CP - Cobre - 03 Relave Final,3.318,0.055,0.000,0.004,0.000,23.20,,
,23-Oct-24,10:16 AM, 108.5 , 960.0 , 93.5 , 851.5 ,1729695765,C2CP - Cobre - 04 Cola Scavenger L1,7.240,0.162,0.000,0.007,0.000,10.98,,
,23-Oct-24,10:06 AM, 110.5 , 734.5 , 56.5 , 624.0 ,1729695734,C2CP - Cobre - 07 Concentrado 1ra Limpieza L1,28.041,19.059,0.000,1.230,7.050,9.05,,
,23-Oct-24,10:18 AM, 110.0 , 854.0 , 219.5 , 744.0 ,1729696410,C2CP - Cobre - 08 Concentrado 1ra Limpieza L2,28.697,20.738,0.000,1.086,5.830,29.50,,
,23-Oct-24,10:21 AM, 110.0 , 823.5 , 178.0 , 713.5 ,1729696413,C2CP - Cobre - 09 Concentrado Colectivo,28.560,24.786,0.000,1.097,3.970,24.95,,
,23-Oct-24,10:23 AM, 109.5 , 964.5 , 303.5 , 855.0 ,1729696415,C2CP - Cobre - 10 Concentrado Primario L2,23.221,17.676,0.000,0.847,13.210,35.50,,
,23-Oct-24,10:25 AM, 110.0 , 986.5 , 308.5 , 876.5 ,1729696417,C2CP - Cobre - 11 Concentrado Primario L1,22.331,16.788,0.000,0.804,13.850,35.20,,
,25-Oct-24,4:45 PM, 108.0 , 945.5 , 343.5 , 837.5 ,1729892616,C2CP - Cobre - 01 Rebose Hidrociclones L1,1.998,0.557,0.000,0.025,0.000,41.01,,
,25-Oct-24,4:49 PM, 111.0 , 734.5 , 230.5 , 623.5 ,1729892641,C2CP - Cobre - 02 Rebose Hidrociclones L2,2.121,0.608,0.000,0.025,0.000,36.97,,
,25-Oct-24,4:53 PM, 111.0 , 830.5 , 157.5 , 719.5 ,1729892652,C2CP - Cobre - 03 Relave Final,1.656,0.074,0.000,0.005,0.000,21.89,,
,25-Oct-24,4:57 PM, 110.0 ," 1,001.5 ", 94.0 , 891.5 ,1729892663,C2CP - Cobre - 04 Cola Scavenger L1,6.437,0.138,0.000,0.009,0.000,10.54,,
,25-Oct-24,5:01 PM, 108.5 , 612.5 , 73.0 , 504.0 ,1729892675,C2CP - Cobre - 05 Cola Scavenger L2,6.073,0.123,0.000,0.008,0.000,14.48,,
,25-Oct-24,4:48 PM, 111.0 , 742.0 , 55.0 , 631.0 ,1729892637,C2CP - Cobre - 07 Concentrado 1ra Limpieza L1,27.261,20.046,0.000,1.356,14.180,8.72,,
,25-Oct-24,4:51 PM, 110.0 , 851.0 , 193.0 , 741.0 ,1729892646,C2CP - Cobre - 08 Concentrado 1ra Limpieza L2,26.921,23.305,0.000,1.110,11.980,26.05,,
,25-Oct-24,5:04 PM, 108.0 , 807.0 , 184.5 , 699.0 ,1729893561,C2CP - Cobre - 09 Concentrado Colectivo,27.041,25.675,0.000,1.244,9.360,26.39,,
,25-Oct-24,4:54 PM, 109.0 ," 1,008.5 ", 351.5 , 899.5 ,1729892657,C2CP - Cobre - 10 Concentrado Primario L2,22.318,19.256,0.000,0.863,26.000,39.08,,
,25-Oct-24,5:02 PM, 110.5 ," 1,015.5 ", 344.0 , 905.0 ,1729892679,C2CP - Cobre - 11 Concentrado Primario L1,21.616,17.380,0.000,0.828,29.580,38.01,,
,30-Oct-24,5:28 PM, 110.5 , 936.0 , 369.5 , 825.5 ,1730326159,C2CP - Cobre - 01 Rebose Hidrociclones L1,2.084,0.594,0.011,0.035,0.000,44.76,,
,30-Oct-24,5:48 PM, 110.0 , 925.5 , 332.5 , 815.5 ,1730328344,C2CP - Cobre - 02 Rebose Hidrociclones L2,2.300,0.576,0.011,0.031,0.000,40.77,,
,30-Oct-24,5:25 PM, 109.0 , 804.5 , 136.0 , 695.5 ,1730326155,C2CP - Cobre - 03 Relave Final,1.616,0.060,0.000,0.006,0.000,19.55,,
,30-Oct-24,5:18 PM, 110.0 , 975.0 , 99.5 , 865.0 ,1730326147,C2CP - Cobre - 04 Cola Scavenger L1,3.534,0.076,0.000,0.005,0.000,11.50,,
,30-Oct-24,5:13 PM, 108.5 , 954.5 , 99.5 , 846.0 ,1730326142,C2CP - Cobre - 05 Cola Scavenger L2,3.477,0.073,0.000,0.005,0.000,11.76,,
,30-Oct-24,5:15 PM, 110.5 , 599.0 , 32.5 , 488.5 ,1730326144,C2CP - Cobre - 07 Concentrado 1ra Limpieza L1,25.203,23.305,0.284,1.509,16.100,6.65,,
,30-Oct-24,5:23 PM, 110.0 , 806.0 , 153.0 , 696.0 ,1730326154,C2CP - Cobre - 08 Concentrado 1ra Limpieza L2,25.102,23.404,0.273,1.504,16.120,21.98,,
,30-Oct-24,5:41 PM, 110.0 , 771.0 , 162.0 , 661.0 ,1730327875,C2CP - Cobre - 09 Concentrado Colectivo,26.270,26.169,0.294,1.491,11.660,24.51,,
,30-Oct-24,5:19 PM, 109.5 , 935.0 , 262.5 , 825.5 ,1730326149,C2CP - Cobre - 10 Concentrado Primario L2,16.916,16.096,0.179,0.899,39.500,31.80,,
,30-Oct-24,5:26 PM, 110.0 , 918.5 , 257.5 , 808.5 ,1730326157,C2CP - Cobre - 11 Concentrado Primario L1,16.916,15.109,0.183,0.781,41.680,31.85,,
,01-Nov-24,12:11 PM, 110.5 , 949.0 , 344.5 , 838.5 ,1730480658,C2CP - Cobre - 01 Rebose Hidrociclones L1,2.278,0.617,0.006,0.026,0.000,41.09,,
,01-Nov-24,12:18 PM, 109.0 , 824.0 , 135.5 , 715.0 ,1730480667,C2CP - Cobre - 03 Relave Final,1.673,0.059,0.000,0.004,0.000,18.95,,
,01-Nov-24,12:23 PM, 110.0 , 978.0 , 98.5 , 868.0 ,1730480670,C2CP - Cobre - 04 Cola Scavenger L1,8.429,0.100,0.000,0.026,0.000,11.35,,
,01-Nov-24,12:26 PM, 108.5 , 975.0 , 98.5 , 866.5 ,1730480672,C2CP - Cobre - 05 Cola Scavenger L2,8.411,0.107,0.000,0.027,0.000,11.37,,
,01-Nov-24,12:08 PM, 110.5 , 719.5 , 37.5 , 609.0 ,1730480655,C2CP - Cobre - 07 Concentrado 1ra Limpieza L1,26.184,22.599,0.213,1.374,14.280,6.16,,
,01-Nov-24,12:13 PM, 110.0 , 806.5 , 170.0 , 696.5 ,1730480660,C2CP - Cobre - 08 Concentrado 1ra Limpieza L2,25.981,23.343,0.191,1.216,13.060,24.41,,
,01-Nov-24,12:17 PM, 110.0 , 766.5 , 126.0 , 656.5 ,1730480665,C2CP - Cobre - 09 Concentrado Colectivo,26.953,26.713,0.197,1.185,9.040,19.19,,
,01-Nov-24,12:09 PM, 109.5 , 974.0 , 302.0 , 864.5 ,1730480656,C2CP - Cobre - 10 Concentrado Primario L2,20.492,16.256,0.123,0.783,32.500,34.93,,
,01-Nov-24,12:20 PM, 110.0 , 993.5 , 304.0 , 883.5 ,1730480668,C2CP - Cobre - 11 Concentrado Primario L1,20.139,16.057,0.116,0.751,34.380,34.41,,
,04-Nov-24,10:31 AM, 110.5 , 908.5 , 354.0 , 798.0 ,1730734075,C2CP - Cobre - 01 Rebose Hidrociclones L1,4.401,0.399,0.016,0.029,0.000,44.36,,
,04-Nov-24,11:05 AM, 110.0 , 927.0 , 308.5 , 817.0 ,1730736233,C2CP - Cobre - 02 Rebose Hidrociclones L2,4.366,0.462,0.018,0.033,0.000,37.76,,
,04-Nov-24,10:34 AM, 109.0 , 880.5 , 236.0 , 771.5 ,1730734078,C2CP - Cobre - 03 Relave Final,5.042,0.079,0.000,0.011,0.000,30.59,,
,04-Nov-24,10:37 AM, 108.5 , 963.5 , 87.5 , 855.0 ,1730734080,C2CP - Cobre - 04 Cola Scavenger L1,4.083,0.075,0.000,0.016,0.000,10.23,,
,04-Nov-24,10:41 AM, 108.5 , 955.5 , 88.0 , 847.0 ,1730734082,C2CP - Cobre - 05 Cola Scavenger L2,4.120,0.058,0.000,0.015,0.000,10.39,,
,04-Nov-24,10:43 AM, 110.5 , 724.0 , 53.0 , 613.5 ,1730734083,C2CP - Cobre - 07 Concentrado 1ra Limpieza L1,25.979,26.515,0.322,1.601,10.220,8.64,,
,04-Nov-24,10:47 AM, 110.0 , 766.0 , 129.0 , 656.0 ,1730734084,C2CP - Cobre - 08 Concentrado 1ra Limpieza L2,26.764,27.555,0.305,1.380,8.720,19.66,,
,04-Nov-24,11:10 AM, 110.0 ," 1,243.0 ", 236.5 ," 1,133.0 ",1730736525,C2CP - Cobre - 09 Concentrado Colectivo,27.071,28.943,0.310,1.347,6.780,20.87,,
,04-Nov-24,10:51 AM, 109.5 , 542.5 , 123.5 , 433.0 ,1730734089,C2CP - Cobre - 10 Concentrado Primario L2,16.957,14.670,0.186,0.901,40.700,28.52,,
,04-Nov-24,10:53 AM, 110.0 , 921.0 , 253.0 , 811.0 ,1730734091,C2CP - Cobre - 11 Concentrado Primario L1,18.161,16.652,0.232,1.101,36.580,31.20,,
,06-Nov-24,11:17 AM, 110.0 , 727.0 , 223.0 , 617.0 ,1730910276,C2CP - Cobre - 02 Rebose Hidrociclones L2,2.293,0.752,0.000,0.038,0.000,36.14,,
,06-Nov-24,11:30 AM, 109.0 , 819.0 , 155.0 , 710.0 ,1730910484,C2CP - Cobre - 03 Relave Final,1.273,0.085,0.000,0.007,0.000,21.83,,
,06-Nov-24,11:33 AM, 108.5 ," 1,002.0 ", 107.0 , 893.5 ,1730910488,C2CP - Cobre - 04 Cola Scavenger L1,10.763,0.205,0.000,0.022,0.000,11.98,,
,06-Nov-24,11:37 AM, 108.5 , 971.5 , 99.5 , 863.0 ,1730910492,C2CP - Cobre - 05 Cola Scavenger L2,10.561,0.180,0.000,0.020,0.000,11.53,,
,06-Nov-24,11:42 AM, 110.0 , 892.5 , 251.0 , 782.5 ,1730810497,C2CP - Cobre - 08 Concentrado 1ra Limpieza L2,30.352,16.206,0.000,0.936,0.000,32.08,,
,06-Nov-24,11:43 AM, 109.5 ," 1,034.0 ", 361.5 , 924.5 ,1730910502,C2CP - Cobre - 10 Concentrado Primario L2,26.997,13.282,0.000,0.743,21.280,39.10,,
,06-Nov-24,11:46 AM, 110.0 ," 1,038.5 ", 354.5 , 928.5 ,1730910504,C2CP - Cobre - 11 Concentrado Primario L1,26.390,12.588,0.000,0.743,23.640,38.18,,
,25-Nov-24,11:17 AM, 110.0 , 921.5 , 296.5 , 811.5 ,,,,,,,,36.54,,
,25-Nov-24,11:04 AM, 109.0 , 870.0 , 190.0 , 761.0 ,,,,,,,,24.97,,
,25-Nov-24,11:00 AM, 108.5 ," 1,170.0 ", 75.5 ," 1,061.5 ",,,,,,,,7.11,,
,25-Nov-24,11:07 AM, 108.5 ," 1,136.5 ", 76.5 ," 1,028.0 ",,,,,,,,7.44,,
,25-Nov-24,11:09 AM, 110.5 , 820.5 , 67.5 , 710.0 ,,,,,,,,9.51,,
,25-Nov-24,11:54 AM, 110.0 , 866.5 , 124.0 , 756.5 ,,,,,,,,16.39,,
,25-Nov-24,11:12 AM, 110.0 , 834.0 , 170.5 , 724.0 ,,,,,,,,23.55,,
,25-Nov-24,11:14 AM, 109.5 , 934.5 , 228.5 , 825.0 ,,,,,,,,27.70,,
,25-Nov-24,12:14 PM, 110.0 , 894.0 , 198.5 , 784.0 ,,,,,,,,25.32,,
,02-Dec-24,11:13 AM, 111.0 , 919.0 , 309.5 , 808.0 ,1733155842,C2CP - Cobre - 02 Rebose Hidrociclones L2,3.260,0.356,0.009,0.011,0.000,38.30,,
,02-Dec-24,11:15 AM, 111.0 , 838.5 , 174.5 , 727.5 ,1733155847,C2CP - Cobre - 03 Relave Final,2.692,0.052,0.000,0.005,0.000,23.99,,
,02-Dec-24,11:26 AM, 108.5 ," 1,102.0 ", 40.0 , 993.5 ,1733156586,C2CP - Cobre - 04 Cola Scavenger L1,9.826,0.461,0.000,0.018,0.000,4.03,,
,02-Dec-24,11:22 AM, 108.5 ," 1,114.0 ", 60.5 ," 1,005.5 ",1733155853,C2CP - Cobre - 05 Cola Scavenger L2,10.038,0.490,0.000,0.020,0.000,6.02,,
,02-Dec-24,11:41 AM, 110.5 , 804.0 , 38.5 , 693.5 ,1733157298,C2CP - Cobre - 07 Concentrado 1ra Limpieza L1,27.854,24.384,0.251,0.603,8.920,5.55,,
,02-Dec-24,11:34 AM, 110.0 , 884.0 , 174.0 , 774.0 ,1733156820,C2CP - Cobre - 08 Concentrado 1ra Limpieza L2,28.141,23.690,0.240,0.657,9.560,22.48,,
,02-Dec-24,11:37 AM, 111.0 , 825.5 , 148.5 , 714.5 ,1733156824,C2CP - Cobre - 09 Concentrado Colectivo,27.807,26.415,0.265,0.645,7.580,20.78,,
,04-Dec-24,11:55 AM, 110.0 , 913.0 , 319.5 , 803.0 ,1733330548,C2CP - Cobre - 02 Rebose Hidrociclones L2,2.680,0.470,0.008,0.018,0.000,39.79,,
,04-Dec-24,11:32 AM, 109.0 , 561.5 , 108.0 , 452.5 ,1733329774,C2CP - Cobre - 03 Relave Final,2.522,0.058,0.000,0.005,0.000,23.87,,
,04-Dec-24,11:35 AM, 110.5 ," 1,046.5 ", 76.5 , 936.0 ,1733329777,C2CP - Cobre - 04 Cola Scavenger L1,7.328,0.255,0.000,0.012,0.000,8.17,,
,04-Dec-24,11:38 AM, 108.5 , 914.0 , 71.0 , 805.5 ,1733329779,C2CP - Cobre - 05 Cola Scavenger L2,7.330,0.265,0.000,0.014,0.000,8.81,,
,04-Dec-24,11:46 AM, 110.5 , 684.0 , 15.0 , 573.5 ,1733330542,C2CP - Cobre - 07 Concentrado 1ra Limpieza L1,24.549,21.492,0.226,0.818,14.340,2.62,,
,04-Dec-24,11:51 AM, 110.0 , 777.5 , 40.0 , 667.5 ,1733330544,C2CP - Cobre - 08 Concentrado 1ra Limpieza L2,23.690,16.119,0.175,1.007,26.580,5.99,,
,04-Dec-24,11:53 AM, 110.0 , 823.0 , 171.0 , 713.0 ,1733330546,C2CP - Cobre - 09 Concentrado Colectivo,28.181,24.477,0.280,0.918,10.440,23.98,,
,04-Dec-24,11:56 AM, 109.5 , 938.5 , 277.0 , 829.0 ,1733330551,C2CP - Cobre - 10 Concentrado Primario L2,23.063,17.960,0.175,0.688,23.200,33.41,,
,04-Dec-24,11:42 AM, 110.0 , 880.5 , 221.0 , 770.5 ,1733329790,C2CP - Cobre - 11 Concentrado Primario L1,22.495,15.174,0.141,0.644,28.120,28.68,,
,10-Dec-24,1:36 AM, 111.0 , 799.0 , 296.0 , 688.0 ,1733812404,C2CP - Cobre - 02 Rebose Hidrociclones L2,3.049,0.695,0.000,0.044,0.000,43.02,,
,10-Dec-24,1:22 AM, 108.5 , 960.0 , 46.0 , 851.5 ,1733811358,C2CP - Cobre - 04 Cola Scavenger L1,11.703,0.374,0.000,0.024,0.000,5.40,,
,10-Dec-24,1:29 AM, 108.5 , 975.5 , 52.0 , 867.0 ,1733811997,C2CP - Cobre - 05 Cola Scavenger L2,11.409,0.321,0.000,0.020,0.000,6.00,,
,10-Dec-24,1:19 AM, 110.5 , 695.0 , 13.0 , 584.5 ,1733811345,C2CP - Cobre - 07 Concentrado 1ra Limpieza L1,27.668,25.472,0.000,1.446,10.800,2.22,,
,10-Dec-24,1:10 AM, 111.0 , 601.0 , 106.5 , 490.0 ,1733810631,C2CP - Cobre - 09 Concentrado Colectivo,27.568,26.567,0.000,1.800,9.020,21.73,,
,10-Dec-24,1:24 AM, 110.5 , 863.0 , 272.5 , 752.5 ,1733811684,C2CP - Cobre - 10 Concentrado Primario L2,22.605,20.099,0.000,1.316,25.880,36.21,,
,10-Dec-24,1:31 AM, 110.5 , 327.0 , 24.5 , 216.5 ,1733812042,C2CP - Cobre - 11 Concentrado Primario L1,20.969,21.442,0.000,2.035,25.920,11.32,,
,13-Dec-24,9:36 AM, 109.0 , 861.5 , 235.0 , 752.5 ,1734100327,C2CP - Cobre - 03 Relave Final,2.298,0.079,0.000,0.006,0.000,31.23,,
,13-Dec-24,9:40 AM, 110.5 ," 1,091.8 ", 78.0 , 981.3 ,1734100370,C2CP - Cobre - 04 Cola Scavenger L1,8.361,0.253,0.000,0.011,0.000,7.95,,
,13-Dec-24,9:43 AM, 108.5 ," 1,091.2 ", 83.0 , 982.7 ,1734100375,C2CP - Cobre - 05 Cola Scavenger L2,7.726,0.214,0.000,0.010,0.000,8.45,,
,13-Dec-24,9:45 AM, 110.5 , 786.0 , 44.5 , 675.5 ,1734100380,C2CP - Cobre - 07 Concentrado 1ra Limpieza L1,29.813,27.799,0.195,0.820,7.300,6.59,,
,13-Dec-24,9:48 AM, 110.0 , 834.5 , 163.0 , 724.5 ,1734100383,C2CP - Cobre - 09 Concentrado Colectivo,28.491,24.733,0.184,0.733,12.440,22.50,,
,13-Dec-24,9:50 AM, 109.5 , 940.5 , 302.5 , 831.0 ,1734100386,C2CP - Cobre - 10 Concentrado Primario L2,23.407,18.104,0.124,0.717,28.840,36.40,,
,13-Dec-24,9:52 AM, 110.0 , 938.2 , 295.0 , 828.2 ,1734100389,C2CP - Cobre - 11 Concentrado Primario L1,22.633,17.956,0.118,0.653,28.160,35.62,,
,16-Dec-24,3:28 PM, 110.5 , 869.5 , 184.0 , 759.0 ,1734380470,C2CP - Cobre - 03 Relave Final,2.138,0.065,0.000,0.008,0.000,24.24,,
,16-Dec-24,3:30 PM, 108.0 , 652.5 , 44.0 , 544.5 ,1734380502,C2CP - Cobre - 07 Concentrado 1ra Limpieza L1,27.143,24.188,0.000,1.286,14.360,8.08,,
,16-Dec-24,3:22 PM, 110.0 , 824.5 , 154.0 , 714.5 ,1734380443,C2CP - Cobre - 09 Concentrado Colectivo,28.019,25.326,0.000,1.299,11.540,21.55,,
,16-Dec-24,3:26 PM, 110.0 , 955.5 , 240.0 , 845.5 ,1734380446,C2CP - Cobre - 10 Concentrado Primario L2,17.013,14.196,0.000,0.898,40.540,28.39,,
,23-Dec-24,10:28 AM, 110.0 ," 1,022.0 ", 360.5 , 912.0 ,1734967525,C2CP - Cobre - 02 Rebose Hidrociclones L2,2.609,0.738,0.007,0.055,0.000,39.53,,
,23-Dec-24,10:31 AM, 109.0 , 957.0 , 229.5 , 848.0 ,1734967541,C2CP - Cobre - 03 Relave Final,1.918,0.067,0.000,0.014,0.000,27.06,,
,23-Dec-24,10:34 AM, 110.5 ," 1,271.5 ", 88.0 ," 1,161.0 ",,C2CP - Cobre - 04 Cola Scavenger L1,,,,,,7.58,,
,23-Dec-24,10:38 AM, 108.5 ," 1,254.0 ", 84.5 ," 1,145.5 ",,C2CP - Cobre - 05 Cola Scavenger L2,,,,,,7.38,,
,23-Dec-24,10:40 AM, 110.5 , 944.0 , 135.0 , 833.5 ,1734967550,C2CP - Cobre - 07 Concentrado 1ra Limpieza L1,29.548,26.761,0.178,2.149,9.020,16.20,,
,23-Dec-24,11:23 AM, 110.0 ," 1,015.5 ", 258.0 , 905.5 ,1734970875,C2CP - Cobre - 09 Concentrado Colectivo,30.027,28.640,0.187,2.122,7.020,28.49,,
,23-Dec-24,10:54 AM, 109.5 ," 1,075.0 ", 357.0 , 965.5 ,1734968918,C2CP - Cobre - 10 Concentrado Primario L2,24.122,20.231,0.144,1.623,26.220,36.98,,
,23-Dec-24,10:56 AM, 110.0 , 983.5 , 192.5 , 873.5 ,1734969224,C2CP - Cobre - 11 Concentrado Primario L1,22.325,20.380,0.143,1.804,28.220,22.04,,
,27-Dec-24,11:17 AM, 110.0 ," 1,022.0 ", 360.5 , 912.0 ,1735315383,C2CP - Cobre - 02 Rebose Hidrociclones L2,2.965,0.515,0.000,0.023,0.000,39.53,,
,27-Dec-24,11:14 AM, 109.0 , 957.0 , 229.5 , 848.0 ,1735315381,C2CP - Cobre - 03 Relave Final,2.655,0.060,0.000,0.006,0.000,27.06,,
,27-Dec-24,11:12 AM, 110.5 ," 1,271.5 ", 88.0 ," 1,161.0 ",1735315380,C2CP - Cobre - 04 Cola Scavenger L1,5.634,0.306,0.000,0.015,0.000,7.58,,
,27-Dec-24,11:08 AM, 108.5 ," 1,254.0 ", 84.5 ," 1,145.5 ",1735315378,C2CP - Cobre - 05 Cola Scavenger L2,5.989,0.302,0.000,0.014,0.000,7.38,,
,27-Dec-24,11:01 AM, 110.5 , 944.0 , 135.0 , 833.5 ,1735314803,C2CP - Cobre - 07 Concentrado 1ra Limpieza L1,25.264,22.487,0.000,1.427,18.400,16.20,,
,27-Dec-24,10:54 AM, 110.0 ," 1,015.5 ", 258.0 , 905.5 ,1735314796,C2CP - Cobre - 09 Concentrado Colectivo,27.639,26.766,0.000,1.486,10.620,28.49,,
,27-Dec-24,10:56 AM, 109.5 ," 1,075.0 ", 357.0 , 965.5 ,1735314799,C2CP - Cobre - 10 Concentrado Primario L2,18.120,13.930,0.000,0.759,41.300,36.98,,
,27-Dec-24,11:06 AM, 110.0 , 983.5 , 192.5 , 873.5 ,1735315372,C2CP - Cobre - 11 Concentrado Primario L1,14.941,11.642,0.000,0.621,49.280,22.04,,
,30-Dec-24,12:42 PM, 110.0 ," 1,047.5 ", 354.0 , 937.5 ,1735580192,C2CP - Cobre - 02 Rebose Hidrociclones L2,2.618,0.622,0.000,0.065,0.000,37.76,,
,30-Dec-24,12:45 PM, 109.0 , 736.5 , 126.0 , 627.5 ,1735580584,C2CP - Cobre - 03 Relave Final,2.272,0.052,0.000,0.013,0.000,20.08,,
,30-Dec-24,12:50 PM, 110.5 ," 1,234.5 ", 64.5 ," 1,124.0 ",1735580603,C2CP - Cobre - 04 Cola Scavenger L1,4.834,0.133,0.000,0.029,0.000,5.74,,
,30-Dec-24,12:53 PM, 108.5 ," 1,269.5 ", 78.5 ," 1,161.0 ",1735581025,C2CP - Cobre - 05 Cola Scavenger L2,4.632,0.124,0.000,0.028,0.000,6.76,,
,30-Dec-24,12:40 PM, 110.5 , 736.5 , 70.0 , 626.0 ,1735580097,C2CP - Cobre - 07 Concentrado 1ra Limpieza L1,25.472,26.716,0.000,3.390,11.620,11.18,,
,30-Dec-24,12:47 PM, 109.5 ," 1,055.0 ", 300.0 , 945.5 ,1735580594,C2CP - Cobre - 10 Concentrado Primario L2,19.325,18.656,0.000,2.029,31.760,31.73,,
,30-Dec-24,12:38 PM, 110.0 ," 1,001.5 ", 202.5 , 891.5 ,1735580096,C2CP - Cobre - 11 Concentrado Primario L1,17.590,17.313,0.000,2.274,36.180,22.71,,
,01-Jan-25,11:24 AM, 111.0 ," 1,030.5 ", 333.5 , 919.5 ,1725748516,C2CP - Cobre - 02 Rebose Hidrociclones L2,3.082,0.481,0.000,0.020,0.000,36.27,,
,01-Jan-25,11:26 AM, 111.0 , 997.5 , 272.5 , 886.5 ,1725748569,C2CP - Cobre - 03 Relave Final,2.881,0.050,0.000,0.004,0.000,30.74,,
,01-Jan-25,12:43 PM, 108.5 ," 1,281.5 ", 76.5 ," 1,173.0 ",1725753212,C2CP - Cobre - 05 Cola Scavenger L2,9.488,0.231,0.000,0.010,0.000,6.52,,
,01-Jan-25,12:44 PM, 111.0 , 963.0 , 173.5 , 852.0 ,1725753242,C2CP - Cobre - 09 Concentrado Colectivo,28.922,23.930,0.000,1.165,0.000,20.36,,
,01-Jan-25,12:49 PM, 108.0 ," 1,060.5 ", 294.5 , 952.5 ,1725753246,C2CP - Cobre - 10 Concentrado Primario L2,21.386,17.363,0.000,1.236,0.000,30.92,,
,13-Jan-25,3:40 PM, 110.0 ," 1,053.5 ", 386.5 , 943.5 ,1736800413,C2CP - Cobre - 02 Rebose Hidrociclones L2,2.068,0.573,0.006,0.051,0.000,40.96,,
,13-Jan-25,3:44 PM, 110.5 ," 1,315.0 ", 120.0 ," 1,204.5 ",1736800437,C2CP - Cobre - 04 Cola Scavenger L1,4.956,0.164,0.000,0.041,0.000,9.96,,
,13-Jan-25,3:47 PM, 108.5 ," 1,309.5 ", 137.0 ," 1,201.0 ",1736800783,C2CP - Cobre - 05 Cola Scavenger L2,4.789,0.151,0.000,0.036,0.000,11.41,,
,13-Jan-25,3:54 PM, 110.5 , 944.5 , 104.0 , 834.0 ,1736801404,C2CP - Cobre - 07 Concentrado 1ra Limpieza L1,26.409,27.661,0.000,2.113,0.000,12.47,,
,13-Jan-25,4:00 PM, 110.0 ," 1,017.5 ", 272.0 , 907.5 ,1736801453,C2CP - Cobre - 08 Concentrado 1ra Limpieza L2,26.350,27.263,0.120,2.115,31.240,29.97,,
,13-Jan-25,4:02 PM, 110.0 ," 1,047.5 ", 258.5 , 937.5 ,1736801456,C2CP - Cobre - 09 Concentrado Colectivo,27.048,29.054,0.134,2.226,5.420,27.57,,
,13-Jan-25,3:49 PM, 109.5 ," 1,086.5 ", 351.5 , 977.0 ,1736801111,C2CP - Cobre - 10 Concentrado Primario L2,20.070,19.403,0.093,1.505,3.400,35.98,,
,13-Jan-25,3:51 PM, 110.0 , 654.0 , 153.5 , 544.0 ,1736801128,C2CP - Cobre - 11 Concentrado Primario L1,18.823,19.801,0.098,1.597,6.840,28.22,,
,20-Jan-25,2:28 PM, 110.5 ," 1,070.0 ", 402.0 , 959.5 ,1737401188,C2CP - Cobre - 01 Rebose Hidrociclones L1,2.884,0.641,0.007,0.036,0.000,41.90,,
,20-Jan-25,2:36 PM, 110.0 ," 1,054.0 ", 377.5 , 944.0 ,1737401557,C2CP - Cobre - 02 Rebose Hidrociclones L2,2.589,0.591,0.007,0.036,0.000,39.99,,
,20-Jan-25,12:37 PM, 109.0 ," 1,021.0 ", 279.5 , 912.0 ,1737394566,C2CP - Cobre - 03 Relave Final,2.169,0.083,0.000,0.008,0.000,30.65,,
,20-Jan-25,12:41 PM, 110.5 ," 1,132.5 ", 89.5 ," 1,022.0 ",1737394642,C2CP - Cobre - 04 Cola Scavenger L1,8.441,0.376,0.000,0.016,0.000,8.76,,
,20-Jan-25,12:47 PM, 110.5 , 981.5 , 136.0 , 871.0 ,1737395002,C2CP - Cobre - 07 Concentrado 1ra Limpieza L1,24.798,24.629,0.188,1.456,11.980,15.61,,
,20-Jan-25,12:53 PM, 110.0 ," 1,035.0 ", 235.5 , 925.0 ,1737395338,C2CP - Cobre - 08 Concentrado 1ra Limpieza L2,24.994,22.941,0.171,1.400,13.120,25.46,,
,20-Jan-25,12:58 PM, 110.0 ," 1,083.0 ", 249.5 , 973.0 ,1737395402,C2CP - Cobre - 09 Concentrado Colectivo,25.441,25.970,0.201,1.510,10.040,25.64,,
,20-Jan-25,12:49 PM, 109.5 ," 1,119.5 ", 354.0 ," 1,010.0 ",1737395008,C2CP - Cobre - 10 Concentrado Primario L2,20.184,18.968,0.146,1.125,27.380,35.05,,
,20-Jan-25,12:57 PM, 110.0 ," 1,057.5 ", 226.0 , 947.5 ,1737395400,C2CP - Cobre - 11 Concentrado Primario L1,17.251,17.528,0.130,1.192,35.600,23.85,,
,22-Jan-25,11:48 AM, 110.5 ," 1,068.0 ", 379.5 , 957.5 ,1737564373,C2CP - Cobre - 01 Rebose Hidrociclones L1,2.453,0.698,0.008,0.044,0.000,39.63,,
,22-Jan-25,11:53 AM, 110.0 ," 1,079.0 ", 386.5 , 969.0 ,1737564578,C2CP - Cobre - 02 Rebose Hidrociclones L2,2.461,0.700,0.007,0.046,0.000,39.89,,
,22-Jan-25,11:56 AM, 109.0 ," 1,001.5 ", 296.0 , 892.5 ,1737564845,C2CP - Cobre - 03 Relave Final,2.165,0.085,0.000,0.009,0.000,33.17,,
,22-Jan-25,12:00 PM, 110.5 ," 1,328.5 ", 119.0 ," 1,218.0 ",1737564847,C2CP - Cobre - 04 Cola Scavenger L1,5.013,0.245,0.000,0.015,0.000,9.77,,
,22-Jan-25,12:02 PM, 110.5 , 953.5 , 100.0 , 843.0 ,1737564889,C2CP - Cobre - 07 Concentrado 1ra Limpieza L1,27.277,24.886,0.157,1.628,12.280,11.86,,
,22-Jan-25,12:06 PM, 110.0 ," 1,026.0 ", 222.0 , 916.0 ,1737564892,C2CP - Cobre - 08 Concentrado 1ra Limpieza L2,27.510,22.964,0.140,1.611,14.060,24.24,,
,22-Jan-25,12:09 PM, 110.0 ," 1,018.5 ", 215.5 , 908.5 ,1737566495,C2CP - Cobre - 09 Concentrado Colectivo,27.468,26.611,0.163,1.670,10.440,23.72,,
,22-Jan-25,12:03 PM, 109.5 ," 1,116.5 ", 337.0 ," 1,007.0 ",1737564891,C2CP - Cobre - 10 Concentrado Primario L2,23.544,19.712,0.133,1.326,26.660,33.47,,
,22-Jan-25,12:07 PM, 110.0 ," 1,100.5 ", 321.0 , 990.5 ,1737564894,C2CP - Cobre - 11 Concentrado Primario L1,20.303,15.868,0.113,1.139,34.800,32.41,,
,27-Jan-25,11:29 AM, 110.5 ," 1,034.0 ", 262.0 , 923.5 ,1737995102,C2CP - Cobre - 07 Concentrado 1ra Limpieza L1,27.560,24.394,0.189,2.713,11.260,28.37,,
,27-Jan-25,11:17 AM, 110.0 , 794.5 , 161.0 , 684.5 ,1737994392,C2CP - Cobre - 08 Concentrado 1ra Limpieza L2,27.384,24.147,0.190,2.969,11.340,23.52,,
,27-Jan-25,11:23 AM, 109.0 ," 1,074.0 ", 318.0 , 965.0 ,1737994474,C2CP - Cobre - 10 Concentrado Primario L2,20.383,18.234,0.135,1.670,31.700,32.95,,
,27-Jan-25,11:21 AM, 110.5 ," 1,055.5 ", 280.5 , 945.0 ,1737994467,C2CP - Cobre - 11 Concentrado Primario L1,20.040,17.149,0.129,1.618,33.760,29.68,,
,29-Jan-25,11:10 AM, 108.5 ," 1,236.5 ", 67.5 ," 1,128.0 ",1738166665,C2CP - Cobre - 04 Cola Scavenger L1,12.686,0.814,0.000,0.019,0.000,5.98,,
,29-Jan-25,11:20 AM, 110.5 , 955.0 , 139.0 , 844.5 ,1738166689,C2CP - Cobre - 07 Concentrado 1ra Limpieza L1,28.923,23.609,0.178,0.626,9.720,16.46,,
,29-Jan-25,11:07 AM, 110.0 ," 1,020.5 ", 261.2 , 910.5 ,1738166586,C2CP - Cobre - 08 Concentrado 1ra Limpieza L2,29.258,21.937,0.160,0.589,10.920,28.69,,
,29-Jan-25,11:11 AM, 109.0 ," 1,083.5 ", 336.7 , 974.5 ,1738166675,C2CP - Cobre - 10 Concentrado Primario L2,23.932,17.756,0.130,0.461,23.400,34.55,,
,29-Jan-25,11:14 AM, 110.5 ," 1,100.5 ", 353.2 , 990.0 ,1738166680,C2CP - Cobre - 11 Concentrado Primario L1,25.595,16.821,0.117,0.442,21.820,35.68,,
,03-Feb-25,11:19 AM, 111.0 ," 1,052.5 ", 350.8 , 941.5 ,1738599294,C2CP - Cobre - 02 Rebose Hidrociclones L2,3.222,0.851,0.000,0.042,0.000,37.26,,
,03-Feb-25,12:20 AM, 111.0 , 884.5 , 177.2 , 773.5 ,1738602983,C2CP - Cobre - 03 Relave Final,2.239,0.091,0.000,0.006,0.000,22.91,,
,03-Feb-25,11:13 AM, 108.5 ," 1,270.0 ", 58.2 ," 1,161.5 ",1738598907,C2CP - Cobre - 04 Cola Scavenger L1,11.423,0.505,0.000,0.010,0.000,5.01,,
,03-Feb-25,11:16 AM, 108.5 ," 1,283.5 ", 68.8 ," 1,175.0 ",1738598911,C2CP - Cobre - 05 Cola Scavenger L2,11.059,0.482,0.000,0.012,0.000,5.86,,
,03-Feb-25,11:27 AM, 110.5 , 953.0 , 109.4 , 842.5 ,1738599650,C2CP - Cobre - 07 Concentrado 1ra Limpieza L1,27.003,24.593,0.000,1.103,9.860,12.99,,
,03-Feb-25,11:23 AM, 110.0 ," 1,047.0 ", 279.4 , 937.0 ,1738599543,C2CP - Cobre - 08 Concentrado 1ra Limpieza L2,26.948,22.428,0.000,1.083,12.900,29.82,,
,03-Feb-25,12:18 AM, 111.0 ," 1,000.5 ", 207.8 , 889.5 ,1738602968,C2CP - Cobre - 09 Concentrado Colectivo,26.910,29.216,0.000,1.115,6.000,23.36,,
,03-Feb-25,11:37 AM, 109.0 ," 1,106.0 ", 325.0 , 997.0 ,1738600511,C2CP - Cobre - 10 Concentrado Primario L2,22.846,18.297,0.000,0.602,26.640,32.60,,
,03-Feb-25,11:28 AM, 110.5 ," 1,120.0 ", 360.4 ," 1,009.5 ",1738599793,C2CP - Cobre - 11 Concentrado Primario L1,23.023,18.100,0.000,0.803,26.120,35.70,,
,05-Feb-25,11:23 AM, 108.0 ," 1,062.5 ", 378.5 , 954.5 ,,,,,,,,39.65,,
,05-Feb-25,11:26 AM, 110.0 ," 1,064.0 ", 336.0 , 954.0 ,,,,,,,,35.22,,
,05-Feb-25,11:14 AM, 109.0 , 905.5 , 197.5 , 796.5 ,,,,,,,,24.80,,
,05-Feb-25,11:17 AM, 110.5 ," 1,369.5 ", 183.5 ," 1,259.0 ",,,,,,,,14.58,,
,05-Feb-25,11:21 AM, 108.5 ," 1,339.5 ", 171.8 ," 1,231.0 ",,,,,,,,13.96,,
,05-Feb-25,11:28 AM, 110.5 , 959.0 , 112.0 , 848.5 ,,,,,,,,13.20,,
,05-Feb-25,11:32 AM, 110.0 ," 1,039.5 ", 247.0 , 929.5 ,,,,,,,,26.57,,
,05-Feb-25,11:35 AM, 110.0 ," 1,042.5 ", 233.5 , 932.5 ,1738772835,C2CP - Cobre - 09 Concentrado Colectivo,26.405,23.019,0.118,1.274,14.380,25.04,,
,05-Feb-25,11:43 AM, 109.5 ," 1,116.5 ", 342.5 ," 1,007.0 ",1738773450,C2CP - Cobre - 10 Concentrado Primario L2,21.372,18.690,0.074,0.928,28.800,34.01,,
,05-Feb-25,11:41 AM, 110.0 ," 1,115.5 ", 294.0 ," 1,005.5 ",1738773443,C2CP - Cobre - 11 Concentrado Primario L1,20.206,18.297,0.058,1.122,31.120,29.24,,
,07-Feb-25,10:50 AM, 111.0 ," 1,059.0 ", 342.0 , 948.0 ,1738943358,C2CP - Cobre - 02 Rebose Hidrociclones L2,2.726,0.586,0.009,0.046,0.000,36.08,,
,07-Feb-25,10:46 AM, 108.5 ," 1,308.0 ", 131.0 ," 1,199.5 ",1738942355,C2CP - Cobre - 04 Cola Scavenger L1,6.068,0.483,0.000,0.054,0.000,10.92,,
,07-Feb-25,10:42 AM, 108.5 ," 1,306.0 ", 129.5 ," 1,197.5 ",1738942351,C2CP - Cobre - 05 Cola Scavenger L2,6.589,0.548,0.000,0.059,0.000,10.81,,
,07-Feb-25,10:23 AM, 110.5 , 953.0 , 113.0 , 842.5 ,1738941585,C2CP - Cobre - 07 Concentrado 1ra Limpieza L1,24.510,25.330,0.244,1.689,12.700,13.41,,
,07-Feb-25,10:27 AM, 110.0 ," 1,024.5 ", 234.5 , 914.5 ,1738941591,C2CP - Cobre - 08 Concentrado 1ra Limpieza L2,24.292,23.654,0.245,1.877,14.340,25.64,,
,07-Feb-25,10:33 AM, 111.0 ," 1,082.5 ", 249.5 , 971.5 ,1738941725,C2CP - Cobre - 09 Concentrado Colectivo,25.030,25.626,0.255,1.993,11.740,25.68,,
,07-Feb-25,10:40 AM, 109.0 ," 1,109.5 ", 338.0 ," 1,000.5 ",1738942343,C2CP - Cobre - 10 Concentrado Primario L2,21.132,18.529,0.175,1.246,28.740,33.78,,
,07-Feb-25,10:31 AM, 110.5 ," 1,171.0 ", 378.0 ," 1,060.5 ",1738941600,C2CP - Cobre - 11 Concentrado Primario L1,21.765,20.008,0.192,1.306,25.200,35.64,,
,10-Feb-25,9:31 AM, 110.0 ," 1,049.5 ", 348.0 , 939.5 ,1739240877,C2CP - Cobre - 02 Rebose Hidrociclones L2,1.801,0.674,0.000,0.051,0.000,37.04,,
,10-Feb-25,9:36 AM, 110.5 ," 1,287.0 ", 60.0 ," 1,176.5 ",1739240888,C2CP - Cobre - 04 Cola Scavenger L1,7.651,0.235,0.000,0.027,0.000,5.10,,
,10-Feb-25,9:33 AM, 110.5 , 926.0 , 27.0 , 815.5 ,1739240881,C2CP - Cobre - 07 Concentrado 1ra Limpieza L1,24.381,22.275,0.000,2.149,15.680,3.31,,
,10-Feb-25,9:40 AM, 110.0 , 956.0 , 83.5 , 846.0 ,1739240895,C2CP - Cobre - 08 Concentrado 1ra Limpieza L2,23.191,20.303,0.000,2.015,19.340,9.87,,
,10-Feb-25,9:37 AM, 109.5 ," 1,043.0 ", 233.0 , 933.5 ,1739240891,C2CP - Cobre - 10 Concentrado Primario L2,15.181,12.517,0.000,0.899,44.640,24.96,,
,12-Feb-25,3:38 PM, 108.5 ," 1,288.5 ", 103.5 ," 1,180.0 ",1739392571,C2CP - Cobre - 04 Cola Scavenger L1,4.827,0.222,0.000,0.027,0.000,8.77,,
,12-Feb-25,3:41 PM, 110.5 , 922.5 , 62.0 , 812.0 ,1739392631,C2CP - Cobre - 07 Concentrado 1ra Limpieza L1,24.665,25.428,0.143,1.323,12.680,7.64,,
,12-Feb-25,3:45 PM, 110.0 , 935.5 , 79.5 , 825.5 ,1739392635,C2CP - Cobre - 08 Concentrado 1ra Limpieza L2,25.439,24.640,0.140,1.396,13.840,9.63,,
,12-Feb-25,3:50 PM, 109.0 ," 1,063.5 ", 322.0 , 954.5 ,1739392779,C2CP - Cobre - 10 Concentrado Primario L2,18.964,16.558,0.086,0.874,34.500,33.73,,
,12-Feb-25,3:48 PM, 110.5 ," 1,096.5 ", 303.0 , 986.0 ,1739392776,C2CP - Cobre - 11 Concentrado Primario L1,17.640,16.164,0.090,0.959,36.900,30.73,,
,14-Feb-25,4:07 PM, 111.0 ," 1,014.0 ", 331.5 , 903.0 ,1739567030,C2CP - Cobre - 02 Rebose Hidrociclones L2,2.826,0.708,0.007,0.027,0.000,36.71,,
,14-Feb-25,4:16 PM, 109.0 ," 1,026.0 ", 304.0 , 917.0 ,1739567113,C2CP - Cobre - 03 Relave Final,2.523,0.076,0.000,0.005,0.000,33.15,,
,14-Feb-25,4:10 PM, 108.5 ," 1,307.0 ", 117.5 ," 1,198.5 ",1739567103,C2CP - Cobre - 04 Cola Scavenger L1,8.046,0.151,0.000,0.010,0.000,9.80,,
,14-Feb-25,4:14 PM, 108.5 ," 1,309.0 ", 117.5 ," 1,200.5 ",1739567107,C2CP - Cobre - 05 Cola Scavenger L2,8.144,0.146,0.000,0.010,0.000,9.79,,
,14-Feb-25,4:20 PM, 109.5 , 937.0 , 106.0 , 827.5 ,1739567760,C2CP - Cobre - 07 Concentrado 1ra Limpieza L1,24.981,21.887,0.141,1.048,20.900,12.81,,
,14-Feb-25,4:27 PM, 110.5 , 998.0 , 216.0 , 887.5 ,1739568189,C2CP - Cobre - 08 Concentrado 1ra Limpieza L2,25.065,21.445,0.140,1.075,20.740,24.34,,
,14-Feb-25,4:30 PM, 110.0 , 999.0 , 197.0 , 889.0 ,1739568284,C2CP - Cobre - 09 Concentrado Colectivo,26.860,24.888,0.153,1.077,15.340,22.16,,
,14-Feb-25,4:31 PM, 110.0 ," 1,047.0 ", 386.0 , 937.0 ,1739568375,C2CP - Cobre - 10 Concentrado Primario L2,17.828,14.264,0.084,0.619,40.620,41.20,,
,14-Feb-25,4:34 PM, 110.0 ," 1,079.0 ", 385.5 , 969.0 ,1739568379,C2CP - Cobre - 11 Concentrado Primario L1,18.938,14.559,0.093,0.660,38.360,39.78,,
,17-Feb-25,11:00 AM, 110.0 ," 1,048.0 ", 352.0 , 938.0 ,1739807282,C2CP - Cobre - 02 Rebose Hidrociclones L2,3.147,0.631,0.010,0.028,0.000,37.53,,
,17-Feb-25,10:57 AM, 110.5 ," 1,001.0 ", 300.0 , 890.5 ,1739807280,C2CP - Cobre - 03 Relave Final,2.459,0.083,0.000,0.006,0.000,33.69,,
,17-Feb-25,10:40 AM, 110.5 ," 1,271.5 ", 56.0 ," 1,161.0 ",1739806389,C2CP - Cobre - 04 Cola Scavenger L1,7.562,0.201,0.000,0.012,0.000,4.82,,
,17-Feb-25,10:36 AM, 110.0 ," 1,282.5 ", 60.0 ," 1,172.5 ",1739806386,C2CP - Cobre - 05 Cola Scavenger L2,7.772,0.194,0.000,0.012,0.000,5.12,,
,17-Feb-25,10:49 AM, 110.5 , 940.5 , 98.5 , 830.0 ,1739807111,C2CP - Cobre - 07 Concentrado 1ra Limpieza L1,26.701,25.871,0.182,1.004,14.400,11.87,,
,17-Feb-25,10:53 AM, 110.0 ," 1,061.0 ", 306.0 , 951.0 ,1739807153,C2CP - Cobre - 08 Concentrado 1ra Limpieza L2,22.446,19.576,0.150,0.865,27.760,32.18,,
,17-Feb-25,10:55 AM, 111.6 ," 1,004.5 ", 187.5 , 892.9 ,1739807166,C2CP - Cobre - 09 Concentrado Colectivo,27.075,27.544,0.187,0.986,12.040,21.00,,
,17-Feb-25,10:46 AM, 109.5 ," 1,007.0 ", 241.5 , 897.5 ,1739807011,C2CP - Cobre - 10 Concentrado Primario L2,25.893,23.609,0.183,1.219,17.920,26.91,,
,17-Feb-25,10:44 AM, 110.5 ," 1,089.0 ", 368.5 , 978.5 ,1739806502,C2CP - Cobre - 11 Concentrado Primario L1,22.803,18.592,0.146,0.813,28.700,37.66,,
,26-Feb-25,12:36 PM, 110.5 ," 1,055.5 ", 363.0 , 945.0 ,1740591155,C2CP - Cobre - 01 Rebose Hidrociclones L1,1.196,0.260,0.000,0.012,0.000,38.41,,
,26-Feb-25,12:11 PM, 108.5 ," 1,414.0 ", 241.5 ," 1,305.5 ",1740589432,C2CP - Cobre - 04 Cola Scavenger L1,9.021,0.415,0.000,0.020,0.000,18.50,,
,26-Feb-25,12:44 PM, 108.5 ," 1,395.0 ", 217.0 ," 1,286.5 ",1740589433,C2CP - Cobre - 05 Cola Scavenger L2,8.825,0.317,0.000,0.011,0.000,16.87,,
,26-Feb-25,12:17 PM, 140.0 ," 1,081.5 ", 214.5 , 941.5 ,1740589435,C2CP - Cobre - 07 Concentrado 1ra Limpieza L1,24.771,21.574,0.185,1.303,20.44,22.78,,
,26-Feb-25,12:06 PM, 110.0 ," 1,118.5 ", 281.5 ," 1,008.5 ",1740589303,C2CP - Cobre - 08 Concentrado 1ra Limpieza L2,25.617,20.525,0.179,1.366,20.00,27.91,,
,26-Feb-25,12:20 PM, 111.0 ," 1,155.5 ", 277.0 ," 1,044.5 ",1740589442,C2CP - Cobre - 09 Concentrado Colectivo,27.438,27.467,0.189,1.143,10.54,26.52,,
,26-Feb-25,12:21 PM, 109.5 ," 1,239.5 ", 248.0 ," 1,130.0 ",1740589445,C2CP - Cobre - 10 Concentrado Primario L2,21.197,14.782,0.149,0.852,34.62,21.95,,
,26-Feb-25,12:24 PM, 109.5 ," 1,239.0 ", 458.5 ," 1,129.5 ",1740589447,C2CP - Cobre - 11 Concentrado Primario L1,21.275,14.383,0.154,0.817,34.24,40.59,,
,28-Feb-25,12:21 PM, 108.0 ," 1,023.0 ", 276.5 , 915.0 ,1740762944,C2CP - Cobre - 02 Rebose Hidrociclones L2, 2.534 ,  0.474  ,  0.008  ,  0.041  ,0,30.22,,
,28-Feb-25,12:24 PM, 110.5 , 934.0 , 149.5 , 823.5 ,1740763347,C2CP - Cobre - 03 Relave Final, 1.784 ,  0.079  ,0,  0.008  ,0,18.15,,
,28-Feb-25,12:28 PM, 108.5 ," 1,385.5 ", 223.5 ," 1,277.0 ",1740763351,C2CP - Cobre - 04 Cola Scavenger L1, 7.093 ,  0.140  ,0,  0.008  ,0,17.50,,
,28-Feb-25,12:31 PM, 110.0 ," 1,354.5 ", 203.0 ," 1,244.5 ",1740763354,C2CP - Cobre - 05 Cola Scavenger L2, 7.844 ,  0.135  ,0,  0.008  ,0,16.31,,
,28-Feb-25,12:34 PM, 110.5 , 767.5 , 95.5 , 657.0 ,1740763689,C2CP - Cobre - 07 Concentrado 1ra Limpieza L1, 25.093 , 20.597 ,  0.186  , 1.673 , 20.500 ,14.54,,
,28-Feb-25,12:37 PM, 110.5 ," 1,020.0 ", 255.5 , 909.5 ,1740763693,C2CP - Cobre - 08 Concentrado 1ra Limpieza L2, 25.410 , 20.099 ,  0.200  , 1.684 , 19.880 ,28.09,,
,28-Feb-25,12:43 PM, 110.0 , 972.5 , 104.0 , 862.5 ,1740764327,C2CP - Cobre - 09 Concentrado Colectivo, 25.111 , 19.403 ,  0.187  , 1.768 , 20.660 ,12.06,,
,28-Feb-25,12:41 PM, 110.0 ," 1,076.0 ", 326.5 , 966.0 ,1740763798,C2CP - Cobre - 10 Concentrado Primario L2, 20.974 , 14.328 ,  0.132  , 1.213 , 33.940 ,33.80,,
,28-Feb-25,12:39 PM, 110.0 ," 1,079.5 ", 326.5 , 969.5 ,1740763795,C2CP - Cobre - 11 Concentrado Primario L1,20.532,15.224, 0.125 ,1.140,32.140,33.68,,
,03-Mar-25,11:11 AM, 111.0 , 610.0 , 159.0 , 499.0 ,1741018031,C2CP - Cobre - 03 Relave Final,1.326,0.085,0,0.009,0,31.86,,
,03-Mar-25,11:14 AM, 109.5 , 872.5 , 98.0 , 763.0 ,1741018213,C2CP - Cobre - 04 Cola Scavenger L1,6.150,0.180,0,0.016,0,12.84,,
,03-Mar-25,11:18 AM, 108.5 , 885.0 , 96.5 , 776.5 ,1741018218,C2CP - Cobre - 05 Cola Scavenger L2,5.858,0.117,0,0.011,0,12.43,,
,03-Mar-25,11:20 AM, 110.0 , 780.0 , 102.0 , 670.0 ,1741018552,C2CP - Cobre - 07 Concentrado 1ra Limpieza L1,24.592,21.890,0.170,1.619,18.040,15.22,,
,03-Mar-25,11:24 AM, 110.0 , 738.5 , 190.0 , 628.5 ,1741018556,C2CP - Cobre - 08 Concentrado 1ra Limpieza L2,25.336,21.492,0.163,1.568,18.560,30.23,,
,03-Mar-25,11:27 AM, 111.0 , 680.0 , 135.5 , 569.0 ,1741018740,C2CP - Cobre - 09 Concentrado Colectivo,25.878,25.870,0.177,1.577,12.620,23.81,,
,03-Mar-25,11:29 AM, 109.5 , 780.5 , 224.0 , 671.0 ,1741019270,C2CP - Cobre - 10 Concentrado Primario L2,19.378,15.721,0.118,1.135,35.380,33.38,,
,03-Mar-25,11:32 AM, 109.5 , 706.0 , 206.0 , 596.5 ,1741019274,C2CP - Cobre - 11 Concentrado Primario L1,18.808,15.025,0.120,1.133,41.300,34.53,,
,05-Mar-25,12:21 PM, 108.0 ," 1,029.5 ", 322.5 , 921.5 ,1741195161,C2CP - Cobre - 01 Rebose Hidrociclones L1,2.033,0.619,0,0.031,0,35.00,,
,05-Mar-25,12:00 PM, 110.5 , 773.5 , 149.0 , 663.0 ,1741193810,C2CP - Cobre - 03 Relave Final,1.749,0.055,0,0.005,0,22.47,,
,05-Mar-25,12:05 PM, 108.5 ," 1,334.0 ", 155.0 ," 1,225.5 ",1741193818,C2CP - Cobre - 04 Cola Scavenger L1,6.751,0.166,0,0.014,0,12.65,,
,05-Mar-25,12:09 PM, 110.0 ," 1,357.5 ", 181.5 ," 1,247.5 ",1741193827,C2CP - Cobre - 05 Cola Scavenger L2,6.604,0.160,0,0.011,0,14.55,,
,05-Mar-25,12:03 PM, 110.5 , 926.5 , 230.5 , 816.0 ,1741193814,C2CP - Cobre - 08 Concentrado 1ra Limpieza L2,24.898,19.701,0,1.563,20.980,28.25,,
,05-Mar-25,12:26 PM, 110.0 ," 1,200.0 ", 187.0 ," 1,090.0 ",1741195487,C2CP - Cobre - 09 Concentrado Colectivo,26.548,24.378,0,1.490,12.840,17.16,,
,05-Mar-25,11:59 AM, 110.0 , 886.0 , 297.0 , 776.0 ,1741193660,C2CP - Cobre - 11 Concentrado Primario L1,21.008,17.313,0,0.983,31.120,38.27,,
,07-Mar-25,11:22 AM, 108.0 , 999.5 , 358.0 , 891.5 ,1741364329,C2CP - Cobre - 01 Rebose Hidrociclones L1,2.042,0.645,0,0.037,0,40.16,,
,07-Mar-25,11:40 AM, 110.5 ," 1,063.5 ", 366.0 , 953.0 ,1741365004,C2CP - Cobre - 02 Rebose Hidrociclones L2,1.987,0.492,0,0.032,0,38.41,,
,07-Mar-25,11:27 AM, 111.0 , 996.5 , 101.0 , 885.5 ,1741364406,C2CP - Cobre - 03 Relave Final,1.821,0.106,0,0.007,0,11.41,,
,07-Mar-25,11:32 AM, 108.5 ," 1,155.0 ", 107.0 ," 1,046.5 ",1741364419,C2CP - Cobre - 04 Cola Scavenger L1,9.023,0.132,0,0.010,0,10.22,,
,07-Mar-25,11:37 AM, 108.5 ," 1,338.0 ", 127.5 ," 1,229.5 ",1741364428,C2CP - Cobre - 05 Cola Scavenger L2,8.943,0.152,0,0.010,0,10.37,,
,07-Mar-25,11:29 AM, 110.0 , 968.5 , 149.5 , 858.5 ,1741364413,C2CP - Cobre - 07 Concentrado 1ra Limpieza L1,26.644,22.189,0,1.299,17.460,17.41,,
,07-Mar-25,11:34 AM, 110.0 ," 1,051.0 ", 293.0 , 941.0 ,1741364423,C2CP - Cobre - 08 Concentrado 1ra Limpieza L2,25.599,21.343,0,1.256,17.900,31.14,,
,07-Mar-25,11:38 AM, 111.0 , 923.5 , 185.0 , 812.5 ,1741364432,C2CP - Cobre - 09 Concentrado Colectivo,27.766,24.676,0,1.348,12.740,22.77,,
,07-Mar-25,11:25 AM, 109.5 ," 1,106.5 ", 400.5 , 997.0 ,1741364401,C2CP - Cobre - 10 Concentrado Primario L2,21.234,16.069,0,0.957,32.980,40.17,,
,10-Mar-25,12:14 PM, 110.0 ," 1,003.5 ", 324.5 , 893.5 ,1741626789,C2CP - Cobre - 01 Rebose Hidrociclones L1,2.492,0.640,0.012,0.042,0,36.32,,
,10-Mar-25,12:17 PM, 111.0 ," 1,017.0 ", 325.5 , 906.0 ,1741626843,C2CP - Cobre - 02 Rebose Hidrociclones L2,2.393,0.480,0.012,0.034,0,35.93,,
,10-Mar-25,12:00 PM, 109.0 , 928.0 , 209.5 , 819.0 ,1741625767,C2CP - Cobre - 03 Relave Final,2.367,0.063,0,0.004,0,25.58,,
,10-Mar-25,12:04 PM, 110.5 ," 1,349.0 ", 130.0 ," 1,238.5 ",1741625775,C2CP - Cobre - 04 Cola Scavenger L1,10.738,0.315,0,0.014,0,10.50,,
,10-Mar-25,12:11 PM, 110.0 ," 1,342.5 ", 129.0 ," 1,232.5 ",1741625779,C2CP - Cobre - 05 Cola Scavenger L2,10.171,0.273,0,0.012,0,10.47,,
,10-Mar-25,11:58 AM, 110.5 , 968.0 , 111.0 , 857.5 ,1741625688,C2CP - Cobre - 07 Concentrado 1ra Limpieza L1,28.657,23.781,0.267,1.387,12.160,12.94,,
,10-Mar-25,12:06 PM, 110.5 , 967.0 , 156.5 , 856.5 ,1741625776,C2CP - Cobre - 08 Concentrado 1ra Limpieza L2,28.494,23.383,0.273,1.358,12.380,18.27,,
,10-Mar-25,12:01 PM, 109.0 ," 1,031.5 ", 261.0 , 922.5 ,1741625773,C2CP - Cobre - 10 Concentrado Primario L2,18.740,13.134,0.149,0.780,40.840,28.29,,
,10-Mar-25,12:08 PM, 110.0 ," 1,016.5 ", 288.5 , 906.5 ,1741625777,C2CP - Cobre - 11 Concentrado Primario L1,19.274,14.627,0.156,0.846,37.440,31.83,,
,12-Mar-25,11:17 AM, 110.5 ," 1,023.0 ", 313.0 , 912.5 ,7229,C2CP - Cobre - 01 Rebose Hidrociclones L1,2.460,0.550,0.019,0.021,0,34.30,,
,12-Mar-25,11:20 AM, 110.0 , 989.0 , 250.0 , 879.0 ,7230,C2CP - Cobre - 02 Rebose Hidrociclones L2,2.430,0.402,0.018,0.021,0,28.44,,
,12-Mar-25,11:22 AM, 109.0 , 961.5 , 181.0 , 852.5 ,7231,C2CP - Cobre - 03 Relave Final,2.445,0.058,0,0.003,0,21.23,,
,12-Mar-25,11:26 AM, 110.5 ," 1,369.0 ", 142.0 ," 1,258.5 ",7232,C2CP - Cobre - 04 Cola Scavenger L1,9.984,0.277,0,0.010,0,11.28,,
,12-Mar-25,11:29 AM, 108.5 ," 1,361.0 ", 141.0 ," 1,252.5 ",7233,C2CP - Cobre - 05 Cola Scavenger L2,10.203,0.320,0,0.021,0,11.26,,
,12-Mar-25,11:32 AM, 110.5 , 965.0 , 84.0 , 854.5 ,7234,C2CP - Cobre - 07 Concentrado 1ra Limpieza L1,27.446,20.825,0.404,1.616,15.300,9.83,,
,12-Mar-25,11:35 AM, 110.0 ," 1,026.0 ", 213.0 , 916.0 ,7235,C2CP - Cobre - 08 Concentrado 1ra Limpieza L2,27.527,21.175,0.423,1.454,15.620,23.25,,
,12-Mar-25,11:38 AM, 110.0 ," 1,010.0 ", 142.5 , 900.0 ,7236,C2CP - Cobre - 09 Concentrado Colectivo,27.983,27.567,0.518,1.097,8.460,15.83,,
,12-Mar-25,11:40 AM, 109.5 ," 1,091.5 ", 354.0 , 982.0 ,7237,C2CP - Cobre - 10 Concentrado Primario L2,20.512,15.082,0.354,0.784,34.500,36.05,,
,12-Mar-25,11:42 AM, 110.0 ," 1,093.5 ", 365.0 , 983.5 ,7238,C2CP - Cobre - 11 Concentrado Primario L1,22.142,15.481,0.358,0.770,33.180,37.11,,
,14-Mar-25,11:51 AM, 110.5 ," 1,034.0 ", 353.0 , 923.5 ,7243,C2CP - Cobre - 01 Rebose Hidrociclones L1,2.466,0.509,0.007,0.035,0,38.22,,
,14-Mar-25,11:45 AM, 110.0 ," 1,027.0 ", 332.5 , 917.0 ,7244,C2CP - Cobre - 02 Rebose Hidrociclones L2,2.400,0.520,0.007,0.036,0,36.26,,
,14-Mar-25,12:39 AM, 109.0 , 958.5 , 200.0 , 849.5 ,7245,C2CP - Cobre - 03 Relave Final,1.842,0.049,0,0.005,0,23.54,,
,14-Mar-25,12:33 AM, 110.5 ," 1,383.5 ", 175.0 ," 1,273.0 ",7246,C2CP - Cobre - 04 Cola Scavenger L1,12.221,0.536,0,0.019,0,13.75,,
,14-Mar-25,12:37 AM, 108.5 ," 1,365.0 ", 170.5 ," 1,256.5 ",7247,C2CP - Cobre - 05 Cola Scavenger L2,11.992,0.467,0,0.019,0,13.57,,
,14-Mar-25,12:42 AM, 110.5 , 994.0 , 152.0 , 883.5 ,7248,C2CP - Cobre - 07 Concentrado 1ra Limpieza L1,27.434,22.885,0.155,1.748,13.300,17.20,,
,14-Mar-25,12:46 AM, 110.0 ," 1,032.0 ", 215.0 , 922.0 ,7249,C2CP - Cobre - 08 Concentrado 1ra Limpieza L2,26.977,21.741,0.143,1.791,17.040,23.32,,
,14-Mar-25,12:48 AM, 110.0 ," 1,015.5 ", 144.0 , 905.5 ,7250,C2CP - Cobre - 09 Concentrado Colectivo,27.342,26.268,0.175,1.898,10.380,15.90,,
,14-Mar-25,12:50 AM, 109.5 ," 1,055.5 ", 304.0 , 946.0 ,7251,C2CP - Cobre - 10 Concentrado Primario L2,22.482,14.776,0.099,0.969,31.880,32.14,,
,14-Mar-25,12:53 AM, 110.0 ," 1,092.0 ", 364.0 , 982.0 ,7252,C2CP - Cobre - 11 Concentrado Primario L1,22.548,14.925,0.104,0.949,32.300,37.07,,
,17-Mar-25,4:00 PM, 110.0 , 941.5 , 261.5 , 831.5 ,7253,C2CP - Cobre - 02 Rebose Hidrociclones L2,1.871,0.478,0.006,0.017,0,31.45,,
,17-Mar-25,3:36 PM, 109.0 , 950.5 , 208.0 , 841.5 ,7254,C2CP - Cobre - 03 Relave Final,1.673,0.076,0,0.004,0,24.72,,
,17-Mar-25,3:40 PM, 110.0 ," 1,335.5 ", 131.0 ," 1,225.5 ",7255,C2CP - Cobre - 04 Cola Scavenger L1,12.700,0.403,0,0.009,0,10.69,,
,17-Mar-25,3:43 PM, 108.5 ," 1,345.5 ", 127.0 ," 1,237.0 ",7256,C2CP - Cobre - 05 Cola Scavenger L2,12.191,0.381,0,0.006,0,10.27,,
,17-Mar-25,3:45 PM, 110.5 , 940.5 , 93.5 , 830.0 ,7257,C2CP - Cobre - 07 Concentrado 1ra Limpieza L1,28.151,25.671,0.158,0.716,10.300,11.27,,
,17-Mar-25,3:50 PM, 110.0 , 920.5 , 83.0 , 810.5 ,7258,C2CP - Cobre - 08 Concentrado 1ra Limpieza L2,28.024,27.164,0.170,0.729,7.440,10.24,,
,17-Mar-25,4:02 PM, 110.0 , 932.5 , 146.5 , 822.5 ,7259,C2CP - Cobre - 09 Concentrado Colectivo,28.353,28.457,0.152,0.667,6.260,17.81,,
,17-Mar-25,3:54 PM, 109.5 , 880.0 , 284.0 , 770.5 ,7260,C2CP - Cobre - 10 Concentrado Primario L2,20.753,16.020,0.070,0.556,32.720,36.86,,
,22-Mar-25,5:06 AM, 110.5 ," 1,055.0 ", 378.0 , 944.5 ,7266,C2CP - Cobre - 01 Rebose Hidrociclones L1,2.797,0.637,0.007,0.040,0,40.02,,
,22-Mar-25,5:09 AM, 110.0 , 991.0 , 254.5 , 881.0 ,7267,C2CP - Cobre - 02 Rebose Hidrociclones L2,2.327,0.630,0.007,0.041,0,28.89,,
,22-Mar-25,5:12 AM, 109.0 , 929.0 , 152.5 , 820.0 ,7268,C2CP - Cobre - 03 Relave Final,2.012,0.046,0,0.005,0,18.60,,
,22-Mar-25,5:17 AM, 108.5 ," 1,323.0 ", 81.0 ," 1,214.5 ",7269,C2CP - Cobre - 05 Cola Scavenger L2,10.003,0.376,0,0.039,0,6.67,,
,22-Mar-25,5:11 AM, 110.5 , 990.0 , 170.5 , 879.5 ,7270,C2CP - Cobre - 07 Concentrado 1ra Limpieza L1,27.784,28.756,0.206,1.268,8.220,19.39,,
,22-Mar-25,5:15 AM, 110.0 ," 1,017.0 ", 283.0 , 907.0 ,7271,C2CP - Cobre - 08 Concentrado 1ra Limpieza L2,26.477,26.069,0.203,1.920,11.640,31.20,,
,22-Mar-25,5:19 AM, 110.0 ," 1,043.0 ", 216.0 , 933.0 ,7272,C2CP - Cobre - 09 Concentrado Colectivo,27.677,28.159,0.217,1.514,8.500,23.15,,
,22-Mar-25,5:20 AM, 109.5 , 958.0 , 375.0 , 848.5 ,7273,C2CP - Cobre - 10 Concentrado Primario L2,22.897,16.716,0.106,1.151,29.400,44.20,,
,24-Mar-25,4:26 PM, 110.0 , 978.0 , 245.0 , 868.0 ,7277,C2CP - Cobre - 03 Relave Final,2.470,0.088,0,0.009,0,28.23,,
,24-Mar-25,4:30 PM, 108.5 ," 1,304.5 ", 79.5 ," 1,196.0 ",7278,C2CP - Cobre - 05 Cola Scavenger L2,6.859,0.320,0,0.019,0,6.65,,
,24-Mar-25,4:32 PM, 110.5 , 969.0 , 116.0 , 858.5 ,7279,C2CP - Cobre - 07 Concentrado 1ra Limpieza L1,27.304,27.960,0.352,1.542,8.880,13.51,,
,24-Mar-25,4:36 PM, 110.0 , 993.5 , 187.0 , 883.5 ,7280,C2CP - Cobre - 08 Concentrado 1ra Limpieza L2,26.211,25.970,0.346,2.238,11.700,21.17,,
,24-Mar-25,4:51 PM, 109.0 ," 1,059.0 ", 321.0 , 950.0 ,7281,C2CP - Cobre - 10 Concentrado Primario L2,23.441,22.388,0.268,1.358,22.160,33.79,,
,31-Mar-25,10:48 AM, 111.0 , 970.0 , 230.5 , 859.0 ,7285,C2CP - Cobre - 03 Relave Final,1.700,0.104,0,0.010,0,26.83,,
,31-Mar-25,10:51 AM, 108.5 ," 1,131.5 ", 77.5 ," 1,023.0 ",7286,C2CP - Cobre - 04 Cola Scavenger L1,4.265,0.136,0,0.014,0,7.58,,
,31-Mar-25,10:55 AM, 108.5 ," 1,101.0 ", 85.0 , 992.5 ,7287,C2CP - Cobre - 05 Cola Scavenger L2,4.281,0.118,0,0.014,0,8.56,,
,31-Mar-25,10:57 AM, 110.5 , 960.5 , 120.8 , 850.0 ,7288,C2CP - Cobre - 07 Concentrado 1ra Limpieza L1,24.277,25.971,0,1.093,0,14.21,,
,31-Mar-25,11:01 AM, 110.0 , 995.5 , 216.4 , 885.5 ,7289,C2CP - Cobre - 08 Concentrado 1ra Limpieza L2,24.032,24.786,0,1.228,0,24.44,,
,31-Mar-25,11:17 AM, 111.0 ," 1,042.0 ", 190.2 , 931.0 ,7290,C2CP - Cobre - 09 Concentrado Colectivo,25.889,27.354,0,1.130,0,20.43,,
,31-Mar-25,11:05 AM, 109.0 ," 1,025.5 ", 304.2 , 916.5 ,7291,C2CP - Cobre - 10 Concentrado Primario L2,17.245,16.886,0,0.756,0,33.19,,
,31-Mar-25,11:08 AM, 109.5 ," 1,032.0 ", 307.4 , 922.5 ,7292,C2CP - Cobre - 11 Concentrado Primario L1,18.028,18.170,0,0.828,0,33.32,,
,02-Apr-25,12:13 PM, 110.0 ," 1,024.5 ", 390.0 , 914.5 ,,C2CP - Cobre - 02 Rebose Hidrociclones L2,2.973,0.545,0.009,0.038,0,42.65,,
,02-Apr-25,12:40 PM, 109.0 , 984.0 , 237.5 , 875.0 ,,C2CP - Cobre - 03 Relave Final,2.425,0.104,0,0.023,0,27.14,,
,02-Apr-25,12:43 PM, 110.5 ," 1,336.5 ", 126.0 ," 1,226.0 ",,C2CP - Cobre - 04 Cola Scavenger L1,4.961,0.195,0,0.027,0,10.28,,
,02-Apr-25,12:47 PM, 108.5 ," 1,337.5 ", 123.5 ," 1,229.0 ",,C2CP - Cobre - 05 Cola Scavenger L2,5.080,0.146,0,0.025,0,10.05,,
,02-Apr-25,12:49 PM, 110.5 , 989.0 , 133.6 , 878.5 ,,C2CP - Cobre - 07 Concentrado 1ra Limpieza L1,28.019,29.971,0.125,1.375,7.580,15.21,,
,02-Apr-25,12:59 PM, 110.0 ," 1,009.0 ", 210.8 , 899.0 ,,C2CP - Cobre - 08 Concentrado 1ra Limpieza L2,27.784,29.230,0.136,1.758,7.800,23.45,,
,02-Apr-25,1:02 PM, 110.0 ," 1,013.0 ", 143.2 , 903.0 ,,C2CP - Cobre - 09 Concentrado Colectivo,28.149,30.020,0.142,1.606,6.780,15.86,,
,02-Apr-25,12:52 PM, 109.5 , 836.0 , 242.6 , 726.5 ,,C2CP - Cobre - 10 Concentrado Primario L2,17.222,17.084,0.086,0.684,40.660,33.39,,
,02-Apr-25,12:54 PM, 110.0 ," 1,012.5 ", 314.0 , 902.5 ,,C2CP - Cobre - 11 Concentrado Primario L1,19.540,20.244,0.083,0.677,34.060,34.79,,
,04-Apr-25,10:39 AM, 110.0 , 919.5 , 211.0 , 809.5 ,,C2CP - Cobre - 03 Relave Final,3.249,0.047,0,0.008,0,26.07,,
,04-Apr-25,10:42 AM, 110.0 ," 1,317.5 ", 95.0 ," 1,207.5 ",,C2CP - Cobre - 05 Cola Scavenger L2,5.635,0.127,0,0.016,0,7.87,,
,04-Apr-25,10:50 AM, 110.0 ," 1,047.5 ", 231.5 , 937.5 ,,C2CP - Cobre - 10 Concentrado Primario L2,17.188,13.381,0.124,1.097,41.660,24.69,,
,04-Apr-25,10:53 AM, 110.5 ," 1,029.0 ", 238.0 , 918.5 ,,C2CP - Cobre - 11 Concentrado Primario L1,19.780,16.639,0.123,1.313,33.500,25.91,,
,07-Apr-25,16:56:00, 108.0 ," 1,062.0 ", 386.5 , 954.0 ,1744062655,C2CP - Cobre - 01 Rebose Hidrociclones L1,2.242,0.565,0,0.028,0,40.51,,
,07-Apr-25,16:54:00, 110.0 ," 1,074.0 ", 367.0 , 964.0 ,1477061839,C2CP - Cobre - 02 Rebose Hidrociclones L2,2.311,0.588,0,0.027,0,38.07,,
,07-Apr-25,16:41:00, 110.0 , 953.0 , 212.5 , 843.0 ,1744061780,C2CP - Cobre - 03 Relave Final,1.903,0.073,0,0.006,0,25.21,,
,07-Apr-25,16:46:00, 108.5 ," 1,314.5 ", 103.5 ," 1,206.0 ",1744061794,C2CP - Cobre - 04 Cola Scavenger L1,4.746,0.153,0,0.016,0,8.58,,
,07-Apr-25,16:50:00, 108.5 ," 1,335.5 ", 142.0 ," 1,227.0 ",1744061807,C2CP - Cobre - 05 Cola Scavenger L2,4.559,0.107,0,0.013,0,11.57,,
,07-Apr-25,16:40:00, 110.5 , 928.5 , 65.0 , 818.0 ,1744061775,C2CP - Cobre - 07 Concentrado 1ra Limpieza L1,23.770,26.468,0,1.045,14.020,7.95,,
,07-Apr-25,16:44:00, 110.0 , 973.5 , 142.5 , 863.5 ,1744061786,C2CP - Cobre - 08 Concentrado 1ra Limpieza L2,23.492,24.770,0,1.205,16.180,16.50,,
,07-Apr-25,16:52:00, 110.5 ," 1,075.0 ", 242.5 , 964.5 ,1744061818,C2CP - Cobre - 09 Concentrado Colectivo,24.598,27.367,0,1.116,11.980,25.14,,
,07-Apr-25,16:48:00, 109.5 ," 1,086.0 ", 343.0 , 976.5 ,1744061799,C2CP - Cobre - 10 Concentrado Primario L2,20.281,21.225,0,0.797,25.820,35.13,,
,07-Apr-25,17:00:00, 110.0 ," 1,029.5 ", 201.5 , 919.5 ,1744062823,C2CP - Cobre - 11 Concentrado Primario L1,7.081,5.593,0,0.310,69.880,21.91,,
,09-Apr-25,17:06:00, 110.5 ," 1,048.0 ", 372.0 , 937.5 ,1744236267,C2CP - Cobre - 01 Rebose Hidrociclones L1,3.103,0.563,0,0.027,0,39.68,,
,09-Apr-25,17:25:00, 111.0 ," 1,049.5 ", 337.0 , 938.5 ,1744237433,C2CP - Cobre - 02 Rebose Hidrociclones L2,3.054,0.570,0,0.027,0,35.91,,
,09-Apr-25,17:10:00, 109.0 , 978.0 , 213.0 , 869.0 ,1744236275,C2CP - Cobre - 03 Relave Final,2.570,0.057,0,0.007,0,24.51,,
,09-Apr-25,17:15:00, 110.5 ," 1,340.5 ", 130.5 ," 1,230.0 ",1744236283,C2CP - Cobre - 04 Cola Scavenger L1,6.364,0.233,0,0.011,0,10.61,,
,09-Apr-25,17:20:00, 110.0 ," 1,343.0 ", 131.5 ," 1,233.0 ",1744236295,C2CP - Cobre - 05 Cola Scavenger L2,6.117,0.139,0,0.010,0,10.67,,
,09-Apr-25,17:08:00, 110.5 , 730.5 , 16.5 , 620.0 ,1744236271,C2CP - Cobre - 07 Concentrado 1ra Limpieza L1,25.602,25.970,0,1.223,11.960,2.66,,
,09-Apr-25,17:12:00, 110.0 , 987.5 , 187.0 , 877.5 ,1744236279,C2CP - Cobre - 08 Concentrado 1ra Limpieza L2,25.570,26.169,0,1.374,11.800,21.31,,
,09-Apr-25,17:16:00, 110.0 ," 1,018.0 ", 159.0 , 908.0 ,1744236287,C2CP - Cobre - 09 Concentrado Colectivo,26.353,27.761,0,1.197,8.880,17.51,,
,09-Apr-25,05:18:00, 109.0 ," 1,067.0 ", 328.5 , 958.0 ,1744236290,C2CP - Cobre - 10 Concentrado Primario L2,21.781,20.895,0,0.850,24.720,34.29,,
,11-Apr-25,10:35:00, 110.0 ," 1,054.0 ", 356.0 , 944.0 ,1744385590,C2CP - Cobre - 02 Rebose Hidrociclones L2,2.515,0.565,0.008,0.027,0,37.71,,
,11-Apr-25,10:37:00, 110.0 , 981.0 , 211.5 , 871.0 ,1744385639,C2CP - Cobre - 03 Relave Final,1.913,0.063,0,0.005,0,24.28,,
,11-Apr-25,10:41:00, 108.5 ," 1,346.5 ", 131.5 ," 1,238.0 ",1744385642,C2CP - Cobre - 04 Cola Scavenger L1,6.182,0.195,0,0.012,0,10.62,,
,11-Apr-25,10:44:00, 108.5 ," 1,338.0 ", 122.5 ," 1,229.5 ",1744385644,C2CP - Cobre - 05 Cola Scavenger L2,6.128,0.177,0,0.009,0,9.96,,
,11-Apr-25,10:47:00, 110.5 , 949.5 , 74.5 , 839.0 ,1744385968,C2CP - Cobre - 07 Concentrado 1ra Limpieza L1,23.371,23.781,0.131,1.226,16.360,8.88,,
,11-Apr-25,10:50:00, 110.0 , 995.5 , 200.5 , 885.5 ,1744385973,C2CP - Cobre - 08 Concentrado 1ra Limpieza L2,23.193,22.587,0.138,1.351,18.260,22.64,,
,11-Apr-25,10:53:00, 110.5 ," 1,001.0 ", 148.0 , 890.5 ,1744386320,C2CP - Cobre - 09 Concentrado Colectivo,23.361,23.781,0.139,1.407,16.200,16.62,,
,11-Apr-25,10:55:00, 109.5 ," 1,085.0 ", 294.5 , 975.5 ,1744386466,C2CP - Cobre - 10 Concentrado Primario L2,16.911,12.935,0.088,0.769,41.000,30.19,,
,11-Apr-25,10:58:00, 110.5 ," 1,071.0 ", 286.0 , 960.5 ,1744386470,C2CP - Cobre - 11 Concentrado Primario L1,17.271,14.129,0.091,0.808,39.740,29.78,,
,16-Apr-25,11:17 AM, 110.0 ," 1,044.5 ", 362.5 , 934.5 ,1744819964,C2CP - Cobre - 02 Rebose Hidrociclones L2,2.309,0.589,0.013,0.037,0.000,38.79,,
,16-Apr-25,10:55 AM, 110.0 , 977.5 , 280.5 , 867.5 ,1744818861,C2CP - Cobre - 03 Relave Final,1.908,0.083,0.000,0.011,0.000,32.33,,
,16-Apr-25,10:59 AM, 108.5 ," 1,343.0 ", 185.5 ," 1,234.5 ",1744818888,C2CP - Cobre - 04 Cola Scavenger L1,7.845,0.372,0.000,0.015,0.000,15.03,,
,16-Apr-25,11:02 AM, 108.5 ," 1,338.5 ", 178.5 ," 1,230.0 ",1744818891,C2CP - Cobre - 05 Cola Scavenger L2,7.519,0.319,0.000,0.011,0.000,14.51,,
,16-Apr-25,11:05 AM, 110.5 , 915.1 , 117.0 , 804.6 ,1744819043,C2CP - Cobre - 07 Concentrado 1ra Limpieza L1,26.661,21.248,0.393,1.374,16.1,14.54,,
,16-Apr-25,11:08 AM, 110.0 , 986.5 , 214.5 , 876.5 ,1744819047,C2CP - Cobre - 08 Concentrado 1ra Limpieza L2,27.371,22.527,0.404,1.241,14.22,24.47,,
,16-Apr-25,11:11 AM, 110.5 ," 1,036.5 ", 216.5 , 926.0 ,1744819050,C2CP - Cobre - 09 Concentrado Colectivo,27.433,24.396,0.447,1.486,12.28,23.38,,
,16-Apr-25,11:13 AM, 109.5 ," 1,099.0 ", 354.5 , 989.5 ,1744819052,C2CP - Cobre - 10 Concentrado Primario L2,22.411,17.116,0.283,1.06,30.54,35.83,,
,16-Apr-25,11:16 AM, 110.5 ," 1,113.5 ", 380.0 ," 1,003.0 ",1744819055,C2CP - Cobre - 11 Concentrado Primario L1,22.858,17.903,0.279,1.07,28.6,37.89,,
,18-Apr-25,11:59 AM, 109.0 , 965.5 , 209.5 , 856.5 ,1744995334,C2CP - Cobre - 03 Relave Final,1.949,0.066,0.000,0.007,0.000,24.46,,
,18-Apr-25,12:02 PM, 110.5 ," 1,305.5 ", 112.5 ," 1,195.0 ",1744995337,C2CP - Cobre - 04 Cola Scavenger L1,9.419,0.315,0.000,0.011,0.000,9.41,,
,18-Apr-25,12:06 PM, 108.5 ," 1,136.5 ", 89.5 ," 1,028.0 ",1744995339,C2CP - Cobre - 05 Cola Scavenger L2,8.491,0.292,0.000,0.009,0.000,8.71,,
,18-Apr-25,12:08 PM, 110.5 , 978.5 , 125.5 , 868.0 ,1744995341,C2CP - Cobre - 07 Concentrado 1ra Limpieza L1,25.56,24.691,0.000,14.930,0.000,14.46,,
,18-Apr-25,12:12 PM, 110.0 ," 1,009.0 ", 205.5 , 899.0 ,1744995343,C2CP - Cobre - 08 Concentrado 1ra Limpieza L2,25.132,23.314,0.000,17.670,0.000,22.86,,
,18-Apr-25,12:15 PM, 110.0 ," 1,037.0 ", 241.5 , 927.0 ,1744995346,C2CP - Cobre - 09 Concentrado Colectivo,25.994,26.462,0.000,16.770,0.000,26.05,,
,18-Apr-25,12:16 PM, 109.0 ," 1,131.0 ", 399.0 ," 1,022.0 ",1744995348,C2CP - Cobre - 10 Concentrado Primario L2,21.817,18.887,0.000,12.820,0.000,39.04,,
,18-Apr-25,12:27 PM, 110.0 ," 1,084.0 ", 286.5 , 974.0 ,1744996759,C2CP - Cobre - 11 Concentrado Primario L1,16.293,12.985,0.000,0.989,0.000,29.41,,
,21-Apr-25,12:19 PM, 110.5 ," 1,091.0 ", 398.0 , 980.5 ,1745255557,C2CP - Cobre - 01 Rebose Hidrociclones L1,2.854,0.633,0.004,0.043,0.000,40.59,,
,21-Apr-25,12:10 PM, 109.0 ," 1,033.0 ", 290.0 , 924.0 ,1745255146,C2CP - Cobre - 03 Relave Final,2.417,0.107,0.000,0.012,0.000,31.39,,
,21-Apr-25,12:13 PM, 100.5 ," 1,324.0 ", 113.0 ," 1,223.5 ",1745255418,C2CP - Cobre - 04 Cola Scavenger L1,9.16,0.267,0.000,0.017,0.000,9.24,,
,21-Apr-25,12:17 PM, 108.5 ," 1,105.0 ", 80.0 , 996.5 ,1745255420,C2CP - Cobre - 05 Cola Scavenger L2,8.527,0.229,0.000,0.012,0.000,8.03,,
,21-Apr-25,12:04 PM, 110.5 , 999.0 , 100.5 , 888.5 ,1745254851,C2CP - Cobre - 07 Concentrado 1ra Limpieza L1,28.422,26.855,0.181,1.591,9.32,11.31,,
,21-Apr-25,12:08 PM, 110.5 ," 1,024.5 ", 21.5 , 914.0 ,1745254854,C2CP - Cobre - 08 Concentrado 1ra Limpieza L2,27.512,24.101,0.163,1.767,13.38,2.35,,
,21-Apr-25,12:00 PM, 110.0 ," 1,025.0 ", 172.5 , 915.0 ,1745254573,C2CP - Cobre - 09 Concentrado Colectivo,27.719,25.576,0.172,1.95,11.48,18.85,,
,21-Apr-25,11:55 AM, 109.5 ," 1,116.0 ", 382.0 ," 1,006.5 ",1745254145,C2CP - Cobre - 10 Concentrado Primario L2,23.03,19.576,0.13,1.214,26.3,37.95,,
,23-Apr-25,12:03 PM, 110.5 ," 1,084.5 ", 358.0 , 974.0 ,1745427579,C2CP - Cobre - 01 Rebose Hidrociclones L1,2.012,0.615,0.000,0.054,0.000,36.76,,
,23-Apr-25,12:06 PM, 111.0 ," 1,074.5 ", 396.0 , 963.5 ,1745427589,C2CP - Cobre - 02 Rebose Hidrociclones L2,2.066,0.686,0.000,0.06,0.000,41.10,,
,23-Apr-25,12:10 PM, 109.0 , 826.0 , 185.5 , 717.0 ,1745427598,C2CP - Cobre - 03 Relave Final,1.473,0.092,0.000,0.01,0.000,25.87,,
,23-Apr-25,12:14 PM, 110.5 ," 1,346.5 ", 155.5 ," 1,236.0 ",1745427609,C2CP - Cobre - 04 Cola Scavenger L1,7.046,0.192,0.000,0.02,0.000,12.58,,
,23-Apr-25,12:18 PM, 108.5 , 895.5 , 70.0 , 787.0 ,1745427622,C2CP - Cobre - 05 Cola Scavenger L2,6.363,0.169,0.000,0.014,0.000,8.89,,
,23-Apr-25,12:05 PM, 110.5 , 904.5 , 138.5 , 794.0 ,1745427585,C2CP - Cobre - 07 Concentrado 1ra Limpieza L1,24.105,21.248,0.000,2.445,19.2,17.44,,
,23-Apr-25,12:09 PM, 110.0 ," 1,044.5 ", 238.0 , 934.5 ,1745427594,C2CP - Cobre - 08 Concentrado 1ra Limpieza L2,24.655,21.248,0.000,2.096,18.88,25.47,,
,23-Apr-25,12:12 PM, 110.0 ," 1,075.0 ", 262.5 , 965.0 ,1745427603,C2CP - Cobre - 09 Concentrado Colectivo,24.922,22.723,0.000,2.641,17.72,27.20,,
,23-Apr-25,12:20 PM, 110.0 ," 1,108.0 ", 310.5 , 998.0 ,1745427626,C2CP - Cobre - 10 Concentrado Primario L2,18.227,14.067,0.000,1.536,36.62,31.11,,
,23-Apr-25,12:16 PM, 109.5 ," 1,091.5 ", 281.0 , 982.0 ,1745427616,C2CP - Cobre - 11 Concentrado Primario L1,20.040,13.969,0.000,1.289,35.96,28.62,,
,25-Apr-25,6:09 PM, 110.5 ," 1,083.0 ", 365.5 , 972.5 ,1745622428,C2CP - Cobre - 01 Rebose Hidrociclones L1,1.941,0.637,0.000,0.033,0.000,37.58,,
,25-Apr-25,6:12 PM, 111.0 ," 1,077.5 ", 367.5 , 966.5 ,1745622509,C2CP - Cobre - 02 Rebose Hidrociclones L2,1.946,0.585,0.000,0.031,0.000,38.02,,
,25-Apr-25,11:50 AM, 109.0 ," 1,023.5 ", 252.5 , 914.5 ,1745598892,C2CP - Cobre - 03 Relave Final,1.662,0.112,0.000,0.007,0.000,27.61,,
,25-Apr-25,11:38 AM, 110.5 ," 1,295.0 ", 92.0 ," 1,184.5 ",1745598852,C2CP - Cobre - 04 Cola Scavenger L1,6.795,0.284,0.000,0.013,0.000,7.77,,
,25-Apr-25,11:42 AM, 108.5 ," 1,319.5 ", 120.0 ," 1,211.0 ",1745598862,C2CP - Cobre - 05 Cola Scavenger L2,6.635,0.233,0.000,0.011,0.000,9.91,,
,25-Apr-25,11:49 AM, 110.5 ," 1,004.5 ", 152.0 , 894.0 ,1745598886,C2CP - Cobre - 07 Concentrado 1ra Limpieza L1,25.841,21.805,0.000,1.233,18.54,17.00,,
,25-Apr-25,11:45 AM, 110.0 ," 1,030.0 ", 207.5 , 920.0 ,1745598867,C2CP - Cobre - 08 Concentrado 1ra Limpieza L2,26.109,22.54,0.000,1.148,17.1,22.55,,
,25-Apr-25,11:36 AM, 110.0 ," 1,075.0 ", 274.0 , 965.0 ,1745598849,C2CP - Cobre - 09 Concentrado Colectivo,25.887,23.52,0.000,1.283,16.46,28.39,,
,25-Apr-25,11:46 AM, 110.0 ," 1,131.5 ", 391.5 ," 1,021.5 ",1745598882,C2CP - Cobre - 10 Concentrado Primario L2,21.338,17.101,0.000,0.794,31.22,38.33,,
,25-Apr-25,11:40 AM, 109.0 , 887.0 , 282.5 , 778.0 ,1745598856,C2CP - Cobre - 11 Concentrado Primario L1,22.021,17.444,0.000,0.818,29.74,36.31,,
,28-Apr-25,9:58 AM, 108.0 ," 1,068.5 ", 376.0 , 960.5 ,7918,C2CP - Cobre - 01 Rebose Hidrociclones L1,1.849,0.750,0.009,0.057,0.000,39.15,,
,28-Apr-25,9:55 AM, 110.0 ," 1,058.0 ", 334.0 , 948.0 ,7919,C2CP - Cobre - 02 Rebose Hidrociclones L2,1.846,0.645,0.009,0.055,0.000,35.23,,
,28-Apr-25,10:00 AM, 110.0 ," 1,015.0 ", 273.0 , 905.0 ,7920,C2CP - Cobre - 03 Relave Final,1.378,0.087,0.000,0.011,0.000,30.17,,
,28-Apr-25,10:04 AM, 108.5 ," 1,334.5 ", 113.5 ," 1,226.0 ",7921,C2CP - Cobre - 04 Cola Scavenger L1,6.066,0.257,0.000,0.018,0.000,9.26,,
,28-Apr-25,10:07 AM, 110.0 ," 1,309.0 ", 119.0 ," 1,199.0 ",7922,C2CP - Cobre - 05 Cola Scavenger L2,6.100,0.218,0.000,0.016,0.000,9.92,,
,28-Apr-25,10:10 AM, 110.5 , 975.5 , 126.0 , 865.0 ,7923,C2CP - Cobre - 07 Concentrado 1ra Limpieza L1,25.830,27.453,0.303,2.048,11.940,14.57,,
,28-Apr-25,10:14 AM, 111.0 ," 1,027.5 ", 212.0 , 916.5 ,7924,C2CP - Cobre - 08 Concentrado 1ra Limpieza L2,24.590,25.774,0.299,2.466,14.340,23.13,,
,28-Apr-25,10:16 AM, 110.5 ," 1,073.0 ", 248.5 , 962.5 ,7925,C2CP - Cobre - 09 Concentrado Colectivo,26.028,28.045,0.314,2.237,10.320,25.82,,
,28-Apr-25,10:18 AM, 110.5 ," 1,147.5 ", 431.0 ," 1,037.0 ",7926,C2CP - Cobre - 10 Concentrado Primario L2,22.514,21.528,0.232,1.725,21.860,41.56,,
,28-Apr-25,10:42 AM, 109.5 ," 1,163.5 ", 431.0 ," 1,054.0 ",7927,C2CP - Cobre - 11 Concentrado Primario L1,22.945,21.626,0.223,1.765,22.640,40.89,,
,30-Apr-25,9:49 AM, 108.0 ," 1,069.0 ", 373.0 , 961.0 ,7932,C2CP - Cobre - 01 Rebose Hidrociclones L1,2.583,0.556,0.007,0.056,0.000,38.81,,
,30-Apr-25,9:52 AM, 110.0 ," 1,021.5 ", 260.5 , 911.5 ,7933,C2CP - Cobre - 02 Rebose Hidrociclones L2,2.340,0.316,0.006,0.031,0.000,28.58,,
,30-Apr-25,9:54 AM, 110.0 ," 1,014.0 ", 245.0 , 904.0 ,7934,C2CP - Cobre - 03 Relave Final,1.899,0.056,0.000,0.008,0.000,27.10,,
,30-Apr-25,9:58 AM, 108.5 ," 1,295.0 ", 85.5 ," 1,186.5 ",7935,C2CP - Cobre - 04 Cola Scavenger L1,9.727,0.559,0.000,0.053,0.000,7.21,,
,30-Apr-25,10:01 AM, 110.0 ," 1,305.5 ", 99.0 ," 1,195.5 ",7936,C2CP - Cobre - 05 Cola Scavenger L2,10.004,0.597,0.000,0.048,0.000,8.28,,
,30-Apr-25,10:03 AM, 110.5 , 991.5 , 131.0 , 881.0 ,7937,C2CP - Cobre - 07 Concentrado 1ra Limpieza L1,26.418,27.946,0.250,2.740,8.200,14.87,,
,30-Apr-25,10:07 AM, 111.0 ," 1,031.5 ", 201.0 , 920.5 ,7938,C2CP - Cobre - 08 Concentrado 1ra Limpieza L2,25.712,25.576,0.235,3.759,11.120,21.84,,
,30-Apr-25,10:10 AM, 110.5 ," 1,046.5 ", 208.5 , 936.0 ,7939,C2CP - Cobre - 09 Concentrado Colectivo,26.279,28.638,0.251,3.063,7.680,22.28,,
,30-Apr-25,10:11 AM, 110.5 ," 1,078.5 ", 238.5 , 968.0 ,7940,C2CP - Cobre - 10 Concentrado Primario L2,21.846,17.281,0.152,1.696,28.640,24.64,,
,30-Apr-25,10:43 AM, 109.5 ," 1,148.0 ", 378.5 ," 1,038.5 ",7941,C2CP - Cobre - 11 Concentrado Primario L1,20.356,18.269,0.156,1.797,30.220,36.45,,
,02-May-25,12:00 PM, 108.0 ," 1,065.0 ", 355.5 , 957.0 ,7946,C2CP - Cobre - 01 Rebose Hidrociclones L1,1.931,0.486,0.007,0.037,0.000,37.15,,
,02-May-25,12:02 PM, 110.0 ," 1,042.0 ", 309.5 , 932.0 ,7947,C2CP - Cobre - 02 Rebose Hidrociclones L2,1.814,0.324,0.007,0.030,0.000,33.21,,
,02-May-25,11:54 AM, 108.5 ," 1,344.0 ", 152.0 ," 1,235.5 ",7948,C2CP - Cobre - 04 Cola Scavenger L1,0.555,0.249,0.000,0.040,0.000,12.30,,
,02-May-25,11:57 AM, 110.0 ," 1,317.0 ", 134.5 ," 1,207.0 ",7949,C2CP - Cobre - 05 Cola Scavenger L2,6.685,0.234,0.000,0.035,0.000,11.14,,
,02-May-25,12:09 PM, 110.5 , 930.0 , 50.5 , 819.5 ,7950,C2CP - Cobre - 07 Concentrado 1ra Limpieza L1,25.710,23.117,0.157,1.821,13.360,6.16,,
,02-May-25,12:13 PM, 111.0 , 996.0 , 206.5 , 885.0 ,7951,C2CP - Cobre - 08 Concentrado 1ra Limpieza L2,24.597,23.127,0.157,1.656,18.240,23.33,,
,02-May-25,12:15 PM, 110.6 ," 1,025.5 ", 206.0 , 914.9 ,7952,C2CP - Cobre - 09 Concentrado Colectivo,25.914,24.929,0.196,1.919,12.080,22.52,,
,02-May-25,12:06 PM, 110.5 ," 1,080.5 ", 302.5 , 970.0 ,7953,C2CP - Cobre - 10 Concentrado Primario L2,19.182,13.480,0.104,0.949,38.380,31.19,,
,02-May-25,12:04 PM, 109.5 ," 1,088.0 ", 298.0 , 978.5 ,7954,C2CP - Cobre - 11 Concentrado Primario L1,20.157,13.530,0.111,1.015,36.780,30.45,,
,05-May-25,12:29 PM, 111.0 ," 1,067.0 ", 358.5 , 956.0 ,7959,C2CP - Cobre - 02 Rebose Hidrociclones L2,1.955,0.469,0.006,0.031,0.000,37.50,,
,05-May-25,11:55 AM, 109.0 ," 1,032.5 ", 306.5 , 923.5 ,7960,C2CP - Cobre - 03 Relave Final,1.805,0.075,0.000,0.007,0.000,33.19,,
,05-May-25,11:59 AM, 110.5 ," 1,338.0 ", 125.5 ," 1,227.5 ",7961,C2CP - Cobre - 04 Cola Scavenger L1,8.544,0.295,0.000,0.014,0.000,10.22,,
,05-May-25,12:02 PM, 108.5 ," 1,334.0 ", 118.5 ," 1,225.5 ",7962,C2CP - Cobre - 05 Cola Scavenger L2,8.387,0.264,0.000,0.011,0.000,9.67,,
,05-May-25,12:05 PM, 110.5 ," 1,000.0 ", 160.5 , 889.5 ,7963,C2CP - Cobre - 07 Concentrado 1ra Limpieza L1,26.879,22.599,0.132,1.564,13.460,18.04,,
,05-May-25,12:08 PM, 110.0 ," 1,004.0 ", 247.5 , 894.0 ,7964,C2CP - Cobre - 08 Concentrado 1ra Limpieza L2,26.422,22.550,0.131,1.553,14.620,27.68,,
,05-May-25,12:11 PM, 110.0 ," 1,040.0 ", 189.5 , 930.0 ,7965,C2CP - Cobre - 09 Concentrado Colectivo,27.516,26.663,0.149,1.748,11.460,20.38,,
,05-May-25,12:18 PM, 109.0 ," 1,109.5 ", 361.5 ," 1,000.5 ",7966,C2CP - Cobre - 10 Concentrado Primario L2,21.995,17.148,0.091,1.046,31.560,36.13,,
,05-May-25,12:20 PM, 110.0 ," 1,119.0 ", 375.5 ," 1,009.0 ",7967,C2CP - Cobre - 11 Concentrado Primario L1,21.364,16.355,0.093,1.086,33.400,37.22,,
,07-May-25,10:07 AM, 110.0 ," 1,092.0 ", 390.5 , 982.0 ,7972,C2CP - Cobre - 01 Rebose Hidrociclones L1,2.587,0.567,0.007,0.028,0.000,39.77,,
,07-May-25,11:57 AM, 111.0 ," 1,062.0 ", 332.0 , 951.0 ,7973,C2CP - Cobre - 02 Rebose Hidrociclones L2,2.421,0.477,0.006,0.027,0.000,34.91,,
,07-May-25,11:49 AM, 109.0 , 977.0 , 227.5 , 868.0 ,7974,C2CP - Cobre - 03 Relave Final,2.066,0.070,0.000,0.006,0.000,26.21,,
,07-May-25,11:46 AM, 109.5 ," 1,330.5 ", 124.0 ," 1,221.0 ",7975,C2CP - Cobre - 04 Cola Scavenger L1,6.248,0.230,0.000,0.011,0.000,10.16,,
,07-May-25,11:52 AM, 108.5 ," 1,332.5 ", 146.0 ," 1,224.0 ",7976,C2CP - Cobre - 05 Cola Scavenger L2,6.405,0.190,0.000,0.010,0.000,11.93,,
,07-May-25,12:02 PM, 110.5 , 992.0 , 121.0 , 881.5 ,7977,C2CP - Cobre - 07 Concentrado 1ra Limpieza L1,26.094,24.780,0.175,1.384,15.460,13.73,,
,07-May-25,12:05 PM, 110.0 ," 1,018.0 ", 209.5 , 908.0 ,7978,C2CP - Cobre - 08 Concentrado 1ra Limpieza L2,25.298,23.293,0.160,1.427,18.540,23.07,,
,07-May-25,11:58 AM, 110.0 ," 1,043.0 ", 210.5 , 933.0 ,7979,C2CP - Cobre - 09 Concentrado Colectivo,25.898,25.077,0.173,1.533,15.480,22.56,,
,07-May-25,11:37 AM, 109.0 ," 1,115.5 ", 388.5 ," 1,006.5 ",7980,C2CP - Cobre - 10 Concentrado Primario L2,21.632,17.445,0.120,1.046,31.620,38.60,,
,07-May-25,11:43 AM, 110.0 ," 1,097.5 ", 303.5 , 987.5 ,7981,C2CP - Cobre - 11 Concentrado Primario L1,21.238,17.742,0.123,1.190,32.060,30.73,,
,12-May-25,12:42 PM, 110.0 ," 1,060.0 ", 394.5 , 950.0 ,7982,C2CP - Cobre - 01 Rebose Hidrociclones L1,2.603,0.527,0.000,0.031,0.000,41.53,,
,12-May-25,12:47 PM, 111.0 ," 1,063.0 ", 386.0 , 952.0 ,7983,C2CP - Cobre - 02 Rebose Hidrociclones L2,2.521,0.479,0.000,0.028,0.000,40.55,,
,12-May-25,12:51 PM, 110.0 , 989.5 , 218.0 , 879.5 ,7984,C2CP - Cobre - 03 Relave Final,2.001,0.080,0.000,0.009,0.000,24.79,,
,12-May-25,1:31 PM, 109.5 ," 1,333.5 ", 159.5 ," 1,224.0 ",7985,C2CP - Cobre - 04 Cola Scavenger L1,9.644,0.258,0.000,0.015,0.000,13.03,,
,12-May-25,12:56 PM, 108.5 ," 1,331.5 ", 150.0 ," 1,223.0 ",7986,C2CP - Cobre - 05 Cola Scavenger L2,9.201,0.270,0.000,0.016,0.000,12.26,,
,12-May-25,12:45 PM, 110.5 , 966.0 , 126.5 , 855.5 ,7987,C2CP - Cobre - 07 Concentrado 1ra Limpieza L1,27.241,26.268,0.000,1.643,11.540,14.79,,
,12-May-25,12:49 PM, 110.0 , 996.5 , 213.0 , 886.5 ,7988,C2CP - Cobre - 08 Concentrado 1ra Limpieza L2,27.546,26.268,0.000,1.656,10.880,24.03,,
,12-May-25,12:52 PM, 110.0 ," 1,129.5 ", 321.5 ," 1,019.5 ",7989,C2CP - Cobre - 09 Concentrado Colectivo,27.787,27.263,0.000,1.804,9.400,31.54,,
,12-May-25,12:58 PM, 109.0 ," 1,077.0 ", 323.5 , 968.0 ,7990,C2CP - Cobre - 10 Concentrado Primario L2,22.631,17.910,0.000,1.029,29.540,33.42,,
,12-May-25,6:15 PM, 110.0 ," 1,065.5 ", 245.0 , 955.5 ,7991,C2CP - Cobre - 11 Concentrado Primario L1,23.959,21.890,0.000,0.978,22.800,25.64,,
,14-May-25,10:31 AM, 110.5 ," 1,079.5 ", 398.0 , 969.0 ,1747236436,C2CP - Cobre - 01 Rebose Hidrociclones L1,1.848,0.571,0.005,0.041,0.000,41.07,,
,14-May-25,10:28 AM, 111.0 ," 1,046.0 ", 335.0 , 935.0 ,1747236422,C2CP - Cobre - 02 Rebose Hidrociclones L2,1.855,0.521,0.005,0.040,0.000,35.83,,
,14-May-25,10:55 AM, 109.0 , 963.5 , 197.5 , 854.5 ,1747237629,C2CP - Cobre - 03 Relave Final,1.596,0.071,0.000,0.009,0.000,23.11,,
,14-May-25,10:49 AM, 110.5 ," 1,336.0 ", 143.5 ," 1,225.5 ",1747237486,C2CP - Cobre - 04 Cola Scavenger L1,7.629,0.268,0.000,0.013,0.000,11.71,,
,14-May-25,10:52 AM, 108.5 ," 1,318.5 ", 137.0 ," 1,210.0 ",1747237488,C2CP - Cobre - 05 Cola Scavenger L2,7.410,0.251,0.000,0.012,0.000,11.32,,
,14-May-25,11:00 AM, 110.5 ," 1,007.5 ", 166.5 , 897.0 ,1747238009,C2CP - Cobre - 07 Concentrado 1ra Limpieza L1,17.254,15.731,0.085,1.010,37.580,18.56,,
,14-May-25,11:04 AM, 110.0 ," 1,032.0 ", 254.5 , 922.0 ,1747238012,C2CP - Cobre - 08 Concentrado 1ra Limpieza L2,26.339,23.622,0.117,1.817,13.200,27.60,,
,14-May-25,10:56 AM, 110.0 ," 1,143.0 ", 324.0 ," 1,033.0 ",1747237811,C2CP - Cobre - 09 Concentrado Colectivo,27.771,25.919,0.130,1.931,9.620,31.36,,
,14-May-25,11:05 AM, 109.0 ," 1,107.0 ", 354.0 , 998.0 ,1747238240,C2CP - Cobre - 10 Concentrado Primario L2,22.566,17.279,0.092,1.207,28.660,35.47,,
,14-May-25,11:08 AM, 110.0 ," 1,089.5 ", 303.5 , 979.5 ,1747238243,C2CP - Cobre - 11 Concentrado Primario L1,27.097,23.572,0.121,1.806,13.540,30.99,,
,16-May-25,11:42 AM, 110.5 ," 1,064.5 ", 401.0 , 954.0 ,1747413560,C2CP - Cobre - 01 Rebose Hidrociclones L1,2.035,0.627,0.007,0.038,0.000,42.03,,
,16-May-25,11:44 AM, 109.0 , 986.0 , 239.5 , 877.0 ,1747413597,C2CP - Cobre - 03 Relave Final,1.677,0.102,0.000,0.013,0.000,27.31,,
,16-May-25,11:47 AM, 110.5 ," 1,367.0 ", 215.0 ," 1,256.5 ",1747413599,C2CP - Cobre - 04 Cola Scavenger L1,7.502,0.276,0.000,0.010,0.000,17.11,,
,16-May-25,11:51 AM, 108.5 ," 1,374.5 ", 227.0 ," 1,266.0 ",1747413600,C2CP - Cobre - 05 Cola Scavenger L2,7.932,0.282,0.000,0.013,0.000,17.93,,
,16-May-25,11:53 AM, 110.5 , 972.5 , 124.5 , 862.0 ,1747413602,C2CP - Cobre - 07 Concentrado 1ra Limpieza L1,17.758,15.661,0.088,0.965,38.800,14.44,,
,16-May-25,11:57 AM, 110.0 ," 1,002.0 ", 163.5 , 892.0 ,1747413603,C2CP - Cobre - 08 Concentrado 1ra Limpieza L2,20.048,19.130,0.117,1.130,30.100,18.33,,
,16-May-25,12:00 AM, 110.0 ," 1,103.0 ", 274.0 , 993.0 ,1747413605,C2CP - Cobre - 09 Concentrado Colectivo,24.149,25.424,0.154,1.474,16.000,27.59,,
,16-May-25,12:02 AM, 109.0 , 608.0 , 172.5 , 499.0 ,1747413606,C2CP - Cobre - 10 Concentrado Primario L2,21.166,21.113,0.116,1.008,27.460,34.57,,
,16-May-25,12:15 AM, 110.0 ," 1,122.0 ", 367.5 ," 1,012.0 ",1747415619,C2CP - Cobre - 11 Concentrado Primario L1,22.550,22.599,0.120,0.892,24.340,36.31,,
,19-May-25,11:48 AM, 110.0 ," 1,034.5 ", 377.5 , 924.5 ,1747673145,C2CP - Cobre - 01 Rebose Hidrociclones L1,2.150,0.686,0.007,0.047,0.000,40.83,,
,19-May-25,11:51 AM, 110.0 , 955.0 , 195.0 , 845.0 ,1747673151,C2CP - Cobre - 03 Relave Final,1.964,0.066,0.000,0.009,0.000,23.08,,
,19-May-25,11:54 AM, 108.5 ," 1,353.0 ", 169.0 ," 1,244.5 ",1747673154,C2CP - Cobre - 04 Cola Scavenger L1,8.556,0.267,0.000,0.044,0.000,13.58,,
,19-May-25,12:11 PM, 110.0 ," 1,333.5 ", 170.5 ," 1,223.5 ",1747673875,C2CP - Cobre - 05 Cola Scavenger L2,8.814,0.282,0.000,0.041,0.000,13.94,,
,19-May-25,11:57 AM, 110.5 , 926.0 , 71.5 , 815.5 ,1747673164,C2CP - Cobre - 07 Concentrado 1ra Limpieza L1,27.810,22.698,0.168,1.971,12.300,8.77,,
,19-May-25,12:00 AM, 111.0 ," 1,040.0 ", 275.0 , 929.0 ,1747673165,C2CP - Cobre - 08 Concentrado 1ra Limpieza L2,26.343,21.212,0.147,2.082,15.020,29.60,,
,19-May-25,12:03 PM, 110.5 ," 1,081.0 ", 260.0 , 970.5 ,1747673167,C2CP - Cobre - 09 Concentrado Colectivo,26.189,26.168,0.176,1.958,9.900,26.79,,
,19-May-25,12:05 PM, 109.5 ," 1,118.0 ", 373.5 ," 1,008.5 ",1747671869,C2CP - Cobre - 10 Concentrado Primario L2,22.359,16.553,0.114,1.165,29.740,37.04,,
,19-May-25,12:07 PM, 110.5 ," 1,125.5 ", 380.0 ," 1,015.0 ",1747673171,C2CP - Cobre - 11 Concentrado Primario L1,23.630,17.148,0.116,1.207,27.580,37.44,,
,26-May-25,12:20 PM, 110.0 , 974.5 , 350.5 , 864.5 ,1748279884,C2CP - Cobre - 01 Rebose Hidrociclones L1,2.198,0.695,0.000,0.066,0.000,40.54,,
,26-May-25,12:23 PM, 111.0 ," 1,053.0 ", 349.5 , 942.0 ,1748279892,C2CP - Cobre - 02 Rebose Hidrociclones L2,1.992,0.640,0.000,0.065,0.000,37.10,,
,26-May-25,12:27 PM, 110.0 , 945.5 , 169.5 , 835.5 ,1748279900,C2CP - Cobre - 03 Relave Final,1.363,0.078,0.000,0.013,0.000,20.29,,
,26-May-25,12:31 PM, 108.5 ," 1,286.0 ", 68.0 ," 1,177.5 ",1748279909,C2CP - Cobre - 04 Cola Scavenger L1,7.645,0.285,0.000,0.082,0.000,5.77,,
,26-May-25,12:36 PM, 108.5 ," 1,310.0 ", 83.5 ," 1,201.5 ",1748279918,C2CP - Cobre - 05 Cola Scavenger L2,7.966,0.224,0.000,0.095,0.000,6.95,,
,26-May-25,12:22 PM, 110.5 ," 1,033.0 ", 277.5 , 922.5 ,1748279888,C2CP - Cobre - 07 Concentrado 1ra Limpieza L1,26.365,25.374,0.000,2.817,13.260,30.08,,
,26-May-25,12:26 PM, 111.0 ," 1,031.0 ", 270.0 , 920.0 ,1748279896,C2CP - Cobre - 08 Concentrado 1ra Limpieza L2,25.898,25.324,0.000,2.996,14.040,29.35,,
,26-May-25,12:29 PM, 110.6 ," 1,103.0 ", 292.0 , 992.4 ,1748279904,C2CP - Cobre - 09 Concentrado Colectivo,26.119,26.963,0.000,3.116,11.440,29.42,,
,26-May-25,12:33 PM, 109.0 ," 1,095.5 ", 363.0 , 986.5 ,1748279914,C2CP - Cobre - 10 Concentrado Primario L2,22.934,19.763,0.000,1.958,26.140,36.80,,
,26-May-25,12:45 PM, 110.5 ," 1,092.5 ", 287.5 , 982.0 ,1748281068,C2CP - Cobre - 11 Concentrado Primario L1,22.706,20.110,0.000,2.248,25.580,29.28,,
,28-May-25,4:14 PM, 108.0 , 942.5 , 158.0 , 834.5 ,1748466724,C2CP - Cobre - 01 Rebose Hidrociclones L1,1.835,0.597,0.009,0.047,0.000,18.93,,
,28-May-25,3:48 PM, 110.0 , 929.0 , 166.5 , 819.0 ,1748465025,C2CP - Cobre - 03 Relave Final,1.434,0.142,0.000,0.013,0.000,20.33,,
,28-May-25,3:56 PM, 108.5 ," 1,309.0 ", 81.0 ," 1,200.5 ",1748465364,C2CP - Cobre - 04 Cola Scavenger L1,9.198,0.192,0.000,0.016,0.000,6.75,,
,28-May-25,4:00 PM, 108.5 ," 1,311.5 ", 87.0 ," 1,203.0 ",1748465367,C2CP - Cobre - 05 Cola Scavenger L2,8.604,0.190,0.000,0.024,0.000,7.23,,
,28-May-25,3:47 PM, 110.5 ," 1,138.5 ", 410.5 ," 1,028.0 ",1748464955,C2CP - Cobre - 07 Concentrado 1ra Limpieza L1,25.401,23.194,0.151,1.791,16.900,39.93,,
,28-May-25,3:54 PM, 111.0 ," 1,019.0 ", 265.0 , 908.0 ,1748465325,C2CP - Cobre - 08 Concentrado 1ra Limpieza L2,24.813,22.153,0.170,2.424,18.560,29.19,,
,28-May-25,4:01 PM, 110.5 ," 1,090.5 ", 268.5 , 980.0 ,1748465742,C2CP - Cobre - 09 Concentrado Colectivo,25.494,23.789,0.166,2.063,16.720,27.40,,
,28-May-25,4:03 PM, 109.0 ," 1,103.0 ", 329.5 , 994.0 ,1748466051,C2CP - Cobre - 10 Concentrado Primario L2,21.219,16.157,0.119,1.457,32.080,33.15,,
,28-May-25,4:09 PM, 110.5 ," 1,013.5 ", 144.0 , 903.0 ,1748466053,C2CP - Cobre - 11 Concentrado Primario L1,20.126,19.180,0.156,1.850,27.040,15.95,,
,30-May-25,10:42 AM, 108.0 ," 1,070.0 ", 370.5 , 962.0 ,1748619317,C2CP - Cobre - 01 Rebose Hidrociclones L1,2.206,0.548,0.009,0.028,0.000,38.51,,
,30-May-25,10:45 AM, 111.0 ," 1,053.5 ", 354.0 , 942.5 ,1748619320,C2CP - Cobre - 02 Rebose Hidrociclones L2,2.386,0.591,0.008,0.029,0.000,37.56,,
,30-May-25,10:29 AM, 110.0 , 995.0 , 227.0 , 885.0 ,1748618818,C2CP - Cobre - 03 Relave Final,1.779,0.083,0.000,0.008,0.000,25.65,,
,30-May-25,10:03 AM, 108.5 ," 1,346.5 ", 144.0 ," 1,238.0 ",1748617090,C2CP - Cobre - 04 Cola Scavenger L1,6.165,0.148,0.000,0.015,0.000,11.63,,
,30-May-25,10:06 AM, 108.5 ," 1,335.5 ", 137.0 ," 1,227.0 ",1748617094,C2CP - Cobre - 05 Cola Scavenger L2,6.149,0.122,0.000,0.013,0.000,11.17,,
,30-May-25,10:37 AM, 110.5 ," 1,135.0 ", 378.5 ," 1,024.5 ",1748619084,C2CP - Cobre - 07 Concentrado 1ra Limpieza L1,27.364,22.104,0.171,1.128,14.360,36.94,,
,30-May-25,10:41 AM, 111.0 ," 1,022.5 ", 277.0 , 911.5 ,1748619087,C2CP - Cobre - 08 Concentrado 1ra Limpieza L2,27.289,22.005,0.165,1.117,13.980,30.39,,
,30-May-25,10:30 AM, 110.5 ," 1,101.0 ", 274.5 , 990.5 ,1748618833,C2CP - Cobre - 09 Concentrado Colectivo,26.295,22.897,0.171,1.561,14.400,27.71,,
,30-May-25,10:34 AM, 109.0 ," 1,084.0 ", 296.5 , 975.0 ,1748619052,C2CP - Cobre - 10 Concentrado Primario L2,19.772,14.372,0.118,0.718,35.800,30.41,,
,30-May-25,10:32 AM, 110.5 ," 1,079.5 ", 288.0 , 969.0 ,1748618871,C2CP - Cobre - 11 Concentrado Primario L1,18.520,13.976,0.109,0.690,38.460,29.72,,
,02-Jun-25,11:19 AM, 108.0 ," 1,045.0 ", 361.5 , 937.0 ,1748880956,C2CP - Cobre - 01 Rebose Hidrociclones L1,3.290,0.409,0.010,0.027,0.000,38.58,,
,02-Jun-25,11:21 AM, 110.0 , 792.0 , 246.0 , 682.0 ,1748881006,C2CP - Cobre - 02 Rebose Hidrociclones L2,3.286,0.429,0.010,0.027,0.000,36.07,,
,02-Jun-25,11:24 AM, 110.0 , 685.5 , 114.0 , 575.5 ,1748881320,C2CP - Cobre - 03 Relave Final,2.617,0.048,0.000,0.007,0.000,19.81,,
,02-Jun-25,11:28 AM, 108.5 ," 1,059.5 ", 79.5 , 951.0 ,1748881336,C2CP - Cobre - 04 Cola Scavenger L1,5.939,0.113,0.000,0.023,0.000,8.36,,
,02-Jun-25,11:35 AM, 108.5 ," 1,068.0 ", 93.5 , 959.5 ,1748881339,C2CP - Cobre - 05 Cola Scavenger L2,5.896,0.111,0.000,0.022,0.000,9.74,,
,02-Jun-25,11:30 AM, 111.0 , 873.0 , 332.0 , 762.0 ,1748881337,C2CP - Cobre - 08 Concentrado 1ra Limpieza L2,27.367,24.681,0.207,1.717,12.160,43.57,,
,02-Jun-25,11:36 AM, 110.5 , 860.5 , 181.5 , 750.0 ,1748881340,C2CP - Cobre - 09 Concentrado Colectivo,27.847,24.582,0.228,2.000,11.960,24.20,,
,02-Jun-25,11:32 AM, 109.0 , 869.5 , 238.0 , 760.5 ,1748881338,C2CP - Cobre - 10 Concentrado Primario L2,23.122,20.022,0.207,1.425,24.940,31.30,,
,06-Jun-25,11:11 AM, 110.0 ," 1,064.5 ", 345.0 , 954.5 ,1749225510,C2CP - Cobre - 02 Rebose Hidrociclones L2,2.279,0.523,0.007,0.039,0.000,36.14,,
,06-Jun-25,10:59 AM, 109.0 , 968.5 , 212.5 , 859.5 ,1749225496,C2CP - Cobre - 03 Relave Final,1.957,0.082,0.000,0.010,0.000,24.72,,
,06-Jun-25,11:03 AM, 110.5 ," 1,322.0 ", 101.0 ," 1,211.5 ",1749225499,C2CP - Cobre - 04 Cola Scavenger L1,9.028,0.136,0.000,0.020,0.000,8.34,,
,06-Jun-25,11:06 AM, 108.5 ," 1,326.5 ", 106.5 ," 1,218.0 ",1749225502,C2CP - Cobre - 05 Cola Scavenger L2,8.933,0.126,0.000,0.019,0.000,8.74,,
,06-Jun-25,10:53 AM, 110.5 , 994.5 , 179.0 , 884.0 ,1749224945,C2CP - Cobre - 07 Concentrado 1ra Limpieza L1,27.675,21.890,0.111,1.702,16.620,20.25,,
,06-Jun-25,10:59 AM, 110.0 ," 1,006.0 ", 204.5 , 896.0 ,1749225004,C2CP - Cobre - 08 Concentrado 1ra Limpieza L2,26.871,20.398,0.111,1.685,18.500,22.82,,
,06-Jun-25,10:49 AM, 110.0 , 833.0 , 183.5 , 723.0 ,1749224869,C2CP - Cobre - 09 Concentrado Colectivo,26.500,24.179,0.119,1.632,15.520,25.38,,
,06-Jun-25,10:46 AM, 110.0 ," 1,102.0 ", 347.0 , 992.0 ,1749224479,C2CP - Cobre - 10 Concentrado Primario L2,22.910,15.920,0.090,1.261,30.560,34.98,,
,06-Jun-25,10:43 AM, 109.5 ," 1,109.5 ", 346.5 ," 1,000.0 ",1749224457,C2CP - Cobre - 11 Concentrado Primario L1,23.140,16.119,0.089,1.208,30.560,34.65,,
,09-Jun-25,11:12 AM, 108.0 ," 1,017.5 ", 312.0 , 909.5 ,1749485382,C2CP - Cobre - 01 Rebose Hidrociclones L1,2.032,0.607,0.000,0.056,0.000,34.30,,
,09-Jun-25,10:41 AM, 110.0 ," 1,025.5 ", 239.5 , 915.5 ,1749483375,C2CP - Cobre - 03 Relave Final,1.271,0.073,0.000,0.013,0.000,26.16,,
,09-Jun-25,10:44 AM, 108.5 ," 1,304.0 ", 78.0 ," 1,195.5 ",1749483379,C2CP - Cobre - 04 Cola Scavenger L1,8.507,0.180,0.000,0.028,0.000,6.52,,
,09-Jun-25,10:48 AM, 110.0 ," 1,338.5 ", 113.5 ," 1,228.5 ",1749483433,C2CP - Cobre - 05 Cola Scavenger L2,7.797,0.139,0.000,0.026,0.000,9.24,,
,09-Jun-25,10:50 AM, 110.5 , 777.5 , 295.0 , 667.0 ,1749483499,C2CP - Cobre - 07 Concentrado 1ra Limpieza L1,20.863,15.920,0.000,1.544,33.520,44.23,,
,09-Jun-25,10:54 AM, 111.0 ," 1,016.0 ", 196.5 , 905.0 ,1749483502,C2CP - Cobre - 08 Concentrado 1ra Limpieza L2,26.104,19.602,0.000,2.218,19.960,21.71,,
,09-Jun-25,10:57 AM, 110.6 ," 1,071.0 ", 213.5 , 960.4 ,1749483509,C2CP - Cobre - 09 Concentrado Colectivo,27.026,23.681,0.000,2.198,15.000,22.23,,
,09-Jun-25,11:05 AM, 110.5 ," 1,107.5 ", 134.5 , 997.0 ,1749484928,C2CP - Cobre - 10 Concentrado Primario L2,21.437,16.318,0.000,1.501,31.980,13.49,,
,09-Jun-25,11:07 AM, 109.0 ," 1,099.0 ", 280.0 , 990.0 ,1749484930,C2CP - Cobre - 11 Concentrado Primario L1,26.867,21.691,0.000,2.164,16.260,28.28,,
,11-Jun-25,11:59 AM, 109.0 , 990.5 , 262.5 , 881.5 ,1749660976,C2CP - Cobre - 03 Relave Final,1.545,0.069,0.000,0.009,0.000,29.78,,
,11-Jun-25,12:03 PM, 110.5 ," 1,348.5 ", 134.0 ," 1,238.0 ",1749660978,C2CP - Cobre - 04 Cola Scavenger L1,8.840,0.184,0.000,0.013,0.000,10.82,,
,11-Jun-25,12:06 PM, 108.5 ," 1,349.5 ", 148.5 ," 1,241.0 ",1749660981,C2CP - Cobre - 05 Cola Scavenger L2,8.924,0.159,0.000,0.010,0.000,11.97,,
,11-Jun-25,12:19 PM, 110.5 , 995.5 , 160.0 , 885.0 ,1749661741,C2CP - Cobre - 07 Concentrado 1ra Limpieza L1,26.609,22.587,0.121,1.305,17.360,18.08,,
,11-Jun-25,12:15 PM, 110.0 ," 1,017.0 ", 198.0 , 907.0 ,1749661740,C2CP - Cobre - 08 Concentrado 1ra Limpieza L2,25.908,21.990,0.122,1.341,18.560,21.83,,
,11-Jun-25,12:12 PM, 110.5 ," 1,976.0 ", 222.5 ," 1,865.5 ",1749661738,C2CP - Cobre - 09 Concentrado Colectivo,26.322,22.288,0.122,1.417,17.700,11.93,,
,11-Jun-25,11:55 PM, 110.0 ," 1,124.0 ", 346.5 ," 1,014.0 ",1749660814,C2CP - Cobre - 10 Concentrado Primario L2,21.501,17.313,0.096,0.961,31.420,34.17,,
,11-Jun-25,11:58 PM, 109.5 ," 1,138.5 ", 367.5 ," 1,029.0 ",1749660817,C2CP - Cobre - 11 Concentrado Primario L1,20.684,17.711,0.100,1.050,32.120,35.71,,
,13-Jun-25,11:02 AM, 108.0 ," 1,085.5 ", 371.0 , 977.5 ,1749830193,C2CP - Cobre - 01 Rebose Hidrociclones L1,2.483,0.625,0.000,0.043,0.000,37.95,,
,13-Jun-25,10:56 AM, 110.0 , 987.5 , 235.6 , 877.5 ,1749829942,C2CP - Cobre - 02 Rebose Hidrociclones L2,2.523,0.634,0.000,0.044,0.000,26.85,,
,13-Jun-25,11:22 AM, 110.0 ," 1,008.5 ", 251.4 , 898.5 ,1749831641,C2CP - Cobre - 03 Relave Final,7.029,0.086,0.000,0.009,0.000,27.98,,
,13-Jun-25,11:09 AM, 108.5 ," 1,338.0 ", 105.6 ," 1,229.5 ",1749830502,C2CP - Cobre - 04 Cola Scavenger L1,13.607,0.193,0.000,0.014,0.000,8.59,,
,13-Jun-25,11:13 AM, 110.0 ," 1,347.0 ", 140.4 ," 1,237.0 ",1749830509,C2CP - Cobre - 05 Cola Scavenger L2,13.760,0.168,0.000,0.014,0.000,11.35,,
,13-Jun-25,12:00 AM, 110.5 , 966.5 , 115.2 , 856.0 ,1749830039,C2CP - Cobre - 07 Concentrado 1ra Limpieza L1,25.751,20.398,0.000,1.380,18.640,13.46,,
,13-Jun-25,10:55 AM, 111.0 , 998.0 , 179.0 , 887.0 ,1749829817,C2CP - Cobre - 08 Concentrado 1ra Limpieza L2,24.924,18.706,0.000,1.555,22.040,20.18,,
,13-Jun-25,11:06 AM, 110.0 ," 1,059.0 ", 213.8 , 949.0 ,1749830497,C2CP - Cobre - 09 Concentrado Colectivo,25.616,20.746,0.000,1.618,18.620,22.53,,
,13-Jun-25,11:10 AM, 110.5 ," 1,145.5 ", 375.4 ," 1,035.0 ",1749830505,C2CP - Cobre - 10 Concentrado Primario L2,21.892,16.020,0.000,1.315,29.980,36.27,,
,13-Jun-25,11:05 AM, 109.0 ," 1,144.0 ", 360.6 ," 1,035.0 ",1749830494,C2CP - Cobre - 11 Concentrado Primario L1,24.075,20.000,0.000,1.507,22.900,34.84,,
,16-Jun-25,12:06 PM, 110.5 ," 1,095.5 ", 390.5 , 985.0 ,17500093176,C2CP - Cobre - 01 Rebose Hidrociclones L1,2.903,0.524,0.012,0.052,0.000,39.64,,
,16-Jun-25,11:10 AM, 110.0 ," 1,073.5 ", 355.5 , 963.5 ,1750089707,C2CP - Cobre - 02 Rebose Hidrociclones L2,3.153,0.475,0.012,0.055,0.000,36.90,,
,16-Jun-25,12:03 PM, 110.0 , 996.5 , 228.0 , 886.5 ,1750093157,C2CP - Cobre - 03 Relave Final,3.270,0.049,0.000,0.009,0.000,25.72,,
,16-Jun-25,10:48 AM, 110.5 ," 1,207.5 ", 107.5 ," 1,097.0 ",1750088667,C2CP - Cobre - 04 Cola Scavenger L1,13.048,0.172,0.000,0.021,0.000,9.80,,
,16-Jun-25,10:51 AM, 108.5 ," 1,212.5 ", 99.5 ," 1,104.0 ",1750088669,C2CP - Cobre - 05 Cola Scavenger L2,11.650,0.161,0.000,0.019,0.000,9.01,,
,16-Jun-25,11:03 AM, 110.5 , 972.0 , 104.0 , 861.5 ,1750089560,C2CP - Cobre - 07 Concentrado 1ra Limpieza L1,27.254,25.273,0.329,2.498,11.260,12.07,,
,16-Jun-25,11:07 AM, 110.0 ," 1,011.5 ", 185.5 , 901.5 ,1750089562,C2CP - Cobre - 08 Concentrado 1ra Limpieza L2,26.231,22.388,0.323,2.850,15.700,20.58,,
,16-Jun-25,10:59 AM, 110.5 , 937.5 , 168.5 , 827.0 ,1750089336,C2CP - Cobre - 09 Concentrado Colectivo,26.434,22.786,0.316,3.160,14.480,20.37,,
,16-Jun-25,10:56 AM, 109.5 ," 1,017.0 ", 308.5 , 907.5 ,1750088982,C2CP - Cobre - 10 Concentrado Primario L2,24.344,12.985,0.209,1.669,29.520,33.99,,
,16-Jun-25,10:58 AM, 110.0 ," 1,248.0 ", 593.0 ," 1,138.0 ",1750088985,C2CP - Cobre - 11 Concentrado Primario L1,37.370,9.453,0.098,1.061,8.980,52.11,,
,23-Jun-25,12:27 PM, 109.5 ," 1,078.5 ", 373.5 , 969.0 ,1750698873,C2CP - Cobre - 01 Rebose Hidrociclones L1,2.354,0.477,0.008,0.032,0.000,38.54,,
,23-Jun-25,12:15 PM, 109.0 , 960.5 , 255.5 , 851.5 ,1750698840,C2CP - Cobre - 03 Relave Final,2.020,0.108,0.000,0.011,0.000,30.01,,
,23-Jun-25,12:21 PM, 110.5 ," 1,341.0 ", 112.0 ," 1,230.5 ",1750698869,C2CP - Cobre - 04 Cola Scavenger L1,10.163,0.146,0.000,0.017,0.000,9.10,,
,23-Jun-25,12:24 PM, 108.5 ," 1,333.0 ", 110.0 ," 1,224.5 ",1750698871,C2CP - Cobre - 05 Cola Scavenger L2,9.846,0.137,0.000,0.017,0.000,8.98,,
,23-Jun-25,12:32 PM, 110.5 , 999.0 , 139.0 , 888.5 ,1750699318,C2CP - Cobre - 07 Concentrado 1ra Limpieza L1,30.543,22.345,0.164,1.472,10.520,15.64,,
,23-Jun-25,12:35 PM, 110.0 ," 1,034.5 ", 216.5 , 924.5 ,1750699320,C2CP - Cobre - 08 Concentrado 1ra Limpieza L2,30.649,21.848,0.165,1.620,11.600,23.42,,
,23-Jun-25,12:40 PM, 110.0 ," 1,057.0 ", 204.0 , 947.0 ,1750700350,C2CP - Cobre - 09 Concentrado Colectivo,30.419,23.934,0.175,1.668,10.440,21.54,,
,23-Jun-25,12:38 PM, 109.5 ," 1,142.0 ", 365.0 ," 1,032.5 ",1750699412,C2CP - Cobre - 10 Concentrado Primario L2,25.943,19.068,0.132,1.236,24.900,35.35,,
,25-Jun-25,12:32 PM, 110.5 , 845.5 , 283.5 , 735.0 ,1750872010,C2CP - Cobre - 01 Rebose Hidrociclones L1,2.902,0.579,0.000,0.026,0.000,38.57,,
,25-Jun-25,12:36 PM, 111.0 , 988.5 , 224.0 , 877.5 ,1750872613,C2CP - Cobre - 03 Relave Final,2.507,0.044,0.000,0.003,0.000,25.53,,
,25-Jun-25,12:40 PM, 108.5 ," 1,301.0 ", 123.5 ," 1,192.5 ",1750872614,C2CP - Cobre - 04 Cola Scavenger L1,9.759,0.182,0.000,0.007,0.000,10.36,,
,25-Jun-25,12:43 PM, 108.0 ," 1,352.5 ", 138.5 ," 1,244.5 ",1750872316,C2CP - Cobre - 05 Cola Scavenger L2,8.911,0.165,0.000,0.008,0.000,11.13,,
,25-Jun-25,12:46 PM, 109.0 , 746.0 , 52.0 , 637.0 ,1750873231,C2CP - Cobre - 07 Concentrado 1ra Limpieza L1,28.676,20.875,0.000,0.966,15.260,8.16,,
,25-Jun-25,12:49 PM, 110.5 ," 1,008.5 ", 153.5 , 898.0 ,1750873233,C2CP - Cobre - 08 Concentrado 1ra Limpieza L2,28.154,20.475,0.000,1.128,16.540,17.09,,
,25-Jun-25,12:52 PM, 110.5 ," 1,060.5 ", 238.5 , 950.0 ,1750873235,C2CP - Cobre - 09 Concentrado Colectivo,27.831,22.873,0.000,1.066,15.100,25.11,,
,25-Jun-25,12:54 PM, 110.0 ," 1,131.5 ", 357.5 ," 1,021.5 ",1750873238,C2CP - Cobre - 10 Concentrado Primario L2,23.300,18.578,0.000,0.847,26.920,35.00,,
,25-Jun-25,12:57 PM, 110.0 ," 1,156.5 ", 375.0 ," 1,046.5 ",1750873239,C2CP - Cobre - 11 Concentrado Primario L1,23.109,17.579,0.000,0.823,28.640,35.83,,
,27-Jun-25,11:42 AM, 110.5 ," 1,088.0 ", 388.0 , 977.5 ,1721042009,C2CP - Cobre - 01 Rebose Hidrociclones L1,2.223,0.796,0.005,0.027,0.000,39.69,,
,27-Jun-25,11:36 AM, 109.0 ," 1,001.5 ", 260.5 , 892.5 ,1751041995,C2CP - Cobre - 03 Relave Final,1.817,0.120,0.000,0.005,0.000,29.19,,
,27-Jun-25,11:55 AM, 110.5 ," 1,366.0 ", 179.0 ," 1,255.5 ",1751042206,C2CP - Cobre - 04 Cola Scavenger L1,9.683,0.122,0.000,0.006,0.000,14.26,,
,27-Jun-25,11:39 AM, 108.5 ," 1,351.0 ", 180.5 ," 1,242.5 ",1751042003,C2CP - Cobre - 05 Cola Scavenger L2,9.390,0.112,0.000,0.005,0.000,14.53,,
,27-Jun-25,11:45 AM, 110.5 , 997.0 , 114.5 , 886.5 ,1751042161,C2CP - Cobre - 07 Concentrado 1ra Limpieza L1,27.277,23.572,0.094,0.642,15.240,12.92,,
,27-Jun-25,11:48 AM, 110.0 ," 1,014.5 ", 263.5 , 904.5 ,1751042162,C2CP - Cobre - 08 Concentrado 1ra Limpieza L2,25.975,21.474,0.093,0.770,19.180,29.13,,
,27-Jun-25,11:53 AM, 110.0 ," 1,117.0 ", 299.5 ," 1,007.0 ",1751042170,C2CP - Cobre - 09 Concentrado Colectivo,26.874,20.376,0.089,0.812,18.900,29.74,,
,30-Jun-25,12:28 PM, 110.0 ," 1,091.0 ", 412.5 , 981.0 ,1751303677,C2CP - Cobre - 02 Rebose Hidrociclones L2,2.294,0.765,0.005,0.025,0.000,42.05,,
,30-Jun-25,12:16 PM, 109.0 , 941.0 , 167.5 , 832.0 ,1751303667,C2CP - Cobre - 03 Relave Final,1.671,0.099,0.000,0.005,0.000,20.13,,
,30-Jun-25,12:20 PM, 110.5 ," 1,363.5 ", 177.0 ," 1,253.0 ",1751303670,C2CP - Cobre - 04 Cola Scavenger L1,6.468,0.090,0.000,0.006,0.000,14.13,,
,30-Jun-25,12:23 PM, 108.5 ," 1,369.0 ", 176.5 ," 1,260.5 ",1751303672,C2CP - Cobre - 05 Cola Scavenger L2,6.180,0.089,0.000,0.006,0.000,14.00,,
,30-Jun-25,12:35 PM, 110.5 , 999.0 , 134.0 , 888.5 ,1751304586,C2CP - Cobre - 07 Concentrado 1ra Limpieza L1,22.553,19.502,0.053,0.778,26.360,15.08,,
,30-Jun-25,12:39 PM, 110.0 ," 1,016.5 ", 182.0 , 906.5 ,1751304588,C2CP - Cobre - 08 Concentrado 1ra Limpieza L2,22.665,18.408,0.054,0.819,26.520,20.08,,
,30-Jun-25,12:41 PM, 110.0 ," 1,067.5 ", 229.5 , 957.5 ,1751304590,C2CP - Cobre - 09 Concentrado Colectivo,24.860,22.786,0.059,0.861,18.440,23.97,,
,30-Jun-25,12:30 PM, 109.5 ," 1,096.0 ", 326.0 , 986.5 ,1751304302,C2CP - Cobre - 10 Concentrado Primario L2,19.103,15.174,0.041,0.425,38.120,33.05,,
,02-Jul-25,10:56 AM, 110.0 ," 1,081.0 ", 381.5 , 971.0 ,1751471530,C2CP - Cobre - 02 Rebose Hidrociclones L2,1.978,0.387,0.004,0.035,0.000,39.29,,
,02-Jul-25,10:50 AM, 109.0 , 963.5 , 177.5 , 854.5 ,1751471306,C2CP - Cobre - 03 Relave Final,1.516,0.100,0.000,0.008,0.000,20.77,,
,02-Jul-25,10:53 AM, 110.5 ," 1,344.5 ", 129.5 ," 1,234.0 ",1751471497,C2CP - Cobre - 04 Cola Scavenger L1,5.950,0.100,0.000,0.017,0.000,10.49,,
,02-Jul-25,11:01 AM, 108.5 ," 1,350.0 ", 119.0 ," 1,241.5 ",1751471595,C2CP - Cobre - 05 Cola Scavenger L2,5.583,0.113,0.000,0.016,0.000,9.59,,
,02-Jul-25,11:05 AM, 110.5 , 995.5 , 96.0 , 885.0 ,1751471603,C2CP - Cobre - 07 Concentrado 1ra Limpieza L1,24.873,23.072,0.110,1.549,13.320,10.85,,
,02-Jul-25,10:58 AM, 110.0 , 985.5 , 101.0 , 875.5 ,1751471590,C2CP - Cobre - 08 Concentrado 1ra Limpieza L2,23.479,20.875,0.115,1.944,14.360,11.54,,
,02-Jul-25,11:08 AM, 110.0 ," 1,014.0 ", 163.5 , 904.0 ,1751471604,C2CP - Cobre - 09 Concentrado Colectivo,25.207,21.075,0.112,2.116,14.880,18.09,,
,02-Jul-25,11:12 AM, 110.0 ," 1,109.0 ", 317.5 , 999.0 ,1751472667,C2CP - Cobre - 11 Concentrado Primario L1,21.999,18.278,0.083,1.136,24.680,31.78,,
,07-Jul-25,10:24 AM, 110.5 , 999.0 , 218.0 , 888.5 ,1751901105,C2CP - Cobre - 01 Rebose Hidrociclones L1,1.668,0.389,0.004,0.023,0.000,24.54,,
,07-Jul-25,10:21 AM, 110.0 , 985.0 , 200.5 , 875.0 ,1751901101,C2CP - Cobre - 02 Rebose Hidrociclones L2,1.930,0.396,0.005,0.022,0.000,22.91,,
,07-Jul-25,10:12 AM, 110.0 , 976.0 , 222.0 , 866.0 ,1751900906,C2CP - Cobre - 03 Relave Final,1.593,0.110,0.000,0.007,0.000,25.64,,
,07-Jul-25,10:15 AM, 110.5 ," 9,306.5 ", 100.0 ," 9,196.0 ",1751900912,C2CP - Cobre - 04 Cola Scavenger L1,11.042,0.171,0.000,0.017,0.000,1.09,,
,07-Jul-25,10:19 AM, 109.0 ," 1,242.5 ", 100.5 ," 1,133.5 ",1751900915,C2CP - Cobre - 05 Cola Scavenger L2,11.055,0.164,0.000,0.020,0.000,8.87,,
,07-Jul-25,10:26 AM, 110.5 ," 1,003.0 ", 148.0 , 892.5 ,1751901378,C2CP - Cobre - 07 Concentrado 1ra Limpieza L1,25.586,24.720,0.120,2.105,9.720,16.58,,
,07-Jul-25,10:30 AM, 110.0 ," 1,044.0 ", 289.5 , 934.0 ,1751901381,C2CP - Cobre - 08 Concentrado 1ra Limpieza L2,24.615,23.572,0.114,1.967,10.420,31.00,,
,07-Jul-25,10:33 AM, 110.0 ," 1,046.5 ", 183.5 , 936.5 ,1751901384,C2CP - Cobre - 09 Concentrado Colectivo,24.350,25.270,0.132,2.102,8.660,19.59,,
,07-Jul-25,10:35 AM, 109.5 ," 1,186.0 ", 414.0 ," 1,076.5 ",1751901386,C2CP - Cobre - 10 Concentrado Primario L2,25.055,14.383,0.082,1.002,21.980,38.46,,
,07-Jul-25,11:01 AM, 110.0 ," 1,105.0 ", 297.0 , 995.0 ,1751903969,C2CP - Cobre - 11 Concentrado Primario L1,22.869,12.485,0.081,0.969,27.480,29.85,,
,09-Jul-25,10:23 AM, 110.0 ," 1,061.5 ", 327.5 , 951.5 ,1752074276,C2CP - Cobre - 01 Rebose Hidrociclones L1,1.564,0.429,0.004,0.032,0.000,34.42,,
,09-Jul-25,10:16 AM, 108.0 ," 1,088.0 ", 377.0 , 980.0 ,1752073936,C2CP - Cobre - 02 Rebose Hidrociclones L2,1.668,0.430,0.004,0.028,0.000,38.47,,
,09-Jul-25,9:54 AM, 110.0 , 850.0 , 154.5 , 740.0 ,1752072678,C2CP - Cobre - 03 Relave Final,1.422,0.075,0.000,0.004,0.000,20.88,,
,09-Jul-25,9:57 AM, 107.0 ," 1,320.0 ", 126.0 ," 1,213.0 ",1752072680,C2CP - Cobre - 04 Cola Scavenger L1,12.345,0.208,0.000,0.014,0.000,10.39,,
,09-Jul-25,10:01 AM, 108.5 ," 1,330.0 ", 115.5 ," 1,221.5 ",1752072683,C2CP - Cobre - 05 Cola Scavenger L2,12.413,0.207,0.000,0.050,0.000,9.46,,
,09-Jul-25,10:03 AM, 110.0 ," 1,002.5 ", 168.0 , 892.5 ,1752072685,C2CP - Cobre - 07 Concentrado 1ra Limpieza L1,24.536,26.169,0.132,1.706,9.860,18.82,,
,09-Jul-25,10:07 AM, 110.0 ," 1,001.0 ", 223.5 , 891.0 ,1752072687,C2CP - Cobre - 08 Concentrado 1ra Limpieza L2,24.039,24.171,0.113,2.154,12.460,25.08,,
,09-Jul-25,10:10 AM, 110.0 ," 1,068.0 ", 210.0 , 958.0 ,1752072689,C2CP - Cobre - 09 Concentrado Colectivo,24.961,26.069,0.152,2.007,9.820,21.92,,
,09-Jul-25,10:11 AM, 110.0 ," 1,175.0 ", 405.0 ," 1,065.0 ",1752072691,C2CP - Cobre - 10 Concentrado Primario L2,23.231,14.383,0.091,1.184,24.580,38.03,,
,09-Jul-25,10:22 AM, 110.0 ," 1,128.0 ", 313.5 ," 1,018.0 ",1752074088,C2CP - Cobre - 11 Concentrado Primario L1,22.487,16.780,0.106,1.466,24.620,30.80,,
,11-Jul-25,10:16 AM, 110.5 ," 1,034.0 ", 309.0 , 923.5 ,1752246842,C2CP - Cobre - 01 Rebose Hidrociclones L1,2.420,0.460,0.000,0.021,0.000,33.46,,
,11-Jul-25,9:40 AM, 110.0 ," 1,033.5 ", 273.0 , 923.5 ,1752244568,C2CP - Cobre - 03 Relave Final,1.770,0.048,0.000,0.003,0.000,29.56,,
,11-Jul-25,9:43 AM, 110.5 ," 1,307.5 ", 125.5 ," 1,197.0 ",1752244574,C2CP - Cobre - 04 Cola Scavenger L1,11.071,0.125,0.000,0.006,0.000,10.48,,
,11-Jul-25,9:47 AM, 109.0 ," 1,243.0 ", 121.0 ," 1,134.0 ",1752244577,C2CP - Cobre - 05 Cola Scavenger L2,10.996,0.132,0.000,0.006,0.000,10.67,,
,11-Jul-25,9:49 AM, 110.5 ," 1,177.0 ", 222.0 ," 1,066.5 ",1752244584,C2CP - Cobre - 07 Concentrado 1ra Limpieza L1,27.034,23.771,0.000,1.059,0.000,20.82,,
,11-Jul-25,9:53 AM, 110.0 , 765.5 , 108.0 , 655.5 ,1752244586,C2CP - Cobre - 08 Concentrado 1ra Limpieza L2,26.906,24.521,0.000,1.007,0.000,16.48,,
,11-Jul-25,9:56 AM, 109.0 ," 1,032.5 ", 221.0 , 923.5 ,1752244589,C2CP - Cobre - 09 Concentrado Colectivo,27.603,25.769,0.000,1.039,0.000,23.93,,
,11-Jul-25,9:57 AM, 109.5 , 605.5 , 166.5 , 496.0 ,1752244592,C2CP - Cobre - 10 Concentrado Primario L2,22.516,18.328,0.000,0.743,0.000,33.57,,
,16-Jul-25,12:53 PM, 110.0 , 960.5 , 196.5 , 850.5 ,1752688215,C2CP - Cobre - 01 Rebose Hidrociclones L1,2.114,0.642,0.006,0.031,0.000,23.10,,
,16-Jul-25,12:55 PM, 110.0 , 950.5 , 199.5 , 840.5 ,1752688219,C2CP - Cobre - 02 Rebose Hidrociclones L2,2.033,0.514,0.005,0.024,0.000,23.74,,
,16-Jul-25,12:58 PM, 110.0 , 996.0 , 220.5 , 886.0 ,1752688331,C2CP - Cobre - 03 Relave Final,1.897,0.053,0.000,0.005,0.000,24.89,,
,16-Jul-25,1:02 PM, 107.0 ," 1,342.5 ", 128.5 ," 1,235.5 ",1752688580,C2CP - Cobre - 04 Cola Scavenger L1,14.392,0.244,0.000,0.008,0.000,10.40,,
,16-Jul-25,1:06 PM, 108.5 ," 1,329.0 ", 121.0 ," 1,220.5 ",1752688582,C2CP - Cobre - 05 Cola Scavenger L2,14.812,0.226,0.000,0.009,0.000,9.91,,
,16-Jul-25,12:08 PM, 110.0 , 987.5 , 157.5 , 877.5 ,1752688826,C2CP - Cobre - 07 Concentrado 1ra Limpieza L1,26.128,25.569,0.108,1.032,14.000,17.95,,
,16-Jul-25,12:12 PM, 109.0 ," 1,020.5 ", 261.0 , 911.5 ,1752688829,C2CP - Cobre - 08 Concentrado 1ra Limpieza L2,25.696,24.371,0.116,1.405,15.980,28.63,,
,16-Jul-25,12:59 PM, 110.5 ," 1,072.5 ", 214.5 , 962.0 ,1752688338,C2CP - Cobre - 09 Concentrado Colectivo,26.582,26.668,0.124,1.412,13.080,22.30,,
,16-Jul-25,12:48 PM, 110.0 ," 1,145.5 ", 381.0 ," 1,035.5 ",1752687872,C2CP - Cobre - 10 Concentrado Primario L2,23.127,19.477,0.097,1.048,26.100,36.79,,
,16-Jul-25,12:51 PM, 110.0 ," 1,121.0 ", 369.0 ," 1,011.0 ",1752687944,C2CP - Cobre - 11 Concentrado Primario L1,22.899,18.278,0.085,1.050,27.980,36.50,,
,18-Jul-25,11:15, 110.5 ," 1,072.5 ", 325.0 , 962.0 ,1752855041,C2CP - Cobre - 01 Rebose Hidrociclones L1,2.186,0.577,0.006,0.057,0.000,33.78,,
,18-Jul-25,11:17, 110.0 , 968.0 , 163.0 , 858.0 ,1752855045,C2CP - Cobre - 02 Rebose Hidrociclones L2,2.143,0.479,0.006,0.036,0.000,19.00,,
,18-Jul-25,11:12, 109.0 , 979.5 , 195.0 , 870.5 ,1752855002,C2CP - Cobre - 03 Relave Final,1.645,0.054,0.000,0.004,0.000,22.40,,
,18-Jul-25,11:33, 110.5 ," 1,347.5 ", 171.5 ," 1,237.0 ",1752855836,C2CP - Cobre - 04 Cola Scavenger L1,12.965,0.103,0.000,0.008,0.000,13.86,,
,18-Jul-25,11:36, 110.5 ," 1,358.5 ", 177.0 ," 1,248.0 ",1752855839,C2CP - Cobre - 05 Cola Scavenger L2,12.878,0.102,0.000,0.007,0.000,14.18,,
,18-Jul-25,11:27, 110.5 , 977.0 , 72.0 , 866.5 ,1752855766,C2CP - Cobre - 07 Concentrado 1ra Limpieza L1,27.680,24.471,0.138,1.165,15.060,8.31,,
,18-Jul-25,11:30, 110.0 ," 1,031.5 ", 274.5 , 921.5 ,1752855768,C2CP - Cobre - 08 Concentrado 1ra Limpieza L2,24.683,21.075,0.127,1.292,22.740,29.79,,
,18-Jul-25,11:23, 109.0 ," 1,065.5 ", 212.9 , 956.5 ,1752855231,C2CP - Cobre - 09 Concentrado Colectivo,27.072,23.771,0.142,1.535,16.000,22.25,,
,18-Jul-25,11:22, 109.5 ," 1,164.0 ", 411.5 ," 1,054.5 ",1752855228,C2CP - Cobre - 10 Concentrado Primario L2,22.814,16.480,0.090,0.997,31.000,39.02,,
,18-Jul-25,11:19, 110.0 ," 1,152.5 ", 410.0 ," 1,042.5 ",1752855223,C2CP - Cobre - 11 Concentrado Primario L1,23.614,18.478,0.104,0.996,27.940,39.33,,
,21-Jul-25,10:09, 110.0 , 647.0 , 132.5 , 537.0 ,1753110335,C2CP - Cobre - 03 Relave Final,1.053,0.051,0.000,0.006,0.000,24.67,,
,21-Jul-25,10:18, 107.0 ," 1,010.0 ", 110.0 , 903.0 ,1753110435,C2CP - Cobre - 04 Cola Scavenger L1,7.811,0.287,0.000,0.018,0.000,12.18,,
,21-Jul-25,10:13, 108.5 , 994.5 , 104.5 , 886.0 ,1753110340,C2CP - Cobre - 05 Cola Scavenger L2,7.950,0.259,0.000,0.016,0.000,11.79,,
,21-Jul-25,10:24, 110.0 , 773.5 , 142.0 , 663.5 ,1753111137,C2CP - Cobre - 07 Concentrado 1ra Limpieza L1,25.186,26.119,0.116,2.495,12.460,21.40,,
,21-Jul-25,10:28, 110.0 , 822.5 , 182.0 , 712.5 ,1753111139,C2CP - Cobre - 08 Concentrado 1ra Limpieza L2,24.984,25.519,0.117,3.103,12.720,25.54,,
,21-Jul-25,10:31, 110.5 , 869.5 , 181.0 , 759.0 ,1753111140,C2CP - Cobre - 09 Concentrado Colectivo,25.605,27.717,0.116,2.783,9.640,23.85,,
,21-Jul-25,10:19, 110.0 , 725.0 , 212.5 , 615.0 ,1753110439,C2CP - Cobre - 10 Concentrado Primario L2,20.605,19.077,0.083,1.841,27.100,34.55,,
,21-Jul-25,10:40, 110.0 , 973.0 , 320.0 , 863.0 ,1753112112,C2CP - Cobre - 11 Concentrado Primario L1,21.154,18.977,0.078,1.656,27.200,37.08,,
,28-Jul-25,14:00:00, 110.0 , 914.5 , 206.5 , 804.5 ,1753715405,C2CP - Cobre - 03 Relave Final,1.480,0.095,0.000,0.008,0.000,25.67,,
,28-Jul-25,14:00:00, 107.0 ," 1,269.0 ", 116.0 ," 1,162.0 ",1753715342,C2CP - Cobre - 04 Cola Scavenger L1,9.388,0.255,0.000,0.026,0.000,9.98,,
,28-Jul-25,14:00:00, 108.5 ," 1,288.5 ", 138.0 ," 1,180.0 ",1753715346,C2CP - Cobre - 05 Cola Scavenger L2,9.329,0.264,0.000,0.022,0.000,11.69,,
,28-Jul-25,14:00:00, 110.0 ," 1,059.5 ", 367.0 , 949.5 ,1753716126,C2CP - Cobre - 07 Concentrado 1ra Limpieza L1,24.066,25.320,0.209,1.834,11.180,38.65,,
,28-Jul-25,14:00:00, 110.0 ," 1,030.5 ", 332.5 , 920.5 ,1753716128,C2CP - Cobre - 08 Concentrado 1ra Limpieza L2,23.162,24.920,0.203,2.225,11.720,36.12,,
,28-Jul-25,14:00:00, 110.5 , 995.5 , 163.5 , 885.0 ,1753714839,C2CP - Cobre - 09 Concentrado Colectivo,22.847,25.120,0.209,2.178,12.820,18.47,,
,28-Jul-25,14:00:00, 110.0 ," 1,112.0 ", 403.5 ," 1,002.0 ",1753715973,C2CP - Cobre - 10 Concentrado Primario L2,21.275,17.564,0.133,1.331,24.640,40.27,,
,28-Jul-25,14:00:00, 110.0 ," 1,016.0 ", 278.5 , 906.0 ,1753714808,C2CP - Cobre - 11 Concentrado Primario L1,21.485,18.815,0.151,1.584,22.660,30.74,,
,31-Jul-25,11:41:00, 110.5 , 947.0 , 313.0 , 836.5 ,1753893337,C2CP - Cobre - 01 Rebose Hidrociclones L1,2.467,0.522,0.000,0.039,0.000,37.42,,
,31-Jul-25,11:37:00, 110.0 ," 1,081.5 ", 386.0 , 971.5 ,1753893308,C2CP - Cobre - 02 Rebose Hidrociclones L2,2.668,0.598,0.000,0.037,0.000,39.73,,
,31-Jul-25,11:56:00, 109.0 ," 1,029.0 ", 265.5 , 920.0 ,1753894421,C2CP - Cobre - 03 Relave Final,2.060,0.087,0.000,0.010,0.000,28.86,,
,31-Jul-25,11:48:00, 110.5 ," 1,334.5 ", 161.5 ," 1,224.0 ",1753893722,C2CP - Cobre - 04 Cola Scavenger L1,6.768,0.174,0.000,0.014,0.000,13.19,,
,31-Jul-25,11:45:00, 110.5 ," 1,138.0 ", 398.0 ," 1,027.5 ",1753893367,C2CP - Cobre - 07 Concentrado 1ra Limpieza L1,24.527,24.219,0.000,1.434,10.780,38.73,,
,31-Jul-25,11:39:00, 110.0 ," 1,102.0 ", 331.0 , 992.0 ,1753893309,C2CP - Cobre - 08 Concentrado 1ra Limpieza L2,24.936,23.819,0.000,1.576,11.140,33.37,,
,31-Jul-25,12:05:00, 109.0 ," 1,163.5 ", 364.0 ," 1,054.5 ",1753895029,C2CP - Cobre - 09 Concentrado Colectivo,25.212,25.921,0.000,1.484,6.960,34.52,,
,31-Jul-25,11:52:00, 109.5 ," 1,165.0 ", 393.5 ," 1,055.5 ",1753894258,C2CP - Cobre - 10 Concentrado Primario L2,21.257,18.865,0.000,1.312,22.740,37.28,,
,31-Jul-25,12:27:00, 110.0 ," 1,054.0 ", 249.5 , 944.0 ,1753895935,C2CP - Cobre - 11 Concentrado Primario L1,19.600,18.915,0.000,1.575,26.300,26.43,,
,04-Aug-25,10:24:00, 110.5 ," 1,085.5 ", 357.5 , 975.0 ,1754320750,C2CP - Cobre - 01 Rebose Hidrociclones L1,2.247,0.462,0.005,0.061,0.000,36.67,,
,04-Aug-25,10:26:00, 110.0 ," 1,088.5 ", 367.5 , 978.5 ,1754320751,C2CP - Cobre - 02 Rebose Hidrociclones L2,2.514,0.512,0.005,0.064,0.000,37.56,,
,04-Aug-25,10:21:00, 109.0 , 997.0 , 205.5 , 888.0 ,1754320741,C2CP - Cobre - 03 Relave Final,2.189,0.060,0.000,0.012,0.000,23.14,,
,04-Aug-25,10:32:00, 110.5 ," 1,375.0 ", 133.0 ," 1,264.5 ",1754320758,C2CP - Cobre - 04 Cola Scavenger L1,9.483,0.197,0.000,0.018,0.000,10.52,,
,04-Aug-25,10:39:00, 108.5 ," 1,349.5 ", 131.5 ," 1,241.0 ",1754320764,C2CP - Cobre - 05 Cola Scavenger L2,9.585,0.177,0.000,0.015,0.000,10.60,,
,04-Aug-25,10:34:00, 110.0 ," 1,139.5 ", 375.0 ," 1,029.5 ",1754320761,C2CP - Cobre - 08 Concentrado 1ra Limpieza L2,28.134,20.972,0.100,2.767,10.640,36.43,,
,04-Aug-25,10:28:00, 109.0 ," 1,128.5 ", 262.5 ," 1,019.5 ",1754320755,C2CP - Cobre - 09 Concentrado Colectivo,27.044,22.148,0.110,3.157,10.920,25.75,,
,04-Aug-25,10:30:00, 109.5 ," 1,188.0 ", 417.0 ," 1,078.5 ",1754320756,C2CP - Cobre - 10 Concentrado Primario L2,24.858,16.023,0.073,1.950,22.700,38.66,,
,04-Aug-25,10:36:00, 110.0 ," 1,199.5 ", 426.0 ," 1,089.5 ",1754320762,C2CP - Cobre - 11 Concentrado Primario L1,23.555,16.464,0.076,1.989,24.600,39.10,,
,06-Aug-25,18:00:00, 110.0 ," 1,039.5 ", 286.5 , 929.5 ,1754521039,C2CP - Cobre - 02 Rebose Hidrociclones L2,4.194,0.289,0.011,0.011,0.000,30.82,,
,06-Aug-25,17:35:00, 109.0 , 971.0 , 205.0 , 862.0 ,1754519613,C2CP - Cobre - 03 Relave Final,3.688,0.043,0.000,0.004,0.000,23.78,,
,06-Aug-25,17:57:00, 110.5 ," 1,158.0 ", 124.5 ," 1,047.5 ",1754520933,C2CP - Cobre - 04 Cola Scavenger L1,24.030,0.167,0.000,0.005,0.000,11.89,,
,06-Aug-25,17:38:00, 108.5 ," 1,372.5 ", 186.0 ," 1,264.0 ",1754519641,C2CP - Cobre - 05 Cola Scavenger L2,24.820,0.152,0.000,0.004,0.000,14.72,,
,06-Aug-25,17:49:00, 110.0 , 971.0 , 134.5 , 861.0 ,1754519755,C2CP - Cobre - 08 Concentrado 1ra Limpieza L2,29.099,19.649,0.215,0.741,13.080,15.62,,
,06-Aug-25,17:52:00, 109.0 ," 1,204.5 ", 195.0 ," 1,095.5 ",1754519758,C2CP - Cobre - 09 Concentrado Colectivo,26.187,17.836,0.189,0.781,18.720,17.80,,
,06-Aug-25,17:40:00, 109.5 ," 1,188.5 ", 394.5 ," 1,079.0 ",1754519652,C2CP - Cobre - 10 Concentrado Primario L2,29.658,11.956,0.125,0.424,20.120,36.56,,
,06-Aug-25,17:54:00, 110.0 ," 1,150.5 ", 351.0 ," 1,040.5 ",1754520407,C2CP - Cobre - 11 Concentrado Primario L1,28.879,12.544,0.137,0.463,21.480,33.73,,
,11-Aug-25,12:08:00, 110.5 ," 1,045.0 ", 334.5 , 934.5 ,1754932045,C2CP - Cobre - 01 Rebose Hidrociclones L1,2.567,0.416,0.008,0.011,0.000,35.79,,
,11-Aug-25,12:12:00, 110.5 ," 1,320.0 ", 142.0 ," 1,209.5 ",1754932084,C2CP - Cobre - 04 Cola Scavenger L1,23.943,0.182,0.000,0.006,0.000,11.74,,
,11-Aug-25,12:16:00, 108.5 ," 1,267.0 ", 29.5 ," 1,158.5 ",1754932174,C2CP - Cobre - 05 Cola Scavenger L2,22.285,0.327,0.000,0.015,0.000,2.55,,
,11-Aug-25,12:13:00, 109.0 ," 1,019.0 ", 207.5 , 910.0 ,1754932089,C2CP - Cobre - 09 Concentrado Colectivo,30.827,26.567,0.226,0.593,7.960,22.80,,
,11-Aug-25,12:21:00, 110.0 ," 1,098.5 ", 253.5 , 988.5 ,1754932370,C2CP - Cobre - 11 Concentrado Primario L1,32.117,15.423,0.168,0.515,19.720,25.64,,
,13-Aug-25,11:58:00, 109.0 , 958.0 , 202.5 , 849.0 ,1755104108,C2CP - Cobre - 03 Relave Final,2.645,0.069,0.000,0.004,0.000,23.85,,
,13-Aug-25,12:02:00, 107.0 ," 1,131.0 ", 128.5 ," 1,024.0 ",1755104112,C2CP - Cobre - 04 Cola Scavenger L1,15.555,0.221,0.000,0.012,0.000,12.55,,
,13-Aug-25,12:04:00, 110.5 , 954.5 , 93.0 , 844.0 ,1755104122,C2CP - Cobre - 07 Concentrado 1ra Limpieza L1,29.787,22.686,0.000,0.599,13.380,11.02,,
,13-Aug-25,12:08:00, 110.0 ," 1,004.0 ", 177.5 , 894.0 ,1755104124,C2CP - Cobre - 08 Concentrado 1ra Limpieza L2,27.742,21.592,0.000,0.632,14.780,19.85,,
,13-Aug-25,12:11:00, 110.6 ," 1,039.5 ", 190.5 , 928.9 ,1755104126,C2CP - Cobre - 09 Concentrado Colectivo,27.743,24.676,0.000,0.804,11.760,20.51,,
,13-Aug-25,12:13:00, 109.5 ," 1,221.5 ", 443.0 ," 1,112.0 ",1755104129,C2CP - Cobre - 10 Concentrado Primario L2,28.140,16.119,0.000,0.350,19.620,39.84,,
,15-Aug-25,12:39:00, 110.0 , 828.0 , 236.5 , 718.0 ,1755279009,C2CP - Cobre - 02 Rebose Hidrociclones L2,2.566,0.377,0.000,0.013,0.000,32.94,,
,15-Aug-25,12:30:00, 111.0 , 768.5 , 150.0 , 657.5 ,1755278961,C2CP - Cobre - 03 Relave Final,1.987,0.044,0.000,0.003,0.000,22.81,,
,15-Aug-25,12:46:00, 110.5 ," 1,367.0 ", 172.0 ," 1,256.5 ",1755279036,C2CP - Cobre - 04 Cola Scavenger L1,24.304,0.174,0.000,0.003,0.000,13.69,,
,15-Aug-25,12:43:00, 108.5 ," 1,369.5 ", 189.5 ," 1,261.0 ",1755279028,C2CP - Cobre - 05 Cola Scavenger L2,26.140,0.173,0.000,0.003,0.000,15.03,,
,15-Aug-25,12:33:00, 110.0 , 949.0 , 87.0 , 839.0 ,1755278995,C2CP - Cobre - 07 Concentrado 1ra Limpieza L1,30.387,20.099,0.000,0.662,11.720,10.37,,
,15-Aug-25,12:37:00, 109.0 , 988.0 , 181.0 , 879.0 ,1755279005,C2CP - Cobre - 08 Concentrado 1ra Limpieza L2,28.883,19.303,0.000,0.721,13.280,20.59,,
,15-Aug-25,12:48:00, 109.0 ," 1,024.0 ", 204.0 , 915.0 ,1755279041,C2CP - Cobre - 09 Concentrado Colectivo,30.313,22.985,0.000,0.914,9.640,22.30,,
,15-Aug-25,12:40:00, 110.0 ," 1,306.0 ", 563.0 ," 1,196.0 ",1755279017,C2CP - Cobre - 10 Concentrado Primario L2,33.100,8.458,0.000,0.299,19.120,47.07,,
,18-Aug-25,16:58:00, 110.0 ," 1,057.0 ", 356.5 , 947.0 ,1755554158,C2CP - Cobre - 01 Rebose Hidrociclones L1,2.700,0.484,0.000,0.024,0.000,37.65,,
,18-Aug-25,17:02:00, 110.0 ," 1,057.5 ", 320.5 , 947.5 ,1755544175,C2CP - Cobre - 02 Rebose Hidrociclones L2,2.686,0.475,0.000,0.023,0.000,33.83,,
,18-Aug-25,17:06:00, 111.0 , 930.0 , 155.0 , 819.0 ,1755554191,C2CP - Cobre - 03 Relave Final,2.441,0.059,0.000,0.006,0.000,18.93,,
,18-Aug-25,17:10:00, 110.5 ," 1,378.5 ", 206.5 ," 1,268.0 ",1755554201,C2CP - Cobre - 04 Cola Scavenger L1,19.516,0.134,0.000,0.005,0.000,16.29,,
,18-Aug-25,17:13:00, 108.5 ," 1,362.0 ", 232.5 ," 1,253.5 ",1755554209,C2CP - Cobre - 05 Cola Scavenger L2,19.224,0.111,0.000,0.004,0.000,18.55,,
,18-Aug-25,17:01:00, 110.0 , 951.5 , 80.0 , 841.5 ,1755554168,C2CP - Cobre - 07 Concentrado 1ra Limpieza L1,28.063,23.582,0.000,0.785,12.080,9.51,,
,18-Aug-25,17:04:00, 110.0 , 992.5 , 201.0 , 882.5 ,1755554178,C2CP - Cobre - 08 Concentrado 1ra Limpieza L2,28.198,20.995,0.000,0.915,15.840,22.78,,
,18-Aug-25,17:07:00, 109.0 , 861.0 , 247.5 , 752.0 ,1755554195,C2CP - Cobre - 09 Concentrado Colectivo,30.874,22.686,0.000,0.679,7.660,32.91,,
,18-Aug-25,17:15:00, 110.0 , 949.0 , 317.0 , 839.0 ,1755554212,C2CP - Cobre - 10 Concentrado Primario L2,27.133,14.328,0.000,0.620,21.620,37.78,,
,18-Aug-25,17:20:00, 110.0 ," 1,490.0 ", 577.5 ," 1,380.0 ",1755555555,C2CP - Cobre - 11 Concentrado Primario L1,27.886,14.229,0.000,0.634,20.920,41.85,,
,20-Aug-25,17:14:00, 110.5 ," 1,285.0 ", 113.5 ," 1,174.5 ",1755727900,C2CP - Cobre - 04 Cola Scavenger L1,13.220,0.147,0.000,0.013,0.000,9.66,,
,20-Aug-25,17:19:00, 108.5 , 985.5 , 118.5 , 877.0 ,1755727908,C2CP - Cobre - 05 Cola Scavenger L2,12.470,0.186,0.000,0.014,0.000,13.51,,
,20-Aug-25,17:17:00, 110.0 , 948.0 , 455.0 , 838.0 ,1755727905,C2CP - Cobre - 07 Concentrado 1ra Limpieza L1,27.285,22.885,0.000,1.342,13.000,54.30,,
,20-Aug-25,17:22:00, 110.0 ," 1,322.0 ", 123.5 ," 1,212.0 ",1755727912,C2CP - Cobre - 08 Concentrado 1ra Limpieza L2,27.212,23.383,0.000,1.402,12.440,10.19,,
,20-Aug-25,17:24:00, 109.5 ," 1,020.5 ", 165.0 , 911.0 ,1755727916,C2CP - Cobre - 09 Concentrado Colectivo,30.147,21.094,0.000,1.590,12.540,18.11,,
,20-Aug-25,17:31:00, 110.0 , 963.0 , 325.5 , 853.0 ,1755729026,C2CP - Cobre - 10 Concentrado Primario L2,33.528,11.940,0.000,0.627,13.020,38.16,,
,27-Aug-25,17:00:00, 110.5 ," 1,079.0 ", 381.0 , 968.5 ,1755729027,C2CP - Cobre - 01 Rebose Hidrociclones L1,2.642,0.654,0.008,0.051,0.000,39.34,,
,27-Aug-25,17:00:00, 110.5 , 966.5 , 97.0 , 856.0 ,1755729028,C2CP - Cobre - 07 Concentrado 1ra Limpieza L1,28.284,26.267,0.149,1.880,11.160,11.33,,
,27-Aug-25,17:00:00, 110.0 ," 1,010.5 ", 225.0 , 900.5 ,1755729029,C2CP - Cobre - 08 Concentrado 1ra Limpieza L2,26.337,24.235,0.154,2.297,13.880,24.99,,
,27-Aug-25,17:00:00, 109.0 , 999.0 , 131.0 , 890.0 ,1755729030,C2CP - Cobre - 09 Concentrado Colectivo,25.721,24.433,0.155,2.029,13.780,14.72,,
,27-Aug-25,17:00:00, 110.0 ," 1,160.5 ", 385.0 ," 1,050.5 ",1755729031,C2CP - Cobre - 10 Concentrado Primario L2,21.264,18.882,0.115,1.482,27.340,36.65,,
,27-Aug-25,17:00:00, 109.5 ," 1,122.0 ", 372.5 ," 1,012.5 ",1755729032,C2CP - Cobre - 11 Concentrado Primario L1,22.693,20.468,0.121,1.644,24.060,36.79,,
,29-Aug-25,16:09:00, 110.0 ," 1,082.5 ", 402.0 , 972.5 ,1756501481,C2CP - Cobre - 01 Rebose Hidrociclones L1,3.366,0.662,0.010,0.062,0.000,41.34,,
,29-Aug-25,16:12:00, 108.0 ," 1,084.0 ", 388.0 , 976.0 ,1756501728,C2CP - Cobre - 02 Rebose Hidrociclones L2,3.026,0.594,0.009,0.061,0.000,39.75,,
,29-Aug-25,16:02:00, 111.0 ," 1,084.0 ", 250.0 , 973.0 ,1756501217,C2CP - Cobre - 03 Relave Final,2.624,0.363,0.000,0.042,0.000,25.69,,
,29-Aug-25,16:06:00, 110.5 ," 1,289.0 ", 82.5 ," 1,178.5 ",1756501380,C2CP - Cobre - 04 Cola Scavenger L1,9.122,0.250,0.000,0.024,0.000,7.00,,
,29-Aug-25,16:03:00, 110.0 ," 1,050.5 ", 243.5 , 940.5 ,1756501360,C2CP - Cobre - 09 Concentrado Colectivo,25.583,22.897,0.196,2.371,15.880,25.89,,
,29-Aug-25,16:08:00, 110.0 ," 1,096.0 ", 293.0 , 986.0 ,1756501416,C2CP - Cobre - 11 Concentrado Primario L1,18.450,14.670,0.126,1.471,35.940,29.72,,
,01-Sep-25,11:46:00, 110.5 ," 1,070.5 ", 360.5 , 960.0 ,1756744966,C2CP - Cobre - 01 Rebose Hidrociclones L1,2.831,0.504,0.000,0.032,0.000,37.55,,
,01-Sep-25,11:51:00, 108.5 ," 1,293.5 ", 106.5 ," 1,185.0 ",1756745009,C2CP - Cobre - 04 Cola Scavenger L1,6.363,0.135,0.000,0.011,0.000,8.99,,
,01-Sep-25,11:55:00, 108.0 ," 1,310.0 ", 113.5 ," 1,202.0 ",1756745020,C2CP - Cobre - 05 Cola Scavenger L2,6.115,0.117,0.000,0.008,0.000,9.44,,
,01-Sep-25,11:49:00, 109.0 , 943.5 , 103.0 , 834.5 ,1756744999,C2CP - Cobre - 07 Concentrado 1ra Limpieza L1,27.299,25.176,0.000,1.721,12.280,12.34,,
,01-Sep-25,11:58:00, 110.5 ," 1,006.5 ", 270.0 , 896.0 ,1756745025,C2CP - Cobre - 08 Concentrado 1ra Limpieza L2,27.659,24.037,0.000,1.745,13.280,30.13,,
,01-Sep-25,12:01:00, 110.5 ," 1,048.0 ", 233.5 , 937.5 ,1756745157,C2CP - Cobre - 09 Concentrado Colectivo,27.082,26.217,0.000,1.813,12.240,24.91,,
,01-Sep-25,11:53:00, 110.0 ," 1,140.5 ", 374.5 ," 1,030.5 ",1756745014,C2CP - Cobre - 10 Concentrado Primario L2,22.967,19.130,0.000,1.293,27.180,36.34,,
,01-Sep-25,11:59:00, 110.0 ," 1,117.0 ", 323.0 ," 1,007.0 ",1756745151,C2CP - Cobre - 11 Concentrado Primario L1,21.830,17.445,0.000,1.168,31.140,32.08,,
,03-Sep-25,11:03:00, 110.5 ," 1,082.0 ", 392.0 , 971.5 ,1756915287,C2CP - Cobre - 01 Rebose Hidrociclones L1,2.579,0.617,0.000,0.046,0.000,40.35,,
,03-Sep-25,11:08:00, 108.5 ," 1,341.0 ", 177.5 ," 1,232.5 ",1756915295,C2CP - Cobre - 04 Cola Scavenger L1,5.821,0.171,0.000,0.008,0.000,14.40,,
,03-Sep-25,11:13:00, 108.0 ," 1,332.0 ", 149.0 ," 1,224.0 ",1756915306,C2CP - Cobre - 05 Cola Scavenger L2,5.820,0.152,0.000,0.006,0.000,12.17,,
,03-Sep-25,11:06:00, 110.0 , 963.0 , 105.5 , 853.0 ,1756915292,C2CP - Cobre - 07 Concentrado 1ra Limpieza L1,28.684,24.185,0.000,1.650,12.740,12.37,,
,03-Sep-25,11:10:00, 110.5 , 833.5 , 243.9 , 723.0 ,1756915301,C2CP - Cobre - 08 Concentrado 1ra Limpieza L2,27.727,22.104,0.000,1.685,15.520,33.73,,
,03-Sep-25,11:18:00, 112.5 ," 1,330.5 ", 401.0 ," 1,218.0 ",1756916198,C2CP - Cobre - 09 Concentrado Colectivo,28.527,22.599,0.000,1.757,13.760,32.92,,
,05-Sep-25,11:20:00, 110.0 ," 1,075.5 ", 327.5 , 965.5 ,1757089071,C2CP - Cobre - 01 Rebose Hidrociclones L1,2.336,0.582,0.012,0.040,0.000,33.92,,
,05-Sep-25,11:43:00, 108.0 ," 1,055.0 ", 352.0 , 947.0 ,1757089988,C2CP - Cobre - 02 Rebose Hidrociclones L2,2.618,0.620,0.012,0.043,0.000,37.17,,
,05-Sep-25,11:18:00, 111.0 , 999.0 , 212.0 , 888.0 ,1757088957,C2CP - Cobre - 03 Relave Final,1.656,0.075,0.000,0.008,0.000,23.87,,
,05-Sep-25,11:36:00, 110.5 ," 1,333.0 ", 147.5 ," 1,222.5 ",1757089810,C2CP - Cobre - 04 Cola Scavenger L1,8.405,0.156,0.000,0.014,0.000,12.07,,
,05-Sep-25,11:40:00, 109.0 ," 1,328.5 ", 146.0 ," 1,219.5 ",1757089983,C2CP - Cobre - 05 Cola Scavenger L2,8.199,0.179,0.000,0.011,0.000,11.97,,
,05-Sep-25,11:23:00, 110.5 , 967.5 , 119.5 , 857.0 ,1757089127,C2CP - Cobre - 07 Concentrado 1ra Limpieza L1,25.999,22.005,0.322,1.832,16.500,13.94,,
,05-Sep-25,11:32:00, 110.0 ," 1,010.0 ", 284.0 , 900.0 ,1757089335,C2CP - Cobre - 08 Concentrado 1ra Limpieza L2,25.985,22.798,0.329,1.804,16.080,31.56,,
,05-Sep-25,11:45:00, 110.0 ," 1,275.5 ", 327.0 ," 1,165.5 ",1757090653,C2CP - Cobre - 09 Concentrado Colectivo,25.828,20.518,0.299,1.828,18.960,28.06,,
,05-Sep-25,11:33:00, 110.0 ," 1,172.5 ", 380.5 ," 1,062.5 ",1757089415,C2CP - Cobre - 10 Concentrado Primario L2,22.836,16.751,0.245,1.307,28.360,35.81,,
,05-Sep-25,11:29:00, 110.0 ," 1,121.0 ", 279.0 ," 1,011.0 ",1757088274,C2CP - Cobre - 11 Concentrado Primario L1,20.953,15.463,0.229,1.345,33.300,27.60,,
,08-Sep-25,11:40:00, 110.5 ," 1,078.0 ", 382.0 , 967.5 ,1757348882,C2CP - Cobre - 01 Rebose Hidrociclones L1,2.496,0.593,0.007,0.035,0.000,39.48,,
,08-Sep-25,11:23:00, 110.0 , 982.5 , 226.5 , 872.5 ,1757348389,C2CP - Cobre - 03 Relave Final,2.368,0.078,0.000,0.011,0.000,25.96,,
,08-Sep-25,11:30:00, 108.5 ," 1,288.0 ", 139.0 ," 1,179.5 ",1757348396,C2CP - Cobre - 04 Cola Scavenger L1,6.432,0.135,0.000,0.016,0.000,11.78,,
,08-Sep-25,11:33:00, 108.0 ," 1,284.0 ", 133.0 ," 1,176.0 ",1757348409,C2CP - Cobre - 05 Cola Scavenger L2,6.380,0.139,0.000,0.016,0.000,11.31,,
,08-Sep-25,11:38:00, 109.0 , 859.5 , 106.0 , 750.5 ,1757348459,C2CP - Cobre - 07 Concentrado 1ra Limpieza L1,26.989,25.576,0.145,1.528,12.300,14.12,,
,08-Sep-25,11:25:00, 110.5 , 937.5 , 296.5 , 827.0 ,1757348393,C2CP - Cobre - 08 Concentrado 1ra Limpieza L2,27.011,24.739,0.153,1.528,13.680,35.85,,
,08-Sep-25,11:35:00, 110.5 ," 1,024.5 ", 250.0 , 914.0 ,1757348411,C2CP - Cobre - 09 Concentrado Colectivo,27.015,24.788,0.144,1.752,12.800,27.35,,
,08-Sep-25,11:21:00, 110.0 ," 1,067.0 ", 229.5 , 957.0 ,1757348386,C2CP - Cobre - 10 Concentrado Primario L2,19.766,16.115,0.097,1.188,35.700,23.98,,
,08-Sep-25,11:27:00, 110.0 ," 1,109.5 ", 285.0 , 999.5 ,1757348395,C2CP - Cobre - 11 Concentrado Primario L1,20.559,16.164,0.093,1.057,37.060,28.51,,
,10-Sep-25,16:49:00, 110.5 ," 1,237.5 ", 129.5 ," 1,127.0 ",1757540629,C2CP - Cobre - 04 Cola Scavenger L1,18.773,0.152,0.000,0.012,0.000,11.49,,
,10-Sep-25,16:53:00, 109.0 ," 1,203.0 ", 125.0 ," 1,094.0 ",1657540631,C2CP - Cobre - 05 Cola Scavenger L2,17.958,0.139,0.000,0.013,0.000,11.43,,
,10-Sep-25,16:55:00, 110.5 , 766.0 , 109.5 , 655.5 ,1757540634,C2CP - Cobre - 07 Concentrado 1ra Limpieza L1,29.054,22.964,0.000,0.785,12.380,16.70,,
,10-Sep-25,16:59:00, 110.0 , 793.0 , 231.5 , 683.0 ,1757540636,C2CP - Cobre - 08 Concentrado 1ra Limpieza L2,29.456,22.225,0.000,0.847,13.240,33.89,,
,10-Sep-25,17:02:00, 110.0 , 899.5 , 200.0 , 789.5 ,1757540637,C2CP - Cobre - 09 Concentrado Colectivo,27.740,24.541,0.000,0.970,13.620,25.33,,
,12-Sep-25,11:09:00, 110.0 , 791.5 , 154.5 , 681.5 ,1757693085,C2CP - Cobre - 01 Rebose Hidrociclones L1,2.803,0.610,0.000,0.017,0.000,22.67,,
,12-Sep-25,11:12:00, 110.0 , 802.0 , 172.0 , 692.0 ,1759693091,C2CP - Cobre - 03 Relave Final,2.534,0.038,0.000,0.002,0.000,24.86,,
,12-Sep-25,11:07:00, 110.5 , 871.0 , 112.0 , 760.5 ,1757693082,C2CP - Cobre - 04 Cola Scavenger L1,21.193,0.122,0.000,0.007,0.000,14.73,,
,12-Sep-25,11:18:00, 109.0 , 915.0 , 124.0 , 806.0 ,1757693769,C2CP - Cobre - 05 Cola Scavenger L2,21.809,0.115,0.000,0.005,0.000,15.38,,
,12-Sep-25,11:22:00, 110.5 , 536.0 , 67.0 , 425.5 ,1757693896,C2CP - Cobre - 07 Concentrado 1ra Limpieza L1,31.082,23.194,0.000,0.798,11.700,15.75,,
,12-Sep-25,11:26:00, 110.0 , 533.0 , 134.0 , 423.0 ,1757693897,C2CP - Cobre - 08 Concentrado 1ra Limpieza L2,30.883,21.906,0.000,0.763,12.580,31.68,,
,12-Sep-25,11:28:00, 110.0 , 670.0 , 134.0 , 560.0 ,1757693901,C2CP - Cobre - 09 Concentrado Colectivo,29.451,23.888,0.000,0.859,13.340,23.93,,
,12-Sep-25,11:30:00, 110.0 , 894.5 , 288.0 , 784.5 ,1757694287,C2CP - Cobre - 11 Concentrado Primario L1,31.663,11.101,0.000,0.402,22.060,36.71,,
,15-Sep-25,18:09:00, 110.0 , 591.0 , 111.0 , 481.0 ,1757977416,C2CP - Cobre - 03 Relave Final,1.914,0.067,0.000,0.006,0.000,23.08,,
,15-Sep-25,18:12:00, 110.5 , 659.0 , 41.0 , 548.5 ,1757977420,C2CP - Cobre - 04 Cola Scavenger L1,21.805,0.252,0.000,0.009,0.000,7.47,,
,15-Sep-25,18:16:00, 109.0 , 611.5 , 38.0 , 502.5 ,1757977422,C2CP - Cobre - 05 Cola Scavenger L2,22.680,0.211,0.000,0.009,0.000,7.56,,
,15-Sep-25,18:18:00, 110.5 , 373.0 , 44.0 , 262.5 ,1757977984,C2CP - Cobre - 07 Concentrado 1ra Limpieza L1,31.062,22.798,0.000,1.322,0.000,16.76,,
,15-Sep-25,18:22:00, 110.0 , 364.0 , 82.5 , 254.0 ,1757977985,C2CP - Cobre - 08 Concentrado 1ra Limpieza L2,30.246,22.104,0.000,1.335,0.000,32.48,,
,15-Sep-25,18:25:00, 110.0 , 472.0 , 103.0 , 362.0 ,1757977988,C2CP - Cobre - 09 Concentrado Colectivo,30.822,23.888,0.000,1.488,0.000,28.45,,
,17-Sep-25,17:40:00, 110.0 , 422.0 , 98.5 , 312.0 ,1758148707,C2CP - Cobre - 01 Rebose Hidrociclones L1,3.004,0.596,0.000,0.033,0.000,31.57,,
,17-Sep-25,17:27:00, 108.0 , 481.5 , 110.5 , 373.5 ,1758147371,C2CP - Cobre - 02 Rebose Hidrociclones L2,2.786,0.761,0.000,0.040,0.000,29.59,,
,17-Sep-25,17:34:00, 107.0 , 400.0 , 35.0 , 293.0 ,1758147388,C2CP - Cobre - 04 Cola Scavenger L1,21.027,0.154,0.000,0.008,0.000,11.95,,
,17-Sep-25,17:38:00, 108.5 , 422.5 , 35.5 , 314.0 ,1758147393,C2CP - Cobre - 05 Cola Scavenger L2,22.228,0.151,0.000,0.008,0.000,11.31,,
,17-Sep-25,17:20:00, 110.0 , 266.5 , 21.5 , 156.5 ,1758147359,C2CP - Cobre - 07 Concentrado 1ra Limpieza L1,28.565,21.013,0.000,1.102,17.060,13.74,,
,17-Sep-25,17:29:00, 110.5 , 298.0 , 62.0 , 187.5 ,1758147375,C2CP - Cobre - 08 Concentrado 1ra Limpieza L2,28.695,19.031,0.000,1.130,18.600,33.07,,
,17-Sep-25,17:42:00, 110.5 , 320.5 , 50.0 , 210.0 ,1758148711,C2CP - Cobre - 09 Concentrado Colectivo,27.797,20.022,0.000,1.217,18.660,23.81,,
,24-Sep-25,11:47:00, 108.0 ," 1,069.5 ", 376.5 , 961.5 ,1758731755,C2CP - Cobre - 02 Rebose Hidrociclones L2,1.783,0.601,0.005,0.048,0.000,39.16,,
,24-Sep-25,11:40:00, 111.0 , 975.0 , 227.5 , 864.0 ,1758731690,C2CP - Cobre - 03 Relave Final,1.442,0.067,0.000,0.008,0.000,26.33,,
,24-Sep-25,11:52:00, 110.5 ," 1,288.5 ", 110.0 ," 1,178.0 ",1758731774,C2CP - Cobre - 04 Cola Scavenger L1,16.518,0.150,0.000,0.012,0.000,9.34,,
,24-Sep-25,11:44:00, 108.5 ," 1,285.0 ", 111.0 ," 1,176.5 ",1758731716,C2CP - Cobre - 05 Cola Scavenger L2,15.500,0.182,0.000,0.014,0.000,9.43,,
,24-Sep-25,11:38:00, 110.5 , 945.5 , 128.0 , 835.0 ,1758731687,C2CP - Cobre - 07 Concentrado 1ra Limpieza L1,29.069,23.095,0.115,2.332,12.440,15.33,,
,24-Sep-25,11:50:00, 110.0 ," 1,006.0 ", 254.0 , 896.0 ,1758731771,C2CP - Cobre - 08 Concentrado 1ra Limpieza L2,28.729,22.500,0.107,2.476,13.720,28.35,,
,24-Sep-25,11:41:00, 110.0 ," 1,024.5 ", 202.5 , 914.5 ,1758731708,C2CP - Cobre - 09 Concentrado Colectivo,28.597,25.771,0.132,2.785,10.420,22.14,,
,24-Sep-25,11:45:00, 110.0 ," 1,006.0 ", 313.0 , 896.0 ,1758731749,C2CP - Cobre - 10 Concentrado Primario L2,23.131,13.877,0.075,1.635,30.060,34.93,,
,24-Sep-25,11:35:00, 110.0 , 929.0 , 218.0 , 819.0 ,1758731480,C2CP - Cobre - 11 Concentrado Primario L1,17.286,12.489,0.062,1.284,42.300,26.62,,
,26-Sep-25,11:29:00, 108.0 ," 1,041.5 ", 374.5 , 933.5 ,1758903388,C2CP - Cobre - 02 Rebose Hidrociclones L2,1.467,0.525,0.006,0.072,0.000,40.12,,
,26-Sep-25,11:20:00, 111.0 , 953.5 , 217.0 , 842.5 ,1758903374,C2CP - Cobre - 03 Relave Final,1.088,0.063,0.000,0.011,0.000,25.76,,
,26-Sep-25,11:25:00, 110.5 ," 1,215.0 ", 165.5 ," 1,104.5 ",1758903380,C2CP - Cobre - 04 Cola Scavenger L1,16.868,0.177,0.000,0.012,0.000,14.98,,
,26-Sep-25,11:34:00, 108.5 ," 1,277.5 ", 128.0 ," 1,169.0 ",1758904230,C2CP - Cobre - 05 Cola Scavenger L2,15.914,0.154,0.000,0.010,0.000,10.95,,
,26-Sep-25,11:27:00, 110.5 , 937.0 , 129.0 , 826.5 ,1758903383,C2CP - Cobre - 07 Concentrado 1ra Limpieza L1,28.239,21.937,0.000,2.870,12.620,15.61,,
,26-Sep-25,11:23:00, 110.0 ," 1,007.0 ", 279.0 , 897.0 ,1758903375,C2CP - Cobre - 08 Concentrado 1ra Limpieza L2,28.401,21.445,0.000,2.613,13.840,31.10,,
,26-Sep-25,11:19:00, 110.0 , 999.5 , 227.5 , 889.5 ,1758903369,C2CP - Cobre - 09 Concentrado Colectivo,26.736,23.412,0.000,3.202,13.480,25.58,,
,26-Sep-25,11:31:00, 110.0 , 976.5 , 327.5 , 866.5 ,1758903758,C2CP - Cobre - 10 Concentrado Primario L2,24.322,16.329,0.000,2.016,25.740,37.80,,
,26-Sep-25,11:37:00, 110.0 , 960.5 , 265.0 , 850.5 ,1758904233,C2CP - Cobre - 11 Concentrado Primario L1,23.853,14.756,0.000,2.322,27.680,31.16,,
,29-Sep-25,11:26:00, 111.0 , 953.0 , 213.5 , 842.0 ,1759162977,C2CP - Cobre - 03 Relave Final,1.936,0.069,0.000,0.008,0.000,25.36,,
,29-Sep-25,11:29:00, 110.5 ," 1,275.0 ", 123.5 ," 1,164.5 ",1759162979,C2CP - Cobre - 04 Cola Scavenger L1,21.953,0.170,0.000,0.013,0.000,10.61,,
,29-Sep-25,11:33:00, 108.5 ," 1,269.0 ", 115.5 ," 1,160.5 ",1759162981,C2CP - Cobre - 05 Cola Scavenger L2,23.689,0.167,0.000,0.013,0.000,9.95,,
,29-Sep-25,11:35:00, 110.5 , 941.0 , 114.0 , 830.5 ,1759162984,C2CP - Cobre - 07 Concentrado 1ra Limpieza L1,30.226,22.401,0.000,2.051,12.040,13.73,,
,29-Sep-25,11:39:00, 110.0 ," 1,013.5 ", 296.5 , 903.5 ,1759162986,C2CP - Cobre - 08 Concentrado 1ra Limpieza L2,28.028,21.592,0.000,2.085,12.560,32.82,,
,29-Sep-25,11:42:00, 110.0 ," 1,011.5 ", 209.5 , 901.5 ,1759162988,C2CP - Cobre - 09 Concentrado Colectivo,26.526,22.985,0.000,2.096,14.780,23.24,,
,29-Sep-25,11:44:00, 110.0 ," 1,172.5 ", 432.0 ," 1,062.5 ",1759164178,C2CP - Cobre - 10 Concentrado Primario L2,27.161,16.020,0.000,1.338,19.640,40.66,,
,29-Sep-25,11:47:00, 110.0 ," 1,065.5 ", 235.0 , 955.5 ,1759164179,C2CP - Cobre - 11 Concentrado Primario L1,24.996,16.915,0.000,1.637,23.120,24.59,,
,03-Oct-25,12:15:00, 111.0 , 970.5 , 224.0 , 859.5 ,1759511612,C2CP - Cobre - 03 Relave Final,2.790,0.079,0.000,0.010,0.000,26.06,,
,03-Oct-25,12:24:00, 108.5 ," 1,237.5 ", 80.0 ," 1,129.0 ",1759511627,C2CP - Cobre - 04 Cola Scavenger L1,19.253,0.377,0.000,0.038,0.000,7.09,,
,03-Oct-25,12:20:00, 108.5 ," 1,249.0 ", 84.0 ," 1,140.5 ",1759511623,C2CP - Cobre - 05 Cola Scavenger L2,19.291,0.370,0.000,0.035,0.000,7.37,,
,03-Oct-25,12:18:00, 110.0 , 996.0 , 270.5 , 886.0 ,1759511617,C2CP - Cobre - 08 Concentrado 1ra Limpieza L2,27.965,24.086,0.000,2.883,12.020,30.53,,
,03-Oct-25,12:27:00, 110.0 ," 1,040.5 ", 239.0 , 930.5 ,1759511635,C2CP - Cobre - 09 Concentrado Colectivo,28.440,26.465,0.000,3.190,8.340,25.69,,
,03-Oct-25,12:25:00, 110.0 ," 1,172.5 ", 424.5 ," 1,062.5 ",1759511631,C2CP - Cobre - 10 Concentrado Primario L2,28.511,15.562,0.000,1.834,21.520,39.95,,
,13-Oct-25,10:04:00, 111.0 , 951.0 , 198.5 , 840.0 ,1760367812,C2CP - Cobre - 03 Relave Final,1.895,0.103,0.000,0.011,0.000,23.63,,
,13-Oct-25,10:08:00, 110.5 ," 1,248.0 ", 69.5 ," 1,137.5 ",1760367827,C2CP - Cobre - 04 Cola Scavenger L1,17.085,0.257,0.000,0.031,0.000,6.11,,
,13-Oct-25,10:11:00, 113.0 ," 1,247.5 ", 89.0 ," 1,134.5 ",1760367830,C2CP - Cobre - 05 Cola Scavenger L2,16.650,0.267,0.000,0.038,0.000,7.84,,
,13-Oct-25,10:14:00, 115.0 , 970.5 , 167.0 , 855.5 ,1760367834,C2CP - Cobre - 07 Concentrado 1ra Limpieza L1,27.448,23.681,0.000,2.376,11.860,19.52,,
,13-Oct-25,10:18:00, 113.5 ," 1,014.5 ", 284.5 , 901.0 ,1760367837,C2CP - Cobre - 08 Concentrado 1ra Limpieza L2,27.345,24.278,0.000,2.179,11.080,31.58,,
,13-Oct-25,10:20:00, 110.0 ," 1,067.0 ", 293.5 , 957.0 ,1760367840,C2CP - Cobre - 09 Concentrado Colectivo,27.211,26.368,0.000,2.187,9.500,30.67,,
,13-Oct-25,10:22:00, 113.5 ," 1,157.5 ", 401.0 ," 1,044.0 ",1760367842,C2CP - Cobre - 10 Concentrado Primario L2,23.663,18.607,0.000,1.628,24.800,38.41,,
,13-Oct-25,10:35:00, 100.0 ," 1,105.5 ", 289.0 ," 1,005.5 ",1760369509,C2CP - Cobre - 11 Concentrado Primario L1,24.490,17.313,0.000,1.708,25.100,28.74,,
,15-Oct-25,10:49:00, 110.5 ," 1,034.0 ", 356.6 , 923.5 ,1760543228,C2CP - Cobre - 01 Rebose Hidrociclones L1,2.388,0.618,0.000,0.025,0.000,38.61,,
,15-Oct-25,10:53:00, 110.0 , 971.5 , 236.0 , 861.5 ,1760543233,C2CP - Cobre - 03 Relave Final,2.000,0.066,0.000,0.007,0.000,27.39,,
,15-Oct-25,10:56:00, 108.5 ," 1,268.0 ", 148.0 ," 1,159.5 ",1760543235,C2CP - Cobre - 04 Cola Scavenger L1,18.148,0.171,0.000,0.015,0.000,12.76,,
,15-Oct-25,10:59:00, 109.0 ," 1,252.5 ", 148.5 ," 1,143.5 ",1760543236,C2CP - Cobre - 05 Cola Scavenger L2,18.019,0.156,0.000,0.013,0.000,12.99,,
,15-Oct-25,11:02:00, 109.0 , 940.5 , 137.0 , 831.5 ,1760543802,C2CP - Cobre - 07 Concentrado 1ra Limpieza L1,28.768,24.776,0.000,1.215,11.280,16.48,,
,15-Oct-25,11:06:00, 110.5 , 987.5 , 239.0 , 877.0 ,1760543803,C2CP - Cobre - 08 Concentrado 1ra Limpieza L2,28.238,23.482,0.000,1.227,12.460,27.25,,
,15-Oct-25,11:08:00, 110.6 , 979.0 , 187.5 , 868.4 ,1760543805,C2CP - Cobre - 09 Concentrado Colectivo,27.914,26.368,0.000,1.222,10.380,21.59,,
,15-Oct-25,11:31:00, 110.0 ," 1,131.5 ", 353.5 ," 1,021.5 ",1760545785,C2CP - Cobre - 10 Concentrado Primario L2,27.676,13.731,0.000,0.496,24.220,34.61,,
,15-Oct-25,11:36:00, 110.6 ," 1,087.0 ", 260.0 , 976.4 ,1760545787,C2CP - Cobre - 11 Concentrado Primario L1,24.034,16.816,0.000,0.878,28.480,26.63,,
,17-Oct-25,10:39:00, 110.0 ," 1,017.5 ", 271.0 , 907.5 ,1760715353,C2CP - Cobre - 01 Rebose Hidrociclones L1,2.029,0.609,0.000,1.716,86.070,29.86,,
,17-Oct-25,10:45:00, 107.0 ," 1,278.5 ", 150.0 ," 1,171.5 ",1760715368,C2CP - Cobre - 04 Cola Scavenger L1,14.081,0.100,0.000,0.011,61.600,12.80,,
,17-Oct-25,10:48:00, 108.5 ," 1,295.5 ", 157.0 ," 1,187.0 ",1760715381,C2CP - Cobre - 05 Cola Scavenger L2,15.022,0.099,0.000,0.011,64.240,13.23,,
,17-Oct-25,10:51:00, 110.5 , 930.5 , 115.0 , 820.0 ,1760715383,C2CP - Cobre - 07 Concentrado 1ra Limpieza L1,26.516,25.174,0.000,1.592,13.240,14.02,,
,17-Oct-25,10:54:00, 110.0 , 981.0 , 239.5 , 871.0 ,1760715385,C2CP - Cobre - 08 Concentrado 1ra Limpieza L2,26.297,24.875,0.000,1.469,27.420,27.50,,
,17-Oct-25,10:56:00, 110.0 ," 1,206.5 ", 470.5 ," 1,096.5 ",1760715387,C2CP - Cobre - 11 Concentrado Primario L1,28.049,14.328,0.000,0.822,21.320,42.91,,
,22-Oct-25,18:31:00, 110.5 , 694.0 , 229.5 , 583.5 ,1761175479,C2CP - Cobre - 01 Rebose Hidrociclones L1,2.681,0.480,0.007,0.032,0.000,39.33,,
,22-Oct-25,18:36:00, 109.0 , 687.0 , 222.0 , 578.0 ,1761176097,C2CP - Cobre - 02 Rebose Hidrociclones L2,2.667,0.523,0.007,0.034,0.000,38.41,,
,22-Oct-25,18:28:00, 111.0 , 658.5 , 168.0 , 547.5 ,1761175335,C2CP - Cobre - 03 Relave Final,1.944,0.078,0.000,0.006,0.000,30.68,,
,22-Oct-25,18:21:00, 110.5 , 982.5 , 95.5 , 872.0 ,1761174928,C2CP - Cobre - 04 Cola Scavenger L1,18.141,0.189,0.000,0.014,0.000,10.95,,
,22-Oct-25,18:26:00, 113.0 , 958.0 , 95.0 , 845.0 ,1761174943,C2CP - Cobre - 05 Cola Scavenger L2,18.155,0.191,0.000,0.014,0.000,11.24,,
,22-Oct-25,18:23:00, 109.0 , 756.0 , 63.5 , 647.0 ,1761174936,C2CP - Cobre - 07 Concentrado 1ra Limpieza L1,29.446,26.268,0.155,1.392,9.200,9.81,,
,22-Oct-25,18:18:00, 110.5 , 957.5 , 271.0 , 847.0 ,1761174846,C2CP - Cobre - 08 Concentrado 1ra Limpieza L2,29.131,24.079,0.146,1.660,11.700,32.00,,
,22-Oct-25,18:08:00, 110.5 ," 1,386.0 ", 285.0 ," 1,275.5 ",1761174332,C2CP - Cobre - 09 Concentrado Colectivo,28.375,26.467,0.150,1.640,10.620,22.34,,
,22-Oct-25,18:07:00, 110.0 ," 1,043.0 ", 369.5 , 933.0 ,1761174281,C2CP - Cobre - 10 Concentrado Primario L2,29.120,17.114,0.105,1.049,18.460,39.60,,
,24-Oct-25,12:17:00, 110.3 , 823.0 , 143.0 , 712.8 ,1761325978,C2CP - Cobre - 03 Relave Final,1.565,0.090,0.000,0.009,0.000,20.06,,
,24-Oct-25,12:11:00, 108.5 ," 1,085.0 ", 106.5 , 976.5 ,1761325623,C2CP - Cobre - 04 Cola Scavenger L1,16.325,0.179,0.000,0.012,0.000,10.91,,
,24-Oct-25,12:21:00, 108.5 , 936.5 , 88.5 , 828.0 ,1761326282,C2CP - Cobre - 05 Cola Scavenger L2,17.057,0.151,0.000,0.010,0.000,10.69,,
,24-Oct-25,12:15:00, 115.0 , 903.5 , 89.5 , 788.5 ,1761325802,C2CP - Cobre - 07 Concentrado 1ra Limpieza L1,28.584,23.582,0.122,1.700,12.120,11.35,,
,24-Oct-25,12:24:00, 113.5 ," 1,113.5 ", 257.5 ," 1,000.0 ",1761326289,C2CP - Cobre - 08 Concentrado 1ra Limpieza L2,28.437,22.288,0.118,1.774,13.460,25.75,,
,24-Oct-25,12:07:00, 100.0 ," 1,152.5 ", 209.5 ," 1,052.5 ",1761325588,C2CP - Cobre - 09 Concentrado Colectivo,27.825,21.890,0.124,1.801,15.220,19.90,,
,24-Oct-25,12:09:00, 110.0 , 968.5 , 303.0 , 858.5 ,1761325594,C2CP - Cobre - 10 Concentrado Primario L2,25.092,16.169,0.089,1.396,26.000,35.29,,
,24-Oct-25,12:13:00, 113.5 , 984.0 , 393.5 , 870.5 ,1761325708,C2CP - Cobre - 11 Concentrado Primario L1,27.416,15.472,0.083,1.326,22.500,45.20,,
,29-Oct-25,11:32:00, 110.0 , 880.0 , 281.5 , 770.0 ,1761755381,C2CP - Cobre - 01 Rebose Hidrociclones L1,2.221,0.625,0.005,0.037,0.000,36.56,,
,29-Oct-25,11:34:00, 108.0 ," 1,711.0 ", 331.0 ," 1,603.0 ",1761755383,C2CP - Cobre - 02 Rebose Hidrociclones L2,2.154,0.591,0.005,0.038,0.000,20.65,,
,29-Oct-25,11:37:00, 110.0 , 803.0 , 153.0 , 693.0 ,1761755384,C2CP - Cobre - 03 Relave Final,1.454,0.069,0.000,0.007,0.000,22.08,,
,29-Oct-25,11:47:00, 107.0 ," 1,125.5 ", 152.0 ," 1,018.5 ",1761756335,C2CP - Cobre - 04 Cola Scavenger L1,9.913,0.133,0.000,0.011,0.000,14.92,,
,29-Oct-25,11:51:00, 108.5 ," 1,102.0 ", 129.5 , 993.5 ,1761756489,C2CP - Cobre - 05 Cola Scavenger L2,8.023,0.125,0.000,0.010,0.000,13.03,,
,29-Oct-25,11:53:00, 109.0 , 968.0 , 208.5 , 859.0 ,1761756512,C2CP - Cobre - 07 Concentrado 1ra Limpieza L1,27.274,21.859,0.091,1.560,16.600,24.27,,
,29-Oct-25,11:57:00, 113.5 , 843.5 , 75.5 , 730.0 ,1761756513,C2CP - Cobre - 08 Concentrado 1ra Limpieza L2,28.963,24.867,0.102,1.616,11.620,10.34,,
,29-Oct-25,12:00:00, 110.0 , 947.0 , 161.0 , 837.0 ,1761756516,C2CP - Cobre - 09 Concentrado Colectivo,28.483,25.569,0.099,1.679,12.360,19.24,,
,29-Oct-25,12:01:00, 110.0 ," 1,135.0 ", 320.5 ," 1,025.0 ",1761756943,C2CP - Cobre - 10 Concentrado Primario L2,22.852,14.439,0.050,1.049,32.760,31.27,,
,03-Nov-25,10:22:00, 110.5 , 707.0 , 216.0 , 596.5 ,1762183170,C2CP - Cobre - 01 Rebose Hidrociclones L1,2.421,0.463,0.006,0.027,0.000,36.21,,
,03-Nov-25,10:26:00, 108.5 ," 1,007.5 ", 101.0 , 899.0 ,1762183233,C2CP - Cobre - 04 Cola Scavenger L1,14.987,0.121,0.000,0.009,0.000,11.23,,
,03-Nov-25,10:29:00, 108.0 ," 1,005.0 ", 83.5 , 897.0 ,1762183236,C2CP - Cobre - 05 Cola Scavenger L2,13.076,0.113,0.000,0.008,0.000,9.31,,
,03-Nov-25,10:32:00, 115.0 , 941.0 , 145.0 , 826.0 ,1762183239,C2CP - Cobre - 07 Concentrado 1ra Limpieza L1,25.226,21.393,0.120,1.352,19.920,17.55,,
,03-Nov-25,10:34:00, 110.0 ," 1,057.5 ", 242.0 , 947.5 ,1762183242,C2CP - Cobre - 09 Concentrado Colectivo,26.148,24.776,0.132,1.378,14.560,25.54,,
,03-Nov-25,10:36:00, 110.0 ," 1,200.0 ", 443.0 ," 1,090.0 ",1762183245,C2CP - Cobre - 10 Concentrado Primario L2,27.788,12.139,0.073,0.811,24.020,40.64,,
,03-Nov-25,10:47:00, 100.0 ," 1,203.0 ", 293.5 ," 1,103.0 ",1762184598,C2CP - Cobre - 11 Concentrado Primario L1,24.441,15.671,0.083,0.981,26.780,26.61,,
,10-Nov-25,11:16, 107.0 ," 1,057.5 ", 69.0 , 950.5 ,9517,C2CP - Cobre - 04 Cola Scavenger L1,11.183,0.235,0.000,0.012,0.000,7.26,,
,10-Nov-25,11:20, 108.5 ," 1,050.0 ", 77.0 , 941.5 ,9518,C2CP - Cobre - 05 Cola Scavenger L2,13.227,0.193,0.000,0.009,0.000,8.18,,
,10-Nov-25,11:30, 115.0 , 874.5 , 135.5 , 759.5 ,9519,C2CP - Cobre - 07 Concentrado 1ra Limpieza L1,29.858,26.762,0.253,0.689,7.840,17.84,,
,10-Nov-25,11:33, 113.5 , 923.5 , 116.5 , 810.0 ,9520,C2CP - Cobre - 07 Concentrado 1ra Limpieza L2,30.351,24.185,0.267,0.735,9.440,14.38,,
,10-Nov-25,11:24, 110.0 , 945.5 , 117.0 , 835.5 ,9521,C2CP - Cobre - 09 Concentrado Colectivo,29.459,22.401,0.265,1.218,12.460,14.00,,
,10-Nov-25,11:17, 113.5 ," 1,071.5 ", 296.5 , 958.0 ,9522,C2CP - Cobre - 10 Concentrado Primario L2,21.350,16.751,0.169,0.572,32.720,30.95,,
,12-Nov-25,9:24, 110.0 , 996.0 , 258.0 , 886.0 ,9527,C2CP - Cobre - 01 Rebose Hidrociclones L1,2.103,0.580,0.006,0.040,0.000,29.12,,
,12-Nov-25,9:28, 114.5 , 923.5 , 143.5 , 809.0 ,9528,C2CP - Cobre - 03 Relave Final,1.480,0.114,0.000,0.009,0.000,17.74,,
,12-Nov-25,9:34, 115.5 ," 1,085.0 ", 97.5 , 969.5 ,9529,C2CP - Cobre - 04 Cola Scavenger L1,14.809,0.187,0.000,0.009,0.000,10.06,,
,12-Nov-25,9:38, 113.5 ," 1,097.5 ", 95.5 , 984.0 ,9530,C2CP - Cobre - 05 Cola Scavenger L2,14.316,0.171,0.000,0.008,0.000,9.71,,
,12-Nov-25,9:23, 115.0 , 857.0 , 57.0 , 742.0 ,9531,C2CP - Cobre - 07 Concentrado 1ra Limpieza L1,28.987,25.375,0.180,1.313,9.940,7.68,,
,12-Nov-25,9:30, 113.5 , 983.5 , 183.5 , 870.0 ,9532,C2CP - Cobre - 08 Concentrado 1ra Limpieza L2,29.157,22.500,0.161,1.544,12.720,21.09,,
,12-Nov-25,9:36, 110.0 , 925.5 , 225.5 , 815.5 ,9533,C2CP - Cobre - 09 Concentrado Colectivo,28.742,22.401,0.158,1.573,13.760,27.65,,
,12-Nov-25,9:26, 113.5 ," 1,073.0 ", 473.0 , 959.5 ,9534,C2CP - Cobre - 10 Concentrado Primario L2,28.703,17.445,0.110,1.276,19.680,49.30,,
,12-Nov-25,9:32, 100.0 ," 1,019.0 ", 419.0 , 919.0 ,9535,C2CP - Cobre - 10 Concentrado Primario L1,27.965,20.220,0.123,1.320,16.740,45.59,,
,14-Nov-25,11:09, 115.0 , 922.5 , 232.5 , 807.5 ,9539,C2CP - Cobre - 01 Rebose Hidrociclones L1,2.215,0.689,0.007,0.057,0.000,28.79,,
,14-Nov-25,10:57, 110.0 , 879.3 , 145.0 , 769.3 ,9540,C2CP - Cobre - 03 Relave Final,1.755,0.097,0.000,0.012,0.000,18.85,,
,14-Nov-25,11:00, 107.0 ," 1,042.5 ", 98.5 , 935.5 ,9541,C2CP - Cobre - 04 Cola Scavenger L1,12.274,0.330,0.000,0.026,0.000,10.53,,
,14-Nov-25,11:04, 108.5 ," 1,035.0 ", 99.0 , 926.5 ,9542,C2CP - Cobre - 05 Cola Scavenger L2,12.321,0.322,0.000,0.026,0.000,10.69,,
,14-Nov-25,11:12, 110.0 , 823.0 , 106.5 , 713.0 ,9543,C2CP - Cobre - 07 Concentrado 1ra Limpieza L1,27.516,23.987,0.141,2.267,11.740,14.94,,
,14-Nov-25,11:15, 115.5 , 845.2 , 231.0 , 729.7 ,9544,C2CP - Cobre - 08 Concentrado 1ra Limpieza L2,27.295,22.599,0.131,2.585,13.500,31.66,,
,14-Nov-25,11:18, 115.5 , 885.0 , 150.0 , 769.5 ,9545,C2CP - Cobre - 09 Concentrado Colectivo,27.652,26.069,0.146,2.307,10.360,19.49,,
,14-Nov-25,11:20, 110.0 ," 1,050.0 ", 371.0 , 940.0 ,9546,C2CP - Cobre - 10 Concentrado Primario L2,23.498,16.355,0.106,1.662,27.840,39.47,,
,14-Nov-25,11:22, 100.0 ," 1,063.5 ", 395.0 , 963.5 ,9547,C2CP - Cobre - 10 Concentrado Primario L1,25.858,19.229,0.106,1.612,20.840,41.00,,
,17-Nov-25,10:56, 115.0 , 814.5 , 254.5 , 699.5 ,9548,C2CP - Cobre - 01 Rebose Hidrociclones L1,2.979,0.581,0.008,0.110,0.000,36.38,,
,17-Nov-25,10:53, 108.0 ," 1,030.0 ", 36.0 , 922.0 ,9549,C2CP - Cobre - 05 Cola Scavenger L2,12.560,0.665,0.000,0.088,0.000,3.90,,
,17-Nov-25,10:58, 114.5 ," 1,021.0 ", 291.5 , 906.5 ,9550,C2CP - Cobre - 08 Concentrado 1ra Limpieza L2,25.493,24.483,0.174,7.341,8.080,32.16,,
,17-Nov-25,11:02, 110.5 ," 1,284.0 ", 320.0 ," 1,173.5 ",9551,C2CP - Cobre - 09 Concentrado Colectivo,27.694,27.456,0.163,3.933,6.700,27.27,,
,17-Nov-25,11:00, 110.0 ," 1,100.5 ", 373.5 , 990.5 ,9552,C2CP - Cobre - 10 Concentrado Primario L1,23.077,18.436,0.104,3.158,25.340,37.71,,
,24-Nov-25,11:31, 115.0 , 863.5 , 267.5 , 748.5 ,9557,C2CP - Cobre - 01 Rebose Hidrociclones L1,3.187,0.616,0.004,0.039,0.000,35.74,,
,24-Nov-25,11:33, 114.5 , 867.0 , 284.0 , 752.5 ,9558,C2CP - Cobre - 02 Rebose Hidrociclones L2,3.131,0.620,0.004,0.039,0.000,37.74,,
,24-Nov-25,11:11, 114.5 , 732.5 , 127.5 , 618.0 ,9559,C2CP - Cobre - 03 Relave Final,4.025,0.139,0.000,0.011,0.000,20.63,,
,24-Nov-25,11:18, 108.5 ," 1,091.5 ", 77.0 , 983.0 ,9560,C2CP - Cobre - 04 Cola Scavenger L1,11.563,0.378,0.000,0.028,0.000,7.83,,
,24-Nov-25,11:27, 108.0 ," 1,054.5 ", 76.0 , 946.5 ,9561,C2CP - Cobre - 05 Cola Scavenger L2,15.480,0.310,0.000,0.022,0.000,8.03,,
,24-Nov-25,11:24, 114.5 , 952.5 , 162.5 , 838.0 ,9562,C2CP - Cobre - 07 Concentrado 1ra Limpieza L1,27.946,22.885,0.079,1.795,13.980,19.39,,
,24-Nov-25,11:29, 115.5 , 966.5 , 206.0 , 851.0 ,9563,C2CP - Cobre - 08 Concentrado 1ra Limpieza L2,26.472,23.184,0.078,1.737,14.500,24.21,,
,24-Nov-25,11:15, 110.0 ," 1,134.5 ", 343.0 ," 1,024.5 ",9564,C2CP - Cobre - 10 Concentrado Primario L2,25.832,18.010,0.062,1.342,23.220,33.48,,
,26-Nov-25,11:25, 115.0 , 872.5 , 292.0 , 757.5 ,9565,C2CP - Cobre - 01 Rebose Hidrociclones L1,2.894,0.503,0.009,0.024,0.000,38.55,,
,26-Nov-25,11:30, 114.5 , 878.5 , 288.5 , 764.0 ,9566,C2CP - Cobre - 02 Rebose Hidrociclones L2,2.667,0.500,0.009,0.022,0.000,37.76,,
,26-Nov-25,11:18, 114.5 , 746.0 , 123.5 , 631.5 ,9567,C2CP - Cobre - 03 Relave Final,2.271,0.096,0.000,0.007,0.000,19.56,,
,26-Nov-25,11:14, 108.5 ," 1,040.5 ", 66.5 , 932.0 ,9568,C2CP - Cobre - 04 Cola Scavenger L1,10.358,0.242,0.000,0.017,0.000,7.14,,
,26-Nov-25,11:22, 108.0 ," 1,322.5 ", 101.5 ," 1,214.5 ",9569,C2CP - Cobre - 05 Cola Scavenger L2,11.083,0.282,0.000,0.017,0.000,8.36,,
,26-Nov-25,11:16, 114.5 , 943.0 , 144.0 , 828.5 ,9570,C2CP - Cobre - 07 Concentrado 1ra Limpieza L1,28.931,25.870,0.387,1.340,8.560,17.38,,
,26-Nov-25,11:28, 115.5 , 954.5 , 162.5 , 839.0 ,9571,C2CP - Cobre - 08 Concentrado 1ra Limpieza L2,29.060,23.482,0.351,1.340,12.200,19.37,,
,26-Nov-25,11:11, 110.5 , 961.5 , 193.0 , 851.0 ,9572,C2CP - Cobre - 09 Concentrado Colectivo,28.961,27.263,0.428,1.471,8.120,22.68,,
,26-Nov-25,11:20, 110.0 ," 1,135.5 ", 338.5 ," 1,025.5 ",9573,C2CP - Cobre - 10 Concentrado Primario L2,24.973,15.224,0.241,0.816,28.120,33.01,,
,26-Nov-25,11:31, 110.0 ," 1,052.5 ", 240.5 , 942.5 ,9574,C2CP - Cobre - 11 Concentrado Primario L1,18.816,14.328,0.196,0.672,39.520,25.52,,
,28-Nov-25,12:16, 115.0 , 866.8 , 271.0 , 751.8 ,1764349898,C2CP - Cobre - 01 Rebose Hidrociclones L1,2.821,0.481,0.008,0.021,0.000,36.05,,
,28-Nov-25,12:20, 114.5 , 863.0 , 297.0 , 748.5 ,1764349901,C2CP - Cobre - 02 Rebose Hidrociclones L2,2.732,0.504,0.007,0.021,0.000,39.68,,
,28-Nov-25,12:28, 114.5 , 717.6 , 110.0 , 603.1 ,1764349909,C2CP - Cobre - 03 Relave Final,1.992,0.101,0.000,0.006,0.000,18.24,,
,28-Nov-25,12:24, 108.5 ," 1,316.8 ", 115.5 ," 1,208.3 ",1764349905,C2CP - Cobre - 04 Cola Scavenger L1,4.983,0.294,0.000,0.014,0.000,9.56,,
,28-Nov-25,12:13, 108.0 ," 1,039.4 ", 77.5 , 931.4 ,1764349866,C2CP - Cobre - 05 Cola Scavenger L2,5.534,0.147,0.000,0.010,0.000,8.32,,
,28-Nov-25,12:18, 114.5 , 919.0 , 130.0 , 804.5 ,1764349899,C2CP - Cobre - 07 Concentrado 1ra Limpieza L1,26.772,23.095,0.294,0.752,15.020,16.16,,
,28-Nov-25,12:27, 115.5 , 948.0 , 172.0 , 832.5 ,1764349908,C2CP - Cobre - 08 Concentrado 1ra Limpieza L2,25.214,20.419,0.245,1.025,19.280,20.66,,
,28-Nov-25,12:29, 110.5 ," 1,002.0 ", 246.0 , 891.5 ,1764349910,C2CP - Cobre - 09 Concentrado Colectivo,26.403,23.690,0.247,0.975,13.860,27.59,,
,28-Nov-25,12:22, 110.0 ," 1,039.6 ", 342.0 , 929.6 ,1764349903,C2CP - Cobre - 10 Concentrado Primario L2,21.413,18.139,0.185,0.781,29.160,36.79,,
,28-Nov-25,12:14, 110.0 ," 1,054.8 ", 228.5 , 944.8 ,1764349894,C2CP - Cobre - 11 Concentrado Primario L1,16.259,11.300,0.100,0.512,46.160,24.19,,
,01-Dec-25,10:40, 115.0 , 898.0 , 898.0 , 783.0 ,1764603416,C2CP - Cobre - 02 Rebose Hidrociclones L2,2.844,0.460,0.007,0.032,0.000,114.69,,
,01-Dec-25,10:43, 110.0 , 728.5 , 728.5 , 618.5 ,1764603430,C2CP - Cobre - 03 Relave Final,2.092,0.066,0.000,0.006,0.000,117.78,,
,01-Dec-25,10:46, 107.0 ," 1,075.0 "," 1,075.0 ", 968.0 ,1764603432,C2CP - Cobre - 04 Cola Scavenger L1,7.448,0.213,0.000,0.009,0.000,111.05,,
,01-Dec-25,10:49, 108.5 ," 1,068.5 "," 1,068.5 ", 960.0 ,1764603434,C2CP - Cobre - 05 Cola Scavenger L2,7.341,0.149,0.000,0.005,0.000,111.30,,
,01-Dec-25,10:52, 110.0 , 719.0 , 719.0 , 609.0 ,1764604087,C2CP - Cobre - 07 Concentrado 1ra Limpieza L1,25.358,23.293,0.115,0.637,16.200,118.06,,
,01-Dec-25,10:56, 109.0 , 921.0 , 921.0 , 812.0 ,1764604089,C2CP - Cobre - 08 Concentrado 1ra Limpieza L2,23.758,19.031,0.085,0.731,23.180,113.42,,
,01-Dec-25,11:04, 115.5 , 945.5 , 945.5 , 830.0 ,1764604983,C2CP - Cobre - 09 Concentrado Colectivo,26.106,22.798,0.086,1.519,14.900,113.92,,
,01-Dec-25,10:57, 110.0 ," 1,044.0 "," 1,044.0 ", 934.0 ,1764604089,C2CP - Cobre - 10 Concentrado Primario L2,11.859,8.326,0.040,0.546,57.140,111.78,,
,01-Dec-25,11:00, 108.0 ," 1,056.5 "," 1,056.5 ", 948.5 ,1764604100,C2CP - Cobre - 11 Concentrado Primario L1,14.132,10.268,0.108,0.871,48.900,111.39,,
,03-Dec-25,10:43, 114.5 , 788.0 , 151.5 , 673.5 ,1764776456,C2CP - Cobre - 03 Relave Final,3.236,0.046,0.000,0.004,0.000,22.49,,
,03-Dec-25,10:46, 108.5 ," 1,083.0 ", 102.5 , 974.5 ,1764776460,C2CP - Cobre - 04 Cola Scavenger L1,8.365,0.230,0.000,0.007,0.000,10.52,,
,03-Dec-25,10:50, 108.0 ," 1,082.5 ", 95.0 , 974.5 ,1764776463,C2CP - Cobre - 05 Cola Scavenger L2,8.130,0.164,0.000,0.005,0.000,9.75,,
,03-Dec-25,10:54, 114.5 , 985.5 , 72.0 , 871.0 ,1764777022,C2CP - Cobre - 07 Concentrado 1ra Limpieza L1,27.642,24.574,0.387,1.012,11.080,8.27,,
,03-Dec-25,10:58, 115.5 , 930.0 , 145.5 , 814.5 ,1764777023,C2CP - Cobre - 08 Concentrado 1ra Limpieza L2,26.328,22.729,0.377,1.274,13.460,17.86,,
,03-Dec-25,11:01, 110.5 , 954.0 , 148.5 , 843.5 ,1764777025,C2CP - Cobre - 09 Concentrado Colectivo,26.970,26.518,0.406,1.033,8.360,17.61,,
,03-Dec-25,11:02, 110.0 , 854.0 , 164.0 , 744.0 ,1764777027,C2CP - Cobre - 10 Concentrado Primario L2,15.891,12.860,0.164,0.478,41.920,22.04,,
,03-Dec-25,11:17, 110.0 ," 1,070.5 ", 225.5 , 960.5 ,1764778542,C2CP - Cobre - 11 Concentrado Primario L1,20.433,17.147,0.284,0.638,31.700,23.48,,
,05-Dec-25,11:29, 111.0 , 840.5 , 191.0 , 729.5 ,1764951953,C2CP - Cobre - 03 Relave Final,2.648,0.083,0.000,0.007,0.000,26.18,,
,05-Dec-25,11:32, 110.5 ," 1,062.5 ", 86.0 , 952.0 ,1764951960,C2CP - Cobre - 04 Cola Scavenger L1,11.991,0.460,0.000,0.010,0.000,9.03,,
,05-Dec-25,11:36, 113.5 ," 1,058.5 ", 75.0 , 945.0 ,1764951963,C2CP - Cobre - 05 Cola Scavenger L2,10.903,0.453,0.000,0.011,0.000,7.94,,
,05-Dec-25,11:38, 115.0 , 897.5 , 75.0 , 782.5 ,1764952083,C2CP - Cobre - 07 Concentrado 1ra Limpieza L1,28.243,25.033,0.262,1.189,12.060,9.58,,
,05-Dec-25,11:42, 113.5 , 930.5 , 147.5 , 817.0 ,1764952088,C2CP - Cobre - 08 Concentrado 1ra Limpieza L2,27.245,22.169,0.250,1.323,15.860,18.05,,
,05-Dec-25,11:45, 110.0 , 929.5 , 116.5 , 819.5 ,1764952091,C2CP - Cobre - 09 Concentrado Colectivo,27.987,26.268,0.268,1.304,9.760,14.22,,
,05-Dec-25,11:47, 113.5 , 847.5 , 203.0 , 734.0 ,1764952413,C2CP - Cobre - 10 Concentrado Primario L2,23.062,16.195,0.149,0.893,31.380,27.66,,
,15-Dec-25,11:21, 108.0 , 713.0 , 231.0 , 605.0 ,1765797614,C2CP - Cobre - 02 Rebose Hidrociclones L2,2.376,0.558,0.007,0.049,0.000,38.18,,
,15-Dec-25,10:50, 111.0 , 576.5 , 47.0 , 465.5 ,1765795441,C2CP - Cobre - 03 Relave Final,2.010,0.061,0.000,0.009,0.000,10.10,,
,15-Dec-25,10:54, 113.5 , 584.0 , 37.5 , 470.5 ,1765795442,C2CP - Cobre - 05 Cola Scavenger L2,15.411,0.173,0.000,0.025,0.000,7.97,,
,15-Dec-25,10:56, 115.0 , 734.0 , 71.0 , 619.0 ,1765795596,C2CP - Cobre - 07 Concentrado 1ra Limpieza L1,28.206,22.910,0.110,2.021,13.940,11.47,,
,15-Dec-25,10:49, 110.0 ," 1,343.5 ", 215.0 ," 1,233.5 ",1765794791,C2CP - Cobre - 09 Concentrado Colectivo,27.483,21.182,0.120,2.583,15.900,17.43,,
,15-Dec-25,10:58, 100.0 , 888.5 , 290.5 , 788.5 ,1765796213,C2CP - Cobre - 11 Concentrado Primario L1,29.271,16.393,0.096,1.550,24.780,36.84,,
,17-Dec-25,10:09:00, 114.5 , 719.0 , 241.5 , 604.5 ,1765965903,C2CP - Cobre - 02 Rebose Hidrociclones L2,"2,013",0.59,0.006,0.057,0,39.95,,
,17-Dec-25,11:06:00, 114.5 , 598.0 , 42.5 , 483.5 ,1765965895,C2CP - Cobre - 03 Relave Final,"1,255",0.052,0,0.009,0,8.79,,
,17-Dec-25,10:12:00, 108.0 , 576.0 , 35.0 , 468.0 ,1765965939,C2CP - Cobre - 05 Cola Scavenger L2,"7,801",0.248,0,0.026,0,7.48,,
,17-Dec-25,10:15:00, 115.5 , 720.5 , 155.5 , 605.0 ,1765965943,C2CP - Cobre - 08 Concentrado 1ra Limpieza L2,"26,126","24,776",0.165,"6,404",10.2,25.70,,
,17-Dec-25,10:17:00, 110.5 , 831.0 , 103.0 , 720.5 ,1765965945,C2CP - Cobre - 09 Concentrado Colectivo,"28,408","29,452",0.163,"2,588",5.56,14.30,,
,17-Dec-25,10:19:00, 110.0 , 755.5 , 257.5 , 645.5 ,1765965949,C2CP - Cobre - 11 Concentrado Primario L1,"21,476","19,801",0.111,"1,995",29.32,39.89,,
,19-Dec-25,12:30:00, 110.0 , 573.5 , 96.5 , 463.5 ,1766147221,C2CP - Cobre - 03 Relave Final,"1,409",0.07,0,0.011,0,20.82,,
,19-Dec-25,12:34:00, 113.5 , 471.0 , 20.5 , 357.5 ,1766147224,C2CP - Cobre - 05 Cola Scavenger L2,14.68,0.808,0,0.046,0,5.73,,
,19-Dec-25,12:37:00, 115.0 , 581.5 , 170.0 , 466.5 ,1766147228,C2CP - Cobre - 07 Concentrado 1ra Limpieza L1,"29,622","23,108",0.126,"2,214",10.48,36.44,,
,19-Dec-25,12:40:00, 113.5 , 589.0 , 128.0 , 475.5 ,1766147229,C2CP - Cobre - 08 Concentrado 1ra Limpieza L2,"28,086","22,762",0.136,2.85,12.68,26.92,,
,19-Dec-25,12:43:00, 110.0 , 602.0 , 112.0 , 492.0 ,1766147231,C2CP - Cobre - 09 Concentrado Colectivo,"28,352","24,539",0.145,"2,783",10.6,22.76,,
,19-Dec-25,12:46:00, 100.0 , 756.0 , 248.0 , 656.0 ,1766147234,C2CP - Cobre - 11 Concentrado Primario L1,"26,743","17,429",0.101,"1,971",21.34,37.80,,
,24-Dec-25,12:30:00 PM, 114.5 , 671.5 , 228.5 , 557.0 ,9648,C2CP - Cobre - 02 Rebose Hidrociclones L2,1.96,0.548,0.007,0.073,0,41.02,,
,24-Dec-25,12:31:00 PM, 114.5 , 530.0 , 85.5 , 415.5 ,9649,C2CP - Cobre - 03 Relave Final,1.26,0.057,0,0.012,0,20.58,,
,24-Dec-25,12:34:00 PM, 108.0 , 481.0 , 23.0 , 373.0 ,9650,C2CP - Cobre - 05 Cola Scavenger L2,"8,484",0.473,0,0.058,0,6.17,,
,24-Dec-25,12:40:00 PM, 115.5 , 613.5 , 154.0 , 498.0 ,9651,C2CP - Cobre - 08 Concentrado 1ra Limpieza L2,"25,043","20,688",0.14,"3,224",20.08,30.92,,
,24-Dec-25,12:43:00 PM, 110.5 , 628.5 , 154.5 , 518.0 ,9652,C2CP - Cobre - 09 Concentrado Colectivo,"25,813","21,824",0.147,"3,164",17.92,29.83,,
,24-Dec-25,12:46:00 PM, 110.0 , 756.0 , 226.0 , 646.0 ,9653,C2CP - Cobre - 10 Concentrado Primario L2,"16,077","14,967",0.112,"2,372",40.94,34.98,,
,24-Dec-25,12:04:00 PM, 110.0 , 750.0 , 216.0 , 640.0 ,9654,C2CP - Cobre - 11 Concentrado Primario L1,"20,378","18,139",0.129,"2,601",30.28,33.75,,
,09-Jan-26,11:57:00 AM, 110.0 , 595.0 , 114.0 , 485.0 ,9671,C2CP - Cobre - 03 Relave Final,2.176,0.094,,0.007,,23.51,,
,09-Jan-26,11:54:00 AM, 110.0 , 475.0 , 21.0 , 365.0 ,9672,C2CP - Cobre - 05 Cola Scavenger L2,17.379,0.615,,0.051,,5.75,,
,09-Jan-26,11:46:00 AM, 110.0 , 571.0 , 99.0 , 461.0 ,9673,C2CP - Cobre - 08 Concentrado 1ra Limpieza L1,25.536,22.455,0.197,1.379,8.720,21.48,,
,09-Jan-26,11:51:00 AM, 110.5 , 605.5 , 121.0 , 495.0 ,9674,C2CP - Cobre - 09 Concentrado 1ra Limpieza L2,27.864,20.014,0.184,2.048,10.400,24.44,,
,09-Jan-26,11:55:00 AM, 110.0 , 588.0 , 84.5 , 478.0 ,9675,C2CP - Cobre - 10 Concentrado Colectivo,24.301,26.165,0.225,1.539,7.600,17.68,,
,09-Jan-26,11:43:00 AM, 108.0 , 740.0 , 153.5 , 632.0 ,9676,C2CP - Cobre - 15 Concentrado Primario L1,22.112,16.792,0.160,1.005,22.500,24.29,,
,14-Jan-26,4:37:00 PM, 108.0 , 626.5 , 218.5 , 518.5 ,9681,C2CP - Cobre - 02 Rebose Hidrociclones L2,3.198,0.642,0.010,0.044,,42.14,,
,14-Jan-26,4:20:00 PM, 110.0 , 574.0 , 62.0 , 464.0 ,9682,C2CP - Cobre - 03 Relave Final,2.196,0.054,,0.007,,13.36,,
,14-Jan-26,4:23:00 PM, 110.5 , 345.0 , 17.5 , 234.5 ,9683,C2CP - Cobre - 04 Cola Scavenger L1,19.692,0.183,,0.030,,7.46,,
,14-Jan-26,4:27:00 PM, 110.0 , 474.5 , 23.5 , 364.5 ,9684,C2CP - Cobre - 05 Cola Scavenger L2,20.621,0.106,,0.029,,6.45,,
,14-Jan-26,4:44:00 PM, 110.0 , 577.5 , 87.5 , 467.5 ,9685,C2CP - Cobre - 08 Concentrado 1ra Limpieza L1,30.012,20.658,0.148,1.481,11.060,18.72,,
,14-Jan-26,4:29:00 PM, 110.0 , 552.5 , 80.5 , 442.5 ,9686,C2CP - Cobre - 10 Concentrado Colectivo,29.441,25.576,0.170,1.511,8.760,18.19,,
,14-Jan-26,4:40:00 PM, 108.0 , 807.5 , 307.5 , 699.5 ,9687,C2CP - Cobre - 15 Concentrado Primario L1,31.424,13.477,0.098,0.909,18.180,43.96,,
,19-Jan-26,11:00:00 AM, 110.0 , 529.5 , 170.0 , 419.5 ,9690,C2CP - Cobre - 02 Rebose Hidrociclones L2,3.861,1.080,0.011,0.031,,40.52,,
,19-Jan-26,10:41:00 AM, 114.5 , 503.5 , 62.0 , 389.0 ,9691,C2CP - Cobre - 03 Relave Final,3.515,0.071,,0.005,,15.94,,
,19-Jan-26,10:35:00 AM, 108.5 , 454.0 , 44.5 , 345.5 ,9692,C2CP - Cobre - 04 Cola Scavenger L1,25.558,0.141,,0.016,,12.88,,
,19-Jan-26,10:38:00 AM, 108.0 , 439.0 , 35.5 , 331.0 ,9693,C2CP - Cobre - 05 Cola Scavenger L2,24.366,0.169,,0.017,,10.73,,
,19-Jan-26,10:50:00 AM, 109.0 , 496.5 , 82.2 , 387.5 ,9694,C2CP - Cobre - 08 Concentrado 1ra Limpieza L1,29.855,22.035,0.101,0.660,9.740,21.21,,
,19-Jan-26,10:46:00 AM, 115.5 , 528.0 , 128.0 , 412.5 ,9695,C2CP - Cobre - 09 Concentrado 1ra Limpieza L2,30.191,20.854,0.097,0.658,10.940,31.03,,
,19-Jan-26,11:03:00 AM, 110.0 , 578.5 , 70.5 , 468.5 ,9696,C2CP - Cobre - 15 Concentrado Primario L1,20.153,13.673,0.076,0.537,18.460,15.05,,
,21-Jan-26,11:19:00 AM, 108.0 , 514.0 , 136.0 , 406.0 ,9700,C2CP - Cobre - 02 Rebose Hidrociclones L2,3.768,0.427,0.012,0.021,,33.50,,
,21-Jan-26,11:10:00 AM, 110.0 , 561.0 , 94.0 , 451.0 ,9701,C2CP - Cobre - 03 Relave Final,3.107,0.060,,0.003,,20.84,,
,21-Jan-26,11:13:00 AM, 110.5 , 488.0 , 45.0 , 377.5 ,9702,C2CP - Cobre - 04 Cola Scavenger L1,26.061,0.274,,0.008,,11.92,,
,21-Jan-26,11:17:00 AM, 110.0 , 485.0 , 37.5 , 375.0 ,9703,C2CP - Cobre - 05 Cola Scavenger L2,24.579,0.088,,0.006,,10.00,,
,21-Jan-26,11:25:00 AM, 110.0 , 578.0 , 78.5 , 468.0 ,9704,C2CP - Cobre - 08 Concentrado 1ra Limpieza L1,28.890,17.510,0.211,0.892,16.460,16.77,,
,21-Jan-26,11:28:00 AM, 110.5 , 616.0 , 147.5 , 505.5 ,9705,C2CP - Cobre - 09 Concentrado 1ra Limpieza L2,30.580,10.722,0.148,0.507,19.120,29.18,,
,21-Jan-26,11:21:00 AM, 110.0 , 600.0 , 114.0 , 490.0 ,9706,C2CP - Cobre - 10 Concentrado Colectivo,29.156,23.806,0.252,0.920,10.380,23.27,,
,21-Jan-26,11:30:00 AM, 108.0 , 759.0 , 224.0 , 651.0 ,9707,C2CP - Cobre - 15 Concentrado Primario L1,28.314,18.297,0.218,0.854,15.980,34.41,,
,23-Jan-26,10:40:00 AM, 108.0 , 660.5 , 229.0 , 552.5 ,9708,C2CP - Cobre - 02 Rebose Hidrociclones L2,3.000,0.330,0.011,0.019,,41.45,,
,23-Jan-26,11:40:00 AM, 110.0 , 561.0 , 92.5 , 451.0 ,9709,C2CP - Cobre - 03 Relave Final,2.522,0.067,,0.005,,20.51,,
,23-Jan-26,10:33:00 AM, 110.5 , 503.0 , 52.5 , 392.5 ,9710,C2CP - Cobre - 04 Cola Scavenger L1,27.879,0.115,,0.008,,13.38,,
,23-Jan-26,10:37:00 AM, 110.0 , 491.5 , 43.5 , 381.5 ,9711,C2CP - Cobre - 05 Cola Scavenger L2,26.023,0.101,,0.007,,11.40,,
,23-Jan-26,10:41:00 AM, 110.0 , 590.0 , 89.5 , 480.0 ,9712,C2CP - Cobre - 10 Concentrado Colectivo,29.284,22.070,0.296,0.920,12.080,18.65,,
,23-Jan-26,10:43:00 AM, 108.0 , 737.0 , 213.0 , 629.0 ,9713,C2CP - Cobre - 15 Concentrado Primario L1,26.016,15.808,0.209,0.730,25.340,33.86,,
,26-Jan-26,11:15:00 AM, 110.0 , 562.5 , 114.0 , 452.5 ,9715,C2CP - Cobre - 02 Rebose Hidrociclones L2,1.895,0.393,0.005,0.022,,25.19,,
,26-Jan-26,11:18:00 AM, 114.5 , 589.5 , 114.0 , 475.0 ,9716,C2CP - Cobre - 03 Relave Final,1.402,0.043,,0.004,,24.00,,
,26-Jan-26,11:07:00 AM, 108.5 , 525.5 , 30.0 , 417.0 ,9717,C2CP - Cobre - 04 Cola Scavenger L1,17.414,0.222,,0.014,,7.19,,
,26-Jan-26,11:10:00 AM, 108.0 , 544.5 , 33.5 , 436.5 ,9718,C2CP - Cobre - 05 Cola Scavenger L2,14.646,0.161,,0.006,,7.67,,
,26-Jan-26,11:12:00 AM, 110.5 , 552.0 , 67.0 , 441.5 ,9719,C2CP - Cobre - 10 Concentrado Colectivo,26.888,23.199,0.119,1.195,14.840,15.18,,
,26-Jan-26,11:13:00 AM, 110.0 , 670.0 , 207.5 , 560.0 ,9720,C2CP - Cobre - 15 Concentrado Primario L1,23.124,15.398,0.071,0.639,31.460,37.05,,
,28-Jan-26,11:20:00 AM, 110.0 , 600.0 , 176.5 , 490.0 ,9721,C2CP - Cobre - 02 Rebose Hidrociclones L2,1.703,0.581,0.006,0.027,,36.02,,
,28-Jan-26,11:11:00 AM, 114.5 , 555.0 , 89.5 , 440.5 ,9722,C2CP - Cobre - 03 Relave Final,1.616,0.068,,0.005,,20.32,,
,28-Jan-26,11:18:00 AM, 108.5 , 476.5 , 49.5 , 368.0 ,9723,C2CP - Cobre - 04 Cola Scavenger L1,15.259,0.125,,0.005,,13.45,,
,28-Jan-26,11:14:00 AM, 108.0 , 471.5 , 37.0 , 363.5 ,9724,C2CP - Cobre - 05 Cola Scavenger L2,15.423,0.158,,0.004,,10.18,,
,28-Jan-26,11:28:00 AM, 109.0 , 532.5 , 54.5 , 423.5 ,9725,C2CP - Cobre - 08 Concentrado 1ra Limpieza L1,25.940,23.250,0.124,0.938,15.800,12.87,,
,28-Jan-26,11:24:00 AM, 115.5 , 676.0 , 107.5 , 560.5 ,9726,C2CP - Cobre - 09 Concentrado 1ra Limpieza L2,23.899,18.990,0.107,1.110,24.720,19.18,,
,28-Jan-26,11:31:00 AM, 110.0 , 551.0 , 98.5 , 441.0 ,9727,C2CP - Cobre - 10 Concentrado Colectivo,26.577,24.790,0.122,1.027,14.020,22.34,,
,28-Jan-26,11:22:00 AM, 110.0 , 677.5 , 201.5 , 567.5 ,9728,C2CP - Cobre - 15 Concentrado Primario L1,20.622,15.295,0.070,0.733,36.580,35.51,,
,30-Jan-26,5:53:00 PM, 110.0 , 485.0 , 138.0 , 375.0 ,9732,C2CP - Cobre - 02 Rebose Hidrociclones L2,1.498,0.701,0.005,0.040,,36.80,,
,30-Jan-26,5:43:00 PM, 114.5 , 419.5 , 43.0 , 305.0 ,9733,C2CP - Cobre - 03 Relave Final,0.967,0.097,,0.006,,14.10,,
,30-Jan-26,5:47:00 PM, 108.5 , 490.0 , 40.5 , 381.5 ,9734,C2CP - Cobre - 04 Cola Scavenger L1,8.414,0.158,,0.012,,10.62,,
,30-Jan-26,5:50:00 PM, 108.0 , 477.5 , 36.5 , 369.5 ,9735,C2CP - Cobre - 05 Cola Scavenger L2,7.705,0.121,,0.011,,9.88,,
,30-Jan-26,5:55:00 PM, 109.0 , 555.5 , 67.5 , 446.5 ,9736,C2CP - Cobre - 08 Concentrado 1ra Limpieza L1,27.477,23.610,0.117,1.452,17.380,15.12,,
,30-Jan-26,5:59:00 PM, 110.5 , 591.5 , 136.5 , 481.0 ,9737,C2CP - Cobre - 09 Concentrado 1ra Limpieza L2,27.595,21.095,0.106,1.513,18.720,28.38,,
,30-Jan-26,6:08:00 PM, 110.5 , 929.5 , 179.0 , 819.0 ,9738,C2CP - Cobre - 10 Concentrado Colectivo,26.786,24.431,0.114,1.520,16.640,21.86,,
,30-Jan-26,6:09:00 PM, 110.0 , 752.5 , 230.5 , 642.5 ,9739,C2CP - Cobre - 14 Concentrado Primario L2,24.583,13.242,0.066,0.938,28.920,35.88,,
,30-Jan-26,6:06:00 PM, 110.0 , 676.0 , 152.0 , 566.0 ,9740,C2CP - Cobre - 15 Concentrado Primario L1,17.132,14.884,0.075,1.118,43.600,26.86,,
,02-Feb-26,9:55:00 AM, 115.0 , 633.0 , 223.5 , 518.0 ,9745,C2CP - Cobre - 02 Rebose Hidrociclones L2,2.150,0.483,0.009,0.024,,43.15,,
,02-Feb-26,9:45:00 AM, 110.0 , 511.0 , 47.5 , 401.0 ,9746,C2CP - Cobre - 03 Relave Final,1.447,0.092,,0.008,,11.85,,
,02-Feb-26,9:48:00 AM, 107.0 , 505.0 , 59.5 , 398.0 ,9747,C2CP - Cobre - 04 Cola Scavenger L1,13.701,0.153,,0.016,,14.95,,
,02-Feb-26,9:52:00 AM, 108.5 , 495.5 , 53.0 , 387.0 ,9748,C2CP - Cobre - 05 Cola Scavenger L2,12.755,0.156,,0.015,,13.70,,
,02-Feb-26,9:57:00 AM, 110.0 , 601.5 , 81.5 , 491.5 ,9749,C2CP - Cobre - 08 Concentrado 1ra Limpieza L1,29.154,27.305,0.284,1.252,8.600,16.58,,
,02-Feb-26,10:01:00 AM, 109.0 , 630.0 , 126.0 , 521.0 ,9750,C2CP - Cobre - 09 Concentrado 1ra Limpieza L2,28.262,25.663,0.282,1.516,11.000,24.18,,
,02-Feb-26,10:07:00 AM, 114.5 ," 1,022.0 ", 255.5 , 907.5 ,9751,C2CP - Cobre - 10 Concentrado Colectivo,27.904,27.613,0.281,1.299,9.360,28.15,,
,02-Feb-26,10:02:00 AM, 110.0 , 755.5 , 221.5 , 645.5 ,9752,C2CP - Cobre - 14 Concentrado Primario L2,22.824,18.580,0.193,0.803,28.600,34.31,,
,02-Feb-26,10:05:00 AM, 110.0 , 763.5 , 213.0 , 653.5 ,9753,C2CP - Cobre - 15 Concentrado Primario L1,27.598,12.831,0.161,0.719,25.140,32.59,,
,04-Feb-26,10:12:00 AM, 115.0 , 644.5 , 224.5 , 529.5 ,9754,C2CP - Cobre - 02 Rebose Hidrociclones L2,2.499,0.460,0.008,0.024,,42.40,,
,04-Feb-26,9:50:00 AM, 110.0 , 544.5 , 46.5 , 434.5 ,9755,C2CP - Cobre - 03 Relave Final,2.050,0.060,,0.006,,10.70,,
,04-Feb-26,9:54:00 AM, 107.0 , 499.0 , 38.5 , 392.0 ,9756,C2CP - Cobre - 04 Cola Scavenger L1,6.408,0.099,,0.007,,9.82,,
,04-Feb-26,9:57:00 AM, 108.5 , 502.5 , 37.0 , 394.0 ,9757,C2CP - Cobre - 05 Cola Scavenger L2,6.179,0.101,,0.007,,9.39,,
,04-Feb-26,9:59:00 AM, 110.0 , 592.5 , 77.0 , 482.5 ,9758,C2CP - Cobre - 08 Concentrado 1ra Limpieza L1,26.889,25.765,0.222,1.052,12.640,15.96,,
,04-Feb-26,10:03:00 AM, 109.0 , 620.0 , 220.5 , 511.0 ,9759,C2CP - Cobre - 09 Concentrado 1ra Limpieza L2,25.391,20.838,0.199,1.498,20.560,43.15,,
,04-Feb-26,10:06:00 AM, 114.5 , 592.0 , 86.0 , 477.5 ,9760,C2CP - Cobre - 10 Concentrado Colectivo,27.578,23.610,0.232,1.302,13.080,18.01,,
,04-Feb-26,10:08:00 AM, 110.0 , 750.5 , 117.5 , 640.5 ,9761,C2CP - Cobre - 14 Concentrado Primario L2,22.387,16.835,0.154,0.864,32.600,18.35,,
,04-Feb-26,10:10:00 AM, 109.0 , 731.0 , 215.5 , 622.0 ,9762,C2CP - Cobre - 15 Concentrado Primario L1,21.962,17.245,0.160,0.904,31.620,34.65,,
,06-Feb-26,10:11:00 AM, 110.0 , 471.5 , 44.0 , 361.5 ,9763,C2CP - Cobre - 03 Relave Final,2.459,0.065,,0.004,,12.17,,
,06-Feb-26,10:15:00 AM, 107.0 , 488.5 , 21.0 , 381.5 ,9764,C2CP - Cobre - 04 Cola Scavenger L1,9.909,0.369,,0.015,,5.50,,
,06-Feb-26,10:21:00 AM, 110.0 , 589.0 , 67.0 , 479.0 ,9766,C2CP - Cobre - 08 Concentrado 1ra Limpieza L1,21.590,16.629,0.066,1.062,31.120,13.99,,
,06-Feb-26,10:25:00 AM, 114.5 , 769.5 , 102.5 , 655.0 ,9767,C2CP - Cobre - 10 Concentrado Colectivo,27.452,26.484,0.101,1.434,10.160,15.65,,
,06-Feb-26,10:23:00 AM, 110.0 , 765.5 , 231.5 , 655.5 ,9768,C2CP - Cobre - 14 Concentrado Primario L2,26.228,23.404,0.099,1.503,15.400,35.32,,
,09-Feb-26,11:35:00 AM, 115.0 , 585.0 , 205.0 , 470.0 ,9769,C2CP - Cobre - 02 Rebose Hidrociclones L2,1.968,0.413,0.006,0.023,,43.62,,
,09-Feb-26,11:25:00 AM, 110.0 , 493.0 , 26.0 , 383.0 ,9770,C2CP - Cobre - 03 Relave Final,1.614,0.180,,0.012,,6.79,,
,09-Feb-26,11:28:00 AM, 107.0 , 584.0 , 39.0 , 477.0 ,9771,C2CP - Cobre - 04 Cola Scavenger L1,13.690,0.112,,0.007,,8.18,,
,09-Feb-26,11:32:00 AM, 108.5 , 547.0 , 37.5 , 438.5 ,9772,C2CP - Cobre - 05 Cola Scavenger L2,13.822,0.105,,0.008,,8.55,,
,09-Feb-26,11:37:00 AM, 110.0 , 672.0 , 82.0 , 562.0 ,9773,C2CP - Cobre - 08 Concentrado 1ra Limpieza L1,26.639,20.975,0.130,1.293,18.360,14.59,,
,09-Feb-26,11:41:00 AM, 109.0 , 711.0 , 136.5 , 602.0 ,9774,C2CP - Cobre - 09 Concentrado 1ra Limpieza L2,21.874,15.082,0.089,0.885,36.520,22.67,,
,09-Feb-26,11:44:00 AM, 114.5 , 682.5 , 120.0 , 568.0 ,9775,C2CP - Cobre - 10 Concentrado Colectivo,26.878,21.924,0.130,1.285,18.520,21.13,,
,09-Feb-26,11:45:00 AM, 110.0 , 619.5 , 179.0 , 509.5 ,9776,C2CP - Cobre - 14 Concentrado Primario L2,25.848,19.327,0.121,1.317,23.100,35.13,,
,09-Feb-26,11:48:00 AM, 109.0 , 772.0 , 233.5 , 663.0 ,9777,C2CP - Cobre - 15 Concentrado Primario L1,21.788,16.081,0.094,0.853,34.120,35.22,,
,11-Feb-26,10:49:00 AM, 115.0 , 896.5 , 345.0 , 781.5 ,9778,C2CP - Cobre - 02 Rebose Hidrociclones L2,1.421,0.424,0.005,0.038,,44.15,,
,11-Feb-26,10:43:00 AM, 107.0 , 481.5 , 36.5 , 374.5 ,9779,C2CP - Cobre - 04 Cola Scavenger L1,11.301,0.201,,0.017,,9.75,,
,11-Feb-26,10:46:00 AM, 108.5 , 468.5 , 29.5 , 360.0 ,9780,C2CP - Cobre - 05 Cola Scavenger L2,10.990,0.135,,0.009,,8.19,,
,11-Feb-26,10:52:00 AM, 110.0 ," 1,230.5 ", 204.0 ," 1,120.5 ",9781,C2CP - Cobre - 08 Concentrado 1ra Limpieza L1,25.333,20.656,0.114,1.733,19.140,18.21,,
,11-Feb-26,10:55:00 AM, 109.0 ," 1,074.0 ", 268.5 , 965.0 ,9782,C2CP - Cobre - 09 Concentrado 1ra Limpieza L2,24.855,18.550,0.102,1.753,22.680,27.82,,
,11-Feb-26,10:58:00 AM, 114.5 ," 1,052.5 ", 225.0 , 938.0 ,9783,C2CP - Cobre - 10 Concentrado Colectivo,25.866,23.363,0.127,1.913,15.360,23.99,,
,16-Feb-26,10:04:00 AM, 110.0 , 611.5 , 104.5 , 501.5 ,9784,C2CP - Cobre - 03 Relave Final,1.691,0.086,,0.014,,20.84,,
,16-Feb-26,10:08:00 AM, 107.0 , 598.0 , 38.5 , 491.0 ,9785,C2CP - Cobre - 04 Cola Scavenger L1,12.571,0.146,,0.019,,7.84,,
,16-Feb-26,10:11:00 AM, 108.5 , 592.0 , 37.0 , 483.5 ,9786,C2CP - Cobre - 05 Cola Scavenger L2,12.342,0.187,,0.021,,7.65,,
,16-Feb-26,10:16:00 AM, 110.0 , 705.0 , 55.5 , 595.0 ,9787,C2CP - Cobre - 08 Concentrado 1ra Limpieza L1,28.525,25.469,0.188,2.480,9.300,9.33,,
,16-Feb-26,10:20:00 AM, 117.0 , 774.5 , 167.5 , 657.5 ,9788,C2CP - Cobre - 09 Concentrado 1ra Limpieza L2,27.191,20.605,0.169,3.048,15.340,25.48,,
,16-Feb-26,10:26:00 AM, 114.5 , 174.5 , 177.0 , 60.0 ,9789,C2CP - Cobre - 10 Concentrado Colectivo,27.426,15.943,0.184,2.794,11.280,295.00,,
,16-Feb-26,10:22:00 AM, 110.0 , 833.0 , 255.0 , 723.0 ,9790,C2CP - Cobre - 14 Concentrado Primario L2,23.952,24.466,0.121,2.057,25.560,35.27,,
,16-Feb-26,10:24:00 AM, 110.0 , 832.0 , 252.0 , 722.0 ,9791,C2CP - Cobre - 15 Concentrado Primario L1,23.679,17.547,0.101,1.886,27.980,34.90,,
,18-Feb-26,10:44:00 AM, 115.0 , 634.0 , 240.0 , 519.0 ,9792,C2CP - Cobre - 02 Rebose Hidrociclones L2,1.709,0.464,0.007,0.045,,46.24,,
,18-Feb-26,10:25:00 AM, 110.0 , 554.0 , 92.0 , 444.0 ,9793,C2CP - Cobre - 03 Relave Final,1.421,0.067,,0.010,,20.72,,
,18-Feb-26,10:29:00 AM, 107.0 , 600.5 , 45.5 , 493.5 ,9794,C2CP - Cobre - 04 Cola Scavenger L1,9.742,0.107,,0.011,,9.22,,
,18-Feb-26,10:32:00 AM, 108.5 , 599.5 , 45.0 , 491.0 ,9795,C2CP - Cobre - 05 Cola Scavenger L2,9.087,0.105,,0.010,,9.16,,
,18-Feb-26,10:37:00 AM, 110.0 , 712.5 , 128.0 , 602.5 ,9796,C2CP - Cobre - 08 Concentrado 1ra Limpieza L1,27.032,23.563,0.166,2.172,13.820,21.24,,
,18-Feb-26,10:40:00 AM, 114.5 ," 1,266.5 ", 277.5 ," 1,152.0 ",9797,C2CP - Cobre - 10 Concentrado Colectivo,26.741,24.867,0.163,2.128,15.100,24.09,,
,18-Feb-26,10:39:00 AM, 110.0 , 832.0 , 194.5 , 722.0 ,9798,C2CP - Cobre - 14 Concentrado Primario L2,16.475,10.528,0.068,1.020,52.860,26.94,,
,18-Feb-26,10:42:00 AM, 109.0 , 826.0 , 207.0 , 717.0 ,9799,C2CP - Cobre - 15 Concentrado Primario L1,16.509,9.225,0.056,0.925,48.000,28.87,,
,20-Feb-26,10:24:00 AM, 115.0 , 644.5 , 231.5 , 529.5 ,9800,C2CP - Cobre - 02 Rebose Hidrociclones L2,1.688,0.632,0.008,0.076,,43.72,,
,20-Feb-26,10:29:00 AM, 110.0 , 581.0 , 123.5 , 471.0 ,9801,C2CP - Cobre - 03 Relave Final,1.294,0.136,,0.019,,26.22,,
,20-Feb-26,10:40:00 AM, 107.0 , 586.0 , 37.5 , 479.0 ,9802,C2CP - Cobre - 04 Cola Scavenger L1,6.663,0.219,,0.023,,7.83,,
,20-Feb-26,10:36:00 AM, 108.5 , 588.5 , 36.0 , 480.0 ,9803,C2CP - Cobre - 05 Cola Scavenger L2,6.439,0.807,,0.038,,7.50,,
,20-Feb-26,10:31:00 AM, 110.0 , 733.0 , 107.0 , 623.0 ,9804,C2CP - Cobre - 08 Concentrado 1ra Limpieza L1,26.993,25.569,0.196,2.843,11.000,17.17,,
,20-Feb-26,10:26:00 AM, 114.5 , 758.5 , 148.5 , 644.0 ,9805,C2CP - Cobre - 10 Concentrado Colectivo,27.961,26.070,0.192,2.802,9.600,23.06,,
,20-Feb-26,10:27:00 AM, 110.0 , 854.0 , 254.0 , 744.0 ,9806,C2CP - Cobre - 14 Concentrado Primario L2,20.481,18.249,0.142,1.986,29.980,34.14,,
,20-Feb-26,10:41:00 AM, 110.0 , 799.5 , 239.0 , 689.5 ,9807,C2CP - Cobre - 15 Concentrado Primario L1,22.069,20.555,0.152,2.393,25.160,34.66,,
,23-Feb-26,11:05:00 AM, 115.0 , 634.0 , 215.0 , 519.0 ,9808,C2CP - Cobre - 02 Rebose Hidrociclones L2,1.951,0.576,0.006,0.077,,41.43,,
,23-Feb-26,9:48:00 AM, 110.0 , 559.0 , 90.0 , 449.0 ,9809,C2CP - Cobre - 03 Relave Final,1.324,0.059,,0.014,,20.04,,
,23-Feb-26,9:40:00 AM, 107.0 , 584.0 , 35.0 , 477.0 ,9810,C2CP - Cobre - 04 Cola Scavenger L1,6.929,0.219,,0.036,,7.34,,
,23-Feb-26,9:43:00 AM, 108.5 , 580.0 , 34.5 , 471.5 ,9811,C2CP - Cobre - 05 Cola Scavenger L2,6.718,0.229,,0.032,,7.32,,
,23-Feb-26,9:51:00 AM, 110.0 , 680.5 , 15.0 , 570.5 ,9812,C2CP - Cobre - 08 Concentrado 1ra Limpieza L1,22.467,19.427,0.160,3.211,23.620,2.63,,
,23-Feb-26,9:54:00 AM, 114.5 , 751.0 , 120.0 , 636.5 ,9813,C2CP - Cobre - 10 Concentrado Colectivo,26.303,23.771,0.189,3.304,12.080,18.85,,
,23-Feb-26,9:55:00 AM, 110.0 , 872.5 , 261.0 , 762.5 ,9814,C2CP - Cobre - 14 Concentrado Primario L2,20.328,16.680,0.121,2.251,31.700,34.23,,
,23-Feb-26,9:58:00 AM, 109.5 , 862.5 , 254.0 , 753.0 ,9815,C2CP - Cobre - 15 Concentrado Primario L1,20.453,17.379,0.131,2.247,30.740,33.73,,
,25-Feb-26,11:33:00 AM, 115.0 , 607.5 , 202.0 , 492.5 ,9816,C2CP - Cobre - 02 Rebose Hidrociclones L2,1.565,0.428,0.005,0.041,,41.02,,
,25-Feb-26,11:23:00 AM, 110.0 , 529.0 , 80.5 , 419.0 ,9817,C2CP - Cobre - 03 Relave Final,1.718,0.081,,0.010,,19.21,,
,25-Feb-26,11:27:00 AM, 107.0 , 574.5 , 39.5 , 467.5 ,9818,C2CP - Cobre - 04 Cola Scavenger L1,9.002,0.100,,0.011,,8.45,,
,25-Feb-26,11:30:00 AM, 108.5 , 571.0 , 40.0 , 462.5 ,9819,C2CP - Cobre - 05 Cola Scavenger L2,8.729,0.101,,0.009,,8.65,,
,25-Feb-26,11:39:00 AM, 110.0 , 643.5 , 13.0 , 533.5 ,9820,C2CP - Cobre - 08 Concentrado 1ra Limpieza L1,25.263,20.555,0.110,1.996,18.180,2.44,,
,25-Feb-26,11:22:00 AM, 117.0 , 668.0 , 116.0 , 551.0 ,9821,C2CP - Cobre - 09 Concentrado 1ra Limpieza L2,25.335,21.358,0.117,2.205,18.020,21.05,,
,25-Feb-26,11:42:00 AM, 117.5 , 692.0 , 121.5 , 574.5 ,9822,C2CP - Cobre - 10 Concentrado Colectivo,25.824,23.563,0.118,2.004,15.100,21.15,,
,25-Feb-26,11:36:00 AM, 110.0 , 786.0 , 205.5 , 676.0 ,9823,C2CP - Cobre - 14 Concentrado Primario L2,15.319,14.940,0.110,1.456,37.560,30.40,,
,27-Feb-26,11:47:00 AM, 108.0 , 605.0 , 218.0 , 497.0 ,9824,C2CP - Cobre - 02 Rebose Hidrociclones L2,2.576,0.395,0.005,0.027,,43.86,,
,27-Feb-26,11:33:00 AM, 114.5 , 526.6 , 84.5 , 412.1 ,9825,C2CP - Cobre - 03 Relave Final,2.263,0.532,,0.037,,20.50,,
,27-Feb-26,11:37:00 AM, 110.5 , 571.5 , 35.5 , 461.0 ,9826,C2CP - Cobre - 04 Cola Scavenger L1,10.088,0.154,,0.013,,7.70,,
,27-Feb-26,11:40:00 AM, 110.0 , 560.0 , 28.0 , 450.0 ,9827,C2CP - Cobre - 05 Cola Scavenger L2,9.769,0.140,,0.011,,6.22,,
,27-Feb-26,11:32:00 AM, 110.5 , 653.0 , 14.5 , 542.5 ,9828,C2CP - Cobre - 08 Concentrado 1ra Limpieza L1,26.414,20.856,0.135,1.594,17.460,2.67,,
,27-Feb-26,11:46:00 AM, 110.5 , 710.5 , 119.5 , 600.0 ,9829,C2CP - Cobre - 09 Concentrado 1ra Limpieza L2,26.069,20.756,0.140,1.790,16.900,19.92,,
,27-Feb-26,11:53:00 AM, 110.0 ," 1,022.5 ", 169.5 , 912.5 ,9830,C2CP - Cobre - 10 Concentrado Colectivo,26.891,25.569,0.153,1.609,11.340,18.58,,
,27-Feb-26,11:49:00 AM, 113.5 , 826.0 , 235.0 , 712.5 ,9831,C2CP - Cobre - 14 Concentrado Primario L2,21.810,15.742,0.105,1.287,31.220,32.98,,
,27-Feb-26,11:51:00 AM, 108.0 , 803.0 , 209.0 , 695.0 ,9832,C2CP - Cobre - 15 Concentrado Primario L1,21.010,15.442,0.102,1.224,33.000,30.07,,
,02-Mar-26,3:40:00 PM, 110.0 , 546.5 , 87.0 , 436.5 ,9833,C2CP - Cobre - 03 Relave Final,2.335,0.089,,0.010,,19.93,,
,02-Mar-26,3:51:00 PM, 107.0 , 573.0 , 20.0 , 466.0 ,9834,C2CP - Cobre - 04 Cola Scavenger L1,14.057,0.280,,0.010,,4.29,,
,02-Mar-26,3:46:00 AM, 108.5 , 569.0 , 17.0 , 460.5 ,9835,C2CP - Cobre - 05 Cola Scavenger L2,12.669,0.580,,0.023,,3.69,,
,02-Mar-26,3:39:00 AM, 110.0 , 679.0 , 15.0 , 569.0 ,9836,C2CP - Cobre - 08 Concentrado 1ra Limpieza L1,26.187,20.255,0.128,2.105,17.100,2.64,,
,02-Mar-26,3:49:00 AM, 117.0 , 735.5 , 108.5 , 618.5 ,9837,C2CP - Cobre - 09 Concentrado 1ra Limpieza L2,25.924,21.157,0.134,2.027,17.320,17.54,,
,02-Mar-26,3:44:00 AM, 114.5 ," 1,204.0 ", 264.5 ," 1,089.5 ",9838,C2CP - Cobre - 10 Concentrado Colectivo,26.594,23.764,0.136,1.958,12.440,24.28,,
,02-Mar-26,3:42:00 AM, 114.0 , 836.0 , 233.0 , 722.0 ,9839,C2CP - Cobre - 15 Concentrado Primario L1,22.560,16.394,0.096,1.371,29.240,32.27,,
,06-Mar-26,10:13:00 AM, 108.0 , 992.5 , 368.5 , 884.5 ,9840,C2CP - Cobre - 02 Rebose Hidrociclones L2,2.109,0.413,0.004,0.050,,41.66,,
,06-Mar-26,10:04:00 AM, 110.0 , 882.5 , 138.5 , 772.5 ,9841,C2CP - Cobre - 03 Relave Final,1.735,0.062,,0.010,,17.93,,
,06-Mar-26,10:07:00 AM, 110.5 ," 1,121.0 ", 92.5 ," 1,010.5 ",9842,C2CP - Cobre - 04 Cola Scavenger L1,8.992,0.157,,0.019,,9.15,,
,06-Mar-26,10:11:00 AM, 110.0 ," 1,115.0 ", 96.0 ," 1,005.0 ",9843,C2CP - Cobre - 05 Cola Scavenger L2,8.058,0.143,,0.016,,9.55,,
,06-Mar-26,10:16:00 AM, 110.0 , 729.5 , 36.5 , 619.5 ,9844,C2CP - Cobre - 08 Concentrado 1ra Limpieza L1,23.979,20.675,0.098,2.894,15.140,5.89,,
,06-Mar-26,10:20:00 AM, 110.5 , 764.0 , 82.5 , 653.5 ,9845,C2CP - Cobre - 09 Concentrado 1ra Limpieza L2,21.720,16.680,0.087,2.623,24.080,12.62,,
,06-Mar-26,10:23:00 AM, 109.0 ," 1,198.0 ", 215.0 ," 1,089.0 ",9846,C2CP - Cobre - 10 Concentrado Colectivo,24.760,24.570,0.107,2.719,11.520,19.74,,
,06-Mar-26,10:49:00 AM, 113.5 , 862.0 , 217.5 , 748.5 ,9847,C2CP - Cobre - 14 Concentrado Primario L2,19.008,16.780,0.085,1.950,29.520,29.06,,
,06-Mar-26,10:21:00 AM, 108.0 , 848.0 , 210.5 , 740.0 ,9848,C2CP - Cobre - 15 Concentrado Primario L1,18.588,16.280,0.076,1.839,29.920,28.45,,
,09-Mar-26,3:30:00 PM, 108.0 , 969.0 , 375.0 , 861.0 ,9855,C2CP - Cobre - 02 Rebose Hidrociclones L2,2.230,0.637,0.005,0.042,,43.55,,
,09-Mar-26,2:48:00 AM, 110.0 , 770.0 , 115.5 , 660.0 ,9856,C2CP - Cobre - 03 Relave Final,1.503,0.064,,0.006,,17.50,,
,09-Mar-26,2:51:00 PM, 110.5 ," 1,111.0 ", 90.0 ," 1,000.5 ",9857,C2CP - Cobre - 04 Cola Scavenger L1,9.263,0.150,,0.007,,9.00,,
,09-Mar-26,2:55:00 PM, 110.0 ," 1,092.0 ", 74.0 , 982.0 ,9858,C2CP - Cobre - 05 Cola Scavenger L2,9.160,0.157,,0.008,,7.54,,
,09-Mar-26,2:57:00 PM, 110.0 , 745.5 , 76.5 , 635.5 ,9859,C2CP - Cobre - 08 Concentrado 1ra Limpieza L1,27.171,23.383,0.130,1.345,14.460,12.04,,
,09-Mar-26,3:01:00 PM, 110.5 , 790.0 , 154.5 , 679.5 ,9860,C2CP - Cobre - 09 Concentrado 1ra Limpieza L2,26.804,20.597,0.122,1.494,18.300,22.74,,
,09-Mar-26,3:04:00 PM, 109.0 , 588.5 , 62.0 , 479.5 ,9861,C2CP - Cobre - 10 Concentrado Colectivo,28.417,26.368,0.148,1.357,9.980,12.93,,
,09-Mar-26,3:08:00 PM, 113.0 , 893.5 , 262.0 , 780.5 ,9862,C2CP - Cobre - 14 Concentrado Primario L2,21.848,12.935,0.079,0.956,35.520,33.57,,
,09-Mar-26,3:06:00 PM, 108.0 , 878.0 , 263.0 , 770.0 ,9863,C2CP - Cobre - 15 Concentrado Primario L1,19.925,13.134,0.083,0.896,37.120,34.16,,
,11-Mar-26,12:09:00 PM, 110.0 , 820.5 , 133.5 , 710.5 ,9849,C2CP - Cobre - 03 Relave Final,3.004,0.076,,0.004,,18.79,,
,11-Mar-26,12:03:00 PM, 107.0 ," 1,142.0 ", 82.5 ," 1,035.0 ",9850,C2CP - Cobre - 04 Cola Scavenger L1,10.846,0.243,,0.012,,7.97,,
,11-Mar-26,12:06:00 PM, 108.5 ," 1,098.0 ", 78.5 , 989.5 ,9851,C2CP - Cobre - 05 Cola Scavenger L2,10.424,0.203,,0.009,,7.93,,
,11-Mar-26,11:55:00 AM, 110.0 , 738.0 , 66.5 , 628.0 ,9852,C2CP - Cobre - 08 Concentrado 1ra Limpieza L1,26.875,24.477,0.377,1.086,11.740,10.59,,
,11-Mar-26,11:59:00 AM, 114.5 , 821.0 , 136.0 , 706.5 ,9853,C2CP - Cobre - 10 Concentrado Colectivo,27.427,24.676,0.382,1.186,11.000,19.25,,
,11-Mar-26,12:00:00 PM, 110.0 , 846.0 , 218.0 , 736.0 ,9854,C2CP - Cobre - 15 Concentrado Primario L1,18.073,13.532,0.190,0.746,40.760,29.62,,
,13-Mar-26,11:28:00 AM, 108.0 , 906.0 , 329.0 , 798.0 ,9864,C2CP - Cobre - 02 Rebose Hidrociclones L2,2.955,0.509,0.008,0.004,,41.23,,
,13-Mar-26,11:19:00 AM, 110.0 , 786.5 , 113.5 , 676.5 ,9865,C2CP - Cobre - 03 Relave Final,2.552,0.063,,0.001,,16.78,,
,13-Mar-26,11:22:00 AM, 110.5 ," 1,117.0 ", 104.5 ," 1,006.5 ",9866,C2CP - Cobre - 04 Cola Scavenger L1,17.214,0.253,,0.008,,10.38,,
,13-Mar-26,11:26:00 AM, 110.0 ," 1,108.0 ", 108.0 , 998.0 ,9867,C2CP - Cobre - 05 Cola Scavenger L2,16.707,0.235,,0.008,,10.82,,
,13-Mar-26,11:31:00 AM, 110.0 , 684.5 , 72.5 , 574.5 ,9868,C2CP - Cobre - 08 Concentrado 1ra Limpieza L1,28.306,26.564,0.272,1.051,9.260,12.62,,
,13-Mar-26,11:35:00 AM, 109.0 , 830.5 , 119.0 , 721.5 ,9869,C2CP - Cobre - 10 Concentrado Colectivo,28.524,26.564,0.275,1.151,9.040,16.49,,
,13-Mar-26,11:32:00 AM, 113.5 , 868.0 , 236.0 , 754.5 ,9870,C2CP - Cobre - 14 Concentrado Primario L2,21.558,25.573,0.152,0.643,35.600,31.28,,
,16-Mar-26,10:30:00 AM, 115.0 ," 1,004.5 ", 354.0 , 889.5 ,9871,C2CP - Cobre - 02 Rebose Hidrociclones L2,2.720,0.492,0.011,0.026,,39.80,,
,16-Mar-26,10:20:00 AM, 110.0 , 879.5 , 184.0 , 769.5 ,9872,C2CP - Cobre - 03 Relave Final,2.776,0.076,,0.006,,23.91,,
,16-Mar-26,10:24:00 AM, 107.0 ," 1,092.0 ", 50.0 , 985.0 ,9873,C2CP - Cobre - 04 Cola Scavenger L1,7.870,0.238,,0.015,,5.08,,
,16-Mar-26,10:28:00 AM, 108.5 ," 1,097.5 ", 51.5 , 989.0 ,9874,C2CP - Cobre - 05 Cola Scavenger L2,7.204,0.221,,0.014,,5.21,,
,16-Mar-26,10:33:00 AM, 110.0 , 753.0 , 84.0 , 643.0 ,9875,C2CP - Cobre - 08 Concentrado 1ra Limpieza L1,26.299,24.477,0.395,1.161,13.680,13.06,,
,16-Mar-26,10:37:00 AM, 117.0 , 783.5 , 134.0 , 666.5 ,9876,C2CP - Cobre - 09 Concentrado 1ra Limpieza L2,24.600,22.786,0.373,1.161,16.220,20.11,,
,16-Mar-26,10:41:00 AM, 114.5 , 923.0 , 175.5 , 808.5 ,9877,C2CP - Cobre - 10 Concentrado Colectivo,26.529,25.572,0.409,1.227,11.740,21.71,,
,16-Mar-26,10:38:00 AM, 110.0 , 874.5 , 234.5 , 764.5 ,9878,C2CP - Cobre - 14 Concentrado Primario L2,21.471,16.816,0.264,0.841,31.060,30.67,,
,25-Mar-26,11:06:00 AM, 115.0 ," 1,060.5 ", 401.5 , 945.5 ,9964,C2CP - Cobre - 02 Rebose Hidrociclones L2,2.502,0.514,0.006,0.040,0.000,42.46,,
,25-Mar-26,11:09:00 AM, 110.0 , 893.0 , 140.0 , 783.0 ,9965,C2CP - Cobre - 03 Relave Final,2.523,0.101,0.000,0.014,0.000,17.88,,
,25-Mar-26,11:16:00 AM, 107.0 ," 1,092.0 ", 72.5 , 985.0 ,9966,C2CP - Cobre - 04 Cola Scavenger L1,9.308,0.267,0.000,0.039,0.000,7.36,,
,25-Mar-26,11:12:00 AM, 108.5 ," 1,092.0 ", 60.0 , 983.5 ,9967,C2CP - Cobre - 05 Cola Scavenger L2,8.907,0.268,0.000,0.041,0.000,6.10,,
,25-Mar-26,11:18:00 AM, 110.0 , 724.5 , 42.5 , 614.5 ,9968,C2CP - Cobre - 07 Concentrado 1ra Limpieza L1,29.117,22.073,0.110,1.195,8.200,6.92,,
,25-Mar-26,11:22:00 AM, 117.0 , 835.0 , 218.0 , 718.0 ,9969,C2CP - Cobre - 08 Concentrado 1ra Limpieza L2,29.285,21.175,0.108,1.243,8.460,30.36,,
,25-Mar-26,11:25:00 AM, 114.5 , 633.5 , 118.5 , 519.0 ,9970,C2CP - Cobre - 09 Concentrado Colectivo,29.674,20.775,0.103,1.263,7.280,22.83,,
,25-Mar-26,11:28:00 AM, 110.0 , 855.5 , 195.5 , 745.5 ,9971,C2CP - Cobre - 11 Concentrado Primario L1,22.922,18.228,0.092,1.346,23.320,26.22,,
,27-Mar-26,10:26:00 AM, 110.0 ," 1,060.5 ", 397.4 , 950.5 ,9976,C2CP - Cobre - 02 Rebose Hidrociclones L2,2.810,0.540,0.006,0.043,0.000,41.81,,
,27-Mar-26,10:28:00 AM, 114.5 , 894.0 , 106.4 , 779.5 ,9977,C2CP - Cobre - 03 Relave Final,2.375,0.109,0.000,0.013,0.000,13.65,,
,27-Mar-26,10:32:00 AM, 108.5 ," 1,092.5 ", 76.0 , 984.0 ,9978,C2CP - Cobre - 04 Cola Scavenger L1,7.776,0.415,0.000,0.045,0.000,7.72,,
,27-Mar-26,10:36:00 AM, 108.0 ," 1,087.0 ", 68.4 , 979.0 ,9979,C2CP - Cobre - 05 Cola Scavenger L2,8.008,0.343,0.000,0.034,0.000,6.99,,
,27-Mar-26,10:38:00 AM, 109.0 , 710.0 , 28.8 , 601.0 ,9980,C2CP - Cobre - 07 Concentrado 1ra Limpieza L1,26.825,25.969,0.142,1.809,11.540,4.79,,
,27-Mar-26,10:45:00 AM, 110.5 , 600.0 , 98.6 , 489.5 ,9982,C2CP - Cobre - 09 Concentrado Colectivo,27.000,25.771,0.142,1.837,10.760,20.14,,
,27-Mar-26,10:46:00 AM, 110.0 , 832.0 , 214.8 , 722.0 ,9983,C2CP - Cobre - 11 Concentrado Primario L1,20.964,16.454,0.091,1.281,32.480,29.75,,
,01-Apr-26,12:09:00 PM, 108.0 ," 1,031.5 ", 381.0 , 923.5 ,9991,C2CP - Cobre - 02 Rebose Hidrociclones L2,2.665,0.386,0.015,0.015,0.000,41.26,,
,01-Apr-26,12:13:00 PM, 110.0 , 836.0 , 110.0 , 726.0 ,9992,C2CP - Cobre - 03 Relave Final,2.267,0.047,0.000,0.005,0.000,15.15,,
,01-Apr-26,12:04:00 PM, 110.5 ," 1,226.0 ", 113.0 ," 1,115.5 ",9993,C2CP - Cobre - 04 Cola Scavenger L1,9.455,0.145,0.000,0.017,0.000,10.13,,
,01-Apr-26,12:00:00 PM, 110.0 ," 1,121.0 ", 101.0 ," 1,011.0 ",9994,C2CP - Cobre - 05 Cola Scavenger L2,9.386,0.125,0.000,0.008,0.000,9.99,,
,01-Apr-26,11:57:00 AM, 110.5 , 721.5 , 30.0 , 611.0 ,9995,C2CP - Cobre - 08 Concentrado 1ra Limpieza L1,26.149,18.977,0.584,0.734,16.960,4.91,,
,01-Apr-26,12:08:00 PM, 110.5 , 778.5 , 119.5 , 668.0 ,9996,C2CP - Cobre - 09 Concentrado 1ra Limpieza L2,26.595,16.880,0.558,0.777,18.120,17.89,,
,01-Apr-26,12:11:00 PM, 110.5 , 590.5 , 82.0 , 480.0 ,9997,C2CP - Cobre - 10 Concentrado Colectivo,26.955,19.576,0.602,0.963,14.160,17.08,,
,01-Apr-26,12:01:00 PM, 113.5 , 848.5 , 178.5 , 735.0 ,9998,C2CP - Cobre - 14 Concentrado Primario L2,22.056,12.934,0.401,0.570,32.500,24.29,,
,01-Apr-26,11:55:00 AM, 108.0 , 823.5 , 125.5 , 715.5 ,9999,C2CP - Cobre - 15 Concentrado Primario L1,18.643,12.885,0.380,0.660,38.060,17.54,,
,03-Apr-26,4:46:00 PM, 110.0 , 828.5 , 112.5 , 718.5 ,10003,C2CP - Cobre - 03 Relave Final,2.429,0.070,0.000,0.004,0.000,15.66,,
,03-Apr-26,4:30:00 PM, 107.0 ," 1,134.5 ", 108.0 ," 1,027.5 ",10004,C2CP - Cobre - 04 Cola Scavenger L1,9.333,0.208,0.000,0.009,0.000,10.51,,
,03-Apr-26,4:35:00 PM, 108.5 ," 1,137.5 ", 103.5 ," 1,029.0 ",10005,C2CP - Cobre - 05 Cola Scavenger L2,8.733,0.182,0.000,0.009,0.000,10.06,,
,03-Apr-26,4:32:00 PM, 110.0 , 726.5 , 19.0 , 616.5 ,10006,C2CP - Cobre - 08 Concentrado 1ra Limpieza L1,28.140,24.179,0.279,0.979,0.000,3.08,,
,03-Apr-26,4:41:00 PM, 117.0 , 780.0 , 105.5 , 663.0 ,10007,C2CP - Cobre - 09 Concentrado 1ra Limpieza L2,21.946,13.930,0.191,0.885,32.640,15.91,,
,03-Apr-26,4:44:00 PM, 114.5 , 879.0 , 167.0 , 764.5 ,10008,C2CP - Cobre - 10 Concentrado Colectivo,27.533,23.333,0.272,1.089,14.520,21.84,,
,03-Apr-26,4:37:00 PM, 110.0 , 853.0 , 186.0 , 743.0 ,10009,C2CP - Cobre - 14 Concentrado Primario L2,21.383,13.731,0.172,0.675,34.280,25.03,,
,03-Apr-26,4:42:00 PM, 110.0 , 851.0 , 194.0 , 741.0 ,10010,C2CP - Cobre - 15 Concentrado Primario L1,16.635,10.547,0.137,0.556,46.380,26.18,,
,06-Apr-26,12:04:00 PM, 108.0 ," 1,073.0 ", 396.5 , 965.0 ,10011,C2CP - Cobre - 02 Rebose Hidrociclones L2,2.747,0.390,0.009,0.016,0.000,41.09,,
,06-Apr-26,11:51:00 AM, 110.0 , 877.5 , 74.0 , 767.5 ,10012,C2CP - Cobre - 03 Relave Final,3.563,0.061,0.000,0.004,0.000,9.64,,
,06-Apr-26,11:56:00 AM, 110.5 ," 1,135.0 ", 100.5 ," 1,024.5 ",10013,C2CP - Cobre - 04 Cola Scavenger L1,5.632,0.107,0.000,0.013,0.000,9.81,,
,06-Apr-26,12:01:00 PM, 110.0 ," 1,223.0 ", 102.5 ," 1,113.0 ",10014,C2CP - Cobre - 05 Cola Scavenger L2,5.579,0.117,0.000,0.007,0.000,9.21,,
,06-Apr-26,11:54:00 AM, 110.0 , 718.0 , 10.5 , 608.0 ,10015,C2CP - Cobre - 07 Concentrado 1ra Limpieza L1,26.783,23.681,0.213,0.834,15.420,1.73,,
,06-Apr-26,12:06:00 PM, 110.5 , 809.0 , 171.5 , 698.5 ,10016,C2CP - Cobre - 09 Concentrado 1ra Limpieza L2,26.995,22.985,0.221,1.097,16.040,24.55,,
,06-Apr-26,12:09:00 PM, 109.0 , 615.5 , 100.0 , 506.5 ,10017,C2CP - Cobre - 10 Concentrado Colectivo,26.534,21.890,0.215,1.023,18.480,19.74,,
,06-Apr-26,11:58:00 AM, 113.5 , 848.0 , 226.0 , 734.5 ,10018,C2CP - Cobre - 14 Concentrado Primario L2,21.265,17.064,0.160,0.647,33.000,30.77,,
,06-Apr-26,12:02:00 PM, 108.0 , 857.0 , 203.5 ,749,10019,C2CP - Cobre - 15 Concentrado Primario L1,21.433,17.462,0.164,0.784,32.740,21.74,,
,08-Apr-26,10:39:00 AM, 108.0 ," 1,044.0 ", 377.5 , 936.0 ,10020,C2CP - Cobre - 02 Rebose Hidrociclones L2,2.014,0.352,0.008,0.042,0.000,50.30,,
,08-Apr-26,10:44:00 AM, 110.0 , 860.5 , 69.0 , 750.5 ,10021,C2CP - Cobre - 03 Relave Final,1.932,0.046,0.000,0.008,0.000,6.73,,
,08-Apr-26,10:48:00 AM, 110.5 ," 1,135.0 ", 86.0 ," 1,024.5 ",10022,C2CP - Cobre - 04 Cola Scavenger L1,6.826,0.106,0.000,0.012,0.000,8.16,,
,08-Apr-26,10:52:00 AM, 110.0 ," 1,163.5 ", 86.5 ," 1,053.5 ",10023,C2CP - Cobre - 05 Cola Scavenger L2,6.779,0.101,0.000,0.011,0.000,14.45,,
,08-Apr-26,10:59:00 AM, 110.0 , 708.5 , 8.0 , 598.5 ,10024,C2CP - Cobre - 07 Concentrado 1ra Limpieza L1,28.037,21.874,0.199,1.553,13.900,1.07,,
,08-Apr-26,10:42:00 AM, 110.5 , 858.0 , 264.5 , 747.5 ,10025,C2CP - Cobre - 09 Concentrado 1ra Limpieza L2,27.387,19.377,0.197,1.993,16.900,50.77,,
,08-Apr-26,10:46:00 AM, 109.0 , 630.0 , 100.0 , 521.0 ,10026,C2CP - Cobre - 10 Concentrado Colectivo,28.037,23.272,0.225,1.384,11.800,13.62,,
,08-Apr-26,10:50:00 AM, 113.5 , 847.5 , 193.5 , 734.0 ,10027,C2CP - Cobre - 14 Concentrado Primario L2,18.928,12.685,0.130,1.326,38.640,25.44,,
,08-Apr-26,10:56:00 AM, 108.0 , 868.5 , 190.0 , 760.5 ,10028,C2CP - Cobre - 15 Concentrado Primario L1,19.585,12.984,0.127,1.329,37.820,#DIV/0!,,
,,,,,,,,,,,,,,,,
,,,,,,,,,,,,,,,,
,,,,,,,,,,,,,,,,
,,,,,,,,,,,,,,,,
,,,,,,,,,,,,,,,,
,,,,,,,,,,,,,,,,
,,,,,,,,,,,,,,,,
,,,,,,,,,,,,,,,,
,,,,,,,,,,,,,,,,
,,,,,,,,,,,,,,,,
,,,,,,,,,,,,,,,,
,,,,,,,,,,,,,,,,
,,,,,,,,,,,,,,,,
,,,,,,,,,,,,,,,,
,,,,,,,,,,,,,,,,
,,,,,,,,,,,,,,,,
,,,,,,,,,,,,,,,,
,,,,,,,,,,,,,,,,
,,,,,,,,,,,,,,,,
,,,,,,,,,,,,,,,,
,,,,,,,,,,,,,,,,
,,,,,,,,,,,,,,,,
,,,,,,,,,,,,,,,,
,,,,,,,,,,,,,,,,
,,,,,,,,,,,,,,,,
,,,,,,,,,,,,,,,,
,,,,,,,,,,,,,,,,
,,,,,,,,,,,,,,,,
,,,,,,,,,,,,,,,,
,,,,,,,,,,,,,,,,
,,,,,,,,,,,,,,,,
,,,,,,,,,,,,,,,,
,,,,,,,,,,,,,,,,
,,,,,,,,,,,,,,,,
,,,,,,,,,,,,,,,,
,,,,,,,,,,,,,,,,
,,,,,,,,,,,,,,,,
,,,,,,,,,,,,,,,,
,,,,,,,,,,,,,,,,
,,,,,,,,,,,,,,,,
,,,,,,,,,,,,,,,,
,,,,,,,,,,,,,,,,
,,,,,,,,,,,,,,,,
,,,,,,,,,,,,,,,,
,,,,,,,,,,,,,,,,
,,,,,,,,,,,,,,,,
,,,,,,,,,,,,,,,,
,,,,,,,,,,,,,,,,
,,,,,,,,,,,,,,,,
,,,,,,,,,,,,,,,,
,,,,,,,,,,,,,,,,
,,,,,,,,,,,,,,,,
,,,,,,,,,,,,,,,,
,,,,,,,,,,,,,,,,
,,,,,,,,,,,,,,,,
,,,,,,,,,,,,,,,,
,,,,,,,,,,,,,,,,
,,,,,,,,,,,,,,,,
,,,,,,,,,,,,,,,,
,,,,,,,,,,,,,,,,
,,,,,,,,,,,,,,,,
,,,,,,,,,,,,,,,,
,,,,,,,,,,,,,,,,
,,,,,,,,,,,,,,,,
,,,,,,,,,,,,,,,,
,,,,,,,,,,,,,,,,
,,,,,,,,,,,,,,,,
,,,,,,,,,,,,,,,,
,,,,,,,,,,,,,,,,
,,,,,,,,,,,,,,,,
,,,,,,,,,,,,,,,,
,,,,,,,,,,,,,,,,
,,,,,,,,,,,,,,,,
,,,,,,,,,,,,,,,,
,,,,,,,,,,,,,,,,
,,,,,,,,,,,,,,,,
,,,,,,,,,,,,,,,,
,,,,,,,,,,,,,,,,
,,,,,,,,,,,,,,,,
,,,,,,,,,,,,,,,,
,,,,,,,,,,,,,,,,
,,,,,,,,,,,,,,,,
,,,,,,,,,,,,,,,,
,,,,,,,,,,,,,,,,
,,,,,,,,,,,,,,,,
,,,,,,,,,,,,,,,,
,,,,,,,,,,,,,,,,
,,,,,,,,,,,,,,,,
,,,,,,,,,,,,,,,,
,,,,,,,,,,,,,,,,
,,,,,,,,,,,,,,,,
,,,,,,,,,,,,,,,,
,,,,,,,,,,,,,,,,
,,,,,,,,,,,,,,,,
,,,,,,,,,,,,,,,,
,,,,,,,,,,,,,,,,
,,,,,,,,,,,,,,,,
,,,,,,,,,,,,,,,,
,,,,,,,,,,,,,,,,
,,,,,,,,,,,,,,,,
,,,,,,,,,,,,,,,,
,,,,,,,,,,,,,,,,
,,,,,,,,,,,,,,,,
,,,,,,,,,,,,,,,,
,,,,,,,,,,,,,,,,
,,,,,,,,,,,,,,,,
,,,,,,,,,,,,,,,,
,,,,,,,,,,,,,,,,
,,,,,,,,,,,,,,,,
,,,,,,,,,,,,,,,,
,,,,,,,,,,,,,,,,
,,,,,,,,,,,,,,,,
,,,,,,,,,,,,,,,,
,,,,,,,,,,,,,,,,
,,,,,,,,,,,,,,,,
,,,,,,,,,,,,,,,,
,,,,,,,,,,,,,,,,
,,,,,,,,,,,,,,,,
,,,,,,,,,,,,,,,,
,,,,,,,,,,,,,,,,
,,,,,,,,,,,,,,,,
,,,,,,,,,,,,,,,,
,,,,,,,,,,,,,,,,
,,,,,,,,,,,,,,,,
,,,,,,,,,,,,,,,,
,,,,,,,,,,,,,,,,
,,,,,,,,,,,,,,,,
,,,,,,,,,,,,,,,,
,,,,,,,,,,,,,,,,
,,,,,,,,,,,,,,,,
,,,,,,,,,,,,,,,,
,,,,,,,,,,,,,,,,
,,,,,,,,,,,,,,,,
,,,,,,,,,,,,,,,,
,,,,,,,,,,,,,,,,
,,,,,,,,,,,,,,,,
,,,,,,,,,,,,,,,,
,,,,,,,,,,,,,,,,
,,,,,,,,,,,,,,,,
,,,,,,,,,,,,,,,,
,,,,,,,,,,,,,,,,
,,,,,,,,,,,,,,,,
,,,,,,,,,,,,,,,,
,,,,,,,,,,,,,,,,
,,,,,,,,,,,,,,,,
,,,,,,,,,,,,,,,,
,,,,,,,,,,,,,,,,
,,,,,,,,,,,,,,,,
,,,,,,,,,,,,,,,,
,,,,,,,,,,,,,,,,
,,,,,,,,,,,,,,,,
,,,,,,,,,,,,,,,,
,,,,,,,,,,,,,,,,
,,,,,,,,,,,,,,,,
,,,,,,,,,,,,,,,,
,,,,,,,,,,,,,,,,
,,,,,,,,,,,,,,,,
,,,,,,,,,,,,,,,,
,,,,,,,,,,,,,,,,
,,,,,,,,,,,,,,,,
,,,,,,,,,,,,,,,,
,,,,,,,,,,,,,,,,
,,,,,,,,,,,,,,,,
,,,,,,,,,,,,,,,,
,,,,,,,,,,,,,,,,
,,,,,,,,,,,,,,,,
,,,,,,,,,,,,,,,,
,,,,,,,,,,,,,,,,
,,,,,,,,,,,,,,,,
,,,,,,,,,,,,,,,,
,,,,,,,,,,,,,,,,
,,,,,,,,,,,,,,,,
,,,,,,,,,,,,,,,,
,,,,,,,,,,,,,,,,
,,,,,,,,,,,,,,,,
,,,,,,,,,,,,,,,,
,,,,,,,,,,,,,,,,
,,,,,,,,,,,,,,,,
,,,,,,,,,,,,,,,,
,,,,,,,,,,,,,,,,
,,,,,,,,,,,,,,,,
,,,,,,,,,,,,,,,,
,,,,,,,,,,,,,,,,
,,,,,,,,,,,,,,,,
,,,,,,,,,,,,,,,,
,,,,,,,,,,,,,,,,
,,,,,,,,,,,,,,,,
,,,,,,,,,,,,,,,,
,,,,,,,,,,,,,,,,
,,,,,,,,,,,,,,,,
,,,,,,,,,,,,,,,,
,,,,,,,,,,,,,,,,
,,,,,,,,,,,,,,,,
,,,,,,,,,,,,,,,,
,,,,,,,,,,,,,,,,
,,,,,,,,,,,,,,,,
,,,,,,,,,,,,,,,,
,,,,,,,,,,,,,,,,
,,,,,,,,,,,,,,,,
,,,,,,,,,,,,,,,,
,,,,,,,,,,,,,,,,
,,,,,,,,,,,,,,,,
,,,,,,,,,,,,,,,,
,,,,,,,,,,,,,,,,
,,,,,,,,,,,,,,,,
,,,,,,,,,,,,,,,,
,,,,,,,,,,,,,,,,
,,,,,,,,,,,,,,,,
,,,,,,,,,,,,,,,,
,,,,,,,,,,,,,,,,
,,,,,,,,,,,,,,,,
,,,,,,,,,,,,,,,,
,,,,,,,,,,,,,,,,
,,,,,,,,,,,,,,,,
,,,,,,,,,,,,,,,,
,,,,,,,,,,,,,,,,
,,,,,,,,,,,,,,,,
,,,,,,,,,,,,,,,,
,,,,,,,,,,,,,,,,
,,,,,,,,,,,,,,,,
,,,,,,,,,,,,,,,,
,,,,,,,,,,,,,,,,
,,,,,,,,,,,,,,,,
,,,,,,,,,,,,,,,,
,,,,,,,,,,,,,,,,
,,,,,,,,,,,,,,,,
,,,,,,,,,,,,,,,,
,,,,,,,,,,,,,,,,
,,,,,,,,,,,,,,,,
,,,,,,,,,,,,,,,,
,,,,,,,,,,,,,,,,
,,,,,,,,,,,,,,,,
,,,,,,,,,,,,,,,,
,,,,,,,,,,,,,,,,
,,,,,,,,,,,,,,,,
,,,,,,,,,,,,,,,,
,,,,,,,,,,,,,,,,
,,,,,,,,,,,,,,,,
,,,,,,,,,,,,,,,,
,,,,,,,,,,,,,,,,
,,,,,,,,,,,,,,,,
,,,,,,,,,,,,,,,,
,,,,,,,,,,,,,,,,
,,,,,,,,,,,,,,,,
,,,,,,,,,,,,,,,,
,,,,,,,,,,,,,,,,
,,,,,,,,,,,,,,,,
,,,,,,,,,,,,,,,,
,,,,,,,,,,,,,,,,
,,,,,,,,,,,,,,,,
,,,,,,,,,,,,,,,,
,,,,,,,,,,,,,,,,
,,,,,,,,,,,,,,,,
,,,,,,,,,,,,,,,,
,,,,,,,,,,,,,,,,
,,,,,,,,,,,,,,,,
,,,,,,,,,,,,,,,,
,,,,,,,,,,,,,,,,
,,,,,,,,,,,,,,,,
,,,,,,,,,,,,,,,,
,,,,,,,,,,,,,,,,
,,,,,,,,,,,,,,,,
,,,,,,,,,,,,,,,,
,,,,,,,,,,,,,,,,
,,,,,,,,,,,,,,,,
,,,,,,,,,,,,,,,,
,,,,,,,,,,,,,,,,
,,,,,,,,,,,,,,,,
,,,,,,,,,,,,,,,,
,,,,,,,,,,,,,,,,
,,,,,,,,,,,,,,,,
,,,,,,,,,,,,,,,,
,,,,,,,,,,,,,,,,
,,,,,,,,,,,,,,,,
,,,,,,,,,,,,,,,,
,,,,,,,,,,,,,,,,
,,,,,,,,,,,,,,,,
,,,,,,,,,,,,,,,,
,,,,,,,,,,,,,,,,
,,,,,,,,,,,,,,,,
,,,,,,,,,,,,,,,,
,,,,,,,,,,,,,,,,
,,,,,,,,,,,,,,,,
,,,,,,,,,,,,,,,,
,,,,,,,,,,,,,,,,
,,,,,,,,,,,,,,,,
,,,,,,,,,,,,,,,,
,,,,,,,,,,,,,,,,
,,,,,,,,,,,,,,,,
,,,,,,,,,,,,,,,,
,,,,,,,,,,,,,,,,
,,,,,,,,,,,,,,,,
,,,,,,,,,,,,,,,,
,,,,,,,,,,,,,,,,
,,,,,,,,,,,,,,,,
,,,,,,,,,,,,,,,,
,,,,,,,,,,,,,,,,
,,,,,,,,,,,,,,,,
,,,,,,,,,,,,,,,,
,,,,,,,,,,,,,,,,
,,,,,,,,,,,,,,,,
,,,,,,,,,,,,,,,,
,,,,,,,,,,,,,,,,
,,,,,,,,,,,,,,,,
,,,,,,,,,,,,,,,,
,,,,,,,,,,,,,,,,
,,,,,,,,,,,,,,,,
,,,,,,,,,,,,,,,,
,,,,,,,,,,,,,,,,
,,,,,,,,,,,,,,,,
,,,,,,,,,,,,,,,,
,,,,,,,,,,,,,,,,
,,,,,,,,,,,,,,,,
,,,,,,,,,,,,,,,,
,,,,,,,,,,,,,,,,
,,,,,,,,,,,,,,,,
,,,,,,,,,,,,,,,,
,,,,,,,,,,,,,,,,
,,,,,,,,,,,,,,,,
,,,,,,,,,,,,,,,,
,,,,,,,,,,,,,,,,
,,,,,,,,,,,,,,,,
,,,,,,,,,,,,,,,,
,,,,,,,,,,,,,,,,
,,,,,,,,,,,,,,,,
,,,,,,,,,,,,,,,,
,,,,,,,,,,,,,,,,
,,,,,,,,,,,,,,,,
,,,,,,,,,,,,,,,,
,,,,,,,,,,,,,,,,
,,,,,,,,,,,,,,,,
,,,,,,,,,,,,,,,,
,,,,,,,,,,,,,,,,
,,,,,,,,,,,,,,,,
,,,,,,,,,,,,,,,,
,,,,,,,,,,,,,,,,
,,,,,,,,,,,,,,,,
,,,,,,,,,,,,,,,,
,,,,,,,,,,,,,,,,
,,,,,,,,,,,,,,,,
,,,,,,,,,,,,,,,,
,,,,,,,,,,,,,,,,
,,,,,,,,,,,,,,,,
,,,,,,,,,,,,,,,,
,,,,,,,,,,,,,,,,
,,,,,,,,,,,,,,,,
,,,,,,,,,,,,,,,,
,,,,,,,,,,,,,,,,
,,,,,,,,,,,,,,,,
,,,,,,,,,,,,,,,,
,,,,,,,,,,,,,,,,
,,,,,,,,,,,,,,,,
,,,,,,,,,,,,,,,,
,,,,,,,,,,,,,,,,
,,,,,,,,,,,,,,,,
,,,,,,,,,,,,,,,,
,,,,,,,,,,,,,,,,
,,,,,,,,,,,,,,,,
,,,,,,,,,,,,,,,,
,,,,,,,,,,,,,,,,
,,,,,,,,,,,,,,,,
,,,,,,,,,,,,,,,,
,,,,,,,,,,,,,,,,
,,,,,,,,,,,,,,,,
,,,,,,,,,,,,,,,,
,,,,,,,,,,,,,,,,
,,,,,,,,,,,,,,,,
,,,,,,,,,,,,,,,,
,,,,,,,,,,,,,,,,
,,,,,,,,,,,,,,,,
,,,,,,,,,,,,,,,,
,,,,,,,,,,,,,,,,
,,,,,,,,,,,,,,,,
,,,,,,,,,,,,,,,,
,,,,,,,,,,,,,,,,
,,,,,,,,,,,,,,,,
,,,,,,,,,,,,,,,,
,,,,,,,,,,,,,,,,
,,,,,,,,,,,,,,,,
,,,,,,,,,,,,,,,,
,,,,,,,,,,,,,,,,
,,,,,,,,,,,,,,,,
,,,,,,,,,,,,,,,,
,,,,,,,,,,,,,,,,
,,,,,,,,,,,,,,,,
,,,,,,,,,,,,,,,,
,,,,,,,,,,,,,,,,
,,,,,,,,,,,,,,,,
,,,,,,,,,,,,,,,,
,,,,,,,,,,,,,,,,
,,,,,,,,,,,,,,,,
,,,,,,,,,,,,,,,,
,,,,,,,,,,,,,,,,
,,,,,,,,,,,,,,,,
,,,,,,,,,,,,,,,,
,,,,,,,,,,,,,,,,
,,,,,,,,,,,,,,,,
,,,,,,,,,,,,,,,,
,,,,,,,,,,,,,,,,
,,,,,,,,,,,,,,,,
,,,,,,,,,,,,,,,,
,,,,,,,,,,,,,,,,
,,,,,,,,,,,,,,,,
,,,,,,,,,,,,,,,,
,,,,,,,,,,,,,,,,
,,,,,,,,,,,,,,,,
,,,,,,,,,,,,,,,,
,,,,,,,,,,,,,,,,
,,,,,,,,,,,,,,,,
,,,,,,,,,,,,,,,,
,,,,,,,,,,,,,,,,
,,,,,,,,,,,,,,,,
,,,,,,,,,,,,,,,,
,,,,,,,,,,,,,,,,
,,,,,,,,,,,,,,,,
,,,,,,,,,,,,,,,,
,,,,,,,,,,,,,,,,
,,,,,,,,,,,,,,,,
,,,,,,,,,,,,,,,,
,,,,,,,,,,,,,,,,
,,,,,,,,,,,,,,,,
,,,,,,,,,,,,,,,,
,,,,,,,,,,,,,,,,
,,,,,,,,,,,,,,,,
,,,,,,,,,,,,,,,,
,,,,,,,,,,,,,,,,
,,,,,,,,,,,,,,,,
,,,,,,,,,,,,,,,,
,,,,,,,,,,,,,,,,
,,,,,,,,,,,,,,,,
,,,,,,,,,,,,,,,,
,,,,,,,,,,,,,,,,
,,,,,,,,,,,,,,,,
,,,,,,,,,,,,,,,,
,,,,,,,,,,,,,,,,
,,,,,,,,,,,,,,,,
,,,,,,,,,,,,,,,,
,,,,,,,,,,,,,,,,
,,,,,,,,,,,,,,,,
,,,,,,,,,,,,,,,,
,,,,,,,,,,,,,,,,
,,,,,,,,,,,,,,,,
,,,,,,,,,,,,,,,,
,,,,,,,,,,,,,,,,
,,,,,,,,,,,,,,,,
,,,,,,,,,,,,,,,,
,,,,,,,,,,,,,,,,
,,,,,,,,,,,,,,,,
,,,,,,,,,,,,,,,,
,,,,,,,,,,,,,,,,
,,,,,,,,,,,,,,,,
,,,,,,,,,,,,,,,,
,,,,,,,,,,,,,,,,
,,,,,,,,,,,,,,,,
,,,,,,,,,,,,,,,,
,,,,,,,,,,,,,,,,
,,,,,,,,,,,,,,,,
,,,,,,,,,,,,,,,,
,,,,,,,,,,,,,,,,
,,,,,,,,,,,,,,,,
,,,,,,,,,,,,,,,,
,,,,,,,,,,,,,,,,
,,,,,,,,,,,,,,,,
,,,,,,,,,,,,,,,,
,,,,,,,,,,,,,,,,
,,,,,,,,,,,,,,,,
,,,,,,,,,,,,,,,,
,,,,,,,,,,,,,,,,
,,,,,,,,,,,,,,,,
,,,,,,,,,,,,,,,,
,,,,,,,,,,,,,,,,
,,,,,,,,,,,,,,,,
,,,,,,,,,,,,,,,,
,,,,,,,,,,,,,,,,
,,,,,,,,,,,,,,,,
,,,,,,,,,,,,,,,,
,,,,,,,,,,,,,,,,
,,,,,,,,,,,,,,,,
,,,,,,,,,,,,,,,,
,,,,,,,,,,,,,,,,
,,,,,,,,,,,,,,,,
,,,,,,,,,,,,,,,,
,,,,,,,,,,,,,,,,
,,,,,,,,,,,,,,,,
,,,,,,,,,,,,,,,,
,,,,,,,,,,,,,,,,
,,,,,,,,,,,,,,,,
,,,,,,,,,,,,,,,,
,,,,,,,,,,,,,,,,
,,,,,,,,,,,,,,,,
,,,,,,,,,,,,,,,,
,,,,,,,,,,,,,,,,
,,,,,,,,,,,,,,,,
,,,,,,,,,,,,,,,,
,,,,,,,,,,,,,,,,
,,,,,,,,,,,,,,,,
,,,,,,,,,,,,,,,,
,,,,,,,,,,,,,,,,
,,,,,,,,,,,,,,,,
,,,,,,,,,,,,,,,,
,,,,,,,,,,,,,,,,
,,,,,,,,,,,,,,,,
,,,,,,,,,,,,,,,,
,,,,,,,,,,,,,,,,
,,,,,,,,,,,,,,,,
,,,,,,,,,,,,,,,,
,,,,,,,,,,,,,,,,
,,,,,,,,,,,,,,,,
,,,,,,,,,,,,,,,,
,,,,,,,,,,,,,,,,
,,,,,,,,,,,,,,,,
,,,,,,,,,,,,,,,,
,,,,,,,,,,,,,,,,
,,,,,,,,,,,,,,,,
,,,,,,,,,,,,,,,,
,,,,,,,,,,,,,,,,
,,,,,,,,,,,,,,,,
,,,,,,,,,,,,,,,,
,,,,,,,,,,,,,,,,
,,,,,,,,,,,,,,,,
,,,,,,,,,,,,,,,,
,,,,,,,,,,,,,,,,
,,,,,,,,,,,,,,,,
,,,,,,,,,,,,,,,,
,,,,,,,,,,,,,,,,
,,,,,,,,,,,,,,,,
,,,,,,,,,,,,,,,,
,,,,,,,,,,,,,,,,
,,,,,,,,,,,,,,,,
,,,,,,,,,,,,,,,,
,,,,,,,,,,,,,,,,
,,,,,,,,,,,,,,,,
,,,,,,,,,,,,,,,,
,,,,,,,,,,,,,,,,
,,,,,,,,,,,,,,,,
,,,,,,,,,,,,,,,,
,,,,,,,,,,,,,,,,
,,,,,,,,,,,,,,,,
,,,,,,,,,,,,,,,,
,,,,,,,,,,,,,,,,
,,,,,,,,,,,,,,,,
,,,,,,,,,,,,,,,,
,,,,,,,,,,,,,,,,
,,,,,,,,,,,,,,,,
,,,,,,,,,,,,,,,,
,,,,,,,,,,,,,,,,
,,,,,,,,,,,,,,,,
,,,,,,,,,,,,,,,,
,,,,,,,,,,,,,,,,
,,,,,,,,,,,,,,,,
,,,,,,,,,,,,,,,,
,,,,,,,,,,,,,,,,
,,,,,,,,,,,,,,,,
,,,,,,,,,,,,,,,,
,,,,,,,,,,,,,,,,
,,,,,,,,,,,,,,,,
,,,,,,,,,,,,,,,,
,,,,,,,,,,,,,,,,
,,,,,,,,,,,,,,,,
,,,,,,,,,,,,,,,,
,,,,,,,,,,,,,,,,
,,,,,,,,,,,,,,,,
,,,,,,,,,,,,,,,,
,,,,,,,,,,,,,,,,
,,,,,,,,,,,,,,,,
,,,,,,,,,,,,,,,,
,,,,,,,,,,,,,,,,
,,,,,,,,,,,,,,,,
,,,,,,,,,,,,,,,,
,,,,,,,,,,,,,,,,
,,,,,,,,,,,,,,,,
,,,,,,,,,,,,,,,,
,,,,,,,,,,,,,,,,
,,,,,,,,,,,,,,,,
,,,,,,,,,,,,,,,,
,,,,,,,,,,,,,,,,
,,,,,,,,,,,,,,,,
,,,,,,,,,,,,,,,,
,,,,,,,,,,,,,,,,
,,,,,,,,,,,,,,,,
,,,,,,,,,,,,,,,,
,,,,,,,,,,,,,,,,
,,,,,,,,,,,,,,,,
,,,,,,,,,,,,,,,,
,,,,,,,,,,,,,,,,
,,,,,,,,,,,,,,,,
,,,,,,,,,,,,,,,,
,,,,,,,,,,,,,,,,
,,,,,,,,,,,,,,,,
,,,,,,,,,,,,,,,,
,,,,,,,,,,,,,,,,
,,,,,,,,,,,,,,,,
,,,,,,,,,,,,,,,,
,,,,,,,,,,,,,,,,
,,,,,,,,,,,,,,,,
,,,,,,,,,,,,,,,,
,,,,,,,,,,,,,,,,
,,,,,,,,,,,,,,,,
,,,,,,,,,,,,,,,,
,,,,,,,,,,,,,,,,
,,,,,,,,,,,,,,,,
,,,,,,,,,,,,,,,,
,,,,,,,,,,,,,,,,
,,,,,,,,,,,,,,,,
,,,,,,,,,,,,,,,,
,,,,,,,,,,,,,,,,
,,,,,,,,,,,,,,,,
,,,,,,,,,,,,,,,,
,,,,,,,,,,,,,,,,
,,,,,,,,,,,,,,,,
,,,,,,,,,,,,,,,,
,,,,,,,,,,,,,,,,
,,,,,,,,,,,,,,,,
,,,,,,,,,,,,,,,,
,,,,,,,,,,,,,,,,
,,,,,,,,,,,,,,,,
,,,,,,,,,,,,,,,,
,,,,,,,,,,,,,,,,
,,,,,,,,,,,,,,,,
,,,,,,,,,,,,,,,,
,,,,,,,,,,,,,,,,
,,,,,,,,,,,,,,,,
,,,,,,,,,,,,,,,,
,,,,,,,,,,,,,,,,
,,,,,,,,,,,,,,,,
,,,,,,,,,,,,,,,,
,,,,,,,,,,,,,,,,
,,,,,,,,,,,,,,,,
,,,,,,,,,,,,,,,,
,,,,,,,,,,,,,,,,
,,,,,,,,,,,,,,,,
,,,,,,,,,,,,,,,,
,,,,,,,,,,,,,,,,
,,,,,,,,,,,,,,,,
,,,,,,,,,,,,,,,,
,,,,,,,,,,,,,,,,
,,,,,,,,,,,,,,,,
,,,,,,,,,,,,,,,,
,,,,,,,,,,,,,,,,
,,,,,,,,,,,,,,,,
,,,,,,,,,,,,,,,,
,,,,,,,,,,,,,,,,
,,,,,,,,,,,,,,,,
,,,,,,,,,,,,,,,,
,,,,,,,,,,,,,,,,
,,,,,,,,,,,,,,,,
,,,,,,,,,,,,,,,,
,,,,,,,,,,,,,,,,
,,,,,,,,,,,,,,,,
,,,,,,,,,,,,,,,,
,,,,,,,,,,,,,,,,
,,,,,,,,,,,,,,,,
,,,,,,,,,,,,,,,,
,,,,,,,,,,,,,,,,
,,,,,,,,,,,,,,,,
,,,,,,,,,,,,,,,,
,,,,,,,,,,,,,,,,
,,,,,,,,,,,,,,,,
,,,,,,,,,,,,,,,,
,,,,,,,,,,,,,,,,
,,,,,,,,,,,,,,,,
,,,,,,,,,,,,,,,,
,,,,,,,,,,,,,,,,
,,,,,,,,,,,,,,,,
,,,,,,,,,,,,,,,,
,,,,,,,,,,,,,,,,
,,,,,,,,,,,,,,,,
,,,,,,,,,,,,,,,,
,,,,,,,,,,,,,,,,
,,,,,,,,,,,,,,,,
,,,,,,,,,,,,,,,,
,,,,,,,,,,,,,,,,
,,,,,,,,,,,,,,,,
,,,,,,,,,,,,,,,,
,,,,,,,,,,,,,,,,
,,,,,,,,,,,,,,,,
,,,,,,,,,,,,,,,,
,,,,,,,,,,,,,,,,
,,,,,,,,,,,,,,,,
,,,,,,,,,,,,,,,,
,,,,,,,,,,,,,,,,
,,,,,,,,,,,,,,,,
,,,,,,,,,,,,,,,,
,,,,,,,,,,,,,,,,
,,,,,,,,,,,,,,,,
,,,,,,,,,,,,,,,,
,,,,,,,,,,,,,,,,
,,,,,,,,,,,,,,,,
,,,,,,,,,,,,,,,,
,,,,,,,,,,,,,,,,
,,,,,,,,,,,,,,,,
,,,,,,,,,,,,,,,,
,,,,,,,,,,,,,,,,
,,,,,,,,,,,,,,,,
,,,,,,,,,,,,,,,,
,,,,,,,,,,,,,,,,
,,,,,,,,,,,,,,,,
,,,,,,,,,,,,,,,,
,,,,,,,,,,,,,,,,
,,,,,,,,,,,,,,,,
,,,,,,,,,,,,,,,,
,,,,,,,,,,,,,,,,
,,,,,,,,,,,,,,,,
,,,,,,,,,,,,,,,,
,,,,,,,,,,,,,,,,
,,,,,,,,,,,,,,,,
,,,,,,,,,,,,,,,,
,,,,,,,,,,,,,,,,
,,,,,,,,,,,,,,,,
,,,,,,,,,,,,,,,,
,,,,,,,,,,,,,,,,
,,,,,,,,,,,,,,,,
,,,,,,,,,,,,,,,,
,,,,,,,,,,,,,,,,
,,,,,,,,,,,,,,,,
,,,,,,,,,,,,,,,,
,,,,,,,,,,,,,,,,
,,,,,,,,,,,,,,,,
,,,,,,,,,,,,,,,,
,,,,,,,,,,,,,,,,
,,,,,,,,,,,,,,,,
,,,,,,,,,,,,,,,,
,,,,,,,,,,,,,,,,
,,,,,,,,,,,,,,,,
,,,,,,,,,,,,,,,,
,,,,,,,,,,,,,,,,
,,,,,,,,,,,,,,,,
,,,,,,,,,,,,,,,,
,,,,,,,,,,,,,,,,
,,,,,,,,,,,,,,,,
,,,,,,,,,,,,,,,,
,,,,,,,,,,,,,,,,
,,,,,,,,,,,,,,,,
,,,,,,,,,,,,,,,,
,,,,,,,,,,,,,,,,
,,,,,,,,,,,,,,,,
,,,,,,,,,,,,,,,,
,,,,,,,,,,,,,,,,
,,,,,,,,,,,,,,,,
,,,,,,,,,,,,,,,,
,,,,,,,,,,,,,,,,
,,,,,,,,,,,,,,,,
,,,,,,,,,,,,,,,,
,,,,,,,,,,,,,,,,
,,,,,,,,,,,,,,,,
,,,,,,,,,,,,,,,,
,,,,,,,,,,,,,,,,
,,,,,,,,,,,,,,,,
,,,,,,,,,,,,,,,,
,,,,,,,,,,,,,,,,
,,,,,,,,,,,,,,,,
,,,,,,,,,,,,,,,,
,,,,,,,,,,,,,,,,
,,,,,,,,,,,,,,,,
,,,,,,,,,,,,,,,,
,,,,,,,,,,,,,,,,
,,,,,,,,,,,,,,,,
,,,,,,,,,,,,,,,,
,,,,,,,,,,,,,,,,
,,,,,,,,,,,,,,,,
,,,,,,,,,,,,,,,,
,,,,,,,,,,,,,,,,
,,,,,,,,,,,,,,,,
,,,,,,,,,,,,,,,,
,,,,,,,,,,,,,,,,
,,,,,,,,,,,,,,,,
,,,,,,,,,,,,,,,,
,,,,,,,,,,,,,,,,
,,,,,,,,,,,,,,,,
,,,,,,,,,,,,,,,,
,,,,,,,,,,,,,,,,
,,,,,,,,,,,,,,,,
,,,,,,,,,,,,,,,,
,,,,,,,,,,,,,,,,
,,,,,,,,,,,,,,,,
,,,,,,,,,,,,,,,,
,,,,,,,,,,,,,,,,
,,,,,,,,,,,,,,,,
,,,,,,,,,,,,,,,,
,,,,,,,,,,,,,,,,
,,,,,,,,,,,,,,,,
,,,,,,,,,,,,,,,,
,,,,,,,,,,,,,,,,
,,,,,,,,,,,,,,,,
,,,,,,,,,,,,,,,,
,,,,,,,,,,,,,,,,
,,,,,,,,,,,,,,,,
,,,,,,,,,,,,,,,,
,,,,,,,,,,,,,,,,
,,,,,,,,,,,,,,,,
,,,,,,,,,,,,,,,,
,,,,,,,,,,,,,,,,
,,,,,,,,,,,,,,,,
,,,,,,,,,,,,,,,,
,,,,,,,,,,,,,,,,
,,,,,,,,,,,,,,,,
,,,,,,,,,,,,,,,,
,,,,,,,,,,,,,,,,
,,,,,,,,,,,,,,,,
,,,,,,,,,,,,,,,,
,,,,,,,,,,,,,,,,
,,,,,,,,,,,,,,,,
,,,,,,,,,,,,,,,,
,,,,,,,,,,,,,,,,
,,,,,,,,,,,,,,,,
,,,,,,,,,,,,,,,,
,,,,,,,,,,,,,,,,
,,,,,,,,,,,,,,,,
,,,,,,,,,,,,,,,,
,,,,,,,,,,,,,,,,
,,,,,,,,,,,,,,,,
,,,,,,,,,,,,,,,,
,,,,,,,,,,,,,,,,
,,,,,,,,,,,,,,,,
,,,,,,,,,,,,,,,,
,,,,,,,,,,,,,,,,
,,,,,,,,,,,,,,,,
,,,,,,,,,,,,,,,,
,,,,,,,,,,,,,,,,
,,,,,,,,,,,,,,,,
,,,,,,,,,,,,,,,,
,,,,,,,,,,,,,,,,
,,,,,,,,,,,,,,,,
,,,,,,,,,,,,,,,,
,,,,,,,,,,,,,,,,
,,,,,,,,,,,,,,,,
,,,,,,,,,,,,,,,,
,,,,,,,,,,,,,,,,
,,,,,,,,,,,,,,,,
,,,,,,,,,,,,,,,,
,,,,,,,,,,,,,,,,
,,,,,,,,,,,,,,,,
,,,,,,,,,,,,,,,,
,,,,,,,,,,,,,,,,
,,,,,,,,,,,,,,,,
,,,,,,,,,,,,,,,,
,,,,,,,,,,,,,,,,
,,,,,,,,,,,,,,,,
,,,,,,,,,,,,,,,,
,,,,,,,,,,,,,,,,
,,,,,,,,,,,,,,,,
,,,,,,,,,,,,,,,,
,,,,,,,,,,,,,,,,
,,,,,,,,,,,,,,,,
,,,,,,,,,,,,,,,,
,,,,,,,,,,,,,,,,
,,,,,,,,,,,,,,,,
,,,,,,,,,,,,,,,,
,,,,,,,,,,,,,,,,
,,,,,,,,,,,,,,,,
,,,,,,,,,,,,,,,,
,,,,,,,,,,,,,,,,
,,,,,,,,,,,,,,,,
,,,,,,,,,,,,,,,,
,,,,,,,,,,,,,,,,
,,,,,,,,,,,,,,,,
,,,,,,,,,,,,,,,,
,,,,,,,,,,,,,,,,
,,,,,,,,,,,,,,,,
,,,,,,,,,,,,,,,,
,,,,,,,,,,,,,,,,
,,,,,,,,,,,,,,,,
,,,,,,,,,,,,,,,,
,,,,,,,,,,,,,,,,
,,,,,,,,,,,,,,,,
,,,,,,,,,,,,,,,,
,,,,,,,,,,,,,,,,
,,,,,,,,,,,,,,,,
,,,,,,,,,,,,,,,,
,,,,,,,,,,,,,,,,
,,,,,,,,,,,,,,,,
,,,,,,,,,,,,,,,,
,,,,,,,,,,,,,,,,
,,,,,,,,,,,,,,,,
,,,,,,,,,,,,,,,,
,,,,,,,,,,,,,,,,
,,,,,,,,,,,,,,,,
,,,,,,,,,,,,,,,,
,,,,,,,,,,,,,,,,
,,,,,,,,,,,,,,,,
,,,,,,,,,,,,,,,,
,,,,,,,,,,,,,,,,
,,,,,,,,,,,,,,,,
,,,,,,,,,,,,,,,,
,,,,,,,,,,,,,,,,
,,,,,,,,,,,,,,,,
,,,,,,,,,,,,,,,,
,,,,,,,,,,,,,,,,
,,,,,,,,,,,,,,,,
,,,,,,,,,,,,,,,,
,,,,,,,,,,,,,,,,
,,,,,,,,,,,,,,,,
,,,,,,,,,,,,,,,,
,,,,,,,,,,,,,,,,
,,,,,,,,,,,,,,,,
,,,,,,,,,,,,,,,,
,,,,,,,,,,,,,,,,
,,,,,,,,,,,,,,,,
,,,,,,,,,,,,,,,,
,,,,,,,,,,,,,,,,
,,,,,,,,,,,,,,,,
,,,,,,,,,,,,,,,,
,,,,,,,,,,,,,,,,
,,,,,,,,,,,,,,,,
,,,,,,,,,,,,,,,,
,,,,,,,,,,,,,,,,
,,,,,,,,,,,,,,,,
,,,,,,,,,,,,,,,,
,,,,,,,,,,,,,,,,
,,,,,,,,,,,,,,,,
,,,,,,,,,,,,,,,,
,,,,,,,,,,,,,,,,
,,,,,,,,,,,,,,,,
,,,,,,,,,,,,,,,,
,,,,,,,,,,,,,,,,
,,,,,,,,,,,,,,,,
,,,,,,,,,,,,,,,,
,,,,,,,,,,,,,,,,
,,,,,,,,,,,,,,,,
,,,,,,,,,,,,,,,,
,,,,,,,,,,,,,,,,
,,,,,,,,,,,,,,,,
,,,,,,,,,,,,,,,,
,,,,,,,,,,,,,,,,
,,,,,,,,,,,,,,,,
,,,,,,,,,,,,,,,,
,,,,,,,,,,,,,,,,
,,,,,,,,,,,,,,,,
,,,,,,,,,,,,,,,,
,,,,,,,,,,,,,,,,
,,,,,,,,,,,,,,,,
,,,,,,,,,,,,,,,,
,,,,,,,,,,,,,,,,
,,,,,,,,,,,,,,,,
,,,,,,,,,,,,,,,,
,,,,,,,,,,,,,,,,
,,,,,,,,,,,,,,,,
,,,,,,,,,,,,,,,,
,,,,,,,,,,,,,,,,
,,,,,,,,,,,,,,,,
,,,,,,,,,,,,,,,,
,,,,,,,,,,,,,,,,
,,,,,,,,,,,,,,,,
,,,,,,,,,,,,,,,,
,,,,,,,,,,,,,,,,
,,,,,,,,,,,,,,,,
,,,,,,,,,,,,,,,,
,,,,,,,,,,,,,,,,
,,,,,,,,,,,,,,,,
,,,,,,,,,,,,,,,,
,,,,,,,,,,,,,,,,
,,,,,,,,,,,,,,,,
,,,,,,,,,,,,,,,,
,,,,,,,,,,,,,,,,
,,,,,,,,,,,,,,,,
,,,,,,,,,,,,,,,,
,,,,,,,,,,,,,,,,
,,,,,,,,,,,,,,,,
,,,,,,,,,,,,,,,,
,,,,,,,,,,,,,,,,
,,,,,,,,,,,,,,,,
,,,,,,,,,,,,,,,,
,,,,,,,,,,,,,,,,
,,,,,,,,,,,,,,,,
,,,,,,,,,,,,,,,,
,,,,,,,,,,,,,,,,
,,,,,,,,,,,,,,,,
,,,,,,,,,,,,,,,,
,,,,,,,,,,,,,,,,
,,,,,,,,,,,,,,,,
,,,,,,,,,,,,,,,,
,,,,,,,,,,,,,,,,
,,,,,,,,,,,,,,,,
,,,,,,,,,,,,,,,,
,,,,,,,,,,,,,,,,
,,,,,,,,,,,,,,,,
,,,,,,,,,,,,,,,,
,,,,,,,,,,,,,,,,
,,,,,,,,,,,,,,,,
,,,,,,,,,,,,,,,,
,,,,,,,,,,,,,,,,
,,,,,,,,,,,,,,,,
,,,,,,,,,,,,,,,,
,,,,,,,,,,,,,,,,
,,,,,,,,,,,,,,,,
,,,,,,,,,,,,,,,,
,,,,,,,,,,,,,,,,
,,,,,,,,,,,,,,,,
,,,,,,,,,,,,,,,,
,,,,,,,,,,,,,,,,
,,,,,,,,,,,,,,,,
,,,,,,,,,,,,,,,,
,,,,,,,,,,,,,,,,
,,,,,,,,,,,,,,,,
,,,,,,,,,,,,,,,,
,,,,,,,,,,,,,,,,
,,,,,,,,,,,,,,,,
,,,,,,,,,,,,,,,,
,,,,,,,,,,,,,,,,
,,,,,,,,,,,,,,,,
,,,,,,,,,,,,,,,,
,,,,,,,,,,,,,,,,
,,,,,,,,,,,,,,,,
,,,,,,,,,,,,,,,,
,,,,,,,,,,,,,,,,
,,,,,,,,,,,,,,,,
,,,,,,,,,,,,,,,,
,,,,,,,,,,,,,,,,
,,,,,,,,,,,,,,,,
,,,,,,,,,,,,,,,,
,,,,,,,,,,,,,,,,
,,,,,,,,,,,,,,,,
,,,,,,,,,,,,,,,,
,,,,,,,,,,,,,,,,
,,,,,,,,,,,,,,,,
,,,,,,,,,,,,,,,,
,,,,,,,,,,,,,,,,
,,,,,,,,,,,,,,,,
,,,,,,,,,,,,,,,,
,,,,,,,,,,,,,,,,
,,,,,,,,,,,,,,,,
,,,,,,,,,,,,,,,,
,,,,,,,,,,,,,,,,
,,,,,,,,,,,,,,,,
,,,,,,,,,,,,,,,,
,,,,,,,,,,,,,,,,
,,,,,,,,,,,,,,,,
,,,,,,,,,,,,,,,,
,,,,,,,,,,,,,,,,
,,,,,,,,,,,,,,,,
,,,,,,,,,,,,,,,,
,,,,,,,,,,,,,,,,
,,,,,,,,,,,,,,,,
,,,,,,,,,,,,,,,,
,,,,,,,,,,,,,,,,
,,,,,,,,,,,,,,,,
,,,,,,,,,,,,,,,,
,,,,,,,,,,,,,,,,
,,,,,,,,,,,,,,,,
,,,,,,,,,,,,,,,,
,,,,,,,,,,,,,,,,
,,,,,,,,,,,,,,,,
,,,,,,,,,,,,,,,,
,,,,,,,,,,,,,,,,
,,,,,,,,,,,,,,,,
,,,,,,,,,,,,,,,,
,,,,,,,,,,,,,,,,
,,,,,,,,,,,,,,,,
,,,,,,,,,,,,,,,,
,,,,,,,,,,,,,,,,
,,,,,,,,,,,,,,,,
,,,,,,,,,,,,,,,,
,,,,,,,,,,,,,,,,
,,,,,,,,,,,,,,,,
,,,,,,,,,,,,,,,,
,,,,,,,,,,,,,,,,
,,,,,,,,,,,,,,,,
,,,,,,,,,,,,,,,,
,,,,,,,,,,,,,,,,
,,,,,,,,,,,,,,,,
,,,,,,,,,,,,,,,,
,,,,,,,,,,,,,,,,
,,,,,,,,,,,,,,,,
,,,,,,,,,,,,,,,,
,,,,,,,,,,,,,,,,
,,,,,,,,,,,,,,,,
,,,,,,,,,,,,,,,,
,,,,,,,,,,,,,,,,
,,,,,,,,,,,,,,,,
,,,,,,,,,,,,,,,,
,,,,,,,,,,,,,,,,
,,,,,,,,,,,,,,,,
,,,,,,,,,,,,,,,,
,,,,,,,,,,,,,,,,
,,,,,,,,,,,,,,,,
,,,,,,,,,,,,,,,,
,,,,,,,,,,,,,,,,
,,,,,,,,,,,,,,,,
,,,,,,,,,,,,,,,,
,,,,,,,,,,,,,,,,
,,,,,,,,,,,,,,,,
,,,,,,,,,,,,,,,,
,,,,,,,,,,,,,,,,
,,,,,,,,,,,,,,,,
,,,,,,,,,,,,,,,,
,,,,,,,,,,,,,,,,
,,,,,,,,,,,,,,,,
,,,,,,,,,,,,,,,,
,,,,,,,,,,,,,,,,
,,,,,,,,,,,,,,,,
,,,,,,,,,,,,,,,,
,,,,,,,,,,,,,,,,
,,,,,,,,,,,,,,,,
,,,,,,,,,,,,,,,,
,,,,,,,,,,,,,,,,
,,,,,,,,,,,,,,,,
,,,,,,,,,,,,,,,,
,,,,,,,,,,,,,,,,
,,,,,,,,,,,,,,,,
,,,,,,,,,,,,,,,,
,,,,,,,,,,,,,,,,
,,,,,,,,,,,,,,,,
,,,,,,,,,,,,,,,,
,,,,,,,,,,,,,,,,
,,,,,,,,,,,,,,,,
,,,,,,,,,,,,,,,,
,,,,,,,,,,,,,,,,
,,,,,,,,,,,,,,,,
,,,,,,,,,,,,,,,,
,,,,,,,,,,,,,,,,
,,,,,,,,,,,,,,,,
,,,,,,,,,,,,,,,,
,,,,,,,,,,,,,,,,
,,,,,,,,,,,,,,,,
,,,,,,,,,,,,,,,,
,,,,,,,,,,,,,,,,
,,,,,,,,,,,,,,,,
,,,,,,,,,,,,,,,,
,,,,,,,,,,,,,,,,
,,,,,,,,,,,,,,,,
,,,,,,,,,,,,,,,,
,,,,,,,,,,,,,,,,
,,,,,,,,,,,,,,,,
,,,,,,,,,,,,,,,,
,,,,,,,,,,,,,,,,
,,,,,,,,,,,,,,,,
,,,,,,,,,,,,,,,,
,,,,,,,,,,,,,,,,
,,,,,,,,,,,,,,,,
,,,,,,,,,,,,,,,,
,,,,,,,,,,,,,,,,
,,,,,,,,,,,,,,,,
,,,,,,,,,,,,,,,,
,,,,,,,,,,,,,,,,
,,,,,,,,,,,,,,,,
,,,,,,,,,,,,,,,,
,,,,,,,,,,,,,,,,
,,,,,,,,,,,,,,,,
,,,,,,,,,,,,,,,,
,,,,,,,,,,,,,,,,
,,,,,,,,,,,,,,,,
,,,,,,,,,,,,,,,,
,,,,,,,,,,,,,,,,
,,,,,,,,,,,,,,,,
,,,,,,,,,,,,,,,,
,,,,,,,,,,,,,,,,
,,,,,,,,,,,,,,,,
,,,,,,,,,,,,,,,,
,,,,,,,,,,,,,,,,
,,,,,,,,,,,,,,,,
,,,,,,,,,,,,,,,,
,,,,,,,,,,,,,,,,
,,,,,,,,,,,,,,,,
,,,,,,,,,,,,,,,,
,,,,,,,,,,,,,,,,
,,,,,,,,,,,,,,,,
,,,,,,,,,,,,,,,,
,,,,,,,,,,,,,,,,
,,,,,,,,,,,,,,,,
,,,,,,,,,,,,,,,,
,,,,,,,,,,,,,,,,
,,,,,,,,,,,,,,,,
,,,,,,,,,,,,,,,,
,,,,,,,,,,,,,,,,
,,,,,,,,,,,,,,,,
,,,,,,,,,,,,,,,,
,,,,,,,,,,,,,,,,
,,,,,,,,,,,,,,,,
,,,,,,,,,,,,,,,,
,,,,,,,,,,,,,,,,
,,,,,,,,,,,,,,,,
,,,,,,,,,,,,,,,,
,,,,,,,,,,,,,,,,
,,,,,,,,,,,,,,,,
,,,,,,,,,,,,,,,,
,,,,,,,,,,,,,,,,
,,,,,,,,,,,,,,,,
,,,,,,,,,,,,,,,,
,,,,,,,,,,,,,,,,
,,,,,,,,,,,,,,,,
,,,,,,,,,,,,,,,,
,,,,,,,,,,,,,,,,
,,,,,,,,,,,,,,,,
,,,,,,,,,,,,,,,,
,,,,,,,,,,,,,,,,
,,,,,,,,,,,,,,,,
,,,,,,,,,,,,,,,,
,,,,,,,,,,,,,,,,
,,,,,,,,,,,,,,,,
,,,,,,,,,,,,,,,,
,,,,,,,,,,,,,,,,
,,,,,,,,,,,,,,,,
,,,,,,,,,,,,,,,,
,,,,,,,,,,,,,,,,
,,,,,,,,,,,,,,,,
,,,,,,,,,,,,,,,,
,,,,,,,,,,,,,,,,
,,,,,,,,,,,,,,,,
,,,,,,,,,,,,,,,,
,,,,,,,,,,,,,,,,
,,,,,,,,,,,,,,,,
,,,,,,,,,,,,,,,,
,,,,,,,,,,,,,,,,
,,,,,,,,,,,,,,,,
,,,,,,,,,,,,,,,,
,,,,,,,,,,,,,,,,
,,,,,,,,,,,,,,,,
,,,,,,,,,,,,,,,,
,,,,,,,,,,,,,,,,
,,,,,,,,,,,,,,,,
,,,,,,,,,,,,,,,,
,,,,,,,,,,,,,,,,
,,,,,,,,,,,,,,,,
,,,,,,,,,,,,,,,,
,,,,,,,,,,,,,,,,
,,,,,,,,,,,,,,,,
,,,,,,,,,,,,,,,,
,,,,,,,,,,,,,,,,
,,,,,,,,,,,,,,,,
,,,,,,,,,,,,,,,,
,,,,,,,,,,,,,,,,
,,,,,,,,,,,,,,,,
,,,,,,,,,,,,,,,,
,,,,,,,,,,,,,,,,
,,,,,,,,,,,,,,,,
,,,,,,,,,,,,,,,,
,,,,,,,,,,,,,,,,
,,,,,,,,,,,,,,,,
,,,,,,,,,,,,,,,,
,,,,,,,,,,,,,,,,
,,,,,,,,,,,,,,,,
,,,,,,,,,,,,,,,,
,,,,,,,,,,,,,,,,
,,,,,,,,,,,,,,,,
,,,,,,,,,,,,,,,,
,,,,,,,,,,,,,,,,
,,,,,,,,,,,,,,,,
,,,,,,,,,,,,,,,,
,,,,,,,,,,,,,,,,
,,,,,,,,,,,,,,,,
,,,,,,,,,,,,,,,,
,,,,,,,,,,,,,,,,
,,,,,,,,,,,,,,,,
,,,,,,,,,,,,,,,,
,,,,,,,,,,,,,,,,
,,,,,,,,,,,,,,,,
,,,,,,,,,,,,,,,,
,,,,,,,,,,,,,,,,
,,,,,,,,,,,,,,,,
,,,,,,,,,,,,,,,,
,,,,,,,,,,,,,,,,
,,,,,,,,,,,,,,,,
,,,,,,,,,,,,,,,,
,,,,,,,,,,,,,,,,
,,,,,,,,,,,,,,,,
,,,,,,,,,,,,,,,,
,,,,,,,,,,,,,,,,
,,,,,,,,,,,,,,,,
,,,,,,,,,,,,,,,,
,,,,,,,,,,,,,,,,
,,,,,,,,,,,,,,,,
,,,,,,,,,,,,,,,,
,,,,,,,,,,,,,,,,
,,,,,,,,,,,,,,,,
,,,,,,,,,,,,,,,,
,,,,,,,,,,,,,,,,
,,,,,,,,,,,,,,,,
,,,,,,,,,,,,,,,,
,,,,,,,,,,,,,,,,
,,,,,,,,,,,,,,,,
,,,,,,,,,,,,,,,,
,,,,,,,,,,,,,,,,
,,,,,,,,,,,,,,,,
,,,,,,,,,,,,,,,,
,,,,,,,,,,,,,,,,
,,,,,,,,,,,,,,,,
,,,,,,,,,,,,,,,,
,,,,,,,,,,,,,,,,
,,,,,,,,,,,,,,,,
,,,,,,,,,,,,,,,,
,,,,,,,,,,,,,,,,
,,,,,,,,,,,,,,,,
,,,,,,,,,,,,,,,,
,,,,,,,,,,,,,,,,
,,,,,,,,,,,,,,,,
,,,,,,,,,,,,,,,,
,,,,,,,,,,,,,,,,
,,,,,,,,,,,,,,,,
,,,,,,,,,,,,,,,,
,,,,,,,,,,,,,,,,
,,,,,,,,,,,,,,,,
,,,,,,,,,,,,,,,,
,,,,,,,,,,,,,,,,
,,,,,,,,,,,,,,,,
,,,,,,,,,,,,,,,,
,,,,,,,,,,,,,,,,
,,,,,,,,,,,,,,,,
,,,,,,,,,,,,,,,,
,,,,,,,,,,,,,,,,
,,,,,,,,,,,,,,,,
,,,,,,,,,,,,,,,,
,,,,,,,,,,,,,,,,
,,,,,,,,,,,,,,,,
,,,,,,,,,,,,,,,,
,,,,,,,,,,,,,,,,
,,,,,,,,,,,,,,,,
,,,,,,,,,,,,,,,,
,,,,,,,,,,,,,,,,
,,,,,,,,,,,,,,,,
,,,,,,,,,,,,,,,,
,,,,,,,,,,,,,,,,
,,,,,,,,,,,,,,,,
,,,,,,,,,,,,,,,,
,,,,,,,,,,,,,,,,
,,,,,,,,,,,,,,,,
,,,,,,,,,,,,,,,,
,,,,,,,,,,,,,,,,
,,,,,,,,,,,,,,,,
,,,,,,,,,,,,,,,,
,,,,,,,,,,,,,,,,
,,,,,,,,,,,,,,,,
,,,,,,,,,,,,,,,,
,,,,,,,,,,,,,,,,
,,,,,,,,,,,,,,,,
,,,,,,,,,,,,,,,,
,,,,,,,,,,,,,,,,
,,,,,,,,,,,,,,,,
,,,,,,,,,,,,,,,,
,,,,,,,,,,,,,,,,
,,,,,,,,,,,,,,,,
,,,,,,,,,,,,,,,,
,,,,,,,,,,,,,,,,
,,,,,,,,,,,,,,,,
,,,,,,,,,,,,,,,,
,,,,,,,,,,,,,,,,
,,,,,,,,,,,,,,,,
,,,,,,,,,,,,,,,,
,,,,,,,,,,,,,,,,
,,,,,,,,,,,,,,,,
,,,,,,,,,,,,,,,,
,,,,,,,,,,,,,,,,
,,,,,,,,,,,,,,,,
,,,,,,,,,,,,,,,,
,,,,,,,,,,,,,,,,
,,,,,,,,,,,,,,,,
,,,,,,,,,,,,,,,,
,,,,,,,,,,,,,,,,
,,,,,,,,,,,,,,,,
,,,,,,,,,,,,,,,,
,,,,,,,,,,,,,,,,
,,,,,,,,,,,,,,,,
,,,,,,,,,,,,,,,,
,,,,,,,,,,,,,,,,
,,,,,,,,,,,,,,,,
,,,,,,,,,,,,,,,,
,,,,,,,,,,,,,,,,
,,,,,,,,,,,,,,,,
,,,,,,,,,,,,,,,,
,,,,,,,,,,,,,,,,
,,,,,,,,,,,,,,,,
,,,,,,,,,,,,,,,,
,,,,,,,,,,,,,,,,
,,,,,,,,,,,,,,,,
,,,,,,,,,,,,,,,,
,,,,,,,,,,,,,,,,
,,,,,,,,,,,,,,,,
,,,,,,,,,,,,,,,,
,,,,,,,,,,,,,,,,
,,,,,,,,,,,,,,,,
,,,,,,,,,,,,,,,,
,,,,,,,,,,,,,,,,
,,,,,,,,,,,,,,,,
,,,,,,,,,,,,,,,,
,,,,,,,,,,,,,,,,
,,,,,,,,,,,,,,,,
,,,,,,,,,,,,,,,,
,,,,,,,,,,,,,,,,
,,,,,,,,,,,,,,,,
,,,,,,,,,,,,,,,,
,,,,,,,,,,,,,,,,
,,,,,,,,,,,,,,,,
,,,,,,,,,,,,,,,,
,,,,,,,,,,,,,,,,
,,,,,,,,,,,,,,,,
,,,,,,,,,,,,,,,,
,,,,,,,,,,,,,,,,
,,,,,,,,,,,,,,,,
,,,,,,,,,,,,,,,,
,,,,,,,,,,,,,,,,
,,,,,,,,,,,,,,,,
,,,,,,,,,,,,,,,,
,,,,,,,,,,,,,,,,
,,,,,,,,,,,,,,,,
,,,,,,,,,,,,,,,,
,,,,,,,,,,,,,,,,
,,,,,,,,,,,,,,,,
,,,,,,,,,,,,,,,,
,,,,,,,,,,,,,,,,
,,,,,,,,,,,,,,,,
,,,,,,,,,,,,,,,,
,,,,,,,,,,,,,,,,
,,,,,,,,,,,,,,,,
,,,,,,,,,,,,,,,,
,,,,,,,,,,,,,,,,
,,,,,,,,,,,,,,,,
,,,,,,,,,,,,,,,,
,,,,,,,,,,,,,,,,
,,,,,,,,,,,,,,,,
,,,,,,,,,,,,,,,,
,,,,,,,,,,,,,,,,
,,,,,,,,,,,,,,,,
,,,,,,,,,,,,,,,,
,,,,,,,,,,,,,,,,
,,,,,,,,,,,,,,,,
,,,,,,,,,,,,,,,,
,,,,,,,,,,,,,,,,
,,,,,,,,,,,,,,,,
,,,,,,,,,,,,,,,,
,,,,,,,,,,,,,,,,
,,,,,,,,,,,,,,,,
,,,,,,,,,,,,,,,,
,,,,,,,,,,,,,,,,
,,,,,,,,,,,,,,,,
,,,,,,,,,,,,,,,,
,,,,,,,,,,,,,,,,
,,,,,,,,,,,,,,,,
,,,,,,,,,,,,,,,,
,,,,,,,,,,,,,,,,
,,,,,,,,,,,,,,,,
,,,,,,,,,,,,,,,,
,,,,,,,,,,,,,,,,
,,,,,,,,,,,,,,,,
,,,,,,,,,,,,,,,,
,,,,,,,,,,,,,,,,
,,,,,,,,,,,,,,,,
,,,,,,,,,,,,,,,,
,,,,,,,,,,,,,,,,
,,,,,,,,,,,,,,,,
,,,,,,,,,,,,,,,,
,,,,,,,,,,,,,,,,
,,,,,,,,,,,,,,,,
,,,,,,,,,,,,,,,,
,,,,,,,,,,,,,,,,
,,,,,,,,,,,,,,,,
,,,,,,,,,,,,,,,,
,,,,,,,,,,,,,,,,
,,,,,,,,,,,,,,,,
,,,,,,,,,,,,,,,,
,,,,,,,,,,,,,,,,
,,,,,,,,,,,,,,,,
,,,,,,,,,,,,,,,,
,,,,,,,,,,,,,,,,
,,,,,,,,,,,,,,,,
,,,,,,,,,,,,,,,,
,,,,,,,,,,,,,,,,
,,,,,,,,,,,,,,,,
,,,,,,,,,,,,,,,,
,,,,,,,,,,,,,,,,
,,,,,,,,,,,,,,,,
,,,,,,,,,,,,,,,,
,,,,,,,,,,,,,,,,
,,,,,,,,,,,,,,,,
,,,,,,,,,,,,,,,,
,,,,,,,,,,,,,,,,
,,,,,,,,,,,,,,,,
,,,,,,,,,,,,,,,,
,,,,,,,,,,,,,,,,
,,,,,,,,,,,,,,,,
,,,,,,,,,,,,,,,,
,,,,,,,,,,,,,,,,
,,,,,,,,,,,,,,,,
,,,,,,,,,,,,,,,,
,,,,,,,,,,,,,,,,
,,,,,,,,,,,,,,,,
,,,,,,,,,,,,,,,,
,,,,,,,,,,,,,,,,
,,,,,,,,,,,,,,,,
,,,,,,,,,,,,,,,,
,,,,,,,,,,,,,,,,
,,,,,,,,,,,,,,,,
,,,,,,,,,,,,,,,,
,,,,,,,,,,,,,,,,
,,,,,,,,,,,,,,,,
,,,,,,,,,,,,,,,,
,,,,,,,,,,,,,,,,
,,,,,,,,,,,,,,,,
,,,,,,,,,,,,,,,,
,,,,,,,,,,,,,,,,
,,,,,,,,,,,,,,,,
,,,,,,,,,,,,,,,,
,,,,,,,,,,,,,,,,
,,,,,,,,,,,,,,,,
,,,,,,,,,,,,,,,,
,,,,,,,,,,,,,,,,
,,,,,,,,,,,,,,,,
,,,,,,,,,,,,,,,,
,,,,,,,,,,,,,,,,
,,,,,,,,,,,,,,,,
,,,,,,,,,,,,,,,,
,,,,,,,,,,,,,,,,
,,,,,,,,,,,,,,,,
,,,,,,,,,,,,,,,,
,,,,,,,,,,,,,,,,
,,,,,,,,,,,,,,,,
,,,,,,,,,,,,,,,,
,,,,,,,,,,,,,,,,
,,,,,,,,,,,,,,,,
,,,,,,,,,,,,,,,,
,,,,,,,,,,,,,,,,
,,,,,,,,,,,,,,,,
,,,,,,,,,,,,,,,,
,,,,,,,,,,,,,,,,
,,,,,,,,,,,,,,,,
,,,,,,,,,,,,,,,,
,,,,,,,,,,,,,,,,
,,,,,,,,,,,,,,,,
,,,,,,,,,,,,,,,,
,,,,,,,,,,,,,,,,
,,,,,,,,,,,,,,,,
,,,,,,,,,,,,,,,,
,,,,,,,,,,,,,,,,
,,,,,,,,,,,,,,,,
,,,,,,,,,,,,,,,,
,,,,,,,,,,,,,,,,
,,,,,,,,,,,,,,,,
,,,,,,,,,,,,,,,,
,,,,,,,,,,,,,,,,
,,,,,,,,,,,,,,,,
,,,,,,,,,,,,,,,,
,,,,,,,,,,,,,,,,
,,,,,,,,,,,,,,,,
,,,,,,,,,,,,,,,,
,,,,,,,,,,,,,,,,
,,,,,,,,,,,,,,,,
,,,,,,,,,,,,,,,,
,,,,,,,,,,,,,,,,
,,,,,,,,,,,,,,,,
,,,,,,,,,,,,,,,,
,,,,,,,,,,,,,,,,
,,,,,,,,,,,,,,,,
,,,,,,,,,,,,,,,,
,,,,,,,,,,,,,,,,
,,,,,,,,,,,,,,,,
,,,,,,,,,,,,,,,,
,,,,,,,,,,,,,,,,
,,,,,,,,,,,,,,,,
,,,,,,,,,,,,,,,,
,,,,,,,,,,,,,,,,
,,,,,,,,,,,,,,,,
,,,,,,,,,,,,,,,,
,,,,,,,,,,,,,,,,
,,,,,,,,,,,,,,,,
,,,,,,,,,,,,,,,,
,,,,,,,,,,,,,,,,
,,,,,,,,,,,,,,,,
,,,,,,,,,,,,,,,,
,,,,,,,,,,,,,,,,
,,,,,,,,,,,,,,,,
,,,,,,,,,,,,,,,,
,,,,,,,,,,,,,,,,
,,,,,,,,,,,,,,,,
,,,,,,,,,,,,,,,,
,,,,,,,,,,,,,,,,
,,,,,,,,,,,,,,,,
,,,,,,,,,,,,,,,,
,,,,,,,,,,,,,,,,
,,,,,,,,,,,,,,,,
,,,,,,,,,,,,,,,,
,,,,,,,,,,,,,,,,
,,,,,,,,,,,,,,,,
,,,,,,,,,,,,,,,,
,,,,,,,,,,,,,,,,
,,,,,,,,,,,,,,,,
,,,,,,,,,,,,,,,,
,,,,,,,,,,,,,,,,
,,,,,,,,,,,,,,,,
,,,,,,,,,,,,,,,,
,,,,,,,,,,,,,,,,
,,,,,,,,,,,,,,,,
,,,,,,,,,,,,,,,,
,,,,,,,,,,,,,,,,
,,,,,,,,,,,,,,,,
,,,,,,,,,,,,,,,,
,,,,,,,,,,,,,,,,
,,,,,,,,,,,,,,,,
,,,,,,,,,,,,,,,,
,,,,,,,,,,,,,,,,
,,,,,,,,,,,,,,,,
,,,,,,,,,,,,,,,,
,,,,,,,,,,,,,,,,
,,,,,,,,,,,,,,,,
,,,,,,,,,,,,,,,,
,,,,,,,,,,,,,,,,
,,,,,,,,,,,,,,,,
,,,,,,,,,,,,,,,,
,,,,,,,,,,,,,,,,
,,,,,,,,,,,,,,,,
,,,,,,,,,,,,,,,,
,,,,,,,,,,,,,,,,
,,,,,,,,,,,,,,,,
,,,,,,,,,,,,,,,,
,,,,,,,,,,,,,,,,
,,,,,,,,,,,,,,,,
,,,,,,,,,,,,,,,,
,,,,,,,,,,,,,,,,
,,,,,,,,,,,,,,,,
,,,,,,,,,,,,,,,,
,,,,,,,,,,,,,,,,
,,,,,,,,,,,,,,,,
,,,,,,,,,,,,,,,,
,,,,,,,,,,,,,,,,
,,,,,,,,,,,,,,,,
,,,,,,,,,,,,,,,,
,,,,,,,,,,,,,,,,
,,,,,,,,,,,,,,,,
,,,,,,,,,,,,,,,,
,,,,,,,,,,,,,,,,
,,,,,,,,,,,,,,,,
,,,,,,,,,,,,,,,,
,,,,,,,,,,,,,,,,
,,,,,,,,,,,,,,,,
,,,,,,,,,,,,,,,,
,,,,,,,,,,,,,,,,
,,,,,,,,,,,,,,,,
,,,,,,,,,,,,,,,,
,,,,,,,,,,,,,,,,
,,,,,,,,,,,,,,,,
,,,,,,,,,,,,,,,,
,,,,,,,,,,,,,,,,
,,,,,,,,,,,,,,,,
,,,,,,,,,,,,,,,,
,,,,,,,,,,,,,,,,
,,,,,,,,,,,,,,,,
,,,,,,,,,,,,,,,,
,,,,,,,,,,,,,,,,
,,,,,,,,,,,,,,,,
,,,,,,,,,,,,,,,,
,,,,,,,,,,,,,,,,
,,,,,,,,,,,,,,,,
,,,,,,,,,,,,,,,,
,,,,,,,,,,,,,,,,
,,,,,,,,,,,,,,,,
,,,,,,,,,,,,,,,,
,,,,,,,,,,,,,,,,
,,,,,,,,,,,,,,,,
,,,,,,,,,,,,,,,,
,,,,,,,,,,,,,,,,
,,,,,,,,,,,,,,,,
,,,,,,,,,,,,,,,,
,,,,,,,,,,,,,,,,
,,,,,,,,,,,,,,,,
,,,,,,,,,,,,,,,,
,,,,,,,,,,,,,,,,
,,,,,,,,,,,,,,,,
,,,,,,,,,,,,,,,,
,,,,,,,,,,,,,,,,
,,,,,,,,,,,,,,,,
,,,,,,,,,,,,,,,,
,,,,,,,,,,,,,,,,
,,,,,,,,,,,,,,,,
,,,,,,,,,,,,,,,,
,,,,,,,,,,,,,,,,
,,,,,,,,,,,,,,,,
,,,,,,,,,,,,,,,,
,,,,,,,,,,,,,,,,
,,,,,,,,,,,,,,,,
,,,,,,,,,,,,,,,,
,,,,,,,,,,,,,,,,
,,,,,,,,,,,,,,,,
,,,,,,,,,,,,,,,,
,,,,,,,,,,,,,,,,
,,,,,,,,,,,,,,,,
,,,,,,,,,,,,,,,,
,,,,,,,,,,,,,,,,
,,,,,,,,,,,,,,,,
,,,,,,,,,,,,,,,,
,,,,,,,,,,,,,,,,
,,,,,,,,,,,,,,,,
,,,,,,,,,,,,,,,,
,,,,,,,,,,,,,,,,
,,,,,,,,,,,,,,,,
,,,,,,,,,,,,,,,,
,,,,,,,,,,,,,,,,
,,,,,,,,,,,,,,,,
,,,,,,,,,,,,,,,,
,,,,,,,,,,,,,,,,
,,,,,,,,,,,,,,,,
,,,,,,,,,,,,,,,,
,,,,,,,,,,,,,,,,
,,,,,,,,,,,,,,,,
