date,time, tara , tweight , dweight , pweight ,chemical_id,MUESTRA,pFe,pCu,pZn,pMo,pIns,pSol
2022-12-05,15:23:00,  109.0 ,1177.5,  310.5 ,1068.5,4846,Relave Final,2.394,0.058,0.000,0.005,0.000,29.06
2022-12-05,15:25:00,  110.0 ,1205.5,  325.5 ,1095.5,4848,Concentrado Primario L1,  25.650 ,  12.440 ,  0.067 ,  0.545 ,  29.900 ,29.71
2022-12-05,15:27:00,  109.5 ,1255.,  433.0 ,1145.5,4845,Rebose Hidrociclones L1,  2.752 ,  0.512 ,  0.005 ,  0.020 ,  0   ,37.80
2022-12-05,15:38:00,  110.0 ,1027.,  234.5 ,917.,4847,Concentrado Colectivo,  31.310 ,  22.190 ,  0.111 ,  0.930 ,  10.560 ,25.57
2022-12-07,12:04:00,  109.5 ,1230.,  415.5 ,1120.5,4851,Rebose Hidrociclones L1,  2.596 ,  0.481 ,  0.004 ,  0.017 ,  0   ,37.08
2022-12-07,12:06:00,  110.0 ,1210.,  372.5 ,1100.,4852,Relave Final,2.377,0.072,0.000,0.005,0.000,33.86
2022-12-07,12:08:00,  109.0 ,964.5,  163.5 ,855.5,4853,Concentrado Colectivo,  29.190 ,  26.770 ,  0.081 ,  1.180 ,  10.000 ,19.11
2022-12-07,12:10:00,  111.5 ,1176.,  319.0 ,1064.5,4854,Concentrado Primario L1,  24.270 ,  15.220 ,  0.056 ,  0.690 ,  29.540 ,29.97
2022-12-09,10:50:00,  109.5 ,1206.,  386.0 ,1096.5,4859,Rebose Hidrociclones L1,  2.648 ,  0.512 ,  0.003 ,  0.014 ,  0   ,35.20
2022-12-09,10:52:00,  110.0 ,966.,  213.5 ,856.,4861,Concentrado Colectivo,  31.110 ,  23.491 ,  0.057 ,  0.736 ,  11.160 ,24.94
2022-12-09,10:54:00,  109.0 ,1168.,  326.0 ,1059.,4860,Relave Final,2.089,0.045,0.000,0.005,0.000,30.78
2022-12-09,10:55:00,  109.0 ,1249.,  453.0 ,1140.,4862,Concentrado Primario L2,  27.500 ,  16.057 ,  0.036 ,  0.384 ,  25.100 ,39.74
2022-12-09,10:58:00,  110.0 ,1112.,  223.5 ,1002.,4863,Concentrado Primario L1,  24.790 ,  13.679 ,  0.036 ,  0.368 ,  30.680 ,22.31
2022-12-14,10:16:00,  109.0 ,1165.,  315.0 ,1056.,4879,Relave Final,2.068,0.049,0.000,0.002,0.000,29.83
2022-12-14,10:20:00,  109.5 ,1216.,  360.0 ,1106.5,4878,Rebose Hidrociclones L1,  2.459 ,  0.421 ,  0.003 ,  0.016 ,  0   ,32.54
2022-12-14,10:21:00,  110.0 ,1070.,  283.5 ,960.,4880,Concentrado Colectivo,  29.490 ,  24.331 ,  0.068 ,  1.030 ,  10.100 ,29.53
2022-12-14,10:23:00,  109.0 ,1219.,  362.0 ,1110.,4881,Concentrado Primario L2,  27.840 ,  16.188 ,  0.058 ,  0.670 ,  22.400 ,32.61
2022-12-14,10:25:00,  110.0 ,1192.,  310.5 ,1082.,4882,Concentrado Primario L1,  27.270 ,  14.201 ,  0.054 ,  0.620 ,  24.240 ,28.70
2022-12-19,12:22:00,  109.0 ,904.,  316.0 ,795.,4890,Concentrado Primario L2,  27.860 ,  12.116 ,  0.045 ,  0.420 ,  24.260 ,39.75
2022-12-19,12:23:00,  109.0 ,1242.,  388.5 ,1133.,4888,Relave Final,1.832,0.048,0.000,0.002,0.000,34.29
2022-12-19,12:25:00,  110.0 ,1179.5,  293.0 ,1069.5,4891,Concentrado Primario L1,  28.440 ,  13.208 ,  0.055 ,  0.530 ,  22.600 ,27.40
2022-12-19,12:29:00,  110.0 ,1136.,  181.5 ,1026.,4887,Rebose Hidrociclones L2,  2.591 ,  0.612 ,  0.003 ,  0.015 ,  0   ,17.69
2022-12-19,12:31:00,  110.0 ,1004.,  217.5 ,894.,4889,Concentrado Colectivo,  30.570 ,  24.726 ,  0.079 ,  0.900 ,  9.060 ,24.33
2022-12-21,11:26:00,  110.0 ,1260.,  410.5 ,1150.,4897,Relave Final,2.202,0.055,0.000,0.003,0.000,35.70
2022-12-21,11:29:00,  108.0 ,1327.5,  520.5 ,1219.5,4895,Rebose Hidrociclones L1,  2.635 ,  0.484 ,  0.005 ,  0.014 ,  0   ,42.68
2022-12-21,11:32:00,  109.0 ,1300.,  475.5 ,1191.,4896,Rebose Hidrociclones L2,  2.829 ,  0.598 ,  0.005 ,  0.017 ,  0   ,39.92
2022-12-21,11:33:00,  109.0 ,1019.,  236.0 ,910.,4898,Concentrado Colectivo,  28.180 ,  25.920 ,  0.112 ,  1.090 ,  11.780 ,25.93
2022-12-21,11:35:00,  109.5 ,1254.5,  447.5 ,1145.,4899,Concentrado Primario L2,  25.820 ,  17.880 ,  0.092 ,  0.660 ,  24.460 ,39.08
2022-12-21,11:37:00,  111.5 ,1269.,  403.0 ,1157.5,4900,Concentrado Primario L1,  27.900 ,  14.500 ,  0.092 ,  0.630 ,  23.660 ,34.82
2022-12-26,11:52:00,  108.0 ,1143.,  394.0 ,1035.,4905,Rebose Hidrociclones L1,  2.361 ,  0.394 ,  0.003 ,  0.023 ,  0   ,38.07
2022-12-26,11:53:00,  110.0 ,933.5,  230.0 ,823.5,4908,Concentrado Colectivo,  27.800 ,  23.970 ,  0.072 ,  1.350 ,  13.160 ,27.93
2022-12-26,11:55:00,  109.0 ,1134.,  338.0 ,1025.,4907,Relave Final,2.153,0.044,0.000,0.003,0.000,32.98
2022-12-26,11:57:00,  109.5 ,983.5,  101.5 ,874.,4910,Concentrado Primario L1,  21.590 ,  14.580 ,  0.046 ,  0.877 ,  34.240 ,11.61
2022-12-26,11:58:00,  110.0 ,1195.,  427.0 ,1085.,4906,Rebose Hidrociclones L2,  2.385 ,  0.518 ,  0.003 ,  0.027 ,  -   ,39.35
2022-12-26,12:00:00,  109.0 ,1176.5,  402.0 ,1067.5,4909,Concentrado Primario L2,  25.280 ,  16.480 ,  0.050 ,  0.920 ,  26.600 ,37.66
2022-12-28,09:52:00,  109.5 ,1160.,  312.0 ,1050.5,4918,Concentrado Primario L2,  23.140 ,  18.340 ,  0.176 ,  1.080 ,  27.020 ,29.70
2022-12-28,09:54:00,  112.0 ,1296.5,  474.5 ,1184.5,4914,Rebose Hidrociclones L1,  2.112 ,  0.478 ,  0.004 ,  0.032 ,  -   ,40.06
2022-12-28,09:56:00,  109.0 ,1015.,  230.5 ,906.,4917,Concentrado Colectivo,  26.840 ,  27.010 ,  0.261 ,  1.560 ,  10.520 ,25.44
2022-12-28,09:59:00,  109.0 ,1319.5,  516.5 ,1210.5,4915,Rebose Hidrociclones L2,  2.129 ,  0.568 ,  0.004 ,  0.037 ,  -   ,42.67
2022-12-28,10:01:00,  111.5 ,1086.,  172.5 ,974.5,4919,Concentrado Primario L1,  22.730 ,  17.150 ,  0.176 ,  1.030 ,  29.040 ,17.70
2022-12-28,10:02:00,  110.0 ,1226.,  346.5 ,1116.,4916,Relave Final,1.688,0.059,0.000,0.008,0.000,31.05
2023-01-02,11:44:00,  112.0 ,1225.,  384.0 ,1113.,4922,Rebose Hidrociclones L1,  2.650 ,  0.369 ,  0.006 ,  0.020 ,,34.50
2023-01-02,11:48:00,  110.0 ,1185.5,  339.0 ,1075.5,4924,Relave Final,2.424,0.050,0.000,0.005,0.000,31.52
2023-01-02,11:50:00,  111.5 ,902.5,  107.0 ,791.,4927,Concentrado Primario L1,  22.610 ,  13.930 ,  0.128 ,  0.798 ,  33.100 ,13.53
2023-01-02,11:53:00,  109.5 ,1238.5,  384.0 ,1129.,4926,Concentrado Primario L2,  26.660 ,  13.530 ,  0.122 ,  0.745 ,  25.900 ,34.01
2023-01-02,11:57:00,  109.0 ,983.5,  158.5 ,874.5,4925,Concentrado Colectivo,  30.110 ,  24.480 ,  0.204 ,  1.156 ,  8.680 ,18.12
2023-01-02,11:58:00,  109.0 ,1088.,  169.0 ,979.,4923,Rebose Hidrociclones L2,  3.367 ,  0.405 ,  0.006 ,  0.022 ,  -   ,17.26
2023-01-04,10:48:00,  109.0 ,1113.,  190.5 ,1004.,4932,Relave Final,3.295,0.053,0.000,0.006,0.000,18.97
2023-01-04,10:52:00,  108.0 ,1266.,  371.5 ,1158.,4931,Rebose Hidrociclones L1,  2.524 ,  0.312 ,  0.003 ,  0.030 ,  -   ,32.08
2023-01-04,10:54:00,  110.0 ,949.,  131.5 ,839.,4933,Concentrado Colectivo,  28.970 ,  22.390 ,  0.084 ,  2.248 ,  11.320 ,15.67
2023-01-09,11:03:00,  110.0 ,1013.,  241.0 ,903.,4939,Concentrado Colectivo,30.280,23.570,0.094,1.490,9.280,26.69
2023-01-09,11:10:00,  109.0 ,1240.5,  360.5 ,1131.5,4938,Relave Final,1.775,0.034,0.000,0.003,0.000,31.86
2023-01-09,11:14:00,  108.0 ,1157.5,  247.5 ,1049.5,4937,Rebose Hidrociclones L1,2.135,0.366,0.003,0.025,0.000,23.58
2023-01-11,15:19:00,  108.0 ,1306.,  466.0 ,1198.,4943,Rebose Hidrociclones L1,2.247,0.361,0.004,0.020,0.000,38.90
2023-01-11,15:22:00,  109.0 ,1180.,  260.0 ,1071.,4944,Relave Final,2.041,0.036,0.000,0.004,0.000,24.28
2023-01-11,15:24:00,  110.0 ,1056.,  293.0 ,946.,4945,Concentrado Colectivo,28.880,23.570,0.166,1.080,7.860,30.97
2023-01-11,15:25:00,  109.0 ,1251.5,454.0,1142.5,4946,Concentrado Primario L2,24.340,16.480,0.107,0.810,22.360,39.74
2023-01-16,22:08:00,  110.0 ,1198.,290.5,1088.,4956,Relave Final,2.762,0.032,0.000,0.002,0.000,26.70
2023-01-16,22:12:00,  109.0 ,931.,106.0,822.,4957,Concentrado Colectivo,31.250,22.600,0.159,0.924,6.620,12.90
2023-01-16,22:17:00,  110.0 ,1160.,221.5,1050.,4955,Rebose Hidrociclones L2,3.545,0.315,0.004,0.012,0.000,21.10
2023-01-16,22:24:00,  108.0 ,1249.,357.5,1141.,4954,Rebose Hidrociclones L1,3.378,0.302,0.004,0.011,0.000,31.33
2023-01-18,09:43:00,  110.0 ,1290.5,  432.0 ,1180.5,4963,Rebose Hidrociclones L2,3.632,0.300,0.005,0.016,0.000,36.59
2023-01-18,09:45:00,  110.0 ,1197.,  285.5 ,1087.,4964,Relave Final,3.276,0.039,0.000,0.003,0.000,26.26
2023-01-18,09:47:00,  109.0 ,969.,  149.5 ,860.,4965,Concentrado Colectivo,30.090,22.698,0.244,1.460,8.240,17.38
2023-01-18,09:49:00,  109.5 ,1225.,  407.5 ,1115.5,4966,Concentrado Primario L2,29.210,13.480,0.140,0.776,17.940,36.53
2023-01-23,10:41:00,  108.0 ,1269.5,  415.5 ,1161.5,4975,Rebose Hidrociclones L1,2.975,0.319,0.003,0.015,0.000,35.77
2023-01-23,10:43:00,  109.0 ,1304.,  462.5 ,1195.,4976,Rebose Hidrociclones L2,3.105,0.350,0.003,0.016,0.000,38.70
2023-01-23,10:46:00,  110.0 ,1197.,  289.0 ,1087.,4977,Relave Final,2.684,0.043,0.000,0.003,0.000,26.59
2023-01-23,10:48:00,  109.0 ,960.5,  146.5 ,851.5,4978,Concentrado Colectivo,30.890,25.873,0.129,1.200,5.360,17.20
2023-01-23,10:49:00,  109.0 ,1288.,  484.5 ,1179.,4979,Concentrado Primario L2,30.170,14.516,0.071,0.700,20.160,41.09
2023-01-25,10:41:00,  109.0 ,1189.5,  271.5 ,1080.5,4986,Relave Final,3.090,0.070,0.000,0.003,0.000,25.13
2023-01-25,10:43:00,  110.0 ,1316.5,  470.5 ,1206.5,4988,Concentrado Primario L2,31.440,17.479,0.111,0.542,17.120,39.00
2023-01-25,10:45:00,  110.0 ,984.,  130.0 ,874.,4987,Concentrado Colectivo,31.570,29.625,0.193,0.829,4.080,14.87
2023-01-25,10:51:00,  109.5 ,1244.,  350.0 ,1134.5,4984,Rebose Hidrociclones L1,3.560,0.449,0.006,0.013,0.000,30.85
2023-01-25,01:26:24,  110.0 ,1302.,  435.5 ,1192.,4985,Rebose Hidrociclones L2,3.525,0.545,0.006,0.015,0.000,36.54
2023-01-27,10:42:00,  108.0 ,1312.,  465.0 ,1204.,4989,Rebose Hidrociclones L1,3.019,0.345,0.004,0.016,0.000,38.62
2023-01-27,10:45:00,  109.0 ,1322.5,  490.5 ,1213.5,4990,Rebose Hidrociclones L2,2.786,0.512,0.005,0.020,0.000,40.42
2023-01-27,10:47:00,  110.0 ,1176.,  239.0 ,1066.,4991,Relave Final,2.640,0.044,0.000,0.004,0.000,22.42
2023-01-27,10:49:00,  109.0 ,1026.,  214.0 ,917.,4992,Concentrado Colectivo,32.880,21.923,0.162,0.969,8.680,23.34
2023-01-27,11:24:00,  109.0 ,902.,  222.0 ,793.,4993,Concentrado Primario L2,31.020,14.911,0.104,0.660,19.200,27.99
2023-01-30,11:42:00,  110.0 ,1312.5,  485.0 ,1202.5,4994,Rebose Hidrociclones L2,2.507,0.469,0.004,0.024,0.000,40.33
2023-01-30,11:51:00,  110.0 ,1049.,  268.0 ,939.,4995,Concentrado Colectivo,32.410,20.384,0.106,1.148,8.360,28.54
2023-01-30,11:52:00,  110.0 ,1329.,  513.5 ,1219.,4996,Concentrado Primario L2,32.040,10.290,0.052,0.559,19.800,42.12
2023-02-01,11:46:00,  112.5 ,1281.,  397.0 ,1168.5,5000,Rebose Hidrociclones L1,2.704,0.428,0.004,0.017,0.000,33.98
2023-02-01,11:49:00,  112.0 ,1176.,  232.5 ,1064.,5001,Rebose Hidrociclones L2,3.869,0.821,0.006,0.036,0.000,21.85
2023-02-01,11:51:00,  109.5 ,1169.5,  210.5 ,1060.,5002,Relave Final,3.261,0.055,0.000,0.002,0.000,19.86
2023-02-01,11:53:00,  111.0 ,1008.,  223.0 ,897.,5003,Concentrado Colectivo,31.550,19.969,0.105,0.990,10.800,24.86
2023-02-01,11:55:00,  109.5 ,1261.,  409.0 ,1151.5,5004,Concentrado Primario L2,31.340,13.969,0.076,0.597,17.800,35.52
2023-02-06,11:41:00,  109.0 ,1019.,  112.5 ,910.,5013,Relave Final,2.235,0.040,0.003,0.004,0.000,12.36
2023-02-06,11:43:00,  110.0 ,1206.,  393.5 ,1096.,5012,Rebose Hidrociclones L2,2.641,0.702,0.007,0.029,0.000,35.90
2023-02-06,11:47:00,  109.5 ,1174.5,  347.5 ,1065.,5011,Rebose Hidrociclones L1,2.456,0.376,0.005,0.019,0.000,32.63
2023-02-06,11:52:00,  110.0 ,961.5,  224.0 ,851.5,5014,Concentrado Colectivo,30.000,23.010,0.203,1.320,10.260,26.31
2023-02-08,11:25:00,  110.0 ,1167.,  233.5 ,1057.,5020,Relave Final,2.383,0.064,0.003,0.003,0.000,22.09
2023-02-08,11:27:00,  109.0 ,1121.5,  478.5 ,1012.5,5019,Rebose Hidrociclones L2,2.641,0.428,0.005,0.018,0.000,47.26
2023-02-08,11:31:00,  108.0 ,1114.,  440.0 ,1006.,5018,Rebose Hidrociclones L1,3.040,0.469,0.005,0.021,0.000,43.74
2023-02-08,11:32:00,  109.0 ,1036.,  209.5 ,927.,5021,Concentrado Colectivo,29.440,26.520,0.139,1.065,8.840,22.60
2023-02-08,11:43:00,  109.0 ,987.5,  402.0 ,878.5,5022,Concentrado Primario L2,24.790,16.920,0.098,0.715,26.200,45.76
2023-02-10,11:12:00,  109.5 ,1301.5,  141.0 ,1192.,5023,Rebose Hidrociclones L1,2.727,0.573,0.005,0.020,0.000,11.83
2023-02-10,11:14:00,  110.0 ,1319.,  152.5 ,1209.,5024,Rebose Hidrociclones L2,2.824,0.591,0.005,0.022,0.000,12.61
2023-02-10,11:17:00,  109.0 ,1159.5,  255.0 ,1050.5,5025,Relave Final,2.402,0.074,0.002,0.002,0.000,24.27
2023-02-10,11:19:00,  110.0 ,1020.5,  252.0 ,910.5,5026,Concentrado Colectivo,28.710,25.070,0.125,1.263,11.560,27.68
2023-02-10,11:29:00,  110.0 ,1232.,  194.5 ,1122.,5027,Concentrado Primario L2,23.760,12.040,0.071,0.600,34.160,17.34
2023-02-13,11:16:00,  110.0 ,1159.,  271.0 ,1049.,5033,Relave Final,3.402,0.071,0.002,0.003,0.000,25.83
2023-02-13,11:22:00,  108.0 ,1229.5,  399.0 ,1121.5,5031,Rebose Hidrociclones L1,3.476,0.443,0.005,0.015,0.000,35.58
2023-02-13,11:25:00,  109.0 ,1234.,  428.5 ,1125.,5032,Rebose Hidrociclones L2,3.252,0.474,0.004,0.015,0.000,38.09
2023-02-13,11:47:00,  111.5 ,1234.5,  399.0 ,1123.,5034,Concentrado Primario L2,26.040,15.670,0.000,0.601,25.460,35.53
2023-02-15,15:33:00,  110.0 ,1153.5,  270.5 ,1043.5,5040,Relave Final,2.934,0.054,0.000,0.001,0.000,25.92
2023-02-15,15:36:00,  108.0 ,1250.,  420.5 ,1142.,5038,Rebose Hidrociclones L1,3.310,0.448,0.008,0.006,0.000,36.82
2023-02-15,15:39:00,  109.0 ,1242.,  403.5 ,1133.,5039,Rebose Hidrociclones L2,3.342,0.580,0.009,0.008,0.000,35.61
2023-02-15,15:41:00,  109.0 ,1127.,  390.5 ,1018.,5041,Concentrado Colectivo,28.740,22.370,0.267,0.489,13.840,38.36
2023-02-15,15:42:00,  109.0 ,1234.5,  402.5 ,1125.5,5042,Concentrado Primario L2,25.190,13.980,0.161,0.261,29.400,35.76
2023-02-17,10:49:00,  110.0 ,1209.5,  276.0 ,1099.5,5047,Relave Final,3.065,0.048,0.000,0.002,0.000,25.10
2023-02-17,10:51:00,  109.0 ,1276.,  397.5 ,1167.,5046,Rebose Hidrociclones L2,3.643,0.563,0.006,0.013,0.000,34.06
2023-02-17,10:53:00,  109.0 ,1015.5,  208.0 ,906.5,5048,Concentrado Colectivo,29.990,22.770,0.186,0.628,10.340,22.95
2023-02-17,10:55:00,  109.0 ,1255.,  406.5 ,1146.,5049,Concentrado Primario L2,27.110,14.080,0.109,0.394,25.220,35.47
2023-02-17,10:59:00,  108.0 ,1236.5,  348.5 ,1128.5,5045,Rebose Hidrociclones L1,3.495,0.411,0.005,0.012,0.000,30.88
2023-02-20,11:34:00,  108.0 ,1289.,  434.0 ,1181.,5052,Rebose Hidrociclones L1,3.637,0.353,0.010,0.004,0.000,36.75
2023-02-20,11:36:00,  110.0 ,1242.,  333.0 ,1132.,5053,Relave Final,3.419,0.040,0.000,0.001,0.000,29.42
2023-02-20,11:38:00,  109.0 ,1015.,  214.0 ,906.,5054,Concentrado Colectivo,28.870,24.470,0.392,0.310,8.960,23.62
2023-02-20,11:40:00,  109.0 ,1250.5,  402.5 ,1141.5,5055,Concentrado Primario L2,25.750,13.280,0.264,0.181,26.020,35.26
2023-02-22,10:31:00,  110.0 ,1204.5,  322.5 ,1094.5,5058,Relave Final,2.986,0.041,0.000,0.002,0.000,29.47
2023-02-22,10:34:00,  108.0 ,1243.5,  412.5 ,1135.5,5056,Rebose Hidrociclones L1,3.210,0.361,0.006,0.007,0.000,36.33
2023-02-22,10:37:00,  109.0 ,1281.5,  441.5 ,1172.5,5057,Rebose Hidrociclones L2,3.253,0.401,0.007,0.008,0.000,37.65
2023-02-22,10:38:00,  109.0 ,1209.,  380.0 ,1100.,5060,Concentrado Primario L2,27.640,14.580,0.175,0.326,21.860,34.55
2023-02-22,10:49:00,  109.0 ,976.,  178.5 ,867.,5059,Concentrado Colectivo,29.710,25.170,0.306,0.504,6.860,20.59
2023-02-24,11:17:00,  110.0 ,1205.5,  287.0 ,1095.5,5065,Relave Final,4.082,0.044,0.000,0.002,0.000,26.20
2023-02-24,11:23:00,  109.0 ,999.5,  176.5 ,890.5,5066,Concentrado Colectivo,29.000,22.970,0.802,1.111,10.860,19.82
2023-02-24,11:25:00,  109.0 ,1251.5,  432.0 ,1142.5,5067,Concentrado Primario L2,27.640,11.890,0.467,0.542,24.680,37.81
2023-02-24,11:25:00,  108.0 ,1152.5,  199.5 ,1044.5,5063,Rebose Hidrociclones L1,4.655,0.377,0.017,0.013,0.000,19.10
2023-02-24,11:27:00,  109.0 ,1302.,  443.5 ,1193.,5064,Rebose Hidrociclones L2,4.161,0.429,0.017,0.015,0.000,37.18
2023-02-27,18:15:00,  109.0 ,1278.5,  417.5 ,1169.5,5073,Relave Final,3.209,0.051,0.000,0.003,0.000,35.70
2023-02-27,18:18:00,  109.5 ,1318.5,  446.5 ,1209.,5071,Rebose Hidrociclones L1,3.816,0.368,0.016,0.016,0.000,36.93
2023-02-27,18:20:00,  110.0 ,1336.5,  489.0 ,1226.5,5072,Rebose Hidrociclones L2,3.882,0.391,0.017,0.018,0.000,39.87
2023-02-27,18:23:00,  110.0 ,1299.5,  467.5 ,1189.5,5075,Concentrado Primario L2,28.320,14.630,0.227,0.688,10.300,39.30
2023-02-27,18:25:00,  111.0 ,1115.,  332.0 ,1004.,5074,Concentrado Colectivo,30.920,20.400,0.286,0.974,10.180,33.07
2023-03-01,10:48:00,  110.0 ,1222.5,  300.5 ,1112.5,5077,Relave Final,3.514,0.074,0.000,0.004,0.000,27.01
2023-03-01,10:50:00,  109.0 ,1336.,  498.0 ,1227.,5076,Rebose Hidrociclones L2,3.128,0.417,0.520,0.016,0.000,40.59
2023-03-01,10:52:00,  109.0 ,815.5,  553.5 ,706.5,5079,Concentrado Primario L2,27.530,9.650,0.246,0.415,19.960,78.34
2023-03-01,11:58:00,  109.0 ,1362.,  123.5 ,1253.,5078,Concentrado Colectivo,30.370,24.380,0.248,1.022,6.300,9.86
2023-03-03,10:29:00,  109.0 ,1066.5,  252.0 ,957.5,5085,Concentrado Colectivo,30.720,23.880,0.303,0.670,8.280,26.32
2023-03-03,10:30:00,  109.0 ,1115.5,  100.0 ,1006.5,5083,Rebose Hidrociclones L2,7.888,0.582,0.011,0.012,,9.94
2023-03-03,10:32:00,  109.0 ,1169.5,  247.5 ,1060.5,5086,Concentrado Primario L2,31.500,8.960,0.135,0.241,21.980,23.34
2023-03-03,10:33:00,  110.0 ,1220.5,  251.5 ,1110.5,5084,Relave Final,4.368,0.049,,0.002,,22.65
2023-03-03,10:35:00,  108.0 ,1102.5,  84.5 ,994.5,5082,Rebose Hidrociclones L2,8.760,0.382,0.011,0.009,,8.50
2023-03-06,12:17:00,  110.0 ,1159.5,  172.5 ,1049.5,5092,Relave Final,4.926,0.037,,0.002,,16.44
2023-03-06,12:20:00,  109.0 ,1303.5,  419.5 ,1194.5,5091,Rebose Hidrociclones L2,3.017,0.449,0.009,0.009,,35.12
2023-03-06,12:25:00,  109.0 ,952.,  103.0 ,843.,5093,Concentrado Colectivo,32.770,25.170,0.377,0.395,6.260,12.22
2023-03-06,12:31:00,  109.0 ,1155.5,  249.5 ,1046.5,5094,Concentrado Primario L2,28.400,15.920,0.213,0.314,21.060,23.84
2023-03-06,12:36:00,  108.0 ,1266.5,  372.0 ,1158.5,5090,Rebose Hidrociclones L1,2.946,0.423,0.008,0.009,,32.11
2023-03-08,11:22:00,  110.0 ,1192.,  331.5 ,1082.,5100,Relave Final,2.701,0.044,,0.002,,30.64
2023-03-08,11:25:00,  109.0 ,1247.5,  420.5 ,1138.5,5099,Rebose Hidrociclones L2,3.219,0.412,0.007,0.011,,36.93
2023-03-08,11:28:00,  108.0 ,1249.,  422.0 ,1141.,5098,Rebose Hidrociclones L1,3.088,0.376,0.006,0.011,,36.99
2023-03-08,11:30:00,  109.0 ,1282.,  436.0 ,1173.,5102,Concentrado Primario L2,26.730,14.030,0.167,0.442,23.820,37.17
2023-03-08,11:32:00,  109.0 ,987.,  170.0 ,878.,5101,Concentrado Colectivo,28.720,23.320,0.251,0.800,9.720,19.36
2023-03-13,12:20:00,  111.5 ,1237.5,  440.0 ,1126.,5104,Rebose Hidrociclones L2,3.875,0.387,0.012,0.012,,39.08
2023-03-13,12:22:00,  109.0 ,1072.5,  329.5 ,963.5,5105,Concentrado Colectivo,30.030,22.860,0.355,0.722,10.100,34.20
2023-03-13,12:24:00,  109.0 ,1013.,  329.0 ,904.,5106,Concentrado Primario L2,27.100,13.490,0.274,0.464,24.820,36.39
2023-03-13,12:34:00,  108.0 ,1129.5,  375.0 ,1021.5,5103,Rebose Hidrociclones L1,2.969,0.342,0.010,0.012,,36.71
2023-03-15,11:08:00,  110.0 ,1116.,  204.0 ,1006.,5112,Relave Final,2.590,0.050,0.002,0.004,,20.28
2023-03-15,11:11:00,  108.0 ,1192.,  305.5 ,1084.,5110,Rebose Hidrociclones L2,3.164,0.364,0.005,0.022,,28.18
2023-03-15,11:14:00,  111.5 ,1280.5,  482.0 ,1169.,5111,Rebose Hidrociclones L1,2.842,0.506,0.004,0.026,,41.23
2023-03-15,11:16:00,  109.0 ,1218.,  407.0 ,1109.,5114,Concentrado Primario L2,24.180,16.140,0.083,0.931,27.400,36.70
2023-03-15,12:22:00,  109.0 ,1000.,  252.5 ,891.,5113,Concentrado Colectivo,28.170,25.020,0.122,1.330,11.480,28.34
2023-03-17,17:15:00,,,,0.,,,,,,,,#DIV/0!
2023-03-17,17:17:00,  109.5 ,698.,  243.0 ,588.5,5084,Concentrado Primario L2,27.390,16.180,0.085,0.690,21.200,41.29
2023-03-17,17:18:00,  110.0 ,1247.,  417.0 ,1137.,5081,Rebose Hidrociclones L2,2.777,0.539,0.005,0.022,,36.68
2023-03-17,17:20:00,  110.0 ,1034.,  231.0 ,924.,5083,Concentrado Colectivo,28.920,26.370,0.153,1.070,7.820,25.00
2023-03-17,17:22:00,  109.0 ,1164.,  320.0 ,1055.,5082,Relave Final,2.574,0.052,,0.003,,30.33
2023-03-22,16:43:00,  109.0 ,832.5,  195.0 ,723.5,5129,Concentrado Colectivo,31.560,23.440,0.144,1.336,6.900,26.95
2023-03-22,16:44:00,  109.0 ,1069.,  88.0 ,960.,5128,Relave Final,6.437,0.061,0.004,0.004,,9.17
2023-03-22,16:48:00,  108.0 ,1181.,  294.0 ,1073.,5126,Rebose Hidrociclones L2,2.302,0.433,0.005,0.019,,27.40
2023-03-22,16:54:00,  111.5 ,1237.,  400.0 ,1125.5,5130,Concentrado Primario L2,30.390,11.120,0.110,0.646,22.080,35.54
2023-03-22,17:28:00,  110.0 ,1238.,  403.0 ,1128.,5127,Rebose Hidrociclones L1,2.618,0.407,0.005,0.017,,35.73
2023-03-24,12:26:00,  108.0 ,937.5,  286.0 ,829.5,5135,Rebose Hidrociclones L1,3.751,0.458,0.007,0.011,,34.48
2023-03-24,12:31:00,  109.0 ,968.,  236.5 ,859.,5136,Relave Final,3.144,0.063,0.003,0.003,,27.53
2023-03-24,12:33:00,  109.0 ,897.,  211.5 ,788.,5137,Concentrado Colectivo,33.420,22.123,0.186,0.536,5.480,26.84
2023-03-24,12:35:00,  111.5 ,1169.5,  427.0 ,1058.,5138,Concentrado Primario L1,33.400,9.489,0.104,0.271,18.840,40.36
2023-03-27,11:05:00,  110.0 ,1144.5,  236.5 ,1034.5,5144,Relave Final,2.545,0.062,0.002,0.003,,22.86
2023-03-27,11:07:00,  110.0 ,1046.5,  267.0 ,936.5,5145,Concentrado Colectivo,32.310,22.373,,0.811,7.220,28.51
2023-03-27,11:09:00,  110.0 ,1292.,  472.5 ,1182.,5143,Rebose Hidrociclones L1,3.243,0.445,0.006,0.011,,39.97
2023-03-27,11:21:00,  109.5 ,1102.,  136.5 ,992.5,5142,Rebose Hidrociclones L2,5.973,0.335,0.006,0.011,,13.75
2023-03-29,11:27:00,  109.0 ,1194.,  315.5 ,1085.,5148,Relave Final,2.645,0.053,0.002,0.021,,29.08
2023-03-29,11:30:00,  110.0 ,1285.5,  454.5 ,1175.5,5147,Rebose Hidrociclones L2,3.646,0.387,0.007,0.010,,38.66
2023-03-29,11:33:00,  108.0 ,1276.,  436.5 ,1168.,5146,Rebose Hidrociclones L1,3.549,0.358,0.005,0.011,,37.37
2023-03-29,11:35:00,  109.0 ,1040.,  252.5 ,931.,5149,Concentrado Colectivo,30.240,24.680,0.219,0.774,6.000,27.12
2023-04-10,12:19:00,  109.5 ,1293.5,  433.5 ,1184.,,,,,,,,36.61
2023-04-10,12:21:00,  110.0 ,1243.5,  384.0 ,1133.5,,,,,,,,33.88
2023-04-10,12:23:00,  110.0 ,995.5,  160.5 ,885.5,,,,,,,,18.13
2023-04-10,12:25:00,  109.0 ,987.5,  26.0 ,878.5,,,,,,,,2.96
2023-04-10,12:28:00,  111.5 ,1012.,  60.0 ,900.5,,,,,,,,6.66
2023-04-14,10:55:00,110,1230.,  318.0 ,1120.,5159,Relave Final,2.924,0.060,0.004,0.005,0.000,28.39
2023-04-14,10:57:00,  110.0 ,1017.,  200.0 ,907.,5160,Concentrado Colectivo,29.860,25.180,0.177,1.440,9.440,22.05
2023-04-14,10:58:00,  109.0 ,996.,  57.0 ,887.,5161,Concentrado Primario L2,27.590,20.230,0.152,1.032,18.560,6.43
2023-04-14,11:01:00,  111.5 ,1132.5,  213.5 ,1021.,5162,Concentrado Primario L1,26.260,13.850,0.000,0.853,27.800,20.91
2023-04-14,11:26:00,  109.5 ,1324.,  441.5 ,1214.5,5158,Rebose Hidrociclones L1,3.640,0.510,0.008,0.027,0.000,36.35
2023-04-17,16:01:00,  108.0 ,1325.,  492.0 ,1217.,5166,Rebose Hidrociclones L1,1.960,0.420,0.007,0.028,84.350,40.43
2023-04-17,16:07:00,  109.5 ,1221.5,  310.5 ,1112.,5167,Relave Final,1.220,0.073,0.002,0.008,85.950,27.92
2023-04-17,16:09:00,  111.0 ,1030.,  106.0 ,919.,5170,Concentrado Primario L1,25.040,15.224,0.000,0.760,27.480,11.53
2023-04-17,16:11:00,  109.5 ,1007.,  81.5 ,897.5,5169,Concentrado Primario L2,25.560,17.510,0.115,0.800,24.140,9.08
2023-04-17,16:13:00,  109.0 ,994.5,  179.5 ,885.5,5168,Concentrado Colectivo,25.240,27.560,0.149,1.510,8.020,20.27
2023-04-19,10:34:00,  109.5 ,1191.5,  290.0 ,1082.,5174,Rebose Hidrociclones L1,3.792,0.293,0.005,0.012,80.910,26.80
2023-04-19,10:36:00,  100.0 ,972.,  156.0 ,872.,5176,Concentrado Colectivo,30.240,24.780,0.200,1.110,6.500,17.89
2023-04-19,10:37:00,  109.0 ,1009.,  70.0 ,900.,5177,Concentrado Primario L2,30.470,10.350,0.097,0.350,20.800,7.78
2023-04-19,10:40:00,  111.5 ,993.,  60.0 ,881.5,5178,Concentrado Primario L1,29.160,6.965,0.000,0.288,26.780,6.81
2023-04-19,11:09:00,  110.0 ,1056.,  106.5 ,946.,5175,Relave Final,4.541,0.042,0.003,0.005,78.640,11.26
2023-04-21,10:41:00,  109.0 ,1178.,  303.5 ,1069.,5180,Relave Final,2.967,0.056,0.004,0.003,82.360,28.39
2023-04-21,10:44:00,  108.0 ,1279.5,  415.0 ,1171.5,5179,Rebose Hidrociclones L1,3.443,0.338,0.006,0.016,81.280,35.42
2023-04-21,10:46:00,  109.0 ,998.5,  232.0 ,889.5,5181,Concentrado Colectivo,30.700,27.960,0.292,1.470,4.880,26.08
2023-04-21,10:47:00,  109.5 ,1081.,  138.0 ,971.5,5182,Concentrado Primario L2,30.840,16.020,0.115,0.800,16.300,14.20
2023-04-21,10:50:00,  111.0 ,983.5,  55.0 ,872.5,5183,Concentrado Primario L1,29.070,13.831,0.000,0.784,22.460,6.30
2023-04-24,12:24:00,  110.0 ,1246.5,  288.5 ,1136.5,5189,Relave Final,2.374,0.052,0.003,0.004,83.340,25.38
2023-04-24,12:28:00,  109.5 ,1311.,  426.5 ,1201.5,5188,Rebose Hidrociclones L1,2.864,0.381,0.004,0.019,82.080,35.50
2023-04-24,12:29:00,  110.0 ,1053.,  270.0 ,943.,5190,Concentrado Colectivo,31.610,23.980,0.094,1.230,6.480,28.63
2023-04-24,12:31:00,  111.5 ,1070.,  151.0 ,958.5,5191,Concentrado Primario L2,30.570,12.140,0.055,0.780,20.220,15.75
2023-04-24,12:33:00,  109.0 ,1052.,  175.0 ,943.,5192,Concentrado Primario L1,33.620,11.443,0.000,0.700,15.040,18.56
2023-04-26,11:59:00,  109.0 ,1191.,  269.5 ,1082.,5198,Relave Final,2.455,0.049,0.000,0.003,82.870,24.91
2023-04-26,12:03:00,  109.5 ,1318.,  456.0 ,1208.5,5196,Rebose Hidrociclones L1,2.917,0.417,0.005,0.018,81.700,37.73
2023-04-26,12:08:00,  109.5 ,1050.5,  143.5 ,941.,5200,Concentrado Primario L2,30.570,12.980,0.075,0.698,19.360,15.25
2023-04-26,12:11:00,  111.0 ,1091.,  212.5 ,980.,5201,Concentrado Primario L1,32.030,12.580,0.078,0.680,17.340,21.68
2023-04-26,12:12:00,  110.0 ,1057.,  284.0 ,947.,5199,Concentrado Colectivo,30.710,23.820,0.137,1.210,9.180,29.99
2023-04-26,12:20:00,  110.0 ,1358.5,  500.0 ,1248.5,5197,Rebose Hidrociclones L2,2.871,0.365,0.004,0.019,81.840,40.05
2023-04-28,10:53:00,  110.0 ,1124.5,  167.0 ,1014.5,5206,Relave Final,1.972,0.051,0.000,0.004,83.880,16.46
2023-04-28,10:55:00,  109.0 ,1044.5,  232.5 ,935.5,5207,Concentrado Colectivo,30.920,25.370,0.203,1.610,6.000,24.85
2023-04-28,11:08:00,  111.5 ,1272.5,  439.5 ,1161.,5208,Concentrado Primario L1,27.950,9.390,0.094,0.561,29.160,37.86
2023-05-03,11:16:00,  109.0 ,1297.,  454.0 ,1188.,5219,Concentrado Primario L2,26.070,13.780,0.072,0.404,26.040,38.22
2023-05-03,11:18:00,  111.5 ,1350.,  497.5 ,1238.5,5220,Concentrado Primario L1,25.460,11.890,0.071,0.399,28.720,40.17
2023-05-03,11:20:00,  110.0 ,762.5,  26.5 ,652.5,5218,Concentrado Colectivo,30.370,23.170,0.129,0.811,7.120,4.06
2023-05-03,11:21:00,  109.0 ,1236.,  404.5 ,1127.,5217,Relave Final,2.907,0.082,0.000,0.002,82.800,35.89
2023-05-03,11:24:00,  108.0 ,1266.5,  460.5 ,1158.5,5216,Rebose Hidrociclones L1,3.195,0.456,0.005,0.013,81.760,39.75
2023-05-10,11:52:00,  109.0 ,1129.5,  280.0 ,1020.5,5230,Relave Final ,2.869,0.061,0.002,0.004,0.000,27.44
2023-05-10,11:54:00,  112.0 ,1238.,  444.5 ,1126.,5229,Rebose Hidrociclones L2,3.118,0.318,0.005,0.014,0.000,39.48
2023-05-10,11:58:00,  109.5 ,1172.,  323.0 ,1062.5,5228,Rebose Hidrociclones L1,3.421,0.329,0.005,0.015,0.000,30.40
2023-05-10,11:59:00,  110.0 ,1028.5,  277.5 ,918.5,5231,Concentrado Colectivo,30.910,25.620,0.292,1.260,5.400,30.21
2023-05-10,12:01:00,  109.5 ,1209.,  369.5 ,1099.5,5232,Concentrado Primario L2,28.360,11.130,0.125,0.500,23.280,33.61
2023-05-10,12:03:00,  111.0 ,1199.,  413.0 ,1088.,5233,Concentrado Primario L1,28.010,9.074,0.113,0.437,26.360,37.96
2023-05-12,12:26:00,  108.0 ,1192.,  355.5 ,1084.,5237,Rebose Hidrociclones L1,2.777,0.423,0.004,0.036,0.000,32.80
2023-05-12,12:29:00,  108.5 ,1155.5,  300.0 ,1047.,5238,Relave Final ,2.395,0.051,0.002,0.006,0.000,28.65
2023-05-12,12:30:00,  109.0 ,1231.,  391.5 ,1122.,5240,Concentrado Primario L2,28.430,14.180,0.062,1.050,22.900,34.89
2023-05-12,12:33:00,  111.5 ,976.,  182.0 ,864.5,5239,Concentrado Colectivo,29.990,24.870,0.141,1.850,6.540,21.05
2023-05-17,10:38:00,  111.0 ,917.,  229.5 ,806.,5253,Relave Final ,2.843,0.048,0.002,0.007,0.000,28.47
2023-05-17,10:39:00,  110.0 ,616.5,  109.0 ,506.5,5254,Concentrado Colectivo,29.680,20.970,0.156,2.411,10.160,21.52
2023-05-17,10:46:00,  110.0 ,1719.5,  433.0 ,1609.5,5255,Concentrado Primario L2,26.220,12.980,0.100,1.254,26.520,26.90
2023-05-17,11:15:00,  110.5 ,1075.5,  367.0 ,965.,5252,Rebose Hidrociclones L1,3.089,0.361,0.005,0.030,0.000,38.03
2023-05-22,11:29:00,  112.0 ,1217.,  355.0 ,1105.,5263,Concentrado Primario L1,27.440,8.190,0.064,0.483,29.220,32.13
2023-05-22,11:30:00,  110.0 ,973.,  145.5 ,863.,5261,Concentrado Colectivo,31.490,21.170,0.133,1.324,7.760,16.86
2023-05-22,11:32:00,  109.0 ,1097.5,  200.0 ,988.5,5260,Relave Final,2.734,0.068,0.000,0.003,82.610,20.23
2023-05-22,11:33:00,  109.5 ,1187.,  310.0 ,1077.5,5262,Concentrado Primario L2,28.110,11.990,0.075,0.633,23.620,28.77
2023-05-22,11:39:00,  109.5 ,1211.,  346.0 ,1101.5,5259,Rebose Hidrociclones L1,3.017,0.370,0.005,0.015,80.870,31.41
2023-05-24,16:54:00,  110.0 ,1186.,  525.5 ,1076.,5271,Concentrado Primario L1,27.900,13.030,0.085,0.739,25.080,48.84
2023-05-24,16:56:00,  112.5 ,1238.5,  385.0 ,1126.,5267,Rebose Hidrociclones L1,2.471,0.387,0.005,0.019,86.820,34.19
2023-05-24,17:25:00,  110.0 ,1194.5,  377.0 ,1084.5,5270,Concentrado Primario L2,27.650,14.730,0.085,0.735,22.740,34.76
2023-05-24,17:26:00,  110.0 ,942.5,  215.5 ,832.5,5269,Concentrado Colectivo,30.630,24.880,0.142,1.326,6.600,25.89
2023-05-24,17:28:00,  110.5 ,1126.,  237.5 ,1015.5,5268,Relave Final,2.271,0.085,0.000,0.005,86.500,23.39
2023-05-26,11:11:00,  109.5 ,1189.5,  415.0 ,1080.,5275,Rebose Hidrociclones L1,2.390,0.419,0.005,0.016,84.780,38.43
2023-05-26,11:14:00,  109.0 ,1094.5,  215.5 ,985.5,5276,Relave Final,2.074,0.055,0.000,0.003,85.150,21.87
2023-05-26,11:15:00,  110.0 ,922.5,  204.0 ,812.5,5277,Concentrado Colectivo,30.100,23.980,0.204,1.197,7.760,25.11
2023-05-26,11:17:00,  109.5 ,1162.5,  371.0 ,1053.,5278,Concentrado Primario L2,25.020,13.930,0.116,0.596,27.100,35.23
2023-05-26,11:20:00,  110.0 ,1206.,  405.5 ,1096.,5279,Concentrado Primario L1,25.580,14.530,0.122,0.623,25.660,37.00
2023-05-31,11:59:00,  109.0 ,1116.,  228.0 ,1007.,5288,Relave Final,3.297,0.069,0.000,0.004,83.470,22.64
2023-05-31,12:01:00,  110.0 ,965.5,  186.5 ,855.5,5289,Concentrado Colectivo,30.120,25.470,0.131,0.943,7.420,21.80
2023-05-31,12:03:00,  108.0 ,1126.,  328.0 ,1018.,5286,Rebose Hidrociclones L1,3.878,0.483,0.004,0.017,81.580,32.22
2023-05-31,12:05:00,  109.5 ,1269.5,  450.0 ,1160.,5290,Concentrado Primario L2,27.180,15.820,0.081,0.527,23.740,38.79
2023-05-31,12:06:00,  110.0 ,1277.,  468.5 ,1167.,5287,Rebose Hidrociclones L2,3.402,0.443,0.004,0.016,82.380,40.15
2023-05-31,12:08:00,  112.0 ,1232.5,  96.0 ,1120.5,5291,Concentrado Primario L1,30.110,11.642,0.062,0.403,20.560,8.57
2023-06-02,10:20:00,  109.0 ,1046.,  207.5 ,937.,5296,Relave Final,3.684,0.036,0.000,0.003,82.250,22.15
2023-06-02,10:21:00,  110.0 ,914.,  137.5 ,804.,5297,Concentrado Colectivo,29.500,22.390,0.373,1.281,10.400,17.10
2023-06-02,10:24:00,  109.5 ,1209.5,  396.5 ,1100.,5298,Concentrado Primario L2,25.620,13.330,0.195,0.587,27.780,36.05
2023-06-02,10:27:00,  108.0 ,1230.,  362.0 ,1122.,5294,Rebose Hidrociclones L1,4.230,0.345,0.007,0.013,82.280,32.26
2023-06-02,10:51:00,  110.0 ,1245.5,  375.5 ,1135.5,5295,Rebose Hidrociclones L2,3.991,0.230,0.006,0.011,81.790,33.07
2023-06-05,10:32:00,  110.5 ,1140.5,  244.0 ,1030.,5300,Relave Final,2.664,0.061,0.002,0.003,82.590,23.69
2023-06-05,10:36:00,  110.5 ,1102.,  292.5 ,991.5,5299,Rebose Hidrociclones L1,3.126,0.349,0.006,0.014,80.690,29.50
2023-06-05,10:37:00,  111.0 ,1213.,  346.5 ,1102.,5302,Concentrado Primario L2,24.950,12.890,0.108,0.578,28.720,31.44
2023-06-05,10:41:00,  110.5 ,1165.,  306.0 ,1054.5,5303,Concentrado Primario L1,20.060,7.330,0.076,0.449,43.520,29.02
2023-06-05,10:42:00,  111.0 ,934.5,  212.5 ,823.5,5301,Concentrado Colectivo,29.910,22.400,0.000,1.104,9.280,25.80
2023-06-07,12:09:00,  111.0 ,1223.5,  409.0 ,1112.5,5308,Concentrado Primario L2,26.240,13.780,0.108,0.676,28.700,36.76
2023-06-07,12:11:00,  110.5 ,1069.,  356.0 ,958.5,5305,Rebose Hidrociclones L1,2.917,0.407,0.005,0.021,82.310,37.14
2023-06-07,12:13:00,  110.5 ,1156.,  376.5 ,1045.5,5309,Concentrado Primario L1,24.450,12.790,0.110,0.684,28.500,36.01
2023-06-07,12:14:00,  110.5 ,1059.,  245.5 ,948.5,5306,Relave Final,2.630,0.077,0.000,0.005,83.090,25.88
2023-06-07,12:16:00,  111.0 ,937.,  188.5 ,826.,5307,Concentrado Colectivo,28.530,22.700,0.170,1.342,11.000,22.82
2023-06-14,16:44:00,  109.0 ,609.,  191.5 ,500.,5310,Relave Final,3.289,0.042,0.000,0.002,81.820,38.30
2023-06-14,16:45:00,  111.5 ,444.,  113.0 ,332.5,5311,Concentrado Colectivo,28.780,20.700,0.121,0.711,10.520,33.98
2023-06-14,16:56:00,  109.0 ,1853.,  409.5 ,1744.,5312,Concentrado Primario L2,23.530,12.840,0.077,0.526,29.680,23.48
2023-06-14,16:59:00,  111.5 ,1900.,  426.5 ,1788.5,5313,Concentrado Primario L1,21.320,10.450,0.070,0.396,36.260,23.85
2023-06-14,17:10:00,  108.0 ,800.,  311.5 ,692.,5309,Rebose Hidrociclones L1,2.732,0.413,0.004,0.012,81.180,45.01
2023-06-19,11:12:00,  109.0 ,1123.,  265.5 ,1014.,5320,Relave Final,3.230,0.054,0.000,0.001,82.050,26.18
2023-06-19,11:18:00,  108.0 ,1106.,  226.0 ,998.,5318,Rebose Hidrociclones L1,3.857,0.333,0.007,0.004,80.530,22.65
2023-06-19,11:19:00,  111.5 ,776.,  135.0 ,664.5,5321,Concentrado Colectivo,30.700,20.300,0.263,0.379,7.600,20.32
2023-06-19,11:25:00,  111.5 ,1229.,  389.0 ,1117.5,5322,Concentrado Primario L1,29.500,10.150,0.151,0.185,18.500,34.81
2023-06-19,11:26:00,  110.0 ,1234.,  453.5 ,1124.,5319,Rebose Hidrociclones L2,3.566,0.300,0.007,0.004,81.310,40.35
2023-06-26,11:20:00,  109.0 ,1111.5,  246.5 ,1002.5,5329,Relave Final,2.079,0.054,0.000,0.002,0.000,24.59
2023-06-26,11:22:00,  110.0 ,1217.,  441.0 ,1107.,5328,Rebose Hidrociclones L2,2.759,0.389,0.005,0.009,,39.84
2023-06-26,11:24:00,  111.5 ,1105.5,  404.0 ,994.,5332,Concentrado Primario L1,27.770,14.180,0.146,0.298,,40.64
2023-06-26,11:26:00,  109.0 ,1220.5,  410.5 ,1111.5,5331,Concentrado Primario L1,28.060,13.680,0.141,0.286,,36.93
2023-06-26,11:28:00,  111.5 ,1011.5,  340.0 ,900.,5330,Concentrado Colectivo,30.720,23.070,0.247,0.485,,37.78
2023-06-26,11:30:00,  108.0 ,1196.,  384.5 ,1088.,5327,Rebose Hidrociclones L1,2.808,0.415,0.006,0.009,0.000,35.34
2023-07-13,16:59:00,  108.5 ,988.,  99.5 ,879.5,5339,Cola Scavenger L1,15.780,0.437,,0.014,,11.31
2023-07-13,17:02:00,  108.5 ,986.,  96.0 ,877.5,5340,Cola Scavenger L2,15.430,0.315,,0.010,,10.94
2023-07-14,11:56:00,  110.5 ,985.,  85.5 ,874.5,5344,Cola Scavenger L1,16.400,0.362,,0.018,,9.78
2023-07-14,11:59:00,  109.5 ,1002.5,  93.0 ,893.,5345,Cola Scavenger L2,16.270,0.327,,0.014,,10.41
2023-07-14,12:02:00,  109.0 ,953.5,  209.5 ,844.5,5343,Relave Final,2.538,0.061,0.000,0.002,0.000,24.81
2023-07-14,12:05:00,  110.5 ,1022.5,  318.5 ,912.,5341,Rebose Hidrociclones L1,2.968,0.434,0.004,0.012,0.000,34.92
2023-07-14,12:08:00,  110.5 ,907.5,  134.5 ,797.,5342,Rebose Hidrociclones L2,2.971,0.359,0.004,0.009,,16.88
2023-07-14,12:10:00,  110.0 ,1020.5,  317.5 ,910.5,5346,Concentrado Colectivo,30.050,24.870,0.133,0.578,8.120,34.87
2023-07-14,12:11:00,  109.5 ,1216.,  376.5 ,1106.5,5347,Concentrado Primario L2,28.660,14.180,0.079,0.396,21.420,34.03
2023-07-14,12:14:00,  110.5 ,1102.5,  141.0 ,992.,5348,Concentrado Primario L1,28.790,13.580,0.079,0.394,22.880,14.21
2023-07-19,11:24:00,  110.5 ,1078.5,  148.0 ,968.,5359,Concentrado Primario L1,25.690,10.520,0.116,0.400,31.000,15.29
2023-07-19,11:26:00,  111.0 ,1049.,  393.0 ,938.,5358,Concentrado Primario L2,27.500,13.360,0.125,0.420,24.200,41.90
2023-07-19,11:28:00,  110.0 ,990.,  290.0 ,880.,5357,Concentrado Colectivo,30.090,20.190,0.178,0.730,12.800,32.95
2023-07-19,11:31:00,  111.5 ,1072.,  102.5 ,960.5,5356,Cola Scavenger L2,17.080,0.368,,0.016,,10.67
2023-07-19,11:34:00,  108.5 ,1062.5,  74.0 ,954.,5355,Cola Scavenger L1,19.130,0.384,,0.018,,7.76
2023-07-19,11:36:00,  109.0 ,740.5,  193.0 ,631.5,5354,Relave Final,2.659,0.064,0.000,0.003,0.000,30.56
2023-07-19,11:39:00,  110.0 ,730.,  245.0 ,620.,5353,Rebose Hidrociclones L2,2.903,0.304,0.005,0.009,,39.52
2023-07-19,11:42:00,  110.5 ,792.,  258.0 ,681.5,5352,Rebose Hidrociclones L1,2.945,0.322,0.005,0.012,0.000,37.86
2023-07-20,11:27:00,  108.0 ,803.,  253.0 ,695.,5360,Rebose Hidrociclones L1,2.721,0.329,0.003,0.014,0.000,36.40
2023-07-20,11:29:00,  110.5 ,743.,  150.5 ,632.5,5361,Relave Final,2.278,0.036,0.000,0.003,0.000,23.79
2023-07-20,11:33:00,  108.5 ,1061.,  88.0 ,952.5,5362,Cola Scavenger L2,17.280,0.310,,0.012,,9.24
2023-07-20,11:34:00,  111.0 ,977.,  281.0 ,866.,5363,Concentrado Colectivo,30.800,22.180,0.112,0.880,9.520,32.45
2023-07-20,11:36:00,  109.0 ,1234.,  435.5 ,1125.,5364,Concentrado Primario L2,26.410,12.460,0.050,0.530,28.360,38.71
2023-07-20,11:38:00,  111.5 ,1091.,  140.0 ,979.5,5365,Concentrado Primario L1,26.580,13.260,0.054,0.565,27.300,14.29
2023-07-31,10:36:00,  110.5 ,798.,  168.0 ,687.5,5367,Relave Final,2.185,0.067,0.000,0.006,0.000,24.44
2023-07-31,10:40:00,  111.0 ,1080.,  168.0 ,969.,5368,Cola Scavenger L1,17.880,0.353,,0.022,,17.34
2023-07-31,10:46:00,  110.0 ,856.,  291.5 ,746.,5366,Rebose Hidrociclones L1,2.495,0.469,0.003,0.023,0.000,39.08
2023-07-31,10:48:00,  111.0 ,1231.,  448.0 ,1120.,5371,Concentrado Primario L2,27.250,17.410,0.055,0.810,21.160,40.00
2023-07-31,10:52:00,  111.0 ,1036.,  321.0 ,925.,5370,Concentrado Colectivo,30.530,23.230,0.073,1.040,10.080,34.70
2023-08-02,11:45:00,  110.5 ,793.5,  154.0 ,683.,5374,Relave Final,2.583,0.052,0.000,0.005,0.000,22.55
2023-08-02,11:49:00,  111.0 ,1080.,  86.5 ,969.,5375,Cola Scavenger L1,18.890,1.073,,0.076,,8.93
2023-08-02,11:52:00,  110.0 ,1175.5,  96.5 ,1065.5,5376,Cola Scavenger L2,17.680,0.266,,0.031,,9.06
2023-08-02,11:54:00,  111.0 ,832.,  334.5 ,721.,5377,Concentrado Colectivo,30.150,21.070,0.075,1.400,11.320,46.39
2023-08-02,11:55:00,  111.0 ,832.,  334.5 ,721.,5378,Concentrado Primario L2,27.150,11.990,0.046,0.800,25.780,46.39
2023-08-02,11:58:00,  110.5 ,793.,  33.0 ,682.5,5379,Concentrado Primario L1,27.010,19.180,0.074,1.170,18.360,4.84
2023-08-02,12:05:00,  110.0 ,805.5,  218.5 ,695.5,5373,Rebose Hidrociclones L1,2.587,0.273,0.004,0.019,,31.42
2023-08-07,15:00:00,  108.5 ,1175.5,  98.0 ,1067.,5389,Cola Scavenger L1,13.040,0.417,,0.024,,9.18
2023-08-07,15:04:00,  108.5 ,1190.5,  127.0 ,1082.,5390,Cola Scavenger L2,8.890,0.270,,0.018,,11.74
2023-08-07,15:06:00,  111.0 ,768.,  168.0 ,657.,5388,Relave Final,2.490,0.075,0.000,0.005,0.000,25.57
2023-08-07,17:02:00,  111.5 ,992.,  239.5 ,880.5,5391,Concentrado Colectivo,28.300,20.580,0.079,1.680,14.700,27.20
2023-08-07,17:04:00,  109.0 ,1226.5,  424.5 ,1117.5,5392,Concentrado Primario L2,24.120,17.380,0.063,1.110,24.840,37.99
2023-08-07,17:06:00,  111.5 ,1117.5,  163.5 ,1005.99,5393,Concentrado Primario L1,24.420,16.290,0.064,1.120,26.060,16.25
2023-08-09,12:35:00,  110.0 ,870.5,  296.5 ,760.5,5398,Rebose Hidrociclones L1,2.448,0.496,,0.027,,38.99
2023-08-09,12:37:00,  110.5 ,882.,  274.0 ,771.5,5399,Relave Final,2.174,0.073,0.000,0.005,0.000,35.52
2023-08-09,12:40:00,  111.0 ,1208.,  104.0 ,1097.,5400,Cola Scavenger L1,12.200,0.296,0.000,0.018,0.000,9.48
2023-08-09,12:44:00,  110.0 ,1132.,  96.5 ,1022.,5401,Cola Scavenger L2,11.020,0.276,0.010,0.020,64.640,9.44
2023-08-09,12:49:00,  110.5 ,1051.5,  144.5 ,941.,5403,Concentrado Primario L1,22.790,14.080,0.084,0.868,33.180,15.36
2023-08-09,12:51:00,  111.0 ,1322.,  496.5 ,1211.,5402,Concentrado Primario L2,24.230,13.980,0.083,0.895,30.240,41.00
2023-08-11,11:43:00,  110.5 ,805.5,  185.0 ,695.,5408,Relave Final,1.710,0.068,0.000,0.005,0.000,26.62
2023-08-11,11:46:00,  111.0 ,1192.5,  108.5 ,1081.5,5409,Cola Scavenger L1,10.640,0.280,0.000,0.015,0.000,10.03
2023-08-11,11:50:00,  110.0 ,1171.5,  93.5 ,1061.5,5410,Cola Scavenger L2,10.090,0.240,0.000,0.016,0.000,8.81
2023-08-11,11:52:00,  111.0 ,1023.5,  241.5 ,912.5,5411,Concentrado Colectivo,27.350,22.470,0.112,1.470,16.080,26.47
2023-08-11,11:53:00,  111.0 ,1226.5,  322.5 ,1115.5,5412,Concentrado Primario L2,20.510,10.680,0.058,0.690,40.700,28.91
2023-08-11,11:56:00,  110.5 ,1112.5,  130.0 ,1002.,5413,Concentrado Primario L1,21.440,9.690,0.056,0.669,39.780,12.97
2023-08-14,09:36:00,  111.0 ,806.5,  197.5 ,695.5,5419,Relave Final,1.798,0.074,0.000,0.004,0.000,28.40
2023-08-14,09:40:00,  108.5 ,1107.,  53.5 ,998.5,5421,Cola Scavenger L2,15.830,0.616,0.000,0.026,0.000,5.36
2023-08-14,09:43:00,  108.5 ,1126.,  74.5 ,1017.5,5420,Cola Scavenger L1,15.990,0.501,0.000,0.016,0.000,7.32
2023-08-14,09:46:00,  111.5 ,841.,  286.5 ,729.5,5418,Rebose Hidrociclones L2,2.446,0.452,0.000,0.030,0.000,39.27
2023-08-14,09:48:00,  111.5 ,1028.,  305.0 ,916.5,5422,Concentrado Colectivo,30.360,22.670,0.116,1.480,9.440,33.28
2023-08-14,09:49:00,  111.5 ,1094.5,  148.0 ,983.,5424,Concentrado Primario L1,25.850,12.880,0.085,0.975,27.140,15.06
2023-08-14,09:52:00,  109.0 ,1284.,  459.5 ,1175.,5423,Concentrado Primario L2,26.780,12.390,0.079,0.910,25.980,39.11
2023-08-18,10:42:00,  108.5 ,1189.,  48.5 ,1080.5,5432,Cola Scavenger L2,23.670,0.361,0.000,0.028,0.000,4.49
2023-08-18,10:45:00,  108.5 ,1242.,  97.0 ,1133.5,5431,Cola Scavenger L1,23.360,0.385,0.000,0.032,0.000,8.56
2023-08-18,10:48:00,  111.0 ,840.,  190.0 ,729.,5430,Relave Final,2.721,0.081,0.000,0.004,0.000,26.06
2023-08-18,10:55:00,  111.5 ,895.5,  314.0 ,784.,5429,Rebose Hidrociclones L2,2.695,0.420,0.006,0.020,0.000,40.05
2023-08-18,10:57:00,  111.5 ,11175.,  339.5 ,11063.5,5433,Concentrado Colectivo,29.540,25.670,0.173,0.874,6.980,3.07
2023-08-18,11:01:00,  111.5 ,1086.,  76.0 ,974.5,5434,Concentrado Primario L1,28.260,19.780,0.135,0.725,14.340,7.80
2023-08-21,09:48:00,  110.5 ,862.5,  209.5 ,752.,5441,Relave Final,1.901,0.067,0.000,0.004,0.000,27.86
2023-08-21,09:52:00,  111.0 ,1250.,  96.5 ,1139.,5442,Cola Scavenger L1,13.490,0.438,0.000,0.022,0.000,8.47
2023-08-21,09:55:00,  110.0 ,1395.,  57.0 ,1285.,5443,Cola Scavenger L2,14.060,0.715,0.000,0.019,0.000,4.44
2023-08-21,09:58:00,  110.0 ,917.,  299.0 ,807.,5439,Rebose Hidrociclones L1,2.492,0.488,0.005,0.024,0.000,37.05
2023-08-21,10:02:00,  111.5 ,891.5,  322.5 ,780.,5440,Rebose Hidrociclones L2,2.493,0.466,0.004,0.024,0.000,41.35
2023-08-21,10:06:00,  111.0 ,1197.,  504.5 ,1086.,5445,Concentrado Primario L2,25.460,17.480,0.075,0.792,21.980,46.45
2023-08-21,10:09:00,  110.5 ,1212.5,  200.0 ,1102.,5446,Concentrado Primario L1,25.150,16.480,0.079,0.824,24.200,18.15
2023-08-21,10:10:00,  111.0 ,3280.,  77.5 ,3169.,5444,Concentrado Colectivo,28.270,23.670,0.098,1.098,9.940,2.45
2023-08-23,09:43:00,  110.5 ,840.,  175.5 ,729.5,5453,Relave Final,2.481,0.063,0.000,0.002,0.000,24.06
2023-08-23,09:45:00,  110.5 ,1202.5,  184.5 ,1092.,5458,Concentrado Primario L1,26.370,13.080,0.198,0.496,24.900,16.90
2023-08-23,09:47:00,  111.0 ,1247.5,  108.5 ,1136.5,5454,Cola Scavenger L1,14.910,0.452,0.000,0.018,0.000,9.55
2023-08-23,09:49:00,  111.0 ,1385.5,  504.5 ,1274.5,5457,Concentrado Primario L2,28.390,14.230,0.185,0.481,19.700,39.58
2023-08-23,09:52:00,  110.0 ,1175.,  43.0 ,1065.,5455,Cola Scavenger L2,14.410,0.495,0.000,0.016,0.000,4.04
2023-08-23,09:53:00,  111.0 ,316.,  59.5 ,205.,5456,Concentrado Colectivo,29.730,22.790,0.254,0.774,8.700,29.02
2023-08-23,09:56:00,  110.0 ,879.,  263.0 ,769.,5451,Rebose Hidrociclones L1,3.550,0.459,0.009,0.017,0.000,34.20
2023-08-23,10:05:00,  111.5 ,896.,  312.5 ,784.5,5452,Rebose Hidrociclones L2,3.342,0.411,0.009,0.014,0.000,39.83
2023-08-25,,,,,,5465,Cola Scavenger L1,13.450,0.409,0.000,0.018,0.000,8.00
2023-08-25,,,,,,5466,Cola Scavenger L2,21.470,0.748,0.000,0.030,0.000,4.00
2023-08-25,,,,,,5467,Concentrado Colectivo,30.710,24.080,0.152,0.728,6.200,20.00
2023-08-25,,,,,,5468,Concentrado Primario L1,29.810,13.030,0.095,0.449,19.600,16.00
2023-08-25,,,,,,5463,Rebose Hidrociclones L1,3.616,0.375,0.005,0.011,0.000,22.00
2023-08-25,,,,,,5464,Relave Final,2.072,0.047,0.000,0.002,0.000,24.00
2023-08-28,16:44:00,  111.5 ,894.,  314.5 ,782.5,5469,Rebose Hidrociclones L2,2.698,0.423,0.005,0.014,0.000,40.19
2023-08-28,16:47:00,  111.0 ,831.,  151.5 ,720.,5470,Relave Final,1.858,0.069,0.000,0.004,0.000,21.04
2023-08-28,16:50:00,  108.5 ,1234.5,  102.0 ,1126.,5471,Cola Scavenger L1,15.100,0.553,0.000,0.020,0.000,9.06
2023-08-28,16:54:00,  108.5 ,1211.5,  44.0 ,1103.,5472,Cola Scavenger L2,14.740,0.516,0.000,0.017,0.000,3.99
2023-08-28,16:56:00,  111.5 ,335.5,  92.5 ,224.,5473,Concentrado Colectivo,28.680,24.280,0.146,0.665,8.300,41.29
2023-08-28,16:57:00,  109.0 ,1401.5,  530.5 ,1292.5,5474,Concentrado Primario L2,26.390,17.160,0.103,0.471,20.700,41.04
2023-08-28,17:00:00,  110.0 ,1241.5,  226.5 ,1131.5,5475,Concentrado Primario L1,26.200,16.370,0.111,0.496,21.880,20.02
2023-08-31,10:44:00,  110.0 ,1196.5,  130.0 ,1086.5,5369,Cola Scavenger L2,17.880,0.310,,0.023,,11.97
2023-08-31,10:50:00,  110.5 ,1087.5,  146.0 ,977.,5372,Concentrado Primario L1,28.510,16.120,0.056,0.820,21.120,14.94
2023-09-01,11:24:00,  109.0 ,800.5,  109.5 ,691.5,5481,Relave Final,2.860,0.246,0.000,0.004,0.000,15.84
2023-09-01,11:27:00,  110.5 ,1271.5,  142.0 ,1161.,5482,Cola Scavenger L1,19.440,0.579,0.000,0.017,0.000,12.23
2023-09-01,11:30:00,  108.5 ,1234.5,  79.0 ,1126.,5483,Cola Scavenger L2,19.470,0.553,0.000,0.015,0.000,7.02
2023-09-01,11:33:00,  110.5 ,928.5,  297.5 ,818.,5479,Rebose Hidrociclones L1,3.595,0.423,0.005,0.013,0.000,36.37
2023-09-01,11:35:00,  110.0 ,909.5,  318.5 ,799.5,5480,Rebose Hidrociclones L2,4.007,0.350,0.004,0.011,0.000,39.84
2023-09-01,11:38:00,  109.5 ,1445.5,  514.0 ,1336.,5484,Concentrado Primario L2,28.850,12.940,0.092,0.478,21.360,38.47
2023-09-01,11:40:00,  110.5 ,1247.5,  210.0 ,1137.,5485,Concentrado Primario L1,28.070,13.530,0.096,0.492,22.820,18.47
2023-09-11,15:57:00,  108.0 ,908.5,  337.0 ,800.5,5490,Rebose Hidrociclones L1,2.112,0.467,0.003,0.031,0.000,42.10
2023-09-11,16:00:00,  111.0 ,838.,  197.0 ,727.,5491,Relave Final,1.614,0.053,0.000,0.006,0.000,27.10
2023-09-11,16:06:00,  109.0 ,13334.,  463.5 ,13225.,5494,Concentrado Primario L2,24.850,16.120,0.050,1.012,26.500,3.50
2023-09-11,16:11:00,  108.5 ,1217.,  94.5 ,1108.5,5492,Cola Scavenger L1,10.140,0.291,0.000,0.016,0.000,8.53
2023-09-11,16:27:00,  111.5 ,298.,  43.0 ,186.5,5493,Concentrado Colectivo,28.320,21.990,0.000,1.211,0.000,23.06
2023-09-13,10:28:00,  109.0 ,818.,  166.5 ,709.,5499,Relave Final,1.630,0.045,0.003,0.004,0.000,23.48
2023-09-13,10:31:00,  110.5 ,1216.5,  108.0 ,1106.,5500,Cola Scavenger L1,13.510,0.300,0.000,0.021,0.000,9.76
2023-09-13,10:33:00,  110.0 ,316.,  70.5 ,206.,5501,Concentrado Colectivo,28.340,21.094,0.000,1.211,0.000,34.22
2023-09-13,10:34:00,  109.5 ,1301.,  388.0 ,1191.5,5502,Concentrado Primario L2,22.330,12.438,0.000,0.741,0.000,32.56
2023-09-13,10:37:00,  110.5 ,1255.5,  235.0 ,1145.,5503,Concentrado Primario L1,20.140,9.450,0.037,0.642,40.780,20.52
2023-09-15,10:18:00,  111.0 ,826.5,  181.5 ,715.5,5509,Relave Final,2.384,0.059,0.000,0.004,0.000,25.37
2023-09-15,10:21:00,  108.5 ,1229.,  94.5 ,1120.5,5510,Cola Scavenger L1,10.090,0.294,0.000,0.025,0.000,8.43
2023-09-15,10:23:00,  111.5 ,311.5,  78.5 ,200.,5511,Concentrado Colectivo,29.190,21.170,0.130,0.940,11.780,39.25
2023-09-15,10:25:00,  108.0 ,890.,  294.0 ,782.,5507,Rebose Hidrociclones L1,2.227,0.464,0.005,0.021,0.000,37.60
2023-09-15,10:27:00,  111.5 ,909.5,  320.5 ,798.,5508,Rebose Hidrociclones L2,2.002,0.333,0.000,0.017,0.000,40.16
2023-09-18,10:30:00,  110.5 ,829.,  187.5 ,718.5,5522,Relave Final,1.560,0.067,0.000,0.005,0.000,26.10
2023-09-18,10:33:00,  111.0 ,1243.5,  131.5 ,1132.5,5523,Cola Scavenger L1,9.670,0.265,0.000,0.013,0.000,11.61
2023-09-18,10:58:00,  110.0 ,1185.,  46.5 ,1075.,5524,Cola Scavenger L2,11.200,0.365,0.000,0.020,0.000,4.33
2023-09-18,11:01:00,  110.0 ,883.,  305.0 ,773.,5520,Rebose Hidrociclones L1,2.148,0.520,0.003,0.025,0.000,39.46
2023-09-18,11:04:00,  111.5 ,893.,  314.0 ,781.5,5521,Rebose Hidrociclones L2,1.952,0.434,0.000,0.022,0.000,40.18
2023-09-18,11:07:00,  110.0 ,1295.,  335.5 ,1185.,5526,Concentrado Primario L2,18.940,12.490,0.047,0.700,38.100,28.31
2023-09-18,11:09:00,  110.5 ,1259.5,  221.5 ,1149.,5527,Concentrado Primario L1,18.680,11.590,0.045,0.660,41.120,19.28
2023-09-18,11:16:00,  110.0 ,934.,  312.5 ,824.,5525,Concentrado Colectivo,24.820,17.380,0.062,1.750,22.920,37.92
2023-09-20,10:48:00,  111.0 ,814.5,  208.0 ,703.5,5533,Relave Final,1.900,0.064,0.000,0.004,0.000,29.57
2023-09-20,10:49:00,  111.5 ,907.5,  269.5 ,796.,5535,Concentrado Colectivo,28.490,27.760,0.109,1.450,7.040,33.86
2023-09-20,10:51:00,  109.0 ,1336.,  495.5 ,1227.,5536,Concentrado Primario L2,23.810,15.720,0.070,0.816,27.900,40.38
2023-09-20,10:55:00,  108.5 ,1269.5,  135.5 ,1161.,5534,Cola Scavenger L1,10.840,0.640,0.000,0.034,0.000,11.67
2023-09-20,11:07:00,  115.5 ,868.,  293.5 ,752.5,5532,Rebose Hidrociclones L2,2.007,0.466,0.000,0.019,0.000,39.00
2023-09-22,10:38:00,  110.5 ,812.,  162.5 ,701.5,5543,Relave Final,2.271,0.088,0.000,0.005,0.000,23.16
2023-09-22,10:42:00,  111.0 ,1229.,  103.0 ,1118.,5544,Cola Scavenger L1,18.720,0.735,0.000,0.024,0.000,9.21
2023-09-22,10:45:00,  111.0 ,1188.,  80.5 ,1077.,5545,Cola Scavenger L2,16.560,0.713,0.000,0.026,0.000,7.47
2023-09-22,10:47:00,  110.0 ,853.,  160.5 ,743.,5546,Concentrado Colectivo,28.490,24.470,0.151,1.533,8.940,21.60
2023-09-22,10:50:00,  110.5 ,1196.,  206.5 ,1085.5,5548,Concentrado Primario L1,24.620,15.340,0.110,0.822,24.240,19.02
2023-09-22,10:51:00,  110.0 ,895.,  303.0 ,785.,5541,Rebose Hidrociclones L1,2.601,0.492,0.000,0.026,0.000,38.60
2023-09-22,10:54:00,  111.5 ,728.5,  245.0 ,617.,5542,Rebose Hidrociclones L2,2.622,0.396,0.000,0.025,0.000,39.71
2023-09-22,11:26:00,  110.0 ,1391.,  513.5 ,1281.,5547,Concentrado Primario L2,26.720,14.240,0.099,0.773,23.640,40.09
2023-09-26,11:02:00,  108.0 ,880.,  277.5 ,772.,5553,Rebose Hidrociclones L1,2.770,0.390,0.000,0.026,0.000,35.95
2023-09-26,11:04:00,  111.0 ,809.5,  160.5 ,698.5,5554,Relave Final,2.452,0.060,0.000,0.005,0.000,22.98
2023-09-26,11:08:00,  108.5 ,1242.5,  108.0 ,1134.,5555,Cola Scavenger L1,17.730,0.480,0.000,0.032,0.000,9.52
2023-09-26,11:11:00,  108.5 ,1258.,  108.5 ,1149.5,5556,Cola Scavenger L2,18.160,0.402,0.000,0.028,0.000,9.44
2023-09-26,11:13:00,  109.0 ,1364.,  514.0 ,1255.,5558,Concentrado Primario L2,26.000,11.030,0.047,0.778,25.120,40.96
2023-09-26,11:16:00,  110.5 ,1301.,  283.5 ,1190.5,5559,Concentrado Primario L1,27.020,9.580,0.039,0.752,27.700,23.81
2023-09-26,11:17:00,  111.5 ,860.5,  155.0 ,749.,5557,Concentrado Colectivo,28.340,22.260,0.090,1.689,9.160,20.69
2023-09-29,11:58:00,  110.5 ,879.5,  284.0 ,769.,5564,Rebose Hidrociclones L1,3.144,0.399,0.000,0.027,0.000,36.93
2023-09-29,12:00:00,  109.0 ,1343.,  410.0 ,1234.,5570,Concentrado Primario L2,24.730,14.800,0.051,0.990,25.860,33.23
2023-09-29,12:01:00,  109.0 ,749.5,  151.0 ,640.5,5566,Relave Final,2.524,0.066,0.000,0.005,0.000,23.58
2023-09-29,12:03:00,  110.0 ,1243.,  221.0 ,1133.,5571,Concentrado Primario L1,20.800,12.580,0.049,1.030,40.820,19.51
2023-09-29,12:06:00,  110.5 ,1176.5,  101.0 ,1066.,5567,Cola Scavenger L1,16.750,0.548,0.000,0.036,0.000,9.47
2023-09-29,12:07:00,  110.0 ,894.5,  243.0 ,784.5,5569,Concentrado Colectivo,27.570,24.760,0.084,1.860,9.080,30.98
2023-09-29,12:10:00,  108.5 ,1234.,  108.5 ,1125.5,5568,Cola Scavenger L2,17.670,0.495,0.000,0.025,0.000,9.64
2023-09-29,15:50:00,  110.0 ,879.,  273.5 ,769.,5565,Rebose Hidrociclones L2,2.997,0.356,0.000,0.035,0.000,35.57
2023-10-04,10:15:00,  110.5 ,769.,  98.5 ,658.5,5578,Relave Final,3.253,0.072,0.000,0.004,0.000,14.96
2023-10-04,10:19:00,  111.0 ,1190.5,  109.5 ,1079.5,5579,Cola Scavenger L2,15.410,0.633,0.000,0.023,0.000,10.14
2023-10-04,10:21:00,  110.0 ,871.5,  227.5 ,761.5,5576,Rebose Hidrociclones L1,4.087,0.404,0.000,0.022,0.000,29.88
2023-10-04,10:24:00,  111.5 ,851.5,  234.0 ,740.,5577,Rebose Hidrociclones L2,4.241,0.289,0.000,0.016,0.000,31.62
2023-10-04,10:25:00,  110.0 ,866.5,  212.5 ,756.5,5580,Concentrado Colectivo,29.650,24.170,0.125,1.523,7.700,28.09
2023-10-04,10:27:00,  110.5 ,1216.,  172.5 ,1105.5,5581,Concentrado Primario L1,22.730,10.130,0.060,0.695,34.480,15.60
2023-10-09,11:19:00,  108.5 ,1180.,  34.5 ,1071.5,5589,Cola Scavenger L2,13.530,0.438,0.000,0.011,0.000,3.22
2023-10-09,11:21:00,  108.0 ,890.,  299.5 ,782.,5585,Rebose Hidrociclones L1,2.609,0.627,0.005,0.016,0.000,38.30
2023-10-09,11:24:00,  111.5 ,900.,  315.0 ,788.5,5586,Rebose Hidrociclones L2,2.545,0.531,0.004,0.015,0.000,39.95
2023-10-09,11:25:00,  110.0 ,1331.,  403.5 ,1221.,5591,Concentrado Primario L2,25.600,15.542,0.084,0.406,24.100,33.05
2023-10-09,11:27:00,  111.0 ,815.,  166.0 ,704.,5587,Relave Final,2.118,0.099,0.000,0.005,0.000,23.58
2023-10-09,11:30:00,  108.5 ,1238.,  87.5 ,1129.5,5588,Cola Scavenger L1,13.550,0.402,0.000,0.015,0.000,7.75
2023-10-09,11:32:00,  111.5 ,864.5,  190.0 ,753.,5590,Concentrado Colectivo,30.830,24.065,0.119,0.706,7.040,25.23
2023-10-09,11:34:00,  110.5 ,1206.5,  193.0 ,1096.,5592,Concentrado Primario L1,25.760,13.536,0.070,0.412,27.860,17.61
2023-10-13,10:35:00,  108.5 ,1176.5,  26.0 ,1068.,5599,Cola Scavenger L2,13.770,0.488,,0.013,0.000,2.43
2023-10-13,10:38:00,  109.0 ,1217.5,  430.0 ,1108.5,5601,Concentrado Primario L2,23.880,15.082,0.083,0.471,24.780,38.79
2023-10-13,10:41:00,  110.5 ,1167.,  114.5 ,1056.5,5602,Concentrado Primario L1,23.940,14.033,0.086,0.489,28.540,10.84
2023-10-13,10:50:00,  108.0 ,907.5,  313.0 ,799.5,5597,Rebose Hidrociclones L1,2.597,0.523,0.005,0.021,0.000,39.15
2023-10-13,10:52:00,  111.5 ,923.,  357.5 ,811.5,5598,Rebose Hidrociclones L2,2.588,0.458,0.004,0.018,,44.05
2023-10-13,11:00:00,  111.5 ,980.,  390.5 ,868.5,5600,Concentrado Colectivo,33.890,19.077,0.094,0.504,6.860,44.96
2023-10-16,11:35:00,  110.5 ,1076.,  93.0 ,965.5,5613,Concentrado Primario L1,22.650,15.581,0.066,0.592,33.340,9.63
2023-10-16,11:36:00,  110.0 ,850.,  227.5 ,740.,5611,Concentrado Colectivo,29.630,22.972,0.095,0.901,10.260,30.74
2023-10-16,11:38:00,  110.0 ,1277.5,  452.0 ,1167.5,5612,Concentrado Primario L2,25.420,14.982,0.067,0.565,26.920,38.72
2023-10-16,11:41:00,  110.0 ,1105.5,  45.0 ,995.5,5610,Cola Scavenger L2,12.620,0.396,0.011,0.011,68.260,4.52
2023-10-16,11:44:00,  110.0 ,830.5,  253.0 ,720.5,5606,Rebose Hidrociclones L1,2.510,0.716,0.005,0.024,82.380,35.11
2023-10-16,11:47:00,  111.5 ,741.,  233.0 ,629.5,5607,Rebose Hidrociclones L2,2.460,0.583,0.004,0.021,81.870,37.01
2023-10-16,11:50:00,  110.0 ,1210.,  126.0 ,1100.,5609,Cola Scavenger L1,12.500,0.312,0.010,0.014,82.100,11.45
2023-10-16,11:57:00,  110.5 ,758.,  126.0 ,647.5,5608,Relave Final,2.152,0.081,0.002,0.004,83.430,19.46
2023-10-18,10:37:00,  108.0 ,865.5,  236.0 ,757.5,5618,Rebose Hidrociclones L1,2.028,0.503,0.006,0.018,81.490,31.16
2023-10-18,10:38:00,  109.0 ,1333.,  465.0 ,1224.,5624,Concentrado Primario L2,24.800,13.730,0.119,0.534,24.720,37.99
2023-10-18,10:40:00,  111.0 ,809.5,  176.0 ,698.5,5620,Relave Final,1.960,0.097,0.002,0.005,83.840,25.20
2023-10-18,10:41:00,  110.5 ,1135.5,  86.5 ,1025.,5625,Concentrado Primario L1,29.990,14.180,0.103,0.486,18.460,8.44
2023-10-18,10:44:00,  108.5 ,1274.5,  126.0 ,1166.,5621,Cola Scavenger L1,17.160,0.404,0.010,0.008,55.760,10.81
2023-10-18,10:45:00,  111.5 ,912.5,  250.5 ,801.,5623,Concentrado Colectivo,30.600,22.670,0.179,0.970,7.920,31.27
2023-10-18,10:48:00,  108.5 ,1189.5,  52.0 ,1081.,5622,Cola Scavenger L2,16.560,0.528,0.012,0.011,55.840,4.81
2023-10-18,10:51:00,  111.5 ,885.,  286.0 ,773.5,5619,Rebose Hidrociclones L2,2.377,0.466,0.005,0.017,82.240,36.97
2023-10-23,12:40:00,  110.5 ,1161.,  147.0 ,1050.5,5628,Concentrado Primario L1,31.090,9.070,0.067,0.219,21.460,13.99
2023-10-23,12:44:00,  111.0 ,838.,  232.5 ,727.,5624,Relave Final,1.692,0.061,0.002,0.003,85.380,31.98
2023-10-23,12:48:00,  108.5 ,1222.5,  78.5 ,1114.,5625,Cola Scavenger L2,24.340,0.416,0.010,0.008,42.460,7.05
2023-10-23,12:49:00,  111.5 ,875.5,  223.0 ,764.,5626,Concentrado Colectivo,29.400,24.170,0.169,0.630,9.280,29.19
2023-10-23,12:51:00,  109.0 ,1132.,  367.0 ,1023.,5627,Concentrado Primario L2,28.470,11.130,0.085,0.285,23.700,35.87
2023-10-23,12:56:00,  108.0 ,918.,  316.0 ,810.,5623,Rebose Hidrociclones L1,2.189,0.613,0.006,0.014,83.870,39.01
2023-10-27,10:57:00,  110.0 ,898.5,  336.5 ,788.5,5629,Rebose Hidrociclones L1,2.285,0.563,0.004,0.017,84.480,42.68
2023-10-27,10:59:00,  110.5 ,788.,  143.0 ,677.5,5630,Relave Final,2.194,0.094,0.002,0.005,85.600,21.11
2023-10-27,11:05:00,  110.0 ,1398.,  569.5 ,1288.,5633,Concentrado Primario L2,26.450,18.650,0.082,0.560,20.940,44.22
2023-10-27,11:08:00,  110.5 ,1193.,  151.5 ,1082.5,5634,Concentrado Primario L1,26.800,19.250,0.086,0.580,19.400,14.00
2023-10-27,11:10:00,  110.0 ,1164.,  58.0 ,1054.,5631,Cola Scavenger L2,15.390,0.563,0.012,0.017,58.380,5.50
2023-10-27,11:12:00,  110.0 ,883.,  229.5 ,773.,5632,Concentrado Colectivo,27.720,25.870,0.108,0.780,10.980,29.69
2023-10-30,10:47:00,  108.0 ,906.,  318.5 ,798.,5635,Rebose Hidrociclones L1,2.134,0.559,0.004,0.015,0.000,39.91
2023-10-30,10:50:00,  110.5 ,804.,  157.5 ,693.5,5636,Relave Final,1.638,0.090,0.002,0.003,0.000,22.71
2023-10-30,10:54:00,  111.5 ,908.5,  281.5 ,797.,5638,Concentrado Colectivo,25.810,26.610,0.088,0.634,10.860,35.32
2023-10-30,10:56:00,  110.5 ,1420.5,  560.5 ,1310.,5639,Concentrado Primario L2,27.370,18.940,0.065,0.525,0.000,42.79
2023-10-30,10:58:00,  110.0 ,1382.5,  589.0 ,1272.5,5640,Concentrado Primario L1,26.170,18.440,0.061,0.508,0.000,46.29
2023-10-30,11:01:00,  108.5 ,1242.,  142.0 ,1133.5,5637,Cola Scavenger L2,13.370,0.350,0.000,0.016,0.000,12.53
2023-11-03,11:54:00,  110.0 ,831.5,  190.0 ,721.5,5643,Relave Final,1.840,0.103,0.000,0.006,83.240,26.33
2023-11-03,11:56:00,  110.0 ,9000.,  243.5 ,8890.,5645,Concentrado Colectivo,28.830,26.360,0.000,1.203,10.340,2.74
2023-11-03,11:57:00,  110.0 ,1351.5,  519.0 ,1241.5,5646,Concentrado Primario L2,27.150,14.760,0.000,0.683,23.600,41.80
2023-11-03,11:59:00,  110.0 ,875.,  293.0 ,765.,5642,Rebose Hidrociclones L1,2.170,0.764,0.000,0.029,82.100,38.30
2023-11-03,12:02:00,  110.5 ,1162.5,  150.0 ,1052.,5644,Concentrado 1ra Limpieza L1,27.740,22.133,0.000,1.416,14.660,14.26
2023-11-08,12:44:00,  111.0 ,807.,  163.5 ,696.,5647,Relave Final,1.330,0.078,0.000,0.007,82.670,23.49
2023-11-08,12:47:00,  108.5 ,1211.,  84.5 ,1102.5,5648,Cola Scavenger L2,11.940,0.386,0.000,0.016,57.700,7.66
2023-11-08,12:50:00,  111.0 ,1210.,  222.0 ,1099.,5649,Concentrado 1ra Limpieza L1,21.510,15.470,0.066,1.350,24.760,20.20
2023-11-08,12:53:00,  111.5 ,901.5,  267.5 ,790.,5650,Concentrado Colectivo,23.840,22.320,0.088,1.450,14.320,33.86
2023-11-08,12:55:00,  111.0 ,1335.,  457.0 ,1224.,5651,Concentrado Primario L2,18.910,13.450,0.056,1.150,34.200,37.34
2023-11-13,10:26:00,  111.0 ,803.,  174.0 ,692.,5652,Relave Final,2.314,0.111,0.000,0.005,82.970,25.14
2023-11-13,10:32:00,  111.0 ,1233.,  256.0 ,1122.,5653,Concentrado 1ra Limpieza L1,28.280,14.430,0.136,0.750,18.940,22.82
2023-11-13,10:35:00,  111.5 ,880.,  256.0 ,768.5,5654,Concentrado Colectivo,28.340,23.780,0.248,0.750,10.840,33.31
2023-11-13,10:37:00,  109.0 ,1326.,  542.0 ,1217.,5655,Concentrado Primario L2,26.930,11.140,0.116,0.472,17.940,44.54
2023-11-13,10:43:00,  110.5 ,1238.5,  278.0 ,1128.,5656,Concentrado Primario L1,25.940,11.240,0.112,0.499,26.120,24.65
2023-11-20,09:23:00,  110.5 ,797.,  148.0 ,686.5,5662,Relave Final,2.359,0.118,0.000,0.004,0.000,21.56
2023-11-20,09:27:00,  110.0 ,1190.,  52.5 ,1080.,5663,Cola Scavenger L2,11.400,0.357,0.000,0.012,0.000,4.86
2023-11-20,09:29:00,  110.0 ,703.5,  219.5 ,593.5,5660,Rebose Hidrociclones L1,2.516,0.578,0.000,0.020,0.000,36.98
2023-11-20,09:31:00,  111.5 ,873.,  306.5 ,761.5,5661,Rebose Hidrociclones L2,2.530,0.634,0.000,0.021,0.000,40.25
2023-11-20,09:33:00,  110.0 ,1330.5,  439.0 ,1220.5,5665,Concentrado Primario L2,23.860,16.420,0.000,0.640,27.440,35.97
2023-11-20,09:42:00,  110.0 ,898.,  286.0 ,788.,5664,Concentrado Colectivo,29.760,24.880,0.000,1.000,8.360,36.29
2023-11-22,10:27:00,  108.0 ,898.,  297.0 ,790.,5669,Rebose Hidrociclones L1,1.998,0.590,0.000,0.030,0.000,37.59
2023-11-22,10:30:00,  111.0 ,816.5,  159.0 ,705.5,5671,Relave Final,2.162,0.066,0.000,0.002,0.000,22.54
2023-11-22,10:33:00,  108.5 ,1196.,  43.0 ,1087.5,5672,Cola Scavenger L2,11.420,0.330,0.000,0.012,0.000,3.95
2023-11-22,10:36:00,  110.5 ,806.,  109.0 ,695.5,5673,Concentrado 1ra Limpieza L1,29.250,17.610,0.000,1.112,14.700,15.67
2023-11-22,10:39:00,  111.5 ,915.,  287.5 ,803.5,5674,Concentrado Colectivo,30.400,20.400,0.000,1.106,9.760,35.78
2023-11-22,10:40:00,  109.0 ,1251.,  356.0 ,1142.,5675,Concentrado Primario L2,21.670,14.630,0.000,0.781,31.880,31.17
2023-11-22,10;25,  111.5 ,948.5,  337.5 ,837.,5670,Rebose Hidrociclones L2,1.897,0.605,0.000,0.027,0.000,40.32
2023-11-24,10:57:00,  111.5 ,875.,  317.5 ,763.5,5680,Rebose Hidrociclones L2,2.470,0.448,0.000,0.016,0.000,41.58
2023-11-24,11:00:00,  110.5 ,835.5,  194.0 ,725.,5681,Relave Final,2.130,0.122,0.000,0.007,0.000,26.76
2023-11-24,11:06:00,  110.0 ,1075.,  137.5 ,965.,5683,Concentrado 1ra Limpieza L1,30.250,21.690,0.000,0.865,8.460,14.25
2023-11-24,11:09:00,  110.0 ,823.,  213.0 ,713.,5684,Concentrado Colectivo,30.360,23.980,0.000,0.869,6.120,29.87
2023-11-24,11:19:00,  110.5 ,899.5,  300.5 ,789.,5679,Rebose Hidrociclones L1,2.463,0.477,0.000,0.016,0.000,38.09
2023-11-24,11:25:00,  111.0 ,1157.5,  52.5 ,1046.5,5682,Cola Scavenger L2,23.200,0.709,0.000,0.034,0.000,5.02
2023-11-27,11:34:00,  110.5 ,886.5,  276.0 ,776.,5685,Rebose Hidrociclones L1,1.712,0.508,0.004,0.032,84.300,35.57
2023-11-27,11:37:00,  110.5 ,842.,  174.0 ,731.5,5686,Relave Final,1.022,0.059,0.002,0.005,86.510,23.79
2023-11-27,11:41:00,  111.0 ,1278.,  96.0 ,1167.,5687,Cola Scavenger L2,14.560,0.305,0.011,0.014,59.080,8.23
2023-11-27,11:43:00,  110.0 ,861.,  215.0 ,751.,5688,Concentrado Colectivo,29.630,23.383,0.097,1.690,8.760,28.63
2023-11-27,11:48:00,  110.0 ,1300.5,  408.5 ,1190.5,5689,Concentrado Primario L2,21.750,12.736,0.046,0.871,33.360,34.31
2023-11-27,11:50:00,  110.5 ,1334.,  429.5 ,1223.5,5690,Concentrado Primario L1,22.260,13.383,0.052,0.896,31.800,35.10
2023-11-29,12:28:00,  108.0 ,948.5,  328.0 ,840.5,5691,Rebose Hidrociclones L1,2.449,0.635,0.004,0.026,86.240,39.02
2023-11-29,12:30:00,  109.0 ,826.5,  146.0 ,717.5,5692,Relave Final,2.306,0.043,0.002,0.004,86.990,20.35
2023-11-29,12:34:00,  108.5 ,1223.,  117.5 ,1114.5,5693,Cola Scavenger L2,14.050,0.221,0.007,0.015,61.740,10.54
2023-11-29,12:36:00,  110.5 ,1102.,  98.0 ,991.5,5694,Concentrado 1ra Limpieza L1,28.090,20.796,0.081,1.260,14.920,9.88
2023-11-29,12:39:00,  110.0 ,848.,  214.0 ,738.,5695,Concentrado Colectivo,29.110,25.373,0.091,1.178,9.940,29.00
2023-11-29,12:41:00,  109.5 ,1288.5,  331.0 ,1179.,5696,Concentrado Primario L2,22.180,14.229,0.054,0.636,33.460,28.07
2023-11-29,12:43:00,  110.0 ,1313.,  380.5 ,1203.,5697,Concentrado Primario L1,21.770,12.935,0.052,0.644,35.520,31.63
2023-12-04,16:39:00,  110.0 ,1121.5,  91.0 ,1011.5,5699,Concentrado 1ra Limpieza L1,24.840,22.089,0.128,1.794,16.720,9.00
2023-12-04,16:41:00,  111.0 ,848.5,  204.0 ,737.5,5698,Relave Final,1.073,0.092,0.004,0.011,88.730,27.66
2023-12-04,16:42:00,  111.5 ,809.5,  152.0 ,698.,5700,Concentrado Colectivo,24.890,24.079,0.141,2.248,14.000,21.78
2023-12-08,12:09:00,  111.0 ,858.,  182.0 ,747.,5710,Relave Final,2.455,0.096,0.000,0.006,0.000,24.36
2023-12-08,12:12:00,  108.5 ,1321.,  162.0 ,1212.5,5711,Cola Scavenger L2,14.860,0.311,0.000,0.033,0.000,13.36
2023-12-08,12:14:00,  108.0 ,933.5,  318.0 ,825.5,5708,Rebose Hidrociclones L1,2.725,0.709,0.005,0.028,0.000,38.52
2023-12-08,12:17:00,  111.5 ,957.5,  373.0 ,846.,5709,Rebose Hidrociclones L2,2.813,0.749,0.005,0.029,0.000,44.09
2023-12-08,12:19:00,  111.5 ,905.5,  275.0 ,794.,5713,Concentrado Colectivo,30.140,24.980,0.106,0.981,8.200,34.63
2023-12-08,12:20:00,  110.5 ,1423.,  540.0 ,1312.5,5715,Concentrado Primario L1,28.050,14.370,0.063,0.559,22.660,41.14
2023-12-08,12:23:00,  110.0 ,1123.,  101.0 ,1013.,5712,Concentrado 1ra Limpieza L1,30.030,17.050,0.079,0.964,16.280,9.97
2023-12-08,12:24:00,  109.0 ,1439.,  595.0 ,1330.,5714,Concentrado Primario L2,28.440,13.280,0.059,0.553,23.120,44.74
2023-12-11,16:26:00,  110.5 ,888.,  239.5 ,777.5,5719,Relave Final,2.291,0.045,0.000,0.003,0.000,30.80
2023-12-11,16:28:00,  112.5 ,1102.5,  99.5 ,990.,5720,Concentrado 1ra Limpieza L1,30.540,19.030,0.132,1.698,11.640,10.05
2023-12-11,16:30:00,  110.0 ,1333.5,  446.0 ,1223.5,5722,Concentrado Primario L2,26.330,14.670,0.077,0.856,24.420,36.45
2023-12-11,16:31:00,  110.0 ,890.5,  255.0 ,780.5,5721,Concentrado Colectivo,30.270,23.490,0.153,1.615,8.000,32.67
2023-12-11,16:33:00,  110.0 ,1345.,  430.5 ,1235.,5723,Concentrado Primario L1,24.860,11.890,0.067,0.759,30.000,34.86
2023-12-18,10:58:00,  108.0 ,929.,  355.0 ,821.,5724,Rebose Hidrociclones L2,1.549,0.581,0.000,0.032,0.000,43.24
2023-12-18,11:01:00,  109.0 ,808.5,  103.5 ,699.5,5725,Relave Final,0.892,0.043,0.002,0.006,90.760,14.80
2023-12-18,11:03:00,  111.0 ,1111.,  70.0 ,1000.,5726,Concentrado 1ra Limpieza L1,29.450,28.150,0.109,1.510,7.260,7.00
2023-12-18,11:08:00,  109.0 ,1272.,  406.0 ,1163.,5728,Concentrado Primario L2,22.720,19.130,0.073,0.987,25.540,34.91
2023-12-18,01:26:24,  11.5 ,883.,  238.5 ,871.5,5727,Concentrado Colectivo,29.570,29.340,0.116,1.480,5.200,27.37
2023-12-20,12:02:00,  110.0 ,750.5,  21.0 ,640.5,5735,Concentrado Colectivo,30.210,26.760,0.112,1.570,7.760,3.28
2023-12-20,12:03:00,  110.5 ,885.5,  217.0 ,775.,5733,Relave Final,1.436,0.069,0.000,0.007,0.000,28.00
2023-12-20,12:05:00,  110.0 ,1285.,  326.0 ,1175.,5736,Concentrado Primario L2,19.490,12.140,0.049,0.656,38.000,27.74
2023-12-20,12:08:00,  112.5 ,938.5,  62.5 ,826.,5734,Concentrado 1ra Limpieza L1,29.770,22.900,0.102,1.430,11.620,7.57
2023-12-20,12:13:00,  111.5 ,1068.,  200.5 ,956.5,5737,Concentrado Primario L1,22.600,13.580,0.072,0.838,31.200,20.96
2023-12-22,19:17:00,  110.0 ,1065.,  31.5 ,955.,5740,Concentrado 1ra Limpieza L1,27.660,27.750,0.000,2.300,7.320,3.30
2023-12-22,19:20:00,  109.5 ,1361.5,  485.5 ,1252.,5742,Concentrado Primario L2,23.070,18.930,0.000,1.182,23.960,38.78
2023-12-22,19:22:00,  110.0 ,769.5,  4.5 ,659.5,5741,Concentrado Colectivo,28.060,29.040,0.000,1.969,6.000,0.68
2023-12-22,19:23:00,  110.0 ,1387.5,  505.5 ,1277.5,5743,Concentrado Primario L1,24.250,18.340,0.000,1.232,22.460,39.57
2023-12-24,10:24:00,  111.0 ,848.5,  160.5 ,737.5,5744,Relave Final,1.544,0.070,0.000,0.022,0.000,21.76
2023-12-24,10:32:00,  111.0 ,1146.,  143.5 ,1035.,5747,Concentrado 1ra Limpieza L1,27.860,24.280,0.109,5.980,7.880,13.86
2023-12-24,10:36:00,  110.0 ,1114.,  91.0 ,1004.,5748,Concentrado 1ra Limpieza L2,28.070,25.770,0.108,5.720,6.700,9.06
2023-12-24,10:39:00,  108.5 ,1277.,  67.0 ,1168.5,5745,Cola Scavenger L1,19.420,0.359,0.000,0.356,0.000,5.73
2023-12-24,10:43:00,  108.5 ,1298.,  75.0 ,1189.5,5746,Cola Scavenger L2,20.460,0.335,0.000,0.349,0.000,6.31
2023-12-24,10:44:00,  111.5 ,848.,  157.0 ,736.5,5749,Concentrado Colectivo,28.680,26.760,0.114,5.290,6.020,21.32
2023-12-27,10:52:00,  111.5 ,917.5,  311.0 ,806.,5750,Rebose Hidrociclones L1,2.780,0.680,0.003,0.036,0.000,38.59
2023-12-27,10:55:00,  108.0 ,951.5,  317.5 ,843.5,5751,Rebose Hidrociclones L2,2.690,0.582,0.002,0.033,0.000,37.64
2023-12-27,10:57:00,  111.0 ,835.5,  155.0 ,724.5,5752,Relave Final,2.490,0.072,0.000,0.007,0.000,21.39
2023-12-27,11:01:00,  108.5 ,1187.5,  176.0 ,1079.,5753,Cola Scavenger L1,17.500,0.244,0.000,0.016,0.000,16.31
2023-12-27,11:04:00,  108.5 ,1117.,  160.0 ,1008.5,5754,Cola Scavenger L2,16.940,0.233,0.000,0.019,0.000,15.87
2023-12-27,11:07:00,  111.0 ,800.,  126.0 ,689.,5755,Concentrado 1ra Limpieza L1,29.230,15.360,0.034,1.319,16.220,18.29
2023-12-27,11:10:00,  110.0 ,784.,  91.0 ,674.,5756,Concentrado 1ra Limpieza L2,28.300,19.530,0.039,1.330,13.620,13.50
2023-12-27,11:12:00,  109.0 ,930.,  347.5 ,821.,5758,Concentrado Primario L2,26.590,19.430,0.038,0.907,18.440,42.33
2023-12-27,11:14:00,  110.5 ,967.,  346.0 ,856.5,5759,Concentrado Primario L1,25.490,17.350,0.039,1.000,21.120,40.40
2023-12-27,11:16:00,  111.5 ,843.5,  155.5 ,732.,5757,Concentrado Colectivo,28.570,23.690,0.047,1.440,8.500,21.24
2024-01-01,11:47:00,  111.5 ,940.,  311.0 ,828.5,5766,Rebose Hidrociclones L2,2.634,0.506,0.003,0.027,0.000,37.54
2024-01-01,11:49:00,  111.0 ,864.5,  172.0 ,753.5,5767,Relave Final,1.972,0.063,0.000,0.006,0.000,22.83
2024-01-01,11:53:00,  108.5 ,1118.,  81.0 ,1009.5,5768,Cola Scavenger L1,11.810,0.342,0.000,0.035,0.000,8.02
2024-01-01,11:57:00,  108.0 ,927.,  308.5 ,819.,5765,Rebose Hidrociclones L1,2.553,0.568,0.003,0.026,0.000,37.67
2024-01-01,12:00:00,  111.0 ,824.5,  103.0 ,713.5,5770,Concentrado 1ra Limpieza L1,27.900,18.819,0.052,1.260,11.400,14.44
2024-01-01,12:03:00,  110.0 ,810.,  90.5 ,700.,5771,Concentrado 1ra Limpieza L2,29.970,22.295,0.056,1.111,8.600,12.93
2024-01-01,12:06:00,  111.5 ,844.5,  187.5 ,733.,5772,Concentrado Colectivo,28.770,21.848,0.059,1.265,8.620,25.58
2024-01-01,12:08:00,  109.0 ,947.5,  307.0 ,838.5,5773,Concentrado Primario L2,26.450,14.698,0.034,0.720,20.680,36.61
2024-01-01,12:10:00,  110.5 ,352.,  90.0 ,241.5,5774,Concentrado Primario L1,25.260,13.903,0.033,0.702,22.680,37.27
2024-01-01,12:13:00,  108.5 ,1113.,  80.5 ,1004.5,5769,Cola Scavenger L2,12.530,0.351,0.000,0.030,0.000,8.01
2024-01-03,12:49:00,  109.0 ,849.5,  151.0 ,740.5,5780,Relave Final,1.861,0.047,0.000,0.056,0.000,20.39
2024-01-03,12:52:00,  110.5 ,1135.5,  111.5 ,1025.,5781,Cola Scavenger L1,12.340,0.245,0.000,0.017,0.000,10.88
2024-01-03,12:59:00,  112.5 ,814.5,  117.5 ,702.,5782,Concentrado 1ra Limpieza L1,28.910,16.119,0.060,1.490,18.020,16.74
2024-01-03,13:03:00,  110.5 ,831.,  104.5 ,720.5,5783,Concentrado 1ra Limpieza L2,29.250,20.099,0.080,1.470,14.060,14.50
2024-01-03,13:05:00,  110.0 ,978.5,  296.5 ,868.5,5784,Concentrado Colectivo,29.390,23.383,0.096,1.540,10.900,34.14
2024-01-03,13:07:00,  109.5 ,808.5,  252.5 ,699.,5785,Concentrado Primario L2,25.270,13.035,0.053,0.870,29.000,36.12
2024-01-03,13:13:00,  110.5 ,889.5,  192.5 ,779.,5778,Rebose Hidrociclones L1,2.432,0.602,0.003,0.040,0.000,24.71
2024-01-03,13:16:00,  110.0 ,940.5,  340.5 ,830.5,5779,Rebose Hidrociclones L2,2.455,0.508,0.003,0.035,0.000,41.00
2024-01-05,11:29:00,  111.5 ,855.,  311.5 ,743.5,5787,Rebose Hidrociclones L2,1.375,0.320,0.003,0.008,0.000,41.90
2024-01-05,11:32:00,  108.0 ,841.5,  274.0 ,733.5,5786,Rebose Hidrociclones L1,1.365,0.326,0.003,0.009,0.000,37.36
2024-01-05,11:34:00,  111.0 ,811.5,  172.5 ,700.5,5788,Relave Final,1.236,0.040,0.000,0.003,0.000,24.63
2024-01-05,11:37:00,  111.0 ,770.,  82.5 ,659.,5791,Concentrado 1ra Limpieza L1,28.170,20.698,0.093,0.649,12.720,12.52
2024-01-05,11:38:00,  109.0 ,902.5,  288.0 ,793.5,5794,Concentrado Primario L2,23.690,16.890,0.082,0.459,25.600,36.29
2024-01-05,11:40:00,  111.5 ,851.,  215.5 ,739.5,5793,Concentrado Colectivo,28.040,24.212,0.102,0.640,9.320,29.14
2024-01-05,11:42:00,  110.5 ,909.,  301.5 ,798.5,5795,Concentrado Primario L1,23.800,16.402,0.075,0.438,25.720,37.76
2024-01-05,11:44:00,  108.5 ,1078.,  68.5 ,969.5,5789,Cola Scavenger L1,6.660,0.165,0.000,0.014,0.000,7.07
2024-01-05,11:47:00,  110.0 ,776.,  93.0 ,666.,5792,Concentrado 1ra Limpieza L2,27.910,23.968,0.108,0.589,10.380,13.96
2024-01-05,11:49:00,  108.5 ,1070.,  65.5 ,961.5,5790,Cola Scavenger L2,6.950,0.124,0.000,0.013,0.000,6.81
2024-01-08,11:44:00,  109.0 ,791.5,  74.0 ,682.5,5801,Relave Final,0.700,0.041,0.000,0.003,0.000,10.84
2024-01-08,11:48:00,  110.5 ,1083.5,  39.5 ,973.,5802,Cola Scavenger L1,19.040,0.312,0.000,0.012,0.000,4.06
2024-01-08,11:51:00,  108.5 ,1025.5,  47.0 ,917.,5803,Cola Scavenger L2,19.490,0.375,0.000,0.014,0.000,5.13
2024-01-08,11:54:00,  112.5 ,751.,  54.0 ,638.5,5804,Concentrado 1ra Limpieza L1,28.100,17.281,0.070,1.050,14.060,8.46
2024-01-08,11:57:00,  109.5 ,887.5,  73.0 ,778.,5805,Concentrado 1ra Limpieza L2,28.360,20.893,0.074,1.004,10.820,9.38
2024-01-08,12:00:00,  110.0 ,827.,  194.5 ,717.,5806,Concentrado Colectivo,28.050,23.236,0.082,1.070,9.080,27.13
2024-01-08,12:02:00,  110.5 ,774.,  254.5 ,663.5,5807,Concentrado Primario L2,21.840,15.133,0.051,0.715,27.000,38.36
2024-01-08,12:03:00,  110.0 ,951.,  363.5 ,841.,5800,Rebose Hidrociclones L2,1.015,0.272,0.002,0.010,0.000,43.22
2024-01-15,17:08:00,  109.0 ,800.,  116.5 ,691.,5810,Relave Final,1.271,0.044,0.000,0.005,0.000,16.86
2024-01-15,17:12:00,  110.5 ,1115.5,  111.5 ,1005.,5811,Cola Scavenger L1,11.740,0.098,0.000,0.010,0.000,11.09
2024-01-15,17:15:00,  108.5 ,1111.,  81.5 ,1002.5,5812,Cola Scavenger L2,11.030,0.106,0.000,0.012,0.000,8.13
2024-01-15,17:18:00,  112.5 ,765.5,  77.5 ,653.,5813,Concentrado 1ra Limpieza L1,25.090,17.279,0.061,1.397,23.420,11.87
2024-01-15,17:21:00,  110.5 ,755.,  59.5 ,644.5,5814,Concentrado 1ra Limpieza L2,26.860,21.649,0.067,1.197,16.260,9.23
2024-01-15,17:24:00,  110.0 ,770.,  137.5 ,660.,5815,Concentrado Colectivo,26.070,21.344,0.073,1.577,17.700,20.83
2024-01-15,17:26:00,  109.5 ,908.,  235.5 ,798.5,5816,Concentrado Primario L2,21.600,13.213,0.044,0.755,35.560,29.49
2024-01-15,17:28:00,  110.5 ,916.5,  228.5 ,806.,5817,Concentrado Primario L1,19.080,10.672,0.042,0.662,42.040,28.35
2024-01-15,17:30:00,  108.0 ,904.,  271.5 ,796.,5808,Rebose Hidrociclones L1,1.782,0.463,0.003,0.027,0.000,34.11
2024-01-15,17:33:00,  110.0 ,932.5,  269.0 ,822.5,5809,Rebose Hidrociclones L2,1.713,0.392,0.004,0.024,0.000,32.71
2024-01-17,10:22:00,  110.0 ,919.,  311.0 ,809.,5820,Rebose Hidrociclones L1,2.292,0.529,0.003,0.040,0.000,38.44
2024-01-17,10:31:00,  110.0 ,712.,  33.0 ,602.,5825,Concentrado 1ra Limpieza L2,26.790,26.630,0.071,2.523,9.420,5.48
2024-01-17,10:33:00,  110.0 ,882.5,  290.0 ,772.5,5828,Concentrado Primario L1,21.800,18.600,0.053,1.357,26.900,37.54
2024-01-17,10:35:00,  111.0 ,986.5,  69.5 ,875.5,5822,Cola Scavenger L1,9.170,0.161,0.000,0.015,0.000,7.94
2024-01-17,10:37:00,  110.0 ,795.5,  188.0 ,685.5,5826,Concentrado Colectivo,26.490,28.662,0.067,1.942,6.780,27.43
2024-01-17,10:39:00,  110.0 ,1111.,  83.0 ,1001.,5823,Cola Scavenger L2,9.290,0.213,0.000,0.025,0.000,8.29
2024-01-17,10:42:00,  111.5 ,945.,  333.5 ,833.5,5821,Rebose Hidrociclones L2,2.418,0.634,0.003,0.047,0.000,40.01
2024-01-17,10:44:00,  110.5 ,758.5,  70.0 ,648.,5824,Concentrado 1ra Limpieza L1,26.800,26.579,0.068,2.009,10.400,10.80
2024-01-17,10:46:00,  110.0 ,964.,  326.0 ,854.,5827,Concentrado Primario L2,22.700,19.921,0.050,1.325,25.100,38.17
2024-01-25,,,,,,,,,,,,,#DIV/0!
2024-01-25,,,,,,,,,,,,,#DIV/0!
2024-01-25,,,,,,,,,,,,,#DIV/0!
2024-01-25,,,,,,,,,,,,,#DIV/0!
2024-01-25,,,,,,,,,,,,,#DIV/0!
2024-01-25,,,,,,,,,,,,,#DIV/0!
2024-01-25,,,,,,,,,,,,,#DIV/0!
2024-01-25,,,,,,,,,,,,,#DIV/0!
2024-01-25,,,,,,,,,,,,,#DIV/0!
2024-02-01,16:21:00,  110.0 ,887.5,  312.0 ,777.5,5833,Rebose Hidrociclones L2,2,0.454,0.004,0.037,0,40.13
2024-02-01,16:27:00,  108.0 ,889.,  310.0 ,781.,5832,Rebose Hidrociclones L1,2,0.519,0.004,0.048,0,39.69
2024-02-01,16:30:00,  109.0 ,804.5,  162.0 ,695.5,5834,Relave Final,2,0.067,0,0.009,0,23.29
2024-02-01,16:33:00,  110.5 ,1086.,  61.0 ,975.5,5835,Cola Scavenger L1,8.4,0.174,0,0.01,0,6.25
2024-02-01,16:37:00,  110.0 ,1134.,  93.5 ,1024.,5836,Cola Scavenger L2,8,0.162,0,0.009,0,9.13
2024-02-01,16:39:00,  110.5 ,808.,  130.5 ,697.5,5837,Concentrado 1ra Limpieza L1,27,23,0.08,1.980,"14,220",18.71
2024-02-01,16:42:00,  111.5 ,800.,  136.5 ,688.5,5838,Concentrado Colectivo,28,26,0.087,2.032,"10,000",19.83
2024-02-01,16:43:00,  109.5 ,720.,  203.5 ,610.5,5839,Concentrado Primario L2,19,14,0.045,1.366,"38,180",33.33
2024-02-01,16:46:00,  112.5 ,941.,  284.0 ,828.5,5840,Concentrado Primario L1,22,17,0.047,1.723,"28,820",34.28
2024-02-02,10:55:00,  108.5 ,1097.,  113.5 ,988.5,5844,Cola Scavenger L1,5.3,0.138,0,0.012,0,11.48
2024-02-02,10:58:00,  108.5 ,1140.,  133.5 ,1031.5,5845,Cola Scavenger L2,5,0.132,0,0.012,0,12.94
2024-02-02,11:01:00,  111.0 ,865.5,  147.5 ,754.5,5843,Relave Final,2,0.115,0,0.022,0,19.55
2024-02-02,11:03:00,  110.5 ,831.5,  132.0 ,721.,5846,Concentrado 1ra Limpieza L1,26,21,0.073,2.705,"17,140",18.31
2024-02-02,11:07:00,  110.5 ,990.5,  385.5 ,880.,5849,Concentrado Primario L1,25,18,0.062,1.925,"23,020",43.81
2024-02-02,11:10:00,  110.0 ,1020.5,  388.0 ,910.5,5848,Concentrado Primario L2,23,17,0.064,1.792,"28,980",42.61
2024-02-02,11:11:00,  110.0 ,859.,  204.5 ,749.,5847,Concentrado Colectivo,27,25,0.082,2.610,"11,200",27.30
2024-02-02,11:15:00,  111.5 ,909.,  352.0 ,797.5,5842,Rebose Hidrociclones L2,2,0.632,0.004,0.064,0,44.14
2024-02-02,11:43:00,  110.0 ,914.,  346.5 ,804.,5841,Rebose Hidrociclones L1,2,0.625,0.003,0.063,0,43.10
2024-02-05,11:09:00,  110.5 ,807.,  109.5 ,696.5,5853,Concentrado 1ra Limpieza L1,30.510,23.324,0.105,0.751,11.340,15.72
2024-02-05,11:16:00,  109.5 ,950.5,  335.0 ,841.,5855,Concentrado Primario L2,23.530,12.740,0.072,0.436,32.720,39.83
2024-02-05,11:21:00,  110.0 ,1139.,  133.0 ,1029.,5852,Cola Scavenger L2,14.380,0.276,0.000,0.025,0.000,12.93
2024-02-05,11:24:00,  109.0 ,865.,  210.0 ,756.,5851,Relave Final,1.409,0.089,0.000,0.004,0.000,27.78
2024-02-05,11:27:00,  110.0 ,907.,  339.5 ,797.,5850,Rebose Hidrociclones L2,2.211,0.572,0.005,0.020,0.000,42.60
2024-02-05,11:28:00,  111.5 ,865.,  191.5 ,753.5,5854,Concentrado Colectivo,30.960,27.930,0.163,0.689,7.000,25.41
2024-02-06,09:58:00,  112.0 ,740.5,  21.5 ,628.5,5862,Concentrado 1ra Limpieza L2,27.510,25.872,0.116,1.160,12.240,3.42
2024-02-06,10:01:00,  109.5 ,1126.5,  122.5 ,1017.,5859,Cola Scavenger L1,14.070,0.205,0.000,0.008,0.000,12.05
2024-02-06,10:02:00,  110.5 ,847.5,  179.5 ,737.,5863,Concentrado Colectivo,29.940,27.244,0.105,0.907,8.040,24.36
2024-02-06,10:05:00,  108.5 ,1137.5,  159.0 ,1029.,5860,Cola Scavenger L2,12.950,0.581,0.000,0.020,0.000,15.45
2024-02-06,10:07:00,  110.5 ,938.,  369.5 ,827.5,5856,Rebose Hidrociclones L1,1.896,0.618,0.004,0.022,0.000,44.65
2024-02-06,10:10:00,  111.0 ,806.5,  121.0 ,695.5,5861,Concentrado 1ra Limpieza L1,29.740,23.030,0.095,0.904,12.500,17.40
2024-02-06,10:11:00,  109.0 ,999.5,  382.5 ,890.5,5864,Concentrado Primario L2,25.260,16.464,0.066,0.517,29.520,42.95
2024-02-06,10:13:00,  110.5 ,849.5,  172.5 ,739.,5858,Relave Final,1.389,0.131,0.000,0.006,0.000,23.34
2024-02-06,10:21:00,  110.0 ,918.5,  342.5 ,808.5,5857,Rebose Hidrociclones L2,1.929,0.589,0.004,0.024,0.000,42.36
2024-02-07,15:39:00,  111.5 ,930.5,  348.5 ,819.,5865,Rebose Hidrociclones L2,2.007,0.502,0.003,0.027,0.000,42.55
2024-02-07,15:42:00,  110.5 ,815.5,  123.5 ,705.,5869,Concentrado 1ra Limpieza L1,27.920,18.592,0.059,1.140,13.420,17.52
2024-02-07,15:43:00,  110.0 ,991.,  354.5 ,881.,5871,Concentrado Primario L2,21.770,12.886,0.036,0.633,31.520,40.24
2024-02-07,15:45:00,  111.0 ,841.,  166.5 ,730.,5866,Relave Final,1.466,0.089,0.000,0.006,0.000,22.81
2024-02-07,15:46:00,  110.0 ,921.5,  226.0 ,811.5,5870,Concentrado Colectivo,26.520,20.854,0.062,1.160,14.600,27.85
2024-02-07,15:49:00,  108.5 ,921.5,  95.5 ,813.,5867,Cola Scavenger L1,15.480,0.169,0.000,0.006,0.000,11.75
2024-02-07,15:52:00,  110.5 ,1155.,  140.0 ,1044.5,5868,Cola Scavenger L2,15.100,0.160,0.000,0.006,0.000,13.40
2024-02-09,10:08:00,  111.0 ,989.5,  145.5 ,878.5,5873,Relave Final,1.078,0.088,0.000,0.005,0.000,16.56
2024-02-09,10:12:00,  108.5 ,1076.,  97.0 ,967.5,5874,Cola Scavenger L1,10.200,0.104,0.000,0.005,0.000,10.03
2024-02-09,10:15:00,  110.5 ,1097.,  133.0 ,986.5,5875,Cola Scavenger L2,10.400,0.111,0.000,0.005,0.000,13.48
2024-02-09,10:18:00,  111.5 ,942.,  362.5 ,830.5,5872,Rebose Hidrociclones L2,2.138,0.588,0.003,0.027,0.000,43.65
2024-02-09,10:22:00,  110.5 ,784.,  110.0 ,673.5,5876,Concentrado 1ra Limpieza L1,29.920,16.720,0.060,0.770,16.440,16.33
2024-02-09,10:24:00,  110.0 ,902.,  255.5 ,792.,5878,Concentrado Primario L2,21.750,10.920,0.038,0.510,36.520,32.26
2024-02-09,10:25:00,  110.0 ,840.,  244.0 ,730.,5877,Concentrado Colectivo,29.750,22.820,0.071,0.960,11.000,33.42
2024-02-19,15:34:00,  108.0 ,931.,  348.0 ,823.,5895,Rebose Hidrociclones L1,2.846,0.688,0.004,0.024,0.000,42.28
2024-02-19,15:37:00,  111.0 ,805.5,  132.5 ,694.5,5896,Relave Final,1.856,0.076,0.000,0.006,0.000,19.08
2024-02-19,15:40:00,  108.5 ,1134.5,  157.5 ,1026.,5897,Cola Scavenger L1,12.390,0.211,0.000,0.122,0.000,15.35
2024-02-19,15:43:00,  110.5 ,732.5,  51.5 ,622.,5898,Concentrado 1ra Limpieza L1,26.190,22.290,0.098,1.517,12.800,8.28
2024-02-19,15:45:00,  111.0 ,818.,  132.5 ,707.,5899,Concentrado Colectivo,26.130,23.580,0.092,1.015,12.100,18.74
2024-02-19,15:47:00,  109.0 ,948.5,  328.0 ,839.5,5900,Concentrado Primario L2,24.890,20.447,0.062,0.553,18.820,39.07
2024-02-21,10:27:00,  110.0 ,901.5,  289.5 ,791.5,5904,Rebose Hidrociclones L2,2.983,0.493,0.007,0.024,0.000,36.58
2024-02-21,10:29:00,  110.5 ,761.,  70.5 ,650.5,5905,Relave Final,2.932,0.094,0.000,0.008,0.000,10.84
2024-02-21,10:36:00,  110.0 ,860.5,  224.5 ,750.5,5907,Concentrado Colectivo,30.260,24.380,0.167,0.820,8.880,29.91
2024-02-21,10:44:00,  110.5 ,755.,  50.5 ,644.5,5906,Concentrado 1ra Limpieza L1,30.070,19.100,0.142,1.030,13.080,7.84
2024-02-28,15:57:00,  111.0 ,731.,  240.0 ,620.,5912,Rebose Hidrociclones L2,2.771,0.537,0.005,0.029,0.000,38.71
2024-02-28,15:59:00,  108.0 ,792.,  289.0 ,684.,5911,Rebose Hidrociclones L1,2.686,0.526,0.005,0.028,0.000,42.25
2024-02-28,16:02:00,  111.0 ,724.,  160.0 ,613.,5913,Relave Final,2.643,0.072,0.000,0.006,0.000,26.10
2024-02-28,16:05:00,  108.5 ,945.5,  91.0 ,837.,5914,Cola Scavenger L1,14.001,0.364,0.000,0.007,0.000,10.87
2024-02-28,16:09:00,  108.5 ,970.5,  104.0 ,862.,5915,Cola Scavenger L2,15.430,0.329,0.000,0.006,0.000,12.06
2024-02-28,16:11:00,  110.5 ,744.,  54.5 ,633.5,5916,Concentrado 1ra Limpieza L1,30.162,16.553,0.105,1.099,13.780,8.60
2024-02-28,16:14:00,  110.0 ,870.,  216.0 ,760.,5917,Concentrado Colectivo,29.307,20.320,0.128,1.100,11.100,28.42
2024-02-28,16:16:00,  109.0 ,944.5,  287.5 ,835.5,5918,Concentrado Primario L2,23.812,14.967,0.088,0.826,26.780,34.41
2024-02-28,16:18:00,  110.5 ,975.5,  332.5 ,865.,5919,Concentrado Primario L1,24.415,14.273,0.083,0.810,26.500,38.44
2024-03-12,01:08:00,  108.0 ,910.,  312.0 ,802.,,Rebose Hidrociclones L1,2.515,0.501,0.006,0.020,0.000,38.90
2024-03-12,01:10:00,  110.5 ,838.5,  126.0 ,728.,,Concentrado 1ra Limpieza L1,29.638,18.777,0.165,1.300,13.900,17.31
2024-03-12,01:12:00,  109.5 ,922.,  235.0 ,812.5,,Concentrado Primario L2,19.086,7.990,0.097,0.500,44.280,28.92
2024-03-12,01:13:00,  111.0 ,855.,  202.0 ,744.,,Relave Final,2.248,0.063,0.000,0.010,0.000,27.15
2024-03-12,01:15:00,  110.0 ,911.,  224.5 ,801.,,Concentrado Primario L1,21.928,9.688,0.091,0.560,37.640,28.03
2024-03-12,01:32:00,  110.0 ,819.5,  137.5 ,709.5,,Concentrado Colectivo,28.865,25.869,0.256,1.610,8.700,19.38
2024-03-12,01:35:00,  108.5 ,1121.,  134.0 ,1012.5,,Cola Scavenger L2,22.076,0.357,0.000,0.020,0.000,13.23
2024-03-13,22:57:00,  109.0 ,794.5,  124.0 ,685.5,,Relave Final,2.405,0.072,0.000,0.010,0.000,18.09
2024-03-13,23:01:00,  110.5 ,811.5,  73.0 ,701.,,Concentrado 1ra Limpieza L1,30.126,21.424,0.000,1.360,16.540,10.41
2024-03-13,23:05:00,  110.0 ,817.5,  103.5 ,707.5,,Concentrado 1ra Limpieza L2,29.752,24.570,0.000,1.310,8.180,14.63
2024-03-13,23:07:00,  111.0 ,882.5,  209.5 ,771.5,,Concentrado Colectivo,28.970,28.466,0.000,1.480,5.940,27.15
2024-03-13,23:12:00,  108.5 ,1070.5,  62.5 ,962.,,Cola Scavenger L2,25.792,0.668,0.000,0.010,0.000,6.50
2024-03-15,12:11:00,  110.5 ,846.,  142.0 ,735.5,,Concentrado 1ra Limpieza L1,30.594,19.576,0.087,1.150,11.780,19.31
2024-03-15,14:42:00,  110.0 ,847.,  91.5 ,737.,,Concentrado Primario L1,34.147,10.887,0.055,0.450,15.300,12.42
2024-03-15,15:30:00,  110.0 ,930.,  320.0 ,820.,,Concentrado Colectivo,30.034,25.969,0.118,1.230,5.640,39.02
2024-03-15,15:32:00,  109.0 ,995.,  336.5 ,886.,,Concentrado Primario L2,31.360,9.788,0.058,0.450,20.960,37.98
2024-03-15,15:43:00,  111.0 ,851.,  189.0 ,740.,,Relave Final,1.979,0.074,0.000,0.010,0.000,25.54
2024-03-18,11:04:00,  110.5 ,868.,  245.0 ,757.5,,Rebose Hidrociclones L1,2.726,0.837,0.005,0.070,0.000,32.34
2024-03-18,11:06:00,  111.0 ,769.,  88.0 ,658.,,Relave Final,2.851,0.098,0.000,0.010,0.000,13.37
2024-03-18,11:10:00,  108.5 ,1072.5,  94.5 ,964.,,Cola Scavenger L2,16.650,0.532,0.000,0.040,0.000,9.80
2024-03-18,11:13:00,  110.0 ,968.5,  135.0 ,858.5,,Concentrado 1ra Limpieza L1,26.648,19.900,0.096,1.810,0.000,15.73
2024-03-18,11:16:00,  110.0 ,839.,  143.5 ,729.,,Concentrado 1ra Limpieza L2,26.696,20.696,0.097,1.900,0.000,19.68
2024-03-18,11:19:00,  110.0 ,834.5,  149.0 ,724.5,,Concentrado Colectivo,27.525,24.676,0.114,2.230,0.000,20.57
2024-03-18,11:21:00,  110.5 ,844.5,  318.0 ,734.,,Concentrado Primario L1,22.658,16.169,0.841,1.270,0.000,43.32
2024-03-20,12:15:00,  109.0 ,812.5,  164.5 ,703.5,,Relave Final,2.298,0.076,0.000,0.000,0.000,23.38
2024-03-20,12:17:00,  110.5 ,898.,  306.0 ,787.5,,Rebose Hidrociclones L1,2.573,0.600,0.006,0.020,0.000,38.86
2024-03-20,12:20:00,  110.0 ,870.,  265.0 ,760.,,Rebose Hidrociclones L2,2.786,0.597,0.006,0.020,0.000,34.87
2024-03-20,12:26:00,  112.0 ,820.,  117.0 ,708.,,Concentrado 1ra Limpieza L1,30.696,18.833,0.186,1.038,15.920,16.53
2024-03-20,12:29:00,  110.0 ,867.,  216.0 ,757.,,Concentrado Colectivo,31.396,24.879,0.270,1.131,10.420,28.53
2024-03-20,12:30:00,  109.5 ,992.,  361.5 ,882.5,,Concentrado Primario L2,32.235,13.877,0.104,0.571,21.620,40.96
2024-03-20,12:31:00,  110.0 ,1035.5,  388.5 ,925.5,,Concentrado Primario L1,32.991,11.201,0.091,0.541,22.380,41.98
2024-03-20,12:37:00,  110.0 ,866.,  181.5 ,756.,,Concentrado 1ra Limpieza L2,30.875,20.121,0.196,0.947,14.920,24.01
2024-03-20,12:40:00,  108.5 ,1069.,  91.5 ,960.5,,Cola Scavenger L2,20.925,0.563,0.000,0.014,0.000,9.53
2024-03-25,12:26:00,  110.5 ,851.,  306.0 ,740.5,1711387447,Rebose Hidrociclones L1,3.209,0.510,0.000,0.027,0.000,41.32
2024-03-25,12:28:00,  109.0 ,761.5,  157.5 ,652.5,1711387549,Relave Final,3.861,0.067,0.000,0.006,0.000,24.14
2024-03-25,12:34:00,  108.5 ,1020.,  104.0 ,911.5,1711387800,Cola Scavenger L2,23.751,0.220,0.000,0.011,0.000,11.41
2024-03-25,12:37:00,  110.0 ,827.5,  291.0 ,717.5,1711387980,Rebose Hidrociclones L2,3.027,0.448,0.000,0.024,0.000,40.56
2024-03-25,12:41:00,  109.5 ,919.5,  269.5 ,810.,1711388298,Concentrado Primario L2,26.260,11.647,0.000,0.598,0.000,33.27
2024-03-25,12:42:00,  110.0 ,888.5,  267.0 ,778.5,1711388480,Concentrado Colectivo,31.141,21.608,0.000,1.068,0.000,34.30
2024-03-25,12:46:00,  110.0 ,969.5,  327.5 ,859.5,1711388661,Concentrado Primario L1,29.383,10.903,0.000,0.639,0.000,38.10
2024-03-25,12:50:00,  111.0 ,817.,  106.0 ,706.,1711388783,Concentrado 1ra Limpieza L1,31.818,16.305,0.000,0.974,0.000,15.01
2024-03-27,12:25:00,  110.5 ,915.,  327.5 ,804.5,1711560144,Rebose Hidrociclones L1,2.578,0.616,0.006,0.022,0.000,40.71
2024-03-27,12:27:00,  111.0 ,823.5,  111.5 ,712.5,1711560164,Concentrado 1ra Limpieza L1,30.125,14.997,0.094,0.748,18.800,15.65
2024-03-27,12:28:00,  110.0 ,906.,  301.5 ,796.,1711560171,Rebose Hidrociclones L2,2.563,0.596,0.006,0.026,0.000,37.88
2024-03-27,12:31:00,  110.0 ,871.,  177.2 ,761.,1711560177,Concentrado 1ra Limpieza L2,30.000,16.553,0.103,0.747,17.060,23.29
2024-03-27,12:32:00,  109.0 ,824.5,  165.5 ,715.5,1711560203,Relave Final,1.683,0.065,0.000,0.004,0.000,23.13
2024-03-27,12:34:00,  109.5 ,969.,  314.0 ,859.5,1711560209,Concentrado Primario L2,28.368,12.788,0.081,0.469,23.340,36.53
2024-03-27,12:37:00,  108.5 ,1121.,  130.0 ,1012.5,1711560214,Cola Scavenger L2,18.786,0.139,0.000,0.008,0.000,12.84
2024-03-27,12:39:00,  110.0 ,885.,  218.5 ,775.,1711560218,Concentrado Colectivo,30.551,21.856,0.130,0.850,11.220,28.19
2024-03-27,12:40:00,  110.0 ,991.,  352.5 ,881.,1711560223,Concentrado Primario L1,30.799,12.245,0.076,0.492,20.500,40.01
2024-03-29,12:00:00,  110.5 ,1107.,  420.0 ,996.5,1711731555,Rebose Hidrociclones L1,2.009,0.579,0.004,0.031,0.000,42.15
2024-03-29,12:03:00,  111.0 ,808.,  92.5 ,697.,1711731583,Concentrado 1ra Limpieza L1,30.645,20.886,0.075,1.245,11.620,13.27
2024-03-29,12:05:00,  109.0 ,853.,  235.0 ,744.,1711731593,Relave Final,1.386,0.081,0.000,0.006,0.000,31.59
2024-03-29,12:07:00,  110.0 ,850.,  155.0 ,740.,1711731603,Concentrado 1ra Limpieza L2,29.858,21.923,0.077,1.323,11.020,20.95
2024-03-29,12:10:00,  110.0 ,785.5,  53.0 ,675.5,1711731675,Concentrado Colectivo,29.670,24.095,0.087,1.382,9.780,7.85
2024-03-29,12:12:00,  110.0 ,961.5,  331.5 ,851.5,1711731679,Concentrado Primario L1,29.905,11.998,0.042,0.718,20.760,38.93
2024-03-29,12:16:00,  108.5 ,1072.,  92.0 ,963.5,1711732465,Cola Scavenger L2,23.117,0.204,0.000,0.009,0.000,9.55
2024-03-29,12:19:00,  109.5 ,1016.,  380.5 ,906.5,1711732535,Concentrado Primario L2,31.760,11.554,0.042,0.693,18.860,41.97
2024-03-29,12:25:00,  110.0 ,927.,  321.0 ,817.,1711729346,Rebose Hidrociclones L2,2.199,0.648,0.004,0.037,0.000,39.29
2024-04-01,17:57:00,  109.0 ,850.,  242.0 ,741.,1712012040,Relave Final,1.779,0.088,0.000,0.006,0.000,32.66
2024-04-01,18:03:00,  110.5 ,913.5,  349.5 ,803.,1712012045,Rebose Hidrociclones L1,2.079,0.685,0.004,0.032,0.000,43.52
2024-04-01,18:04:00,  110.0 ,878.,  237.0 ,768.,1712012063,Concentrado Colectivo,27.213,24.014,0.062,1.245,12.060,30.86
2024-04-01,18:06:00,  110.0 ,927.5,  276.5 ,817.5,1712012065,Concentrado Primario L1,19.142,11.709,0.036,0.613,39.020,33.82
2024-04-01,18:08:00,  111.0 ,816.,  99.5 ,705.,1712012613,Concentrado 1ra Limpieza L1,26.075,20.590,0.061,1.337,17.540,14.11
2024-04-01,18:12:00,  110.0 ,853.,  162.5 ,743.,1712012614,Concentrado 1ra Limpieza L2,26.447,21.730,0.062,1.211,15.960,21.87
2024-04-01,18:14:00,  108.5 ,946.5,  117.5 ,838.,1712012790,Cola Scavenger L2,9.859,0.085,0.000,0.008,0.000,14.02
2024-04-03,10:44:00,  111.0 ,782.,  127.5 ,671.,1712158889,Relave Final,1.470,0.111,0.000,0.007,0.000,19.00
2024-04-03,11:20:00,  108.0 ,715.,  245.0 ,607.,1712161129,Rebose Hidrociclones L1,2.418,0.929,0.006,0.039,0.000,40.36
2024-04-03,11:23:00,  108.5 ,1062.5,  66.5 ,954.,1712161202,Cola Scavenger L2,24.205,0.440,0.000,0.024,0.000,6.97
2024-04-03,11:25:00,  110.5 ,584.5,  20.0 ,474.,1712161254,Concentrado 1ra Limpieza L1,21.689,8.435,0.036,2.768,34.900,4.22
2024-04-03,11:29:00,  110.0 ,850.5,  176.0 ,740.5,1712161261,Concentrado 1ra Limpieza L2,26.443,23.121,0.078,1.787,14.240,23.77
2024-04-03,11:32:00,  111.0 ,843.5,  177.5 ,732.5,1712161265,Concentrado Colectivo,27.296,27.487,0.086,1.488,8.280,24.23
2024-04-08,11:16:00,  110.5 ,819.5,  113.0 ,709.,1712592726,Concentrado 1ra Limpieza L1,30,25,0,1.398,8.24,15.94
2024-04-08,11:21:00,  111.0 ,842.,  151.5 ,731.,1712592751,Concentrado 1ra Limpieza L2,30,26,0,1.35,7.96,20.73
2024-04-08,11:23:00,  111.0 ,894.5,  225.5 ,783.5,1712592754,Concentrado Colectivo,30,27,0,1.312,7.52,28.78
2024-04-08,11:31:00,  111.0 ,807.,  171.5 ,696.,1712593837,Relave Final,2,0.091,0,0.009,0,24.64
2024-04-08,11:36:00,  108.0 ,901.,  331.5 ,793.,1712593851,Rebose Hidrociclones L1,2,0.673,0,0.038,0,41.80
2024-04-08,11:42:00,  108.5 ,1080.,  106.5 ,971.5,1712593859,Cola Scavenger L2,14,0.263,0,0.024,0,10.96
2024-04-13,06:48:00,  111.0 ,890.5,  321.5 ,779.5,1713095136,Rebose Hidrociclones L2,4,0.554,0.034,0.028,0,41.24
2024-04-13,06:50:00,  111.0 ,842.,  217.5 ,731.,1713095139,Relave Final,3,0.089,0,0.008,0,29.75
2024-04-13,06:57:00,  111.0 ,853.5,  192.5 ,742.5,1713095152,Concentrado Colectivo,29,29,2,1.338,5,25.93
2024-04-13,06:59:00,  110.0 ,934.,  307.5 ,824.,1713095155,Concentrado Primario L2,30,12,0.623,0.64,21.98,37.32
2024-04-13,07:01:00,  110.5 ,974.,  370.0 ,863.5,1713095157,Concentrado Primario L1,31,14,0.752,0.7,18.24,42.85
2024-04-13,07:04:00,  111.0 ,815.,  123.5 ,704.,1713095732,Concentrado 1ra Limpieza L2,28,26,2,1.916,8,17.54
2024-04-13,07:07:00,  110.5 ,821.5,  110.0 ,711.,1713096024,Concentrado 1ra Limpieza L1,28,27,2,1.674,8.12,15.47
2024-04-15,11:20:00,  111.0 ,853.,  223.0 ,742.,1713197869,Concentrado Colectivo,27.02,22,0.122,1.839,14.62,30.05
2024-04-15,11:25:00,  110.5 ,824.,  125.0 ,713.5,1713197881,Concentrado 1ra Limpieza L1,28,18,0.115,1.643,16.7,17.52
2024-04-15,11:27:00,  110.0 ,912.,  297.5 ,802.,1713197890,Concentrado Primario L2,22,16,0.088,1.308,31.16,37.09
2024-04-15,11:28:00,  111.0 ,825.5,  166.5 ,714.5,1713197894,Relave Final,3,0.172,0,0.017,0,23.30
2024-04-15,11:31:00,  111.0 ,839.5,  176.5 ,728.5,1713197898,Concentrado 1ra Limpieza L2,28,20,0.129,1.579,16,24.23
2024-04-15,11:32:00,  110.5 ,915.,  300.5 ,804.5,1713198505,Concentrado Primario L1,22,16,0.076,1.311,31.58,37.35
2024-04-15,11:49:00,  111.0 ,865.5,  314.0 ,754.5,1713199649,Rebose Hidrociclones L2,2,0.689,0.005,0.057,0,41.62
2024-04-17,11:15:00,  111.0 ,843.,  214.0 ,732.,1713370116,Rebose Hidrociclones L2,2,0.534,0.004,0.024,0,29.23
2024-04-17,11:18:00,  111.0 ,815.5,  179.0 ,704.5,1713370119,Relave Final,2,0.06,0,0.005,0,25.41
2024-04-17,11:22:00,  108.0 ,889.5,  324.5 ,781.5,1713370826,Rebose Hidrociclones L1,3,0.748,0.004,0.037,0,41.52
2024-04-17,11:53:00,  110.5 ,829.,  106.5 ,718.5,1713372271,Concentrado 1ra Limpieza L1,29,18,0.065,1.329,14.72,14.82
2024-04-17,11:57:00,  111.0 ,855.5,  168.5 ,744.5,1713372274,Concentrado 1ra Limpieza L2,29,20,0.067,1.341,13.7,22.63
2024-04-17,11:59:00,  111.0 ,851.5,  210.5 ,740.5,1713372278,Concentrado Colectivo,29,23,0.071,1.384,11.2,28.43
2024-04-17,12:05:00,  110.0 ,935.,  247.5 ,825.,1713373422,Concentrado Primario L2,25.99,11,0.04,0.586,27.92,30.00
2024-04-17,12:09:00,  108.5 ,1089.,  112.0 ,980.5,1713373620,Cola Scavenger L2,18,0.222,0,0.009,0,11.42
2024-04-19,11:45:00,  110.0 ,894.5,  313.0 ,784.5,1713544985,Rebose Hidrociclones L2,2.289,0.624,0.006,0.029,0.000,39.90
2024-04-19,11:54:00,  109.5 ,946.5,  324.5 ,837.,1713545001,Concentrado Primario L2,28.469,13.282,0.082,0.658,20.140,38.77
2024-04-19,11:57:00,  110.0 ,1006.5,  380.5 ,896.5,1713545004,Concentrado Primario L1,29.568,11.498,0.076,0.634,20.080,42.44
2024-04-19,11:59:00,  110.0 ,859.,  163.5 ,749.,1713545018,Concentrado 1ra Limpieza L2,29.761,19.527,0.119,1.135,12.040,21.83
2024-04-19,12:03:00,  111.0 ,862.,  166.0 ,751.,1713545029,Concentrado 1ra Limpieza L1,31.059,16.850,0.110,1.156,12.120,22.10
2024-04-19,12:05:00,  108.5 ,1111.5,  140.5 ,1003.,1713545678,Cola Scavenger L1,24.558,0.258,0.000,0.009,0.000,14.01
2024-04-19,12:10:00,  110.0 ,846.5,  199.0 ,736.5,1713546548,Concentrado Colectivo,29.390,23.392,0.137,1.110,9.620,27.02
2024-04-19,23:48:00,  110.5 ,857.5,  222.5 ,747.,1713544988,Relave Final,1.992,0.077,0.000,0.007,0.000,29.79
2024-04-22,10:45:00,  111.0 ,769.,  74.5 ,658.,1713800564,Relave Final,1.828,0.180,0.000,0.010,0.000,11.32
2024-04-22,10:48:00,  110.5 ,1083.5,  104.0 ,973.,1713800566,Cola Scavenger L1,18.918,0.198,0.000,0.009,0.000,10.69
2024-04-22,10:50:00,  111.0 ,844.,  155.0 ,733.,1713800569,Concentrado 1ra Limpieza L1,28.368,23.591,0.184,1.241,10.700,21.15
2024-04-22,10:54:00,  111.0 ,834.5,  157.0 ,723.5,1713800571,Concentrado 1ra Limpieza L2,28.913,24.086,0.191,1.233,9.600,21.70
2024-04-22,10:57:00,  111.0 ,800.,  105.5 ,689.,1713800573,Concentrado Colectivo,28.770,26.862,0.226,1.047,7.340,15.31
2024-04-22,10:58:00,  109.0 ,889.,  245.0 ,780.,1713800574,Concentrado Primario L2,23.007,11.498,0.077,0.582,33.440,31.41
2024-04-22,11:01:00,  110.0 ,912.,  274.5 ,802.,1713800577,Concentrado Primario L1,26.035,11.894,0.084,0.629,26.200,34.23
2024-04-22,11:02:00,  108.0 ,891.,  315.5 ,783.,1713801688,Rebose Hidrociclones L1,2.519,0.610,0.007,0.030,0.000,40.29
2024-04-22,11:05:00,  110.0 ,877.,  313.0 ,767.,1713801690,Rebose Hidrociclones L2,2.329,0.579,0.006,0.028,0.000,40.81
2024-04-24,10:50:00,  109.0 ,843.5,  195.0 ,734.5,1713973631,Relave Final,1.880,0.071,0.000,0.004,0.000,26.55
2024-04-24,10:53:00,  108.5 ,1074.5,  70.0 ,966.,1713973733,Cola Scavenger L1,13.794,0.585,0.000,0.016,0.000,7.25
2024-04-24,10:56:00,  110.5 ,903.,  293.5 ,792.5,1713973897,Rebose Hidrociclones L1,2.433,0.569,0.000,0.021,0.000,37.03
2024-04-24,10:58:00,  111.0 ,894.5,  290.0 ,783.5,1713973900,Rebose Hidrociclones L2,2.173,0.473,0.000,0.018,0.000,37.01
2024-04-24,11:00:00,  110.0 ,855.5,  193.0 ,745.5,1713974282,Concentrado Colectivo,28.550,26.658,0.000,1.040,0.000,25.89
2024-04-24,11:04:00,  110.0 ,861.5,  163.0 ,751.5,1713974285,Concentrado 1ra Limpieza L2,28.551,24.297,0.000,1.004,0.000,21.69
2024-04-24,11:07:00,  110.5 ,849.5,  119.0 ,739.,1713974287,Concentrado 1ra Limpieza L1,28.237,22.035,0.000,1.092,0.000,16.10
2024-04-24,11:09:00,  109.5 ,966.,  349.0 ,856.5,1713974583,Concentrado Primario L2,25.731,17.067,0.000,0.778,0.000,40.75
2024-04-24,11:11:00,  109.5 ,955.5,  359.5 ,846.,1713974820,Concentrado Primario L1,25.713,17.018,0.000,0.774,0.000,42.49
2024-04-26,11:12:00,  108.0 ,866.5,  247.0 ,758.5,1714147781,Rebose Hidrociclones L1,2.453,0.525,0.006,0.032,0.000,32.56
2024-04-26,11:18:00,  110.5 ,1100.,"  1,121.5 ",989.5,1714147788,Cola Scavenger L1,20.210,0.191,0.000,0.011,0.000,113.34
2024-04-26,11:24:00,  110.5 ,849.5,  137.0 ,739.,1714147790,Concentrado 1ra Limpieza L1,29.911,19.674,0.000,1.459,12.640,18.54
2024-04-26,11:28:00,  111.0 ,856.5,  148.5 ,745.5,1714147792,Concentrado 1ra Limpieza L2,28.985,19.871,0.000,1.651,14.320,19.92
2024-04-26,11:30:00,  111.0 ,876.,  240.5 ,765.,1714147794,Concentrado Colectivo,29.048,24.199,0.000,1.646,9.720,31.44
2024-04-26,11:32:00,  109.0 ,1008.,  380.0 ,899.,1714147798,Concentrado Primario L2,32.010,12.100,0.000,0.955,19.020,42.27
2024-04-26,11:35:00,  110.0 ,1003.,  392.0 ,893.,1714147800,Concentrado Primario L1,30.342,12.985,0.000,0.959,19.640,43.90
2024-04-29,11:26:00,  110.0 ,887.,  310.0 ,777.,1714407936,Rebose Hidrociclones L2,1.852,0.593,0.003,0.029,0.000,39.90
2024-04-29,11:31:00,  110.5 ,1085.,  98.0 ,974.5,1714407939,Cola Scavenger L1,21.574,0.317,0.000,0.010,0.000,10.06
2024-04-29,11:37:00,  110.5 ,824.,  94.5 ,713.5,1714407943,Concentrado 1ra Limpieza L1,27.256,23.961,0.084,1.272,10.380,13.24
2024-04-29,11:41:00,  111.0 ,849.5,  178.5 ,738.5,1714407945,Concentrado 1ra Limpieza L2,27.551,22.932,0.083,1.227,11.920,24.17
2024-04-29,11:43:00,  110.0 ,892.5,  243.5 ,782.5,1714407947,Concentrado Colectivo,27.417,22.981,0.000,1.288,12.480,31.12
2024-04-29,11:45:00,  109.0 ,940.,  295.0 ,831.,1714407948,Concentrado Primario L2,25.076,14.308,0.053,0.791,26.280,35.50
2024-04-29,11:48:00,  110.0 ,936.,  278.5 ,826.,1714407950,Concentrado Primario L1,23.382,12.936,0.050,0.712,31.920,33.72
2024-04-29,11:57:00,  108.0 ,895.,  333.5 ,787.,1714409584,Rebose Hidrociclones L1,1.810,0.548,0.003,0.026,0.000,42.38
2024-05-01,10:24:00,  111.0 ,893.5,  315.5 ,782.5,1714576855,Rebose Hidrociclones L2,3.294,0.483,0.034,0.029,0.000,40.32
2024-05-01,10:26:00,  110.5 ,835.,  113.0 ,724.5,1714576860,Concentrado 1ra Limpieza L1,29.446,19.698,0.632,1.684,12.960,15.60
2024-05-01,10:28:00,  109.0 ,947.5,  301.0 ,838.5,1714576865,Concentrado Primario L2,26.453,15.092,0.644,0.989,24.060,35.90
2024-05-01,10:30:00,  110.5 ,1071.,  97.0 ,960.5,1714576869,Cola Scavenger L1,23.655,0.323,0.000,0.012,0.000,10.10
2024-05-01,10:33:00,  111.0 ,851.,  104.5 ,740.,1714576873,Concentrado 1ra Limpieza L2,29.486,19.110,0.622,1.766,12.920,14.12
2024-05-01,10:35:00,  111.0 ,887.,  267.0 ,776.,1714576880,Concentrado Colectivo,29.679,24.059,0.739,1.623,7.980,34.41
2024-05-03,11:07:00,  108.5 ,1126.,  127.5 ,1017.5,1714752022,Cola Scavenger L1,17.230,0.212,0.000,0.009,0.000,12.53
2024-05-03,11:13:00,  111.0 ,897.5,  317.0 ,786.5,1714752037,Rebose Hidrociclones L2,2.274,0.635,0.005,0.037,0.000,40.31
2024-05-03,11:17:00,  108.5 ,1105.,  103.0 ,996.5,1714752791,Cola Scavenger L2,15.780,0.220,0.000,0.007,0.000,10.34
2024-05-03,11:19:00,  111.0 ,899.,  234.5 ,788.,1714752936,Relave Final,1.508,0.081,0.000,0.005,0.000,29.76
2024-05-03,11:22:00,  110.5 ,901.5,  71.0 ,791.,1714753107,Concentrado 1ra Limpieza L1,29.366,24.002,0.114,1.108,11.880,8.98
2024-05-03,11:26:00,  110.0 ,948.5,  194.5 ,838.5,1714753108,Concentrado 1ra Limpieza L2,30.100,19.969,0.108,1.262,14.280,23.20
2024-05-03,11:29:00,  111.0 ,894.5,  248.5 ,783.5,1714753109,Concentrado Colectivo,29.644,22.822,0.122,1.308,12.360,31.72
2024-05-03,11:30:00,  109.0 ,1000.,  340.0 ,891.,1714753111,Concentrado Primario L2,28.570,11.903,0.060,0.874,24.040,38.16
2024-05-03,11:33:00,  110.0 ,983.5,  307.5 ,873.5,1714753112,Concentrado Primario L1,25.663,12.296,0.058,0.880,30.240,35.20
2024-05-06,11:16:00,  111.0 ,892.,  276.5 ,781.,1715012092,Rebose Hidrociclones L2,2.852,0.736,0.006,0.103,0.000,35.40
2024-05-06,11:22:00,  108.5 ,1138.,  141.5 ,1029.5,1715012161,Cola Scavenger L1,24.046,0.183,0.000,0.031,0.000,13.74
2024-05-06,11:24:00,  110.5 ,870.5,  142.5 ,760.,1715012374,Concentrado 1ra Limpieza L1,27.898,20.816,0.056,3.500,15.840,18.75
2024-05-06,11:28:00,  111.0 ,874.5,  173.5 ,763.5,1715012376,Concentrado 1ra Limpieza L2,27.021,21.602,0.057,3.582,14.440,22.72
2024-05-06,11:31:00,  111.0 ,897.5,  254.0 ,786.5,1715012380,Concentrado Colectivo,26.946,23.909,0.052,3.400,12.980,32.29
2024-05-06,11:32:00,  109.5 ,976.5,  309.0 ,867.,1715012383,Concentrado Primario L1,25.086,12.765,0.054,1.912,27.900,35.64
2024-05-06,11:34:00,  110.5 ,813.,  143.5 ,702.5,1715013102,Relave Final,2.518,0.136,0.004,0.023,0.000,20.43
2024-05-06,11:42:00,  110.5 ,890.5,  275.5 ,780.,1715013579,Rebose Hidrociclones L1,2.811,0.692,0.008,0.085,0.000,35.32
2024-05-08,10:58:00,  110.5 ,919.,  38.5 ,808.5,1715183779,Cola Scavenger L1,14.328,0.237,0.000,0.056,0.000,4.76
2024-05-08,10:59:00,  110.0 ,828.,  136.0 ,718.,1715183923,Concentrado Colectivo,29.466,27.199,0.057,3.179,5.600,18.94
2024-05-08,11:01:00,  110.0 ,902.5,  317.0 ,792.5,1715183987,Rebose Hidrociclones L2,2.171,0.618,0.003,0.069,0.000,40.00
2024-05-08,11:03:00,  110.5 ,861.,  168.5 ,750.5,1715183988,Concentrado 1ra Limpieza L1,29.369,25.480,0.056,2.926,7.860,22.45
2024-05-08,11:07:00,  110.0 ,836.5,  138.0 ,726.5,1715184176,Concentrado 1ra Limpieza L2,28.929,25.873,0.054,3.031,7.700,19.00
2024-05-15,10:42:00,  108.5 ,920.5,  79.0 ,812.,1715787576,Cola Scavenger L1,19.308,0.192,0.000,0.020,0.000,9.73
2024-05-15,10:46:00,  108.5 ,1085.,  99.0 ,976.5,1715787580,Cola Scavenger L2,19.981,0.185,0.000,0.018,0.000,10.14
2024-05-15,10:51:00,  110.5 ,784.5,  97.5 ,674.,1715788021,Concentrado 1ra Limpieza L1,25.966,19.204,0.000,2.000,0.000,14.47
2024-05-15,10:54:00,  110.0 ,810.,  165.5 ,700.,1715788024,Concentrado 1ra Limpieza L2,26.411,21.144,0.000,1.997,0.000,23.64
2024-05-15,10:57:00,  111.0 ,788.5,  142.5 ,677.5,1715788027,Concentrado Colectivo,30.176,24.225,0.000,1.948,0.000,21.03
2024-05-15,10:59:00,  109.0 ,911.5,  278.0 ,802.5,1715788029,Concentrado Primario L2,26.002,16.349,0.000,1.406,0.000,34.64
2024-05-15,11:01:00,  109.5 ,960.5,  327.5 ,851.,1715788033,Concentrado Primario L1,27.419,14.754,0.000,1.347,0.000,38.48
2024-05-17,10:45:00,  110.0 ,877.,  302.0 ,767.,1715960370,Rebose Hidrociclones L2,2.147,0.604,0.004,0.040,0.000,39.37
2024-05-17,10:48:00,  110.5 ,1121.5,  137.0 ,1011.,1715960373,Cola Scavenger L1,22.648,0.140,0.000,0.012,0.000,13.55
2024-05-17,10:52:00,  108.5 ,1121.5,  134.0 ,1013.,1715960376,Cola Scavenger L2,21.318,0.132,0.000,0.012,0.000,13.23
2024-05-17,10:54:00,  110.5 ,805.,  112.0 ,694.5,1715960380,Concentrado 1ra Limpieza L1,30.700,19.104,0.084,1.502,12.940,16.13
2024-05-17,10:58:00,  110.0 ,809.5,  162.0 ,699.5,1715960387,Concentrado 1ra Limpieza L2,30.283,20.895,0.087,1.495,11.560,23.16
2024-05-17,11:01:00,  110.0 ,826.,  173.0 ,716.,1715960390,Concentrado Colectivo,30.054,23.880,0.092,1.601,9.500,24.16
2024-05-17,11:02:00,  109.5 ,897.,  239.0 ,787.5,1715960394,Concentrado Primario L2,21.046,11.144,0.051,0.735,37.700,30.35
2024-05-17,11:05:00,  110.0 ,968.,  313.0 ,858.,1715960396,Concentrado Primario L1,30.058,12.438,0.057,0.843,20.900,36.48
2024-05-20,11:05:00,  108.0 ,882.5,  324.5 ,774.5,,Rebose Hidrociclones L1,1.591,0.605,0.004,0.040,0.000,41.90
2024-05-20,11:10:00,  108.5 ,1102.5,  142.5 ,994.,,Cola Scavenger L1,14.109,0.150,0.000,0.015,0.000,14.34
2024-05-20,11:14:00,  108.5 ,1109.5,  131.5 ,1001.,,Cola Scavenger L2,12.485,0.143,0.000,0.013,0.000,13.14
2024-05-20,11:17:00,  110.5 ,788.,  94.5 ,677.5,,Concentrado 1ra Limpieza L1,29.019,18.905,0.087,1.611,15.400,13.95
2024-05-20,11:20:00,  110.0 ,810.,  165.5 ,700.,,Concentrado 1ra Limpieza L2,30.149,21.393,0.093,1.479,12.180,23.64
2024-05-20,11:23:00,  111.0 ,880.,  235.5 ,769.,,Concentrado Colectivo,29.722,22.885,0.098,1.638,11.100,30.62
2024-05-20,11:36:00,  111.0 ,876.5,  319.5 ,765.5,,Rebose Hidrociclones L2,1.628,0.627,0.005,0.041,0.000,41.74
2024-05-20,11:44:00,  109.0 ,926.,  269.5 ,817.,,Concentrado Primario L2,22.582,15.423,0.061,0.970,30.640,32.99
2024-05-20,11:47:00,  109.5 ,925.,  282.0 ,815.5,,Concentrado Primario L1,22.932,14.030,0.058,0.989,31.000,34.58
2024-05-22,15:15:00,  111.0 ,904.5,  330.0 ,793.5,1716408797,Rebose Hidrociclones L2,2.079,0.669,0.004,0.038,85.740,41.59
2024-05-22,15:17:00,  109.0 ,774.,  142.0 ,665.,1716408800,Relave Final,1.177,0.047,0.002,0.006,87.410,21.35
2024-05-22,15:21:00,  108.5 ,1098.,  123.5 ,989.5,1716408804,Cola Scavenger L1,16.245,0.166,0.000,0.012,55.600,12.48
2024-05-22,15:23:00,  110.5 ,801.5,  103.5 ,691.,1716408808,Concentrado 1ra Limpieza L1,27.708,20.975,0.085,1.354,0.000,14.98
2024-05-22,15:27:00,  110.0 ,822.,  166.0 ,712.,1716408810,Concentrado 1ra Limpieza L2,27.233,23.372,0.092,1.330,0.000,23.31
2024-05-22,15:30:00,  110.0 ,889.,  250.0 ,779.,1716408812,Concentrado Colectivo,27.114,24.371,0.092,1.314,0.000,32.09
2024-05-22,15:31:00,  109.0 ,979.5,  330.0 ,870.5,1716408814,Concentrado Primario L2,25.367,15.182,0.057,0.957,0.000,37.91
2024-05-22,15:34:00,  109.5 ,969.5,  336.5 ,860.,1716408816,Concentrado Primario L1,23.624,15.981,0.059,0.976,0.000,39.13
2024-05-22,15:48:00,  108.0 ,848.5,  238.5 ,740.5,1716410804,Rebose Hidrociclones L1,1.811,0.516,0.004,0.037,86.870,32.21
2024-05-24,10:54:00,  110.0 ,958.,  315.0 ,848.,1716568100,Concentrado Primario L1,25.973,14.982,0.360,0.353,20.500,37.15
2024-05-24,11:31:00,  111.0 ,818.5,  168.0 ,707.5,1716568089,Relave Final,2.587,0.090,0.008,0.005,0.000,23.75
2024-05-24,11:34:00,  110.5 ,1085.5,  88.0 ,975.,1716568091,Cola Scavenger L1,10.962,0.288,0.000,0.020,0.000,9.03
2024-05-24,11:38:00,  108.5 ,1084.5,  95.5 ,976.,1716568093,Cola Scavenger L2,10.040,0.270,0.000,0.017,0.000,9.78
2024-05-24,11:40:00,  111.0 ,621.,  62.5 ,510.,1716568095,Concentrado 1ra Limpieza L1,26.923,27.367,0.572,0.583,6.500,12.25
2024-05-24,11:44:00,  110.0 ,829.,  163.5 ,719.,1716568097,Concentrado 1ra Limpieza L2,26.988,27.567,0.589,0.665,6.300,22.74
2024-05-24,11:47:00,  110.0 ,858.5,  194.0 ,748.5,1716568098,Concentrado Colectivo,26.673,29.964,0.609,0.582,4.500,25.92
2024-05-24,11:50:00,  110.0 ,850.5,  262.5 ,740.5,1716569267,Rebose Hidrociclones L2,4.084,0.633,0.019,0.015,0.000,35.45
2024-05-25,11:02:00,  110.0 ,887.5,  303.5 ,777.5,1716825665,Rebose Hidrociclones L2,2.942,0.651,0.013,0.018,0.000,39.04
2024-05-27,10:38:00,  111.0 ,784.5,  119.5 ,673.5,1716824227,Relave Final,2.023,0.189,0.000,0.007,0.000,17.74
2024-05-27,10:42:00,  110.5 ,1112.,  130.5 ,1001.5,1716824231,Cola Scavenger L1,9.073,0.130,0.000,0.006,0.000,13.03
2024-05-27,10:44:00,  111.0 ,809.,  122.5 ,698.,1716824233,Concentrado 1ra Limpieza L1,29.782,18.932,0.000,0.596,14.640,17.55
2024-05-27,22:47:00,  110.0 ,861.5,  190.0 ,751.5,1716824693,Concentrado Colectivo,29.625,22.599,0.000,0.697,10.700,25.28
2024-05-27,22:50:00,  110.0 ,807.5,  159.0 ,697.5,1716824709,Concentrado 1ra Limpieza L2,29.648,19.725,0.000,0.659,13.540,22.80
2024-05-27,11:48:00,  110.0 ,940.,  289.0 ,830.,1716825054,Concentrado Primario L1,25.056,17.346,0.000,0.563,25.440,34.82
2024-05-29,10:24:00,  110.0 ,789.,  148.5 ,679.,1716995976,Concentrado 1ra Limpieza L2,31.255,24.232,0.000,0.758,10.760,21.87
2024-05-29,10:27:00,  110.5 ,799.5,  107.0 ,689.,1716996006,Concentrado 1ra Limpieza L1,30.239,23.338,0.000,0.786,11.980,15.53
2024-05-29,10:29:00,  109.0 ,995.,  345.0 ,886.,1716996016,Concentrado Primario L2,28.469,17.379,0.000,0.535,23.060,38.94
2024-05-29,10:32:00,  109.5 ,1033.,  398.5 ,923.5,1716996019,Concentrado Primario L1,27.700,16.684,0.000,0.507,23.860,43.15
2024-05-29,10:36:00,  111.0 ,912.,  312.5 ,801.,1716996082,Rebose Hidrociclones L2,2.638,0.824,0.000,0.023,0.000,39.01
2024-05-29,10:38:00,  109.0 ,803.5,  130.5 ,694.5,1716996084,Relave Final,1.646,0.075,0.000,0.005,0.000,18.79
2024-05-29,10:42:00,  108.5 ,1126.5,  129.5 ,1018.,1716996087,Cola Scavenger L1,11.426,0.282,0.000,0.013,0.000,12.72
2024-05-29,10:47:00,  111.0 ,883.,  222.5 ,772.,1716997486,Concentrado Colectivo,30.252,25.622,0.000,0.736,9.900,28.82
2024-05-29,10:57:00,  108.5 ,1120.,  146.5 ,1011.5,1716998030,Cola Scavenger L2,11.954,0.286,0.000,0.013,0.000,14.48
2024-05-30,10:46:00,  110.5 ,822.,  132.5 ,711.5,1717083827,Relave Final,1.201,0.095,0.003,0.005,0.000,18.62
2024-05-31,10:18:00,  111.0 ,916.,  198.0 ,805.,1717168570,Relave Final,1.848,0.156,0.000,0.007,0.000,24.60
2024-05-31,10:21:00,  110.0 ,959.5,  153.5 ,849.5,1717168571,Concentrado 1ra Limpieza L2,29.308,21.352,0.136,1.009,15.200,18.07
2024-05-31,10:24:00,  111.0 ,907.,  162.0 ,796.,1717168572,Concentrado 1ra Limpieza L1,29.675,18.472,0.121,1.017,18.020,20.35
2024-05-31,10:26:00,  110.0 ,992.,  340.5 ,882.,1717168575,Concentrado Primario L1,28.362,26.069,0.065,0.062,10.760,38.61
2024-05-31,10:31:00,  110.5 ,1215.,  161.0 ,1104.5,1717168593,Cola Scavenger L1,18.501,0.214,0.000,0.010,0.000,14.58
2024-05-31,10:32:00,  110.0 ,749.5,  196.0 ,639.5,1717168598,Concentrado Colectivo,27.780,23.184,0.000,1.060,12.540,30.65
2024-05-31,10:34:00,  109.5 ,1016.,  343.0 ,906.5,1717168616,Concentrado Primario L2,24.277,17.214,0.052,0.693,26.080,37.84
2024-05-31,10:35:00,  110.5 ,936.5,  345.5 ,826.,1717168604,Rebose Hidrociclones L1,2.494,0.703,0.007,0.027,0.000,41.83
2024-05-31,10:39:00,  108.5 ,999.,  108.5 ,890.5,1717168620,Cola Scavenger L2,16.448,0.215,0.000,0.008,0.000,12.18
2024-05-31,11:41:00,  110.0 ,923.,  340.0 ,813.,1717168683,Rebose Hidrociclones L2,2.275,0.660,0.006,0.024,0.000,41.82
2024-06-03,10:32:00,  110.0 ,967.,  320.0 ,857.,1717428595,Concentrado Primario L1,24.106,18.763,0.000,0.983,26.340,37.34
2024-06-03,10:38:00,  110.0 ,813.5,  158.0 ,703.5,1717428637,Relave Final,0.900,0.083,0.000,0.007,0.000,22.46
2024-06-03,10:41:00,  110.5 ,1101.5,  97.0 ,991.,1717428638,Cola Scavenger L1,19.802,0.614,0.000,0.012,0.000,9.79
2024-06-03,10:47:00,  111.0 ,819.,  123.5 ,708.,1717428645,Concentrado 1ra Limpieza L1,30.178,23.009,0.000,1.490,11.100,17.44
2024-06-03,10:50:00,  110.0 ,923.5,  284.5 ,813.5,1717428648,Concentrado Colectivo,29.572,26.663,0.000,1.471,9.240,34.97
2024-06-03,10:52:00,  109.5 ,972.5,  338.0 ,863.,1717428650,Concentrado Primario L2,24.928,19.750,0.000,1.004,24.980,39.17
2024-06-03,10:54:00,  108.5 ,1101.5,  100.0 ,993.,1717429684,Cola Scavenger L2,18.893,0.685,0.000,0.016,0.000,10.07
2024-06-05,10:05:00,  109.0 ,809.,  151.5 ,700.,1717599668,Relave Final,1.378,0.070,0.000,0.004,0.000,21.64
2024-06-05,10:08:00,  110.5 ,1105.,  124.0 ,994.5,1717599672,Cola Scavenger L1,10.341,0.263,0.000,0.013,0.000,12.47
2024-06-05,10:11:00,  110.0 ,904.,  307.0 ,794.,1717599788,Rebose Hidrociclones L2,1.807,0.775,0.004,0.033,0.000,38.66
2024-06-05,10:13:00,  110.5 ,894.,  289.0 ,783.5,1717600061,Rebose Hidrociclones L1,1.775,0.859,0.004,0.034,0.000,36.89
2024-06-05,10:17:00,  108.5 ,1131.,  139.0 ,1022.5,1717600158,Cola Scavenger L2,10.093,0.249,0.000,0.012,0.000,13.59
2024-06-05,10:21:00,  110.0 ,795.,  116.5 ,685.,1717600596,Concentrado 1ra Limpieza L2,26.407,23.987,0.105,0.998,11.960,17.01
2024-06-05,10:24:00,  110.0 ,909.5,  256.5 ,799.5,1717600601,Concentrado Colectivo,26.532,25.276,0.110,1.090,10.540,32.08
2024-06-05,10:25:00,  109.5 ,941.,  276.0 ,831.5,1717600604,Concentrado Primario L2,20.855,16.355,0.082,0.699,30.920,33.19
2024-06-05,10:28:00,  110.0 ,944.5,  285.0 ,834.5,1717600606,Concentrado Primario L1,20.477,16.454,0.081,0.676,32.240,34.15
2024-06-05,10:30:00,  111.0 ,817.,  120.5 ,706.,1717600620,Concentrado 1ra Limpieza L1,27.264,23.293,0.109,1.060,11.120,17.07
2024-06-10,12:01:00,  109.0 ,902.,  266.5 ,793.,1718038545,Relave Final,1.646,0.062,0.000,0.006,0.000,33.61
2024-06-10,12:04:00,  110.5 ,1114.5,  92.5 ,1004.,1718038546,Cola Scavenger L1,11.576,0.481,0.000,0.010,0.000,9.21
2024-06-10,12:09:00,  108.5 ,1096.5,  91.0 ,988.,1718038548,Cola Scavenger L2,11.326,0.481,0.000,0.010,0.000,9.21
2024-06-10,12:11:00,  111.0 ,836.5,  123.5 ,725.5,1718038551,Concentrado 1ra Limpieza L1,31.828,21.113,0.000,1.125,0.000,17.02
2024-06-10,12:15:00,  110.0 ,874.5,  179.5 ,764.5,1718038553,Concentrado 1ra Limpieza L2,31.779,20.270,0.000,1.219,0.000,23.48
2024-06-10,12:17:00,  110.0 ,918.5,  278.0 ,808.5,1718038554,Concentrado Colectivo,31.061,24.086,0.000,1.340,0.000,34.38
2024-06-10,12:19:00,  109.5 ,1011.,  358.5 ,901.5,1718038556,Concentrado Primario L2,26.677,19.031,0.000,0.982,0.000,39.77
2024-06-10,12:21:00,  110.0 ,1045.,  379.5 ,935.,1718038558,Concentrado Primario L1,27.220,17.544,0.000,0.946,0.000,40.59
2024-06-10,12:23:00,  110.5 ,926.,  325.0 ,815.5,1718038783,Rebose Hidrociclones L1,2.363,0.518,0.000,0.028,0.000,39.85
2024-06-10,12:25:00,  110.0 ,921.5,  318.5 ,811.5,1718039947,Rebose Hidrociclones L2,2.379,0.507,0.000,0.023,0.000,39.25
2024-06-12,10:26:00,  108.0 ,837.,  169.0 ,729.,1718205772,Rebose Hidrociclones L1,1.939,0.522,0.000,0.026,0.000,23.18
2024-06-12,10:31:00,  111.0 ,858.5,  206.5 ,747.5,1718205776,Relave Final,1.852,0.069,0.000,0.006,0.000,27.63
2024-06-12,10:35:00,  108.5 ,1081.,  73.5 ,972.5,1718205778,Cola Scavenger L1,10.940,0.504,0.000,0.010,0.000,7.56
2024-06-12,10:38:00,  110.0 ,1037.,  35.0 ,927.,1718205780,Cola Scavenger L2,10.606,0.524,0.000,0.012,0.000,3.78
2024-06-12,10:41:00,  110.5 ,791.,  100.0 ,680.5,1718205782,Concentrado 1ra Limpieza L1,30.932,23.491,0.000,1.230,0.000,14.70
2024-06-12,10:44:00,  110.0 ,839.,  180.5 ,729.,1718205783,Concentrado 1ra Limpieza L2,31.282,22.302,0.000,1.300,0.000,24.76
2024-06-12,10:47:00,  111.0 ,900.,  259.0 ,789.,1718205799,Concentrado Colectivo,30.745,24.483,0.000,1.377,0.000,32.83
2024-06-12,10:49:00,  109.0 ,981.,  352.0 ,872.,1718205801,Concentrado Primario L2,25.938,18.486,0.000,1.033,0.000,40.37
2024-06-12,10:51:00,  110.5 ,1034.,  390.5 ,923.5,1718205804,Concentrado Primario L1,26.689,16.850,0.000,0.987,0.000,42.28
2024-06-17,04:43:00,  110.5 ,942.,  195.0 ,831.5,1718660439,Concentrado Primario L1,22.493,14.372,0.071,0.510,30.720,23.45
2024-06-17,11:55:00,  108.0 ,914.,  317.0 ,806.,1718643239,Rebose Hidrociclones L1,2.013,0.504,0.005,0.015,0.000,39.33
2024-06-17,11:57:00,  109.0 ,960.,  258.5 ,851.,1718643259,Concentrado Primario L2,24.584,14.868,0.077,0.485,26.720,30.38
2024-06-17,11:59:00,  111.0 ,914.,  322.5 ,803.,1718643263,Rebose Hidrociclones L2,2.295,0.530,0.006,0.014,0.000,40.16
2024-06-17,12:01:00,  111.0 ,821.,  159.0 ,710.,1718643270,Relave Final,1.824,0.051,0.000,0.003,0.000,22.39
2024-06-17,12:05:00,  108.5 ,1073.,  88.0 ,964.5,1718643279,Cola Scavenger L1,9.625,0.256,0.000,0.007,0.000,9.12
2024-06-17,12:07:00,  110.5 ,805.,  71.0 ,694.5,1718643282,Concentrado 1ra Limpieza L1,30.505,23.293,0.122,0.695,7.960,10.22
2024-06-17,12:09:00,  110.0 ,1083.,  83.5 ,973.,1718643288,Cola Scavenger L2,9.624,0.247,0.000,0.018,0.000,8.58
2024-06-17,12:12:00,  110.0 ,833.5,  152.5 ,723.5,1718643292,Concentrado 1ra Limpieza L2,30.694,21.608,0.116,0.767,9.260,21.08
2024-06-17,12:15:00,  111.0 ,672.5,  158.5 ,561.5,1718643296,Concentrado Colectivo,29.767,25.276,0.000,0.838,6.760,28.23
2024-06-21,10:42:00,  111.0 ,834.2,  196.0 ,723.2,1718984431,Relave Final,2.999,0.078,0.000,0.005,0.000,27.10
2024-06-21,10:46:00,  108.5 ,1100.6,  123.0 ,992.1,1718984436,Cola Scavenger L1,11.006,0.283,0.000,0.007,0.000,12.40
2024-06-21,10:49:00,  110.0 ,1111.6,  121.5 ,1001.6,1718984440,Cola Scavenger L2,10.926,0.261,0.000,0.006,0.000,12.13
2024-06-21,10:52:00,  108.0 ,898.,  304.5 ,790.,1718984445,Rebose Hidrociclones L1,2.723,0.377,0.010,0.013,0.000,38.54
2024-06-21,10:54:00,  111.0 ,888.,  294.0 ,777.,1718984897,Rebose Hidrociclones L2,2.876,0.462,0.011,0.014,0.000,37.84
2024-06-21,10:57:00,  110.5 ,815.2,  102.0 ,704.7,1718984903,Concentrado 1ra Limpieza L1,31.037,21.113,0.227,0.881,8.900,14.47
2024-06-21,11:00:00,  110.0 ,832.5,  159.5 ,722.5,1718984909,Concentrado 1ra Limpieza L2,29.969,20.914,0.227,0.832,11.680,22.08
2024-06-21,11:03:00,  111.0 ,650.4,  100.0 ,539.4,1718984913,Concentrado Colectivo,29.673,24.185,0.260,1.094,7.340,18.54
2024-06-21,11:05:00,  109.0 ,945.5,  269.0 ,836.5,1718984916,Concentrado Primario L2,25.328,16.157,0.206,0.642,24.220,32.16
2024-06-21,11:07:00,  110.5 ,949.8,  302.5 ,839.3,1718984919,Concentrado Primario L1,26.141,17.842,0.212,0.647,21.220,36.04
2024-06-24,11:12:00,  111.0 ,874.,  216.0 ,763.,1719245277,Relave Final,2.075,0.113,0.005,0.014,0.000,28.31
2024-06-24,11:15:00,  108.5 ,1089.5,  85.0 ,981.,1719245279,Cola Scavenger L1,11.107,0.422,0.000,0.023,0.000,8.66
2024-06-24,11:19:00,  108.5 ,1095.5,  97.0 ,987.,1719245282,Cola Scavenger L2,10.550,0.357,0.000,0.019,0.000,9.83
2024-06-24,11:21:00,  110.5 ,845.,  134.5 ,734.5,1719245285,Concentrado 1ra Limpieza L1,26.180,22.302,0.128,2.451,15.200,18.31
2024-06-24,11:25:00,  110.0 ,866.,  184.0 ,756.,1719245287,Concentrado 1ra Limpieza L2,23.767,19.130,0.112,2.089,22.680,24.34
2024-06-24,11:28:00,  110.0 ,886.5,  200.5 ,776.5,1719245289,Concentrado Colectivo,27.579,26.961,0.156,2.476,8.800,25.82
2024-06-24,11:30:00,  109.0 ,975.,  330.0 ,866.,1719245291,Concentrado Primario L2,23.532,22.451,0.146,2.224,20.040,38.11
2024-06-24,11:32:00,  110.0 ,874.5,  151.5 ,764.5,1719245294,Concentrado Primario L1,22.559,5.253,0.042,0.746,40.420,19.82
2024-06-24,16:30:00,  111.0 ,895.5,  311.0 ,784.5,1719264309,Rebose Hidrociclones L2,2.281,0.845,0.007,0.119,0.000,39.64
2024-06-24,16:32:00,  110.5 ,897.,  289.5 ,786.5,1719264625,Rebose Hidrociclones L1,2.047,0.916,0.007,0.108,0.000,36.81
2024-06-26,16:22:00,  108.0 ,894.5,  286.0 ,786.5,1719436844,Rebose Hidrociclones L1,2.113,1.222,0.008,0.077,0.000,36.36
2024-06-26,15:25:00,  109.0 ,800.5,  135.5 ,691.5,1719433246,Relave Final,1.679,0.133,0.003,0.016,0.000,19.60
2024-06-26,15:28:00,  110.5 ,1091.5,  100.5 ,981.,1719433248,Cola Scavenger L1,6.723,0.228,0.000,0.022,0.000,10.24
2024-06-26,15:31:00,  108.5 ,1066.5,  71.0 ,958.,1719433250,Cola Scavenger L2,6.385,0.212,0.000,0.020,0.000,7.41
2024-06-26,15:34:00,  111.0 ,825.5,  122.0 ,714.5,1719433251,Concentrado 1ra Limpieza L1,26.138,24.934,0.165,1.773,13.880,17.07
2024-06-26,15:38:00,  110.0 ,841.5,  172.0 ,731.5,1719433253,Concentrado 1ra Limpieza L2,25.792,25.083,0.155,1.858,18.700,23.51
2024-06-26,15:40:00,  110.0 ,857.,  184.5 ,747.,1719433254,Concentrado Colectivo,27.019,28.045,0.172,1.939,9.500,24.70
2024-06-26,15:42:00,  109.5 ,934.5,  281.5 ,825.,1719433256,Concentrado Primario L2,19.907,18.318,0.109,1.157,31.920,34.12
2024-06-26,15:54:00,  110.5 ,964.5,  314.0 ,854.,1719435173,Concentrado Primario L1,20.084,17.183,0.103,1.107,33.060,36.77
2024-06-26,16:00:00,  110.0 ,895.5,  303.5 ,785.5,1719435290,Rebose Hidrociclones L2,2.505,1.125,0.009,0.073,0.000,38.64
2024-06-28,12:01:00,  111.0 ,705.,  173.0 ,594.,1719593420,Concentrado Colectivo,26.924,24.391,0.000,1.458,14.120,29.12
2024-06-28,12:03:00,  109.0 ,957.,  295.0 ,848.,1719593422,Concentrado Primario L2,23.552,19.454,0.000,1.370,25.020,34.79
2024-06-28,12:06:00,  110.0 ,966.,  310.5 ,856.,1719593426,Concentrado Primario L1,23.736,19.849,0.000,1.337,24.120,36.27
2024-06-28,12:11:00,  110.5 ,906.5,  305.0 ,796.,1719594577,Rebose Hidrociclones L1,3.611,0.825,0.000,0.057,0.000,38.32
2024-06-28,23:41:00,  108.5 ,912.5,  76.5 ,804.,1719592741,Cola Scavenger L1,7.210,0.170,0.000,0.020,0.000,9.51
2024-06-28,23:43:00,  111.0 ,906.5,  312.0 ,795.5,1719592751,Rebose Hidrociclones L2,3.666,0.753,0.000,0.056,0.000,39.22
2024-06-28,23:46:00,  111.0 ,817.5,  161.0 ,706.5,1719592752,Relave Final,2.703,0.087,0.000,0.011,0.000,22.79
2024-06-28,23:51:00,  108.5 ,1089.,  89.0 ,980.5,1719593191,Cola Scavenger L2,7.452,0.163,0.000,0.021,0.000,9.08
2024-06-28,23:55:00,  110.5 ,825.,  134.5 ,714.5,1719593416,Concentrado 1ra Limpieza L1,26.876,20.540,0.000,1.491,18.000,18.82
2024-06-28,23:59:00,  110.0 ,793.,  73.5 ,683.,1719593418,Concentrado 1ra Limpieza L2,26.269,20.244,0.000,1.655,18.840,10.76
2024-07-01,10:58:00,  109.0 ,813.,  130.5 ,704.,1719849279,Relave Final,2.158,0.057,0.000,0.006,0.000,18.54
2024-07-01,11:02:00,  110.5 ,1068.5,  55.5 ,958.,1719849281,Cola Scavenger L1,8.195,0.176,0.000,0.027,0.000,5.79
2024-07-01,11:05:00,  108.5 ,1054.,  72.0 ,945.5,1719849284,Cola Scavenger L2,8.729,0.181,0.000,0.025,0.000,7.62
2024-07-01,11:08:00,  111.0 ,799.5,  103.5 ,688.5,1719849287,Concentrado 1ra Limpieza L1,27.479,25.375,0.000,2.098,11.380,15.03
2024-07-01,11:11:00,  110.0 ,789.5,  125.0 ,679.5,1719849290,Concentrado 1ra Limpieza L2,27.870,26.961,0.000,1.862,9.640,18.40
2024-07-01,11:13:00,  109.5 ,977.5,  289.0 ,868.,1719849294,Concentrado Primario L2,23.886,17.346,0.000,1.226,28.120,33.29
2024-07-01,11:15:00,  110.0 ,817.,  116.5 ,707.,1719849319,Concentrado Colectivo,28.589,28.646,0.000,1.807,6.920,16.48
2024-07-01,11:16:00,  110.5 ,971.5,  283.5 ,861.,1719849322,Concentrado Primario L1,23.081,14.769,0.000,0.919,30.520,32.93
2024-07-05,11:18:00,  111.0 ,903.,  334.0 ,792.,1720196213,Rebose Hidrociclones L2,3.078,0.480,0.008,0.032,0.000,42.17
2024-07-05,11:21:00,  111.0 ,819.5,  173.0 ,708.5,1720196238,Relave Final,2.695,0.064,0.000,0.008,0.000,24.42
2024-07-05,11:24:00,  108.5 ,1053.5,  45.5 ,945.,1720196241,Cola Scavenger L1,11.023,0.388,0.000,0.063,0.000,4.81
2024-07-05,11:28:00,  108.5 ,1061.,  48.0 ,952.5,1720196244,Cola Scavenger L2,10.915,0.337,0.000,0.054,0.000,5.04
2024-07-05,11:30:00,  110.5 ,810.,  98.5 ,699.5,1720196248,Concentrado 1ra Limpieza L1,26.972,22.649,0.181,1.626,12.460,14.08
2024-07-05,11:34:00,  111.0 ,827.,  144.0 ,716.,1720196252,Concentrado 1ra Limpieza L2,26.758,22.798,0.166,1.538,12.160,20.11
2024-07-05,11:37:00,  111.0 ,837.5,  167.0 ,726.5,1720196255,Concentrado Colectivo,27.288,26.663,0.192,1.588,8.220,22.99
2024-07-05,11:38:00,  109.0 ,904.5,  212.5 ,795.5,1720196258,Concentrado Primario L2,17.332,12.489,0.088,0.862,39.840,26.71
2024-07-05,11:45:00,  109.5 ,879.,  175.0 ,769.5,1720197744,Concentrado Primario L1,16.784,14.174,0.088,0.883,36.420,22.74
2024-07-08,10:54:00,  111.0 ,818.5,  172.5 ,707.5,1720453972,Relave Final,2.908,0.063,0.000,0.009,0.000,24.38
2024-07-08,10:58:00,  108.5 ,1082.5,  85.0 ,974.,1720454011,Cola Scavenger L1,9.189,0.155,0.000,0.017,0.000,8.73
2024-07-08,11:01:00,  108.5 ,1062.5,  62.5 ,954.,1720454013,Cola Scavenger L2,9.125,0.147,0.000,0.016,0.000,6.55
2024-07-08,11:04:00,  108.0 ,887.,  294.0 ,779.,1720454080,Rebose Hidrociclones L1,2.860,0.541,0.007,0.035,0.000,37.74
2024-07-08,11:21:00,  110.5 ,783.5,  85.5 ,673.,1720455420,Concentrado 1ra Limpieza L1,25.904,21.379,0.103,1.454,13.240,12.70
2024-07-08,11:24:00,  111.0 ,830.5,  181.5 ,719.5,1720455422,Concentrado 1ra Limpieza L2,26.033,21.577,0.103,1.434,12.480,25.23
2024-07-08,11:27:00,  111.0 ,840.,  190.5 ,729.,1720455742,Concentrado Colectivo,26.412,23.305,0.106,1.464,10.880,26.13
2024-07-08,11:29:00,  110.5 ,976.,  274.5 ,865.5,1720455745,Concentrado Primario L1,23.890,18.170,0.077,1.131,22.100,31.72
2024-07-08,12:14:00,  111.0 ,896.5,  300.5 ,785.5,1720458650,Rebose Hidrociclones L2,2.931,0.563,0.007,0.036,0.000,38.26
2024-07-10,11:24:00,  111.0 ,742.,  142.5 ,631.,1720628544,Relave Final,1.787,0.073,0.000,0.015,0.000,22.58
2024-07-10,11:28:00,  108.5 ,1068.6,  66.0 ,960.1,1720628548,Cola Scavenger L1,17.291,0.226,0.000,0.069,0.000,6.87
2024-07-10,11:31:00,  108.5 ,1060.4,  53.5 ,951.9,1720628550,Cola Scavenger L2,17.404,0.211,0.000,0.074,0.000,5.62
2024-07-10,11:39:00,  110.5 ,782.,  80.0 ,671.5,1720629241,Concentrado 1ra Limpieza L1,27.224,19.207,0.096,1.723,15.240,11.91
2024-07-10,11:43:00,  111.0 ,830.2,  184.0 ,719.2,1720629405,Concentrado 1ra Limpieza L2,28.116,19.404,0.100,1.813,13.920,25.58
2024-07-10,11:46:00,  111.0 ,863.6,  187.5 ,752.6,1720629407,Concentrado Colectivo,28.235,22.910,0.106,1.833,9.840,24.91
2024-07-10,11:47:00,  110.5 ,927.2,  222.0 ,816.7,1720629408,Concentrado Primario L1,21.376,10.863,0.055,0.918,35.300,27.18
2024-07-12,10:33:00,  108.5 ,1076.5,  82.0 ,968.,1720798249,Cola Scavenger L2,6.806,0.146,0.000,0.018,0.000,8.47
2024-07-12,10:35:00,  110.5 ,989.,  275.5 ,878.5,1720798461,Rebose Hidrociclones L1,2.283,0.456,0.005,0.034,0.000,31.36
2024-07-12,10:38:00,  110.0 ,903.,  308.5 ,793.,1720798598,Rebose Hidrociclones L2,2.465,0.419,0.006,0.030,0.000,38.90
2024-07-12,10:40:00,  111.0 ,784.5,  80.0 ,673.5,1720798599,Concentrado 1ra Limpieza L1,27.726,16.723,0.105,1.493,18.200,11.88
2024-07-12,10:42:00,  109.0 ,794.5,  129.5 ,685.5,1720798796,Relave Final,1.677,0.051,0.000,0.011,0.000,18.89
2024-07-12,10:44:00,  110.0 ,827.,  183.0 ,717.,1720798797,Concentrado 1ra Limpieza L2,29.079,19.969,0.113,1.430,12.800,25.52
2024-07-12,10:47:00,  110.5 ,1081.5,  91.0 ,971.,1720799090,Cola Scavenger L1,7.043,0.107,0.000,0.017,0.000,9.37
2024-07-12,10:48:00,  110.0 ,825.,  171.0 ,715.,1720799235,Concentrado Colectivo,28.039,23.068,0.133,1.670,10.880,23.92
2024-07-15,10:20:00,  108.0 ,861.2,  222.5 ,753.2,1721056644,Rebose Hidrociclones L1,2.215,0.608,0.000,0.029,0.000,29.54
2024-07-15,10:23:00,  111.0 ,806.6,  133.0 ,695.6,1721056652,Relave Final,1.434,0.043,0.000,0.010,0.000,19.12
2024-07-15,10:26:00,  108.5 ,1108.6,  116.5 ,1000.1,1721056654,Cola Scavenger L1,7.652,0.082,0.000,0.012,0.000,11.65
2024-07-15,10:30:00,  108.5 ,1076.4,  92.5 ,967.9,1721056657,Cola Scavenger L2,7.603,0.078,0.000,0.011,0.000,9.56
2024-07-15,10:32:00,  110.5 ,825.6,  142.0 ,715.1,1721057228,Concentrado 1ra Limpieza L1,28.752,17.510,0.000,0.789,17.140,19.86
2024-07-15,10:36:00,  111.0 ,806.2,  177.5 ,695.2,1721057232,Concentrado 1ra Limpieza L2,28.661,19.772,0.000,0.863,15.140,25.53
2024-07-15,10:38:00,  111.0 ,816.8,  125.0 ,705.8,1721057235,Concentrado Colectivo,28.975,24.101,0.000,1.109,10.600,17.71
2024-07-15,10:53:00,  109.5 ,932.,  273.5 ,822.5,1721058654,Concentrado Primario L2,25.498,14.313,0.000,0.650,27.240,33.25
2024-07-15,22:40:00,  110.5 ,953.2,  260.0 ,842.7,1721057946,Concentrado Primario L1,24.371,11.706,0.000,0.629,31.780,30.85
2024-07-19,17:10:00,  110.5 ,843.,  175.0 ,732.5,1721426815,Rebose Hidrociclones L1,2.251,0.754,0.008,0.024,0.000,23.89
2024-07-19,17:15:00,  110.5 ,1072.5,  68.5 ,962.,1721426858,Cola Scavenger L1,7.086,0.215,0.000,0.022,0.000,7.12
2024-07-19,17:19:00,  108.5 ,1079.,  66.5 ,970.5,1721426862,Cola Scavenger L2,6.960,0.196,0.000,0.022,0.000,6.85
2024-07-19,17:21:00,  109.0 ,789.,  114.5 ,680.,1721427149,Relave Final,1.755,0.066,0.000,0.008,0.000,16.84
2024-07-19,17:24:00,  111.0 ,809.,  89.5 ,698.,1721427191,Concentrado 1ra Limpieza L1,27.613,22.472,0.173,0.808,16.340,12.82
2024-07-19,17:28:00,  110.0 ,823.,  120.5 ,713.,1721427194,Concentrado 1ra Limpieza L2,27.886,22.373,0.178,0.880,15.920,16.90
2024-07-19,17:30:00,  110.0 ,846.5,  170.5 ,736.5,1721427198,Concentrado Colectivo,29.290,26.956,0.197,0.755,9.040,23.15
2024-07-19,17:32:00,  109.5 ,935.5,  271.0 ,826.,1721427201,Concentrado Primario L2,21.253,16.870,0.110,0.600,29.760,32.81
2024-07-19,17:34:00,  110.0 ,941.,  254.5 ,831.,1721427204,Concentrado Primario L1,19.913,15.444,0.101,0.554,33.840,30.63
2024-07-19,17:36:00,  110.0 ,912.,  314.5 ,802.,1721428389,Rebose Hidrociclones L2,2.162,0.713,0.008,0.026,0.000,39.21
2024-07-22,09:45:00,  108.0 ,793.,  166.5 ,685.,1721659321,Rebose Hidrociclones L1,2.037,0.560,0.006,0.026,0.000,24.31
2024-07-22,09:48:00,  111.0 ,883.,  296.5 ,772.,1721659326,Rebose Hidrociclones L2,2.134,0.654,0.007,0.028,0.000,38.41
2024-07-22,09:54:00,  108.5 ,1082.,  131.5 ,973.5,1721659337,Cola Scavenger L2,11.906,0.128,0.000,0.013,0.000,13.51
2024-07-22,09:57:00,  108.5 ,1093.,  131.5 ,984.5,1721659629,Cola Scavenger L1,12.069,0.127,0.000,0.013,0.000,13.36
2024-07-22,10:00:00,  110.5 ,782.,  90.5 ,671.5,1721659642,Concentrado 1ra Limpieza L1,28.453,19.084,0.123,0.998,15.080,13.48
2024-07-22,10:03:00,  110.0 ,810.5,  131.0 ,700.5,1721659653,Concentrado 1ra Limpieza L2,28.166,18.985,0.123,1.027,14.800,18.70
2024-07-22,10:06:00,  111.0 ,825.,  131.0 ,714.,1721659657,Concentrado Colectivo,29.035,25.675,0.150,0.969,8.220,18.35
2024-07-22,10:08:00,  109.0 ,911.5,  296.0 ,802.5,1721659660,Concentrado Primario L2,25.202,14.264,0.092,0.603,27.360,36.88
2024-07-22,10:10:00,  110.5 ,958.5,  276.5 ,848.,1721659665,Concentrado Primario L1,22.347,13.870,0.093,0.614,31.620,32.61
2024-07-29,11:08:00,  111.0 ,834.5,  208.5 ,723.5,1722268867,Relave Final,1.327,0.098,0.000,0.003,0.000,28.82
2024-07-29,11:11:00,  110.5 ,1335.5,  134.0 ,1225.,1722268869,Cola Scavenger L1,9.048,0.203,0.000,0.009,0.000,10.94
2024-07-29,11:15:00,  108.5 ,1329.,  132.5 ,1220.5,1722268871,Cola Scavenger L2,8.896,0.189,0.000,0.012,0.000,10.86
2024-07-29,11:17:00,  110.5 ,845.,  133.5 ,734.5,1722268872,Concentrado 1ra Limpieza L1,25.511,18.535,0.069,0.669,22.380,18.18
2024-07-29,11:21:00,  111.0 ,863.,  202.0 ,752.,1722268874,Concentrado 1ra Limpieza L2,27.052,20.164,0.088,0.626,19.300,26.86
2024-07-29,11:23:00,  110.0 ,1591.,  476.5 ,1481.,1722268876,Concentrado Colectivo,28.320,23.220,0.097,0.713,14.800,32.17
2024-07-29,11:25:00,  110.0 ,1178.5,  419.0 ,1068.5,1722268880,Concentrado Primario L1,19.095,14.665,0.071,0.510,42.320,39.21
2024-07-29,11:36:00,  110.5 ,741.,  249.5 ,630.5,1722270908,Rebose Hidrociclones L1,2.464,0.838,0.005,0.022,0.000,39.57
2024-07-31,10:42:00,  108.5 ,1117.5,  112.5 ,1009.,1722440440,Cola Scavenger L2,10.840,0.241,0.000,0.007,0.000,11.15
2024-07-31,10:46:00,  111.0 ,928.,  327.0 ,817.,1722440711,Rebose Hidrociclones L2,3.140,0.517,0.016,0.017,0.000,40.02
2024-07-31,10:49:00,  110.5 ,841.,  136.5 ,730.5,1722440712,Concentrado 1ra Limpieza L1,29.037,18.637,0.234,0.841,16.360,18.69
2024-07-31,10:50:00,  109.0 ,831.5,  186.0 ,722.5,1722440906,Relave Final,2.703,0.157,0.000,0.006,0.000,25.74
2024-07-31,10:53:00,  110.0 ,832.,  163.5 ,722.,1722440907,Concentrado 1ra Limpieza L2,29.018,21.081,0.241,0.675,14.100,22.65
2024-07-31,10:54:00,  110.5 ,953.,  281.0 ,842.5,1722441198,Concentrado Primario L1,24.784,15.021,0.179,0.556,27.980,33.35
2024-07-31,10:57:00,  108.5 ,1113.5,  116.0 ,1005.,1722441298,Cola Scavenger L1,12.600,0.161,0.000,0.007,0.000,11.54
2024-07-31,10:58:00,  111.0 ,843.,  170.0 ,732.,1722441443,Concentrado Colectivo,29.638,24.543,0.277,0.714,10.260,23.22
2024-07-31,11:00:00,  108.0 ,738.,  260.0 ,630.,1722441469,Rebose Hidrociclones L1,3.129,0.590,0.015,0.017,0.000,41.27
2024-08-03,00:48:00,  109.0 ,803.5,  150.6 ,694.5,1722663826,Relave Final,2.432,0.050,0.000,0.005,0.000,21.68
2024-08-03,00:51:00,  108.5 ,1115.5,  110.2 ,1007.,1722663829,Cola Scavenger L1,9.358,0.147,0.000,0.006,0.000,10.94
2024-08-03,00:55:00,  108.5 ,1112.,  106.6 ,1003.5,1722663831,Cola Scavenger L2,9.777,0.150,0.000,0.007,0.000,10.62
2024-08-03,01:00:00,  111.0 ,876.,  258.2 ,765.,1722663962,Rebose Hidrociclones L2,2.825,0.589,0.015,0.020,0.000,33.75
2024-08-03,01:02:00,  110.5 ,743.5,  70.6 ,633.,1722664330,Concentrado 1ra Limpieza L1,26.430,18.026,0.203,0.944,21.920,11.15
2024-08-03,01:06:00,  110.0 ,805.,  103.6 ,695.,1722664331,Concentrado 1ra Limpieza L2,27.754,19.757,0.221,0.924,18.560,14.91
2024-08-03,01:09:00,  111.0 ,837.5,  163.8 ,726.5,1722664332,Concentrado Colectivo,27.423,21.794,0.231,1.038,17.460,22.55
2024-08-03,01:11:00,  109.0 ,947.,  287.6 ,838.,1722664334,Concentrado Primario L2,20.766,13.850,0.193,0.579,36.080,34.32
2024-08-03,01:13:00,  110.5 ,1009.5,  284.2 ,899.,1722664335,Concentrado Primario L1,18.179,14.970,0.172,0.553,42.580,31.61
2024-08-05,10:53:00,  111.0 ,923.5,  305.0 ,812.5,1722873040,Rebose Hidrociclones L2,2.858,0.723,0.000,0.021,0.000,37.54
2024-08-05,10:56:00,  110.5 ,806.5,  73.5 ,696.,1722873044,Concentrado 1ra Limpieza L1,29.203,22.608,0.000,0.954,0.000,10.56
2024-08-05,10:57:00,  109.0 ,717.,  213.5 ,608.,1722873047,Concentrado Primario L2,21.312,15.174,0.000,0.458,0.000,35.12
2024-08-05,10:59:00,  108.0 ,875.5,  270.0 ,767.5,1722873054,Rebose Hidrociclones L1,2.323,0.842,0.000,0.023,0.000,35.18
2024-08-05,11:01:00,  110.0 ,786.5,  125.0 ,676.5,1722873059,Concentrado 1ra Limpieza L2,29.150,24.136,0.000,0.881,0.000,18.48
2024-08-05,11:03:00,  110.5 ,1000.5,  329.0 ,890.,1722873065,Concentrado Primario L1,26.570,17.720,0.000,0.529,0.000,36.97
2024-08-05,11:05:00,  109.0 ,866.,  273.5 ,757.,1722873069,Relave Final,2.331,0.184,0.000,0.007,0.000,36.13
2024-08-05,11:08:00,  108.5 ,1047.,  120.5 ,938.5,1722873077,Cola Scavenger L1,10.070,0.312,0.000,0.010,0.000,12.84
2024-08-05,11:11:00,  108.5 ,1050.,  122.0 ,941.5,1722873080,Cola Scavenger L2,9.88,0.177,0.000,0.008,0.000,12.96
2024-08-05,11:37:00,  111.6 ,693.,  156.0 ,581.4,1722875749,Concentrado Colectivo,30.140,26.631,0.000,0.821,0.000,26.83
2024-08-07,10:11:00,  110.5 ,411.5,  282.0 ,301.,1723043332,Rebose Hidrociclones L2,3.487,0.872,0.014,0.026,0.000,93.69
2024-08-07,10:14:00,  111.0 ,815.,  143.5 ,704.,1723043336,Relave Final,2.903,0.103,0.000,0.006,0.000,20.38
2024-08-07,10:17:00,  110.5 ,1107.,  139.0 ,996.5,1723043340,Cola Scavenger L1,13.663,0.866,0.000,0.021,0.000,13.95
2024-08-07,10:21:00,  108.5 ,1085.5,  141.0 ,977.,1723043343,Cola Scavenger L2,13.65,0.277,0.000,0.015,0.000,14.43
2024-08-07,10:36:00,  110.5 ,789.5,  101.5 ,679.,1723044763,Concentrado 1ra Limpieza L1,29.603,19.757,0.315,0.748,15.800,14.95
2024-08-07,10:40:00,  111.0 ,827.,  192.0 ,716.,1723044776,Concentrado 1ra Limpieza L2,29.201,20.164,0.323,0.738,15.860,26.82
2024-08-07,10:43:00,  110.0 ,898.,  219.5 ,788.,1723044780,Concentrado Colectivo,28.858,25.562,0.416,0.891,11.220,27.86
2024-08-07,10:46:00,  110.0 ,965.,  308.5 ,855.,1723044792,Concentrado Primario L1,25.711,15.480,0.209,0.499,27.660,36.08
2024-08-12,12:31:00,  110.5 ,1156.5,  84.0 ,1046.,1723483564,Cola Scavenger L1,11.677,0.463,0.000,0.019,0.000,8.03
2024-08-12,12:34:00,  108.5 ,1098.,  80.0 ,989.5,1723483565,Cola Scavenger L2,11.97,0.317,0.000,0.016,0.000,8.08
2024-08-12,12:37:00,  110.0 ,898.5,  301.5 ,788.5,1723483567,Rebose Hidrociclones L2,2.157,0.788,0.007,0.037,0.000,38.24
2024-08-12,12:39:00,  111.0 ,785.,  79.0 ,674.,1723483595,Concentrado 1ra Limpieza L1,29.227,22.761,0.151,1.210,10.700,11.72
2024-08-12,12:43:00,  110.0 ,818.5,  122.5 ,708.5,1723483597,Concentrado 1ra Limpieza L2,28.871,23.525,0.151,1.294,9.880,17.29
2024-08-12,12:46:00,  110.0 ,890.,  211.5 ,780.,1723483601,Concentrado Colectivo,28.511,26.427,0.166,1.265,7.300,27.12
2024-08-12,12:49:00,  110.0 ,1003.5,  245.5 ,893.5,1723483604,Concentrado Primario L1,19.964,11.457,0.075,0.627,21.500,27.48
2024-08-14,16:40:00,  111.0 ,832.,  168.0 ,721.,1723671518,Relave Final,1.783,0.109,0.000,0.008,0.000,23.30
2024-08-14,16:43:00,  110.0 ,797.5,  154.5 ,687.5,1723671519,Concentrado 1ra Limpieza L2,29.162,20.276,0.115,0.663,6.700,22.47
2024-08-14,16:45:00,  108.5 ,1030.,  94.0 ,921.5,1723671809,Cola Scavenger L1,11.181,0.193,0.000,0.013,0.000,10.20
2024-08-14,16:47:00,  111.0 ,835.5,  266.5 ,724.5,1723671957,Concentrado Colectivo,29.682,22.423,0.129,0.755,5.690,36.78
2024-08-14,16:49:00,  108.5 ,1018.,  102.5 ,909.5,1723672050,Cola Scavenger L2,10.44,0.312,0.000,0.010,0.000,11.27
2024-08-14,16:55:00,  110.5 ,598.5,  58.5 ,488.,1723672300,Concentrado 1ra Limpieza L1,29.239,19.377,0.119,0.757,6.750,11.99
2024-08-14,16:57:00,  108.0 ,911.,  308.5 ,803.,1723672344,Rebose Hidrociclones L1,2.585,0.632,0.006,0.021,0.000,38.42
2024-08-14,16:59:00,  111.0 ,914.,  307.0 ,803.,1723672352,Rebose Hidrociclones L2,2.766,0.708,0.007,0.021,0.000,38.23
2024-08-16,15:02:00,  110.5 ,1070.,  109.5 ,959.5,1723838394,Cola Scavenger L1,13.029,0.300,0.000,0.018,0.000,11.41
2024-08-16,15:08:00,  109.5 ,947.,  255.5 ,837.5,1723838576,Concentrado Primario L2,19.653,15.581,0.122,1.126,16.530,30.51
2024-08-16,15:10:00,  110.0 ,1091.5,  111.5 ,981.5,1723838902,Cola Scavenger L2,13.739,0.270,0.000,0.015,0.000,11.36
2024-08-16,15:12:00,  110.0 ,939.,  224.5 ,829.,1723839034,Concentrado Primario L1,18.739,13.983,0.104,0.996,18.830,27.08
2024-08-16,15:14:00,  111.0 ,818.5,  72.5 ,707.5,1723839035,Concentrado 1ra Limpieza L1,28.169,24.121,0.193,1.386,5.720,10.25
2024-08-16,15:15:00,  110.0 ,918.,  341.0 ,808.,1723839227,Rebose Hidrociclones L2,3.138,0.641,0.010,0.044,0.000,42.20
2024-08-16,15:18:00,  110.0 ,854.,  139.0 ,744.,1723839228,Concentrado 1ra Limpieza L2,27.355,24.071,0.195,1.326,5.930,18.68
2024-08-16,15:19:00,  110.5 ,829.,  172.0 ,718.5,1723839514,Relave Final,2.783,0.072,0.000,0.010,0.000,23.94
2024-08-16,15:21:00,  110.0 ,862.5,  203.0 ,752.5,1723839603,Concentrado Colectivo,28.645,27.317,0.204,1.384,3.910,26.98
2024-08-19,09:44:00,  110.5 ,842.5,  200.5 ,732.,1724078507,Relave Final,2.349,0.010,0.000,0.012,0.000,27.39
2024-08-19,09:48:00,  110.5 ,1059.,  72.5 ,948.5,1724078510,Cola Scavenger L1,8.025,0.256,0.000,0.027,0.000,7.64
2024-08-19,09:51:00,  110.0 ,1046.,  73.5 ,936.,1724078516,Cola Scavenger L2,8.122,0.201,0.000,0.024,0.000,7.85
2024-08-19,09:54:00,  111.0 ,841.5,  99.0 ,730.5,1724078528,Concentrado 1ra Limpieza L1,30.045,24.366,0.000,1.211,9.920,13.55
2024-08-19,09:57:00,  110.0 ,830.5,  151.0 ,720.5,1724078544,Concentrado Colectivo,28.259,28.978,0.000,0.952,5.680,20.96
2024-08-19,09:58:00,  109.5 ,957.5,  305.0 ,848.,1724078552,Concentrado Primario L2,23.492,20.204,0.000,0.866,23.480,35.97
2024-08-19,10:01:00,  110.0 ,966.5,  279.0 ,856.5,1724078556,Concentrado Primario L1,24.617,19.352,0.000,0.873,25.680,32.57
2024-08-19,10:05:00,  111.0 ,881.,  157.0 ,770.,1724079668,Concentrado 1ra Limpieza L2,30.564,26.471,0.000,1.204,8.920,20.39
2024-08-19,10:07:00,  110.0 ,885.5,  308.5 ,775.5,1724079675,Rebose Hidrociclones L2,2.894,0.040,0.000,0.040,0.000,39.78
2024-08-23,11:22:00,  110.5 ,711.,  99.0 ,600.5,1724429795,Concentrado 1ra Limpieza L1,26.429,22.742,0.000,0.768,16.000,16.49
2024-08-23,11:23:00,  111.0 ,886.,  258.0 ,775.,1724429801,Relave Final,2.090,0.065,0.000,0.004,0.000,33.29
2024-08-23,11:25:00,  109.5 ,979.5,  308.0 ,870.,1724429807,Concentrado Primario L2,22.366,17.230,0.000,0.497,29.740,35.40
2024-08-23,11:27:00,  108.5 ,1031.5,  65.5 ,923.,1724429812,Cola Scavenger L1,7.910,0.207,0.000,0.016,0.000,7.10
2024-08-23,11:30:00,  110.0 ,858.,  172.0 ,748.,1724429817,Concentrado 1ra Limpieza L2,27.294,24.033,0.000,0.707,13.500,22.99
2024-08-23,11:32:00,  108.5 ,1052.,  69.5 ,943.5,1724429826,Cola Scavenger L2,7.923,0.239,0.000,0.016,0.000,7.37
2024-08-23,11:34:00,  110.0 ,955.5,  253.5 ,845.5,1724429830,Concentrado Primario L1,21.281,16.883,0.000,0.525,31.980,29.98
2024-08-23,11:37:00,  111.0 ,883.5,  290.5 ,772.5,1724430963,Rebose Hidrociclones L2,2.434,0.688,0.000,0.021,0.000,37.61
2024-08-23,11:41:00,  111.0 ,1061.,  244.0 ,950.,1724431172,Concentrado Colectivo,27.174,26.466,0.000,0.768,11.100,25.68
2024-08-26,11:21:00,  109.0 ,856.,  231.0 ,747.,1724688982,Relave Final,2.768,0.046,0.000,0.001,0.000,30.92
2024-08-26,11:33:00,  110.5 ,1044.,  92.5 ,933.5,1724689684,Cola Scavenger L1,13.416,0.266,0.000,0.011,0.000,9.91
2024-08-26,11:37:00,  110.0 ,1047.,  93.0 ,937.,1724689687,Cola Scavenger L2,13.498,0.254,0.000,0.008,0.000,9.93
2024-08-26,11:39:00,  110.0 ,914.,  311.5 ,804.,1724689909,Rebose Hidrociclones L2,3.031,0.410,0.010,0.018,0.000,38.74
2024-08-26,11:42:00,  112.5 ,821.5,  89.5 ,709.,1724689921,Concentrado 1ra Limpieza L1,27.810,17.313,0.164,0.917,19.280,12.62
2024-08-26,11:43:00,  109.0 ,977.5,  307.5 ,868.5,1724689922,Concentrado Primario L2,25.044,15.124,0.157,0.704,26.200,35.41
2024-08-26,11:46:00,  110.0 ,853.,  147.0 ,743.,1724689924,Concentrado 1ra Limpieza L2,28.342,18.706,0.178,0.874,16.560,19.78
2024-08-26,11:47:00,  110.5 ,975.5,  291.5 ,865.,1724689925,Concentrado Primario L1,24.457,13.532,0.151,0.670,30.680,33.70
2024-08-26,11:49:00,  110.0 ,888.,  264.0 ,778.,1724689926,Concentrado Colectivo,29.485,21.890,0.201,1.056,12.360,33.93
2024-08-28,12:01:00,  109.0 ,854.5,  220.0 ,745.5,1724864342,Relave Final,2.601,0.047,0.000,0.004,0.000,29.51
2024-08-28,12:04:00,  110.5 ,1050.5,  99.5 ,940.,1724864344,Cola Scavenger L1,8.764,0.155,0.000,0.009,0.000,10.59
2024-08-28,12:08:00,  108.5 ,1041.,  101.5 ,932.5,1724864345,Cola Scavenger L2,8.634,0.145,0.000,0.009,0.000,10.88
2024-08-28,12:10:00,  110.5 ,868.,  268.5 ,757.5,1724864369,Rebose Hidrociclones L1,3.236,0.394,0.015,0.023,0.000,35.45
2024-08-28,12:13:00,  110.0 ,874.,  281.0 ,764.,1724864373,Rebose Hidrociclones L2,3.256,0.403,0.014,0.023,0.000,36.78
2024-08-28,12:15:00,  111.0 ,783.,  74.5 ,672.,1724865088,Concentrado 1ra Limpieza L1,27.758,20.468,0.416,1.467,15.280,11.09
2024-08-28,12:17:00,  109.5 ,941.5,  242.5 ,832.,1724865091,Concentrado Primario L2,24.736,16.008,0.341,0.914,25.840,29.15
2024-08-28,12:19:00,  110.0 ,638.,  90.0 ,528.,1724865093,Concentrado 1ra Limpieza L2,28.697,22.401,0.435,1.403,12.480,17.05
2024-08-28,12:21:00,  110.0 ,919.,  209.5 ,809.,1724865097,Concentrado Primario L1,19.328,9.466,0.231,0.614,42.220,25.90
2024-08-28,12:23:00,  110.0 ,778.5,  139.5 ,668.5,1724865100,Concentrado Colectivo,24.142,23.392,0.388,1.286,11.660,20.87
2024-08-30,05:51:00,  109.5 ,974.,  274.5 ,864.5,6640,Concentrado Primario L1,22.841,16.652,0.103,0.923,25.860,31.75
2024-08-30,05:53:00,  108.0 ,919.5,  307.0 ,811.5,6633,Rebose Hidrociclones L1,2.127,0.427,0.006,0.025,0.000,37.83
2024-08-30,05:59:00,  108.5 ,1036.,  56.0 ,927.5,6635,Cola Scavenger L1,13.902,0.268,0.000,0.011,0.000,6.04
2024-08-30,06:02:00,  108.5 ,1046.5,  75.0 ,938.,6636,Cola Scavenger L2,14.320,0.243,0.000,0.010,0.000,8.00
2024-08-30,06:05:00,  110.5 ,816.,  82.5 ,705.5,6637,Concentrado 1ra Limpieza L1,29.671,19.725,0.125,1.111,12.460,11.69
2024-08-30,06:09:00,  111.0 ,834.,  104.5 ,723.,6638,Concentrado 1ra Limpieza L2,31.166,20.022,0.137,1.260,10.240,14.45
2024-08-30,06:10:00,  109.0 ,996.5,  313.5 ,887.5,6639,Concentrado Primario L2,25.829,16.503,0.108,0.932,23.200,35.32
2024-08-30,06:12:00,  111.0 ,894.5,  297.5 ,783.5,6634,Rebose Hidrociclones L2,2.276,0.501,0.007,0.029,0.000,37.97
2024-09-02,03:38:00,  110.5 ,1070.,  122.0 ,959.5,6647,Cola Scavenger L1,13.36,0.193,0,0.012,0.000,12.71
2024-09-02,03:40:00,  109.5 ,1035.5,  373.0 ,926.,6652,Concentrado Primario L2,21.73,15.641,0,0.862,29.62,40.28
2024-09-02,03:42:00,  108.5 ,1071.5,  120.0 ,963.,6648,Cola Scavenger L2,13.73,0.183,0,0.01,0.000,12.46
2024-09-02,03:45:00,  110.0 ,992.,  296.0 ,882.,6653,Concentrado Primario L1,19.780,12.69,0,0.784,37.12,33.56
2024-09-02,03:46:00,  110.5 ,887.,  290.5 ,776.5,6644,Rebose Hidrociclones L1,2.04,0.619,0,0.029,0.000,37.41
2024-09-02,03:48:00,  111.0 ,835.5,  98.5 ,724.5,6649,Concentrado 1ra Limpieza L1,26.600,20.854,0,1.334,13.12,13.60
2024-09-02,03:50:00,  110.0 ,902.,  318.5 ,792.,6645,Rebose Hidrociclones L2,2.13,0.618,0,0.03,0.000,40.21
2024-09-02,03:52:00,  110.0 ,842.,  131.5 ,732.,6650,Concentrado 1ra Limpieza L2,27.030,22.33,0,1.232,12.06,17.96
2024-09-02,03:54:00,  109.0 ,837.5,  187.0 ,728.5,6646,Relave Final,1.64,0.055,0,0.003,0.000,25.67
2024-09-02,03:55:00,  110.0 ,845.,  146.5 ,735.,6651,Concentrado Colectivo,27.59,25.97,0,1.299,8.06,19.93
2024-09-04,03:25:00,  110.5 ,811.,  108.0 ,700.5,6663,Concentrado 1ra Limpieza L1,29.149,24.378,0.000,1.152,10.400,15.42
2024-09-04,03:27:00,  108.0 ,872.5,  288.0 ,764.5,6658,Rebose Hidrociclones L1,2.515,0.583,0.000,0.027,0.000,37.67
2024-09-04,03:29:00,  111.0 ,886.5,  307.5 ,775.5,6659,Rebose Hidrociclones L2,2.547,0.564,0.000,0.027,0.000,39.65
2024-09-04,03:32:00,  111.0 ,833.,  195.0 ,722.,6660,Relave Final,2.060,0.045,0.000,0.004,0.000,27.01
2024-09-04,03:35:00,  108.5 ,1066.,  131.5 ,957.5,6661,Cola Scavenger L1,9.106,0.195,0.000,0.008,0.000,13.73
2024-09-04,03:40:00,  111.0 ,847.,  155.0 ,736.,6665,Concentrado Colectivo,29.273,27.064,0.000,1.257,7.420,21.06
2024-09-04,03:42:00,  108.5 ,1079.5,  131.0 ,971.,6662,Cola Scavenger L2,8.852,0.177,0.000,0.008,0.000,13.49
2024-09-04,03:44:00,  111.0 ,830.,  125.5 ,719.,6664,Concentrado 1ra Limpieza L2,27.315,23.283,0.000,1.276,11.200,17.45
2024-09-06,12:15:00,111,835.,201.5,724.,6671,Relave Final,2.21,0.07,0,0.01,0,27.83
2024-09-06,12:19:00,108.5,"1,057.00",89,948.5,6672,Cola Scavenger L1,13.29,0.36,0,0.01,0,9.38
2024-09-06,12:22:00,108.5,"1,057.00",88,948.5,6673,Cola Scavenger L2,13.21,0.34,0,0.01,0,9.28
2024-09-06,12:25:00,110.5,842.,120,731.5,6674,Concentrado 1ra Limpieza L1,26.05,24.38,0,1.04,0,16.4
2024-09-06,12:28:00,111,854.,131,743.,6675,Concentrado 1ra Limpieza L2,27.05,23.78,0,1.18,12.62,17.63
2024-09-06,12:31:00,111,853.5,163,742.5,6676,Concentrado Colectivo,27.28,26.02,0,0.87,10.46,21.95
2024-09-06,15:30:00,110.5,"1,006.50",321.5,896.,6678,Concentrado Primario L1,21.6,17.21,0,0.73,29.92,35.88
2024-09-06,15:37:00,108,910.,208.5,802.,6669,Rebose Hidrociclones L1,2.69,0.57,0,0.02,0,26
2024-09-06,16:08:00,111,898.5,304.5,787.5,6670,Rebose Hidrociclones L2,2.72,0.62,0,0.03,0,38.67
2024-09-06,16:26:00,109,"1,054.00",325,945.,6677,Concentrado Primario L2,22.63,17.76,0,0.79,27.32,34.39
2024-09-09,11:46:00,110.5,630.,52.5,519.5,6687,Concentrado 1ra Limpieza L1,26.1,23.39,0,1.73,15.84,10.11
2024-09-09,11:47:00,111,818.,189,707.,6684,Relave Final,1.93,0.07,0,0.01,0,26.73
2024-09-09,11:49:00,111,827.,106.5,716.,6688,Concentrado 1ra Limpieza L2,25.83,23,0,2.01,15.86,14.87
2024-09-09,11:52:00,108.5,"1,066.00",96.5,957.5,6685,Cola Scavenger L1,7.86,0.15,0,0.02,0,10.08
2024-09-09,11:53:00,109,948.,257.5,839.,6690,Concentrado Primario L2,18.34,16.36,0,1.21,35.2,30.69
2024-09-09,11:56:00,108.5,"1,065.50",94.5,957.,6686,Cola Scavenger L2,7.95,0.17,0,0.02,0,9.87
2024-09-09,11:58:00,110.5,947.5,259,837.,6691,Concentrado Primario L1,19.21,15.07,0,1.23,36.38,30.94
2024-09-09,11:59:00,111,806.,93.5,695.,6689,Concentrado Colectivo,28.28,26.47,0,1.89,9.42,13.45
2024-09-09,12:01:00,111,786.,308,675.,6683,Rebose Hidrociclones L2,2.49,0.7,0,0.05,0,45.63
2024-09-11,10:11:00,110.5,882.,294,771.5,6696,Rebose Hidrociclones L1,2.12,0.56,0.01,0.04,0,38.11
2024-09-11,10:13:00,111,897.5,303,786.5,6697,Rebose Hidrociclones L2,2.15,0.56,0.01,0.04,0,38.53
2024-09-11,10:16:00,111,826.5,186,715.5,6698,Relave Final,1.5,0.06,0,0.01,0,26
2024-09-11,10:19:00,108.5,"1,088.50",116.5,980.,6699,Cola Scavenger L1,6.85,0.14,0,0.02,0,11.89
2024-09-11,10:23:00,108.5,"1,060.00",117,951.5,6700,Cola Scavenger L2,6.69,0.12,0,0.02,0,12.3
2024-09-11,10:25:00,110.5,784.,72.5,673.5,6701,Concentrado 1ra Limpieza L1,27.93,25.97,0.12,1.58,10.6,10.76
2024-09-11,10:29:00,111,832.,114,721.,6702,Concentrado 1ra Limpieza L2,27.76,25.77,0.13,1.68,11.04,15.81
2024-09-11,10:32:00,111,853.5,167.5,742.5,6703,Concentrado Colectivo,28.19,28.05,0.12,1.55,7.92,22.56
2024-09-11,10:33:00,109,980.,262,871.,6704,Concentrado Primario L2,22.44,16.16,0.09,1.13,31.08,30.08
2024-09-11,10:36:00,110.5,955.,233,844.5,6705,Concentrado Primario L1,18.89,13.08,0.07,0.9,39.78,27.59
2024-09-13,11:40:00,111,835.,184,724.,6712,Relave Final,2.5,0.07,0,0.01,0,25.41
2024-09-13,11:43:00,110.5,"1,073.50",97.5,963.,6713,Cola Scavenger L1,10.7,0.44,0,0.01,0,10.12
2024-09-13,11:46:00,108.5,"1,076.00",95.5,967.5,6714,Cola Scavenger L2,10.68,0.46,0,0.01,0,9.87
2024-09-13,11:49:00,110.5,886.5,269,776.,6710,Rebose Hidrociclones L1,3.29,0.59,0.01,0.03,0,34.66
2024-09-13,11:52:00,111,905.,296,794.,6711,Rebose Hidrociclones L2,2.82,0.42,0.01,0.02,0,37.28
2024-09-13,11:54:00,111,834.,92,723.,6715,Concentrado 1ra Limpieza L1,28.58,20.91,0.09,1.12,12.92,12.72
2024-09-13,11:56:00,109,971.,279,862.,6718,Concentrado Primario L2,23.6,17.5,0.08,0.79,25.54,32.37
2024-09-13,11:58:00,110,869.,132,759.,6716,Concentrado 1ra Limpieza L2,28.36,21.26,0.09,1.05,12.1,17.39
2024-09-13,12:00:00,110,954.,240,844.,6719,Concentrado Primario L1,21.56,14.62,0.06,0.67,31.94,28.44
2024-09-13,12:01:00,110,849.5,136,739.5,6717,Concentrado Colectivo,29.4,25.72,0.11,1.13,8.26,18.39
2024-09-16,04:32:00,  111.0 ,830.5,  129.0 ,719.5,6730,Concentrado 1ra Limpieza L2,28.468,22.302,0.168,1.716,14.500,17.93
2024-09-16,04:33:00,  111.0 ,854.5,  235.5 ,743.5,6726,Relave Final,2.518,0.073,0.000,0.009,0.000,31.67
2024-09-16,04:35:00,  111.0 ,886.5,  179.0 ,775.5,6731,Concentrado Colectivo,28.608,24.830,0.177,1.663,11.700,23.08
2024-09-16,04:39:00,  108.5 ,1070.,  107.5 ,961.5,6727,Cola Scavenger L1,8.460,0.206,0.000,0.013,0.000,11.18
2024-09-16,04:40:00,  109.0 ,966.,  272.5 ,857.,6732,Concentrado Primario L2,22.909,15.958,0.119,1.216,30.320,31.80
2024-09-16,04:43:00,  108.5 ,1084.5,  106.0 ,976.,6728,Cola Scavenger L2,8.373,0.151,0.000,0.010,0.000,10.86
2024-09-16,04:44:00,  110.5 ,978.,  281.5 ,867.5,6733,Concentrado Primario L1,22.924,16.256,0.123,1.223,29.600,32.45
2024-09-16,04:46:00,  108.0 ,908.,  315.5 ,800.,6724,Rebose Hidrociclones L1,2.787,0.651,0.009,0.043,0.000,39.44
2024-09-16,04:48:00,  110.5 ,842.5,  93.0 ,732.,6729,Concentrado 1ra Limpieza L1,27.851,22.203,0.160,1.717,14.900,12.70
2024-09-16,04:56:00,  110.0 ,954.5,  389.5 ,844.5,6725,Rebose Hidrociclones L2,2.937,0.588,0.009,0.044,0.000,46.12
2024-09-20,11:16:00,  108.0 ,888.5,  304.5 ,780.5,6739,Rebose Hidrociclones L1,3.189,0.679,0.008,0.040,0.000,39.01
2024-09-20,11:19:00,  110.0 ,915.,  291.5 ,805.,6740,Rebose Hidrociclones L2,3.175,0.626,0.008,0.043,0.000,36.21
2024-09-20,11:21:00,  111.0 ,839.,  181.0 ,728.,6741,Relave Final,2.897,0.067,0.000,0.010,0.000,24.86
2024-09-20,11:25:00,  108.5 ,916.,  88.0 ,807.5,6742,Cola Scavenger L1,8.356,0.311,0.000,0.035,0.000,10.90
2024-09-20,11:28:00,  108.5 ,1065.5,  109.5 ,957.,6743,Cola Scavenger L2,7.833,0.262,0.000,0.035,0.000,11.44
2024-09-20,11:33:00,  111.0 ,856.,  175.5 ,745.,6745,Concentrado 1ra Limpieza L2,27.253,25.379,0.186,1.699,11.480,23.56
2024-09-20,11:37:00,  110.5 ,823.,  83.5 ,712.5,6744,Concentrado 1ra Limpieza L1,26.626,23.609,0.182,1.864,14.500,11.72
2024-09-20,11:39:00,  111.0 ,864.5,  176.5 ,753.5,6746,Concentrado Colectivo,27.790,27.544,0.197,1.733,9.000,23.42
2024-09-20,11:41:00,  109.0 ,1017.,  361.0 ,908.,6747,Concentrado Primario L2,24.103,20.854,0.156,1.280,22.600,39.76
2024-09-20,11:43:00,  110.5 ,1035.5,  375.0 ,925.,6748,Concentrado Primario L1,24.243,19.969,0.146,1.279,24.240,40.54
2024-09-23,10:13:00,  108.0 ,899.,  294.0 ,791.,6753,Rebose Hidrociclones L1,2.581,0.532,0.000,0.026,0.000,37.17
2024-09-23,10:15:00,  110.5 ,813.5,  70.5 ,703.,6758,Concentrado 1ra Limpieza L1,28.211,19.454,0.000,1.672,16.100,10.03
2024-09-23,10:17:00,  110.0 ,929.5,  310.0 ,819.5,6754,Rebose Hidrociclones L2,2.629,0.511,0.000,0.027,0.000,37.83
2024-09-23,10:18:00,  110.5 ,970.5,  286.5 ,860.,6762,Concentrado Primario L1,20.476,12.344,0.000,0.727,34.660,33.31
2024-09-23,10:20:00,  111.0 ,817.,  156.5 ,706.,6755,Relave Final,1.874,0.078,0.000,0.006,0.000,22.17
2024-09-23,10:23:00,  111.0 ,844.,  122.5 ,733.,6759,Concentrado 1ra Limpieza L2,28.039,19.454,0.000,1.618,15.860,16.71
2024-09-23,10:25:00,  108.5 ,1070.5,  70.0 ,962.,6756,Cola Scavenger L1,18.003,0.286,0.000,0.012,0.000,7.28
2024-09-23,10:26:00,  111.0 ,698.5,  107.5 ,587.5,6760,Concentrado Colectivo,27.274,25.083,0.000,1.639,10.680,18.30
2024-09-23,10:29:00,  108.5 ,1064.5,  81.5 ,956.,6757,Cola Scavenger L2,9.549,0.279,0.000,0.012,0.000,8.53
2024-09-23,11:11:00,  109.0 ,987.5,  327.0 ,878.5,6761,Concentrado Primario L2,23.773,16.195,0.000,1.011,28.440,37.22
2024-09-25,12:33:00,  110.5 ,836.5,  98.0 ,726.,6772,Concentrado 1ra Limpieza L1,27.500,21.437,0.000,1.036,15.580,13.50
2024-09-25,12:35:00,  110.0 ,907.,  287.0 ,797.,6768,Rebose Hidrociclones L2,2.630,0.516,0.000,0.018,0.000,36.01
2024-09-25,12:36:00,  109.0 ,962.,  282.0 ,853.,6775,Concentrado Primario L2,22.688,15.178,0.000,0.738,31.560,33.06
2024-09-25,12:38:00,  111.0 ,839.5,  175.0 ,728.5,6769,Relave Final,2.108,0.062,0.000,0.004,0.000,24.02
2024-09-25,12:41:00,  111.0 ,840.,  120.5 ,729.,6773,Concentrado 1ra Limpieza L2,27.926,22.275,0.000,0.976,14.160,16.53
2024-09-25,12:43:00,  108.5 ,1055.,  64.5 ,946.5,6770,Cola Scavenger L1,10.508,0.264,0.000,0.008,0.000,6.81
2024-09-25,12:44:00,  111.0 ,839.,  157.5 ,728.,6774,Concentrado Colectivo,27.678,22.817,0.000,0.996,14.280,21.63
2024-09-25,12:47:00,  108.5 ,1049.5,  66.0 ,941.,6771,Cola Scavenger L2,10.458,0.312,0.000,0.010,0.000,7.01
2024-09-25,12:49:00,  110.5 ,938.5,  234.5 ,828.,6776,Concentrado Primario L1,20.107,12.024,0.000,0.640,39.060,28.32
2024-09-25,12:50:00,  108.0 ,920.5,  319.5 ,812.5,6767,Rebose Hidrociclones L1,2.573,0.542,0.000,0.022,0.000,39.32
2024-09-27,12:10:00,  111.0 ,826.,  179.0 ,715.,1727456809,Relave Final,1.867,0.038,0.000,0.004,0.000,25.03
2024-09-27,12:14:00,  108.5 ,1057.,  105.0 ,948.5,1727456811,Cola Scavenger L1,14.395,0.194,0.000,0.007,0.000,11.07
2024-09-27,12:17:00,  108.5 ,1047.5,  111.5 ,939.,1727456813,Cola Scavenger L2,14.352,0.201,0.000,0.006,0.000,11.87
2024-09-27,12:20:00,  108.0 ,891.5,  291.5 ,783.5,1727456873,Rebose Hidrociclones L1,2.221,0.554,0.027,0.021,0.000,37.20
2024-09-27,12:22:00,  110.0 ,906.5,  289.5 ,796.5,1727456875,Rebose Hidrociclones L2,2.291,0.531,0.028,0.024,0.000,36.35
2024-09-27,12:25:00,  110.5 ,785.,  55.5 ,674.5,1727457163,Concentrado 1ra Limpieza L1,28.730,20.993,1.424,1.138,11.420,8.23
2024-09-27,12:26:00,  109.0 ,951.5,  254.5 ,842.5,1727457164,Concentrado Primario L2,22.426,13.306,0.692,0.668,32.140,30.21
2024-09-27,12:29:00,  111.0 ,818.5,  112.5 ,707.5,1727457166,Concentrado 1ra Limpieza L2,28.976,21.782,1.331,1.008,11.160,15.90
2024-09-27,12:30:00,  110.5 ,939.5,  228.5 ,829.,1727457167,Concentrado Primario L1,23.283,14.242,0.755,0.753,29.620,27.56
2024-09-27,12:32:00,  111.0 ,856.5,  181.5 ,745.5,1727457168,Concentrado Colectivo,28.942,23.999,1.404,0.979,9.220,24.35
2024-09-30,10:54:00,  109.0 ,787.5,  124.0 ,678.5,1727711478,Relave Final,1.295,0.033,0.000,0.003,0.000,18.28
2024-09-30,10:57:00,  110.5 ,1081.5,  113.0 ,971.,1727711480,Cola Scavenger L1,10.967,0.123,0.000,0.006,0.000,11.64
2024-09-30,11:00:00,  108.5 ,1078.5,  116.0 ,970.,1727711481,Cola Scavenger L2,10.687,0.116,0.000,0.005,0.000,11.96
2024-09-30,11:10:00,  111.0 ,793.5,  107.0 ,682.5,1727712460,Rebose Hidrociclones L2,2.533,0.333,0.006,0.013,0.000,15.68
2024-09-30,11:13:00,  112.0 ,782.5,  53.5 ,670.5,1727712554,Concentrado 1ra Limpieza L1,30.160,17.643,0.153,1.021,13.980,7.98
2024-09-30,11:14:00,  109.5 ,954.5,  228.5 ,845.,1727712556,Concentrado Primario L2,26.581,14.075,0.120,0.630,26.820,27.04
2024-09-30,11:17:00,  110.0 ,851.5,  167.0 ,741.5,1727712557,Concentrado 1ra Limpieza L2,30.613,17.643,0.144,1.043,13.460,22.52
2024-09-30,11:18:00,  110.0 ,971.5,  270.5 ,861.5,1727712560,Concentrado Primario L1,24.212,12.489,0.121,0.620,32.660,31.40
2024-09-30,11:20:00,  110.0 ,815.,  117.5 ,705.,1727712561,Concentrado Colectivo,29.504,18.833,0.167,1.270,14.820,16.67
2024-09-30,11:21:00,  110.5 ,825.5,  124.0 ,715.,1727713220,Rebose Hidrociclones L1,2.418,0.404,0.007,0.016,0.000,17.34
2024-10-02,10:22:00,  108.0 ,889.,  297.0 ,781.,1727882466,Rebose Hidrociclones L1,2.157,0.445,0.012,0.014,0.000,38.03
2024-10-02,10:25:00,  110.0 ,887.5,  271.5 ,777.5,1727882487,Rebose Hidrociclones L2,2.288,0.440,0.012,0.014,0.000,34.92
2024-10-02,10:27:00,  111.0 ,834.5,  150.0 ,723.5,1727882496,Relave Final,1.754,0.039,0.000,0.003,0.000,20.73
2024-10-02,10:31:00,  108.5 ,1071.5,  104.5 ,963.,1727882498,Cola Scavenger L1,9.243,0.155,0.000,0.008,0.000,10.85
2024-10-02,10:34:00,  108.5 ,1073.5,  105.0 ,965.,1727882501,Cola Scavenger L2,8.873,0.137,0.000,0.006,0.000,10.88
2024-10-02,10:36:00,  111.0 ,876.5,  186.0 ,765.5,1727882801,Concentrado 1ra Limpieza L1,31.055,22.599,0.404,0.773,7.940,24.30
2024-10-02,10:40:00,  110.0 ,796.,  56.5 ,686.,1727882803,Concentrado 1ra Limpieza L2,30.871,21.212,0.381,0.889,8.720,8.24
2024-10-02,10:43:00,  111.0 ,818.,  128.0 ,707.,1727882806,Concentrado Colectivo,29.005,25.127,0.481,0.881,6.300,18.10
2024-10-02,10:46:00,  109.5 ,975.,  279.0 ,865.5,1727882811,Concentrado Primario L1,18.118,15.463,0.328,0.630,26.160,32.24
2024-10-02,11:03:00,  109.0 ,874.,  140.0 ,765.,1727884757,Concentrado Primario L2,22.635,15.711,0.331,0.638,27.360,18.30
2024-10-04,10:30:00,  110.5 ,898.,  287.5 ,787.5,1728055776,Rebose Hidrociclones L1,1.909,0.559,0.000,0.023,0.000,36.51
2024-10-04,10:33:00,  111.0 ,902.,  276.0 ,791.,1728055874,Rebose Hidrociclones L2,2.052,0.561,0.000,0.025,0.000,34.89
2024-10-04,10:35:00,  109.0 ,832.,  153.5 ,723.,1728055883,Relave Final,1.424,0.053,0.000,0.004,0.000,21.23
2024-10-04,10:39:00,  110.5 ,1018.5,  94.0 ,908.,1728056041,Cola Scavenger L1,7.811,0.105,0.000,0.009,0.000,10.35
2024-10-04,10:42:00,  108.5 ,1008.,  93.5 ,899.5,1728056044,Cola Scavenger L2,7.774,0.094,0.000,0.008,0.000,10.39
2024-10-04,10:47:00,  111.0 ,763.,  47.0 ,652.,1728056604,Concentrado 1ra Limpieza L1,30.600,25.669,0.000,1.298,6.600,7.21
2024-10-04,10:51:00,  110.0 ,834.5,  138.0 ,724.5,1728056606,Concentrado 1ra Limpieza L2,30.426,25.619,0.000,1.156,6.520,19.05
2024-10-04,10:53:00,  110.0 ,788.5,  126.5 ,678.5,1728056608,Concentrado Colectivo,30.062,29.365,0.000,1.049,3.940,18.64
2024-10-04,10:55:00,  109.5 ,1034.5,  379.5 ,925.,1728056954,Concentrado Primario L2,27.545,18.578,0.000,0.876,18.800,41.03
2024-10-04,10:57:00,  110.0 ,1045.,  402.0 ,935.,1728056957,Concentrado Primario L1,26.304,17.928,0.000,0.849,21.540,42.99
2024-10-07,10:59:00,  111.0 ,756.,  68.5 ,645.,1728316503,Concentrado 1ra Limpieza L1,27.448,25.325,0.334,1.084,8.140,10.62
2024-10-07,11:00:00,  111.0 ,899.,  298.0 ,788.,1728316507,Rebose Hidrociclones L2,2.434,0.507,0.011,0.021,0.000,37.82
2024-10-07,11:03:00,  109.0 ,823.,  171.0 ,714.,1728316509,Relave Final,1.997,0.060,0.000,0.004,0.000,23.95
2024-10-07,11:06:00,  108.5 ,1022.5,  104.0 ,914.,1728316516,Cola Scavenger L2,9.082,0.421,0.000,0.008,0.000,11.38
2024-10-07,11:10:00,  110.0 ,795.5,  126.5 ,685.5,1728316525,Concentrado 1ra Limpieza L2,27.005,25.672,0.341,1.109,7.560,18.45
2024-10-07,11:12:00,  110.5 ,1025.,  101.0 ,914.5,1728317147,Cola Scavenger L1,9.508,0.442,0.000,0.010,0.000,11.04
2024-10-07,11:15:00,  110.5 ,911.5,  296.5 ,801.,1728317179,Rebose Hidrociclones L1,2.521,0.530,0.011,0.024,0.000,37.02
2024-10-07,11:17:00,  109.5 ,999.5,  334.0 ,890.,1728317232,Concentrado Primario L2,23.275,17.049,0.214,0.777,24.640,37.53
2024-10-07,11:19:00,  110.0 ,1020.,  338.5 ,910.,1728317235,Concentrado Primario L1,23.294,15.909,0.207,0.784,26.400,37.20
2024-10-09,16:20:00,  110.5 ,870.5,  296.0 ,760.,1728508643,Rebose Hidrociclones L1,3.160,0.593,0.000,0.022,0.000,38.95
2024-10-09,16:23:00,  111.0 ,862.5,  282.5 ,751.5,1728508647,Rebose Hidrociclones L2,3.027,0.517,0.000,0.022,0.000,37.59
2024-10-09,16:25:00,  109.0 ,808.5,  172.5 ,699.5,1728508649,Relave Final,2.600,0.059,0.000,0.004,0.000,24.66
2024-10-09,16:29:00,  110.5 ,960.,  75.0 ,849.5,1728508653,Cola Scavenger L1,9.222,0.373,0.000,0.007,0.000,8.83
2024-10-09,16:31:00,  110.0 ,739.5,  127.0 ,629.5,1728508665,Concentrado Colectivo,29.281,27.367,0.000,1.097,5.880,20.17
2024-10-09,16:32:00,  108.5 ,966.5,  76.0 ,858.,1728508655,Cola Scavenger L2,9.278,0.362,0.000,0.006,0.000,8.86
2024-10-09,16:35:00,  111.0 ,720.,  48.5 ,609.,1728508658,Concentrado 1ra Limpieza L1,29.513,25.070,0.000,1.139,8.080,7.96
2024-10-09,16:38:00,  110.0 ,783.5,  178.5 ,673.5,1728508664,Concentrado 1ra Limpieza L2,29.531,25.170,0.000,0.962,7.600,26.50
2024-10-09,16:43:00,  109.5 ,935.,  298.0 ,825.5,1728508666,Concentrado Primario L2,24.899,17.379,0.000,0.665,24.800,36.10
2024-10-09,16:45:00,  110.0 ,942.5,  288.5 ,832.5,1728508667,Concentrado Primario L1,23.554,15.182,0.000,0.653,28.720,34.65
2024-10-14,17:39:00,  110.5 ,986.5,  294.0 ,876.,1728945327,Concentrado Primario L1,19.002,13.184,0.080,0.708,40.960,33.56
2024-10-14,17:41:00,  108.0 ,940.,  348.0 ,832.,1728945332,Rebose Hidrociclones L1,2.376,0.633,0.007,0.031,0.000,41.83
2024-10-14,17:42:00,  111.0 ,830.,  191.0 ,719.,1728945336,Concentrado Colectivo,29.251,21.125,0.102,1.059,15.440,26.56
2024-10-14,17:45:00,  109.0 ,966.5,  284.0 ,857.5,1728945341,Concentrado Primario L2,20.837,15.681,0.096,0.747,35.300,33.12
2024-10-14,17:47:00,  111.0 ,818.,  149.0 ,707.,1728945343,Relave Final,1.699,0.055,0.000,0.006,0.000,21.07
2024-10-14,17:49:00,  110.0 ,846.,  206.0 ,736.,1728945344,Concentrado 1ra Limpieza L2,30.248,21.274,0.109,1.055,12.880,27.99
2024-10-14,17:52:00,  108.5 ,970.,  79.0 ,861.5,1728945346,Cola Scavenger L1,6.152,0.194,0.000,0.007,0.000,9.17
2024-10-14,17:54:00,  111.0 ,761.5,  57.5 ,650.5,1728945347,Concentrado 1ra Limpieza L1,29.418,20.326,0.111,1.158,15.480,8.84
2024-10-14,17:57:00,  108.5 ,983.5,  78.0 ,875.,1728945349,Cola Scavenger L2,6.181,0.194,0.000,0.007,0.000,8.91
2024-10-23,10:06:00,  110.5 ,734.5,  56.5 ,624.,1729695734,Concentrado 1ra Limpieza L1,28.041,19.059,0.000,1.230,7.050,9.05
2024-10-23,10:07:00,  110.5 ,900.,  298.0 ,789.5,1729695755,Rebose Hidrociclones L1,3.017,0.390,0.000,0.018,0.000,37.75
2024-10-23,10:10:00,  110.0 ,913.5,  307.0 ,803.5,1729695760,Rebose Hidrociclones L2,3.148,0.439,0.000,0.019,0.000,38.21
2024-10-23,10:12:00,  109.0 ,831.,  167.5 ,722.,1729695763,Relave Final,3.318,0.055,0.000,0.004,0.000,23.20
2024-10-23,10:16:00,  108.5 ,960.,  93.5 ,851.5,1729695765,Cola Scavenger L1,7.240,0.162,0.000,0.007,0.000,10.98
2024-10-23,10:18:00,  110.0 ,854.,  219.5 ,744.,1729696410,Concentrado 1ra Limpieza L2,28.697,20.738,0.000,1.086,5.830,29.50
2024-10-23,10:21:00,  110.0 ,823.5,  178.0 ,713.5,1729696413,Concentrado Colectivo,28.560,24.786,0.000,1.097,3.970,24.95
2024-10-23,10:23:00,  109.5 ,964.5,  303.5 ,855.,1729696415,Concentrado Primario L2,23.221,17.676,0.000,0.847,13.210,35.50
2024-10-23,10:25:00,  110.0 ,986.5,  308.5 ,876.5,1729696417,Concentrado Primario L1,22.331,16.788,0.000,0.804,13.850,35.20
2024-10-25,16:45:00,  108.0 ,945.5,  343.5 ,837.5,1729892616,Rebose Hidrociclones L1,1.998,0.557,0.000,0.025,0.000,41.01
2024-10-25,16:48:00,  111.0 ,742.,  55.0 ,631.,1729892637,Concentrado 1ra Limpieza L1,27.261,20.046,0.000,1.356,14.180,8.72
2024-10-25,16:49:00,  111.0 ,734.5,  230.5 ,623.5,1729892641,Rebose Hidrociclones L2,2.121,0.608,0.000,0.025,0.000,36.97
2024-10-25,16:51:00,  110.0 ,851.,  193.0 ,741.,1729892646,Concentrado 1ra Limpieza L2,26.921,23.305,0.000,1.110,11.980,26.05
2024-10-25,16:53:00,  111.0 ,830.5,  157.5 ,719.5,1729892652,Relave Final,1.656,0.074,0.000,0.005,0.000,21.89
2024-10-25,16:54:00,  109.0 ,1008.5,  351.5 ,899.5,1729892657,Concentrado Primario L2,22.318,19.256,0.000,0.863,26.000,39.08
2024-10-25,16:57:00,  110.0 ,1001.5,  94.0 ,891.5,1729892663,Cola Scavenger L1,6.437,0.138,0.000,0.009,0.000,10.54
2024-10-25,17:01:00,  108.5 ,612.5,  73.0 ,504.,1729892675,Cola Scavenger L2,6.073,0.123,0.000,0.008,0.000,14.48
2024-10-25,17:02:00,  110.5 ,1015.5,  344.0 ,905.,1729892679,Concentrado Primario L1,21.616,17.380,0.000,0.828,29.580,38.01
2024-10-25,17:04:00,  108.0 ,807.,  184.5 ,699.,1729893561,Concentrado Colectivo,27.041,25.675,0.000,1.244,9.360,26.39
2024-10-30,17:13:00,  108.5 ,954.5,  99.5 ,846.,1730326142,Cola Scavenger L2,3.477,0.073,0.000,0.005,0.000,11.76
2024-10-30,17:15:00,  110.5 ,599.,  32.5 ,488.5,1730326144,Concentrado 1ra Limpieza L1,25.203,23.305,0.284,1.509,16.100,6.65
2024-10-30,17:18:00,  110.0 ,975.,  99.5 ,865.,1730326147,Cola Scavenger L1,3.534,0.076,0.000,0.005,0.000,11.50
2024-10-30,17:19:00,  109.5 ,935.,  262.5 ,825.5,1730326149,Concentrado Primario L2,16.916,16.096,0.179,0.899,39.500,31.80
2024-10-30,17:23:00,  110.0 ,806.,  153.0 ,696.,1730326154,Concentrado 1ra Limpieza L2,25.102,23.404,0.273,1.504,16.120,21.98
2024-10-30,17:25:00,  109.0 ,804.5,  136.0 ,695.5,1730326155,Relave Final,1.616,0.060,0.000,0.006,0.000,19.55
2024-10-30,17:26:00,  110.0 ,918.5,  257.5 ,808.5,1730326157,Concentrado Primario L1,16.916,15.109,0.183,0.781,41.680,31.85
2024-10-30,17:28:00,  110.5 ,936.,  369.5 ,825.5,1730326159,Rebose Hidrociclones L1,2.084,0.594,0.011,0.035,0.000,44.76
2024-10-30,17:41:00,  110.0 ,771.,  162.0 ,661.,1730327875,Concentrado Colectivo,26.270,26.169,0.294,1.491,11.660,24.51
2024-10-30,17:48:00,  110.0 ,925.5,  332.5 ,815.5,1730328344,Rebose Hidrociclones L2,2.300,0.576,0.011,0.031,0.000,40.77
2024-11-01,12:08:00,  110.5 ,719.5,  37.5 ,609.,1730480655,Concentrado 1ra Limpieza L1,26.184,22.599,0.213,1.374,14.280,6.16
2024-11-01,12:09:00,  109.5 ,974.,  302.0 ,864.5,1730480656,Concentrado Primario L2,20.492,16.256,0.123,0.783,32.500,34.93
2024-11-01,12:11:00,  110.5 ,949.,  344.5 ,838.5,1730480658,Rebose Hidrociclones L1,2.278,0.617,0.006,0.026,0.000,41.09
2024-11-01,12:13:00,  110.0 ,806.5,  170.0 ,696.5,1730480660,Concentrado 1ra Limpieza L2,25.981,23.343,0.191,1.216,13.060,24.41
2024-11-01,12:17:00,  110.0 ,766.5,  126.0 ,656.5,1730480665,Concentrado Colectivo,26.953,26.713,0.197,1.185,9.040,19.19
2024-11-01,12:18:00,  109.0 ,824.,  135.5 ,715.,1730480667,Relave Final,1.673,0.059,0.000,0.004,0.000,18.95
2024-11-01,12:20:00,  110.0 ,993.5,  304.0 ,883.5,1730480668,Concentrado Primario L1,20.139,16.057,0.116,0.751,34.380,34.41
2024-11-01,12:23:00,  110.0 ,978.,  98.5 ,868.,1730480670,Cola Scavenger L1,8.429,0.100,0.000,0.026,0.000,11.35
2024-11-01,12:26:00,  108.5 ,975.,  98.5 ,866.5,1730480672,Cola Scavenger L2,8.411,0.107,0.000,0.027,0.000,11.37
2024-11-04,10:31:00,  110.5 ,908.5,  354.0 ,798.,1730734075,Rebose Hidrociclones L1,4.401,0.399,0.016,0.029,0.000,44.36
2024-11-04,10:34:00,  109.0 ,880.5,  236.0 ,771.5,1730734078,Relave Final,5.042,0.079,0.000,0.011,0.000,30.59
2024-11-04,10:37:00,  108.5 ,963.5,  87.5 ,855.,1730734080,Cola Scavenger L1,4.083,0.075,0.000,0.016,0.000,10.23
2024-11-04,10:41:00,  108.5 ,955.5,  88.0 ,847.,1730734082,Cola Scavenger L2,4.120,0.058,0.000,0.015,0.000,10.39
2024-11-04,10:43:00,  110.5 ,724.,  53.0 ,613.5,1730734083,Concentrado 1ra Limpieza L1,25.979,26.515,0.322,1.601,10.220,8.64
2024-11-04,10:47:00,  110.0 ,766.,  129.0 ,656.,1730734084,Concentrado 1ra Limpieza L2,26.764,27.555,0.305,1.380,8.720,19.66
2024-11-04,10:51:00,  109.5 ,542.5,  123.5 ,433.,1730734089,Concentrado Primario L2,16.957,14.670,0.186,0.901,40.700,28.52
2024-11-04,10:53:00,  110.0 ,921.,  253.0 ,811.,1730734091,Concentrado Primario L1,18.161,16.652,0.232,1.101,36.580,31.20
2024-11-04,11:05:00,  110.0 ,927.,  308.5 ,817.,1730736233,Rebose Hidrociclones L2,4.366,0.462,0.018,0.033,0.000,37.76
2024-11-04,11:10:00,  110.0 ,1243.,  236.5 ,1133.,1730736525,Concentrado Colectivo,27.071,28.943,0.310,1.347,6.780,20.87
2024-11-06,11:17:00,  110.0 ,727.,  223.0 ,617.,1730910276,Rebose Hidrociclones L2,2.293,0.752,0.000,0.038,0.000,36.14
2024-11-06,11:30:00,  109.0 ,819.,  155.0 ,710.,1730910484,Relave Final,1.273,0.085,0.000,0.007,0.000,21.83
2024-11-06,11:33:00,  108.5 ,1002.,  107.0 ,893.5,1730910488,Cola Scavenger L1,10.763,0.205,0.000,0.022,0.000,11.98
2024-11-06,11:37:00,  108.5 ,971.5,  99.5 ,863.,1730910492,Cola Scavenger L2,10.561,0.180,0.000,0.020,0.000,11.53
2024-11-06,11:42:00,  110.0 ,892.5,  251.0 ,782.5,1730810497,Concentrado 1ra Limpieza L2,30.352,16.206,0.000,0.936,0.000,32.08
2024-11-06,11:43:00,  109.5 ,1034.,  361.5 ,924.5,1730910502,Concentrado Primario L2,26.997,13.282,0.000,0.743,21.280,39.10
2024-11-06,11:46:00,  110.0 ,1038.5,  354.5 ,928.5,1730910504,Concentrado Primario L1,26.390,12.588,0.000,0.743,23.640,38.18
2024-11-25,11:00:00,  108.5 ,1170.,  75.5 ,1061.5,,,,,,,,7.11
2024-11-25,11:04:00,  109.0 ,870.,  190.0 ,761.,,,,,,,,24.97
2024-11-25,11:07:00,  108.5 ,1136.5,  76.5 ,1028.,,,,,,,,7.44
2024-11-25,11:09:00,  110.5 ,820.5,  67.5 ,710.,,,,,,,,9.51
2024-11-25,11:12:00,  110.0 ,834.,  170.5 ,724.,,,,,,,,23.55
2024-11-25,11:14:00,  109.5 ,934.5,  228.5 ,825.,,,,,,,,27.70
2024-11-25,11:17:00,  110.0 ,921.5,  296.5 ,811.5,,,,,,,,36.54
2024-11-25,11:54:00,  110.0 ,866.5,  124.0 ,756.5,,,,,,,,16.39
2024-11-25,12:14:00,  110.0 ,894.,  198.5 ,784.,,,,,,,,25.32
2024-12-02,11:13:00,  111.0 ,919.,  309.5 ,808.,1733155842,Rebose Hidrociclones L2,3.260,0.356,0.009,0.011,0.000,38.30
2024-12-02,11:15:00,  111.0 ,838.5,  174.5 ,727.5,1733155847,Relave Final,2.692,0.052,0.000,0.005,0.000,23.99
2024-12-02,11:22:00,  108.5 ,1114.,  60.5 ,1005.5,1733155853,Cola Scavenger L2,10.038,0.490,0.000,0.020,0.000,6.02
2024-12-02,11:26:00,  108.5 ,1102.,  40.0 ,993.5,1733156586,Cola Scavenger L1,9.826,0.461,0.000,0.018,0.000,4.03
2024-12-02,11:34:00,  110.0 ,884.,  174.0 ,774.,1733156820,Concentrado 1ra Limpieza L2,28.141,23.690,0.240,0.657,9.560,22.48
2024-12-02,11:37:00,  111.0 ,825.5,  148.5 ,714.5,1733156824,Concentrado Colectivo,27.807,26.415,0.265,0.645,7.580,20.78
2024-12-02,11:41:00,  110.5 ,804.,  38.5 ,693.5,1733157298,Concentrado 1ra Limpieza L1,27.854,24.384,0.251,0.603,8.920,5.55
2024-12-04,11:32:00,  109.0 ,561.5,  108.0 ,452.5,1733329774,Relave Final,2.522,0.058,0.000,0.005,0.000,23.87
2024-12-04,11:35:00,  110.5 ,1046.5,  76.5 ,936.,1733329777,Cola Scavenger L1,7.328,0.255,0.000,0.012,0.000,8.17
2024-12-04,11:38:00,  108.5 ,914.,  71.0 ,805.5,1733329779,Cola Scavenger L2,7.330,0.265,0.000,0.014,0.000,8.81
2024-12-04,11:42:00,  110.0 ,880.5,  221.0 ,770.5,1733329790,Concentrado Primario L1,22.495,15.174,0.141,0.644,28.120,28.68
2024-12-04,11:46:00,  110.5 ,684.,  15.0 ,573.5,1733330542,Concentrado 1ra Limpieza L1,24.549,21.492,0.226,0.818,14.340,2.62
2024-12-04,11:51:00,  110.0 ,777.5,  40.0 ,667.5,1733330544,Concentrado 1ra Limpieza L2,23.690,16.119,0.175,1.007,26.580,5.99
2024-12-04,11:53:00,  110.0 ,823.,  171.0 ,713.,1733330546,Concentrado Colectivo,28.181,24.477,0.280,0.918,10.440,23.98
2024-12-04,11:55:00,  110.0 ,913.,  319.5 ,803.,1733330548,Rebose Hidrociclones L2,2.680,0.470,0.008,0.018,0.000,39.79
2024-12-04,11:56:00,  109.5 ,938.5,  277.0 ,829.,1733330551,Concentrado Primario L2,23.063,17.960,0.175,0.688,23.200,33.41
2024-12-10,01:10:00,  111.0 ,601.,  106.5 ,490.,1733810631,Concentrado Colectivo,27.568,26.567,0.000,1.800,9.020,21.73
2024-12-10,01:19:00,  110.5 ,695.,  13.0 ,584.5,1733811345,Concentrado 1ra Limpieza L1,27.668,25.472,0.000,1.446,10.800,2.22
2024-12-10,01:22:00,  108.5 ,960.,  46.0 ,851.5,1733811358,Cola Scavenger L1,11.703,0.374,0.000,0.024,0.000,5.40
2024-12-10,01:24:00,  110.5 ,863.,  272.5 ,752.5,1733811684,Concentrado Primario L2,22.605,20.099,0.000,1.316,25.880,36.21
2024-12-10,01:29:00,  108.5 ,975.5,  52.0 ,867.,1733811997,Cola Scavenger L2,11.409,0.321,0.000,0.020,0.000,6.00
2024-12-10,01:31:00,  110.5 ,327.,  24.5 ,216.5,1733812042,Concentrado Primario L1,20.969,21.442,0.000,2.035,25.920,11.32
2024-12-10,01:36:00,  111.0 ,799.,  296.0 ,688.,1733812404,Rebose Hidrociclones L2,3.049,0.695,0.000,0.044,0.000,43.02
2024-12-13,09:36:00,  109.0 ,861.5,  235.0 ,752.5,1734100327,Relave Final,2.298,0.079,0.000,0.006,0.000,31.23
2024-12-13,09:40:00,  110.5 ,1091.8,  78.0 ,981.3,1734100370,Cola Scavenger L1,8.361,0.253,0.000,0.011,0.000,7.95
2024-12-13,09:43:00,  108.5 ,1091.2,  83.0 ,982.7,1734100375,Cola Scavenger L2,7.726,0.214,0.000,0.010,0.000,8.45
2024-12-13,09:45:00,  110.5 ,786.,  44.5 ,675.5,1734100380,Concentrado 1ra Limpieza L1,29.813,27.799,0.195,0.820,7.300,6.59
2024-12-13,09:48:00,  110.0 ,834.5,  163.0 ,724.5,1734100383,Concentrado Colectivo,28.491,24.733,0.184,0.733,12.440,22.50
2024-12-13,09:50:00,  109.5 ,940.5,  302.5 ,831.,1734100386,Concentrado Primario L2,23.407,18.104,0.124,0.717,28.840,36.40
2024-12-13,09:52:00,  110.0 ,938.2,  295.0 ,828.2,1734100389,Concentrado Primario L1,22.633,17.956,0.118,0.653,28.160,35.62
2024-12-16,15:22:00,  110.0 ,824.5,  154.0 ,714.5,1734380443,Concentrado Colectivo,28.019,25.326,0.000,1.299,11.540,21.55
2024-12-16,15:26:00,  110.0 ,955.5,  240.0 ,845.5,1734380446,Concentrado Primario L2,17.013,14.196,0.000,0.898,40.540,28.39
2024-12-16,15:28:00,  110.5 ,869.5,  184.0 ,759.,1734380470,Relave Final,2.138,0.065,0.000,0.008,0.000,24.24
2024-12-16,15:30:00,  108.0 ,652.5,  44.0 ,544.5,1734380502,Concentrado 1ra Limpieza L1,27.143,24.188,0.000,1.286,14.360,8.08
2024-12-23,10:28:00,  110.0 ,1022.,  360.5 ,912.,1734967525,Rebose Hidrociclones L2,2.609,0.738,0.007,0.055,0.000,39.53
2024-12-23,10:31:00,  109.0 ,957.,  229.5 ,848.,1734967541,Relave Final,1.918,0.067,0.000,0.014,0.000,27.06
2024-12-23,10:34:00,  110.5 ,1271.5,  88.0 ,1161.,,Cola Scavenger L1,,,,,,7.58
2024-12-23,10:38:00,  108.5 ,1254.,  84.5 ,1145.5,,Cola Scavenger L2,,,,,,7.38
2024-12-23,10:40:00,  110.5 ,944.,  135.0 ,833.5,1734967550,Concentrado 1ra Limpieza L1,29.548,26.761,0.178,2.149,9.020,16.20
2024-12-23,10:54:00,  109.5 ,1075.,  357.0 ,965.5,1734968918,Concentrado Primario L2,24.122,20.231,0.144,1.623,26.220,36.98
2024-12-23,10:56:00,  110.0 ,983.5,  192.5 ,873.5,1734969224,Concentrado Primario L1,22.325,20.380,0.143,1.804,28.220,22.04
2024-12-23,11:23:00,  110.0 ,1015.5,  258.0 ,905.5,1734970875,Concentrado Colectivo,30.027,28.640,0.187,2.122,7.020,28.49
2024-12-27,10:54:00,  110.0 ,1015.5,  258.0 ,905.5,1735314796,Concentrado Colectivo,27.639,26.766,0.000,1.486,10.620,28.49
2024-12-27,10:56:00,  109.5 ,1075.,  357.0 ,965.5,1735314799,Concentrado Primario L2,18.120,13.930,0.000,0.759,41.300,36.98
2024-12-27,11:01:00,  110.5 ,944.,  135.0 ,833.5,1735314803,Concentrado 1ra Limpieza L1,25.264,22.487,0.000,1.427,18.400,16.20
2024-12-27,11:06:00,  110.0 ,983.5,  192.5 ,873.5,1735315372,Concentrado Primario L1,14.941,11.642,0.000,0.621,49.280,22.04
2024-12-27,11:08:00,  108.5 ,1254.,  84.5 ,1145.5,1735315378,Cola Scavenger L2,5.989,0.302,0.000,0.014,0.000,7.38
2024-12-27,11:12:00,  110.5 ,1271.5,  88.0 ,1161.,1735315380,Cola Scavenger L1,5.634,0.306,0.000,0.015,0.000,7.58
2024-12-27,11:14:00,  109.0 ,957.,  229.5 ,848.,1735315381,Relave Final,2.655,0.060,0.000,0.006,0.000,27.06
2024-12-27,11:17:00,  110.0 ,1022.,  360.5 ,912.,1735315383,Rebose Hidrociclones L2,2.965,0.515,0.000,0.023,0.000,39.53
2024-12-30,12:38:00,  110.0 ,1001.5,  202.5 ,891.5,1735580096,Concentrado Primario L1,17.590,17.313,0.000,2.274,36.180,22.71
2024-12-30,12:40:00,  110.5 ,736.5,  70.0 ,626.,1735580097,Concentrado 1ra Limpieza L1,25.472,26.716,0.000,3.390,11.620,11.18
2024-12-30,12:42:00,  110.0 ,1047.5,  354.0 ,937.5,1735580192,Rebose Hidrociclones L2,2.618,0.622,0.000,0.065,0.000,37.76
2024-12-30,12:45:00,  109.0 ,736.5,  126.0 ,627.5,1735580584,Relave Final,2.272,0.052,0.000,0.013,0.000,20.08
2024-12-30,12:47:00,  109.5 ,1055.,  300.0 ,945.5,1735580594,Concentrado Primario L2,19.325,18.656,0.000,2.029,31.760,31.73
2024-12-30,12:50:00,  110.5 ,1234.5,  64.5 ,1124.,1735580603,Cola Scavenger L1,4.834,0.133,0.000,0.029,0.000,5.74
2024-12-30,12:53:00,  108.5 ,1269.5,  78.5 ,1161.,1735581025,Cola Scavenger L2,4.632,0.124,0.000,0.028,0.000,6.76
2025-01-01,11:24:00,  111.0 ,1030.5,  333.5 ,919.5,1725748516,Rebose Hidrociclones L2,3.082,0.481,0.000,0.020,0.000,36.27
2025-01-01,11:26:00,  111.0 ,997.5,  272.5 ,886.5,1725748569,Relave Final,2.881,0.050,0.000,0.004,0.000,30.74
2025-01-01,12:43:00,  108.5 ,1281.5,  76.5 ,1173.,1725753212,Cola Scavenger L2,9.488,0.231,0.000,0.010,0.000,6.52
2025-01-01,12:44:00,  111.0 ,963.,  173.5 ,852.,1725753242,Concentrado Colectivo,28.922,23.930,0.000,1.165,0.000,20.36
2025-01-01,12:49:00,  108.0 ,1060.5,  294.5 ,952.5,1725753246,Concentrado Primario L2,21.386,17.363,0.000,1.236,0.000,30.92
2025-01-13,15:40:00,  110.0 ,1053.5,  386.5 ,943.5,1736800413,Rebose Hidrociclones L2,2.068,0.573,0.006,0.051,0.000,40.96
2025-01-13,15:44:00,  110.5 ,1315.,  120.0 ,1204.5,1736800437,Cola Scavenger L1,4.956,0.164,0.000,0.041,0.000,9.96
2025-01-13,15:47:00,  108.5 ,1309.5,  137.0 ,1201.,1736800783,Cola Scavenger L2,4.789,0.151,0.000,0.036,0.000,11.41
2025-01-13,15:49:00,  109.5 ,1086.5,  351.5 ,977.,1736801111,Concentrado Primario L2,20.070,19.403,0.093,1.505,3.400,35.98
2025-01-13,15:51:00,  110.0 ,654.,  153.5 ,544.,1736801128,Concentrado Primario L1,18.823,19.801,0.098,1.597,6.840,28.22
2025-01-13,15:54:00,  110.5 ,944.5,  104.0 ,834.,1736801404,Concentrado 1ra Limpieza L1,26.409,27.661,0.000,2.113,0.000,12.47
2025-01-13,16:00:00,  110.0 ,1017.5,  272.0 ,907.5,1736801453,Concentrado 1ra Limpieza L2,26.350,27.263,0.120,2.115,31.240,29.97
2025-01-13,16:02:00,  110.0 ,1047.5,  258.5 ,937.5,1736801456,Concentrado Colectivo,27.048,29.054,0.134,2.226,5.420,27.57
2025-01-20,12:37:00,  109.0 ,1021.,  279.5 ,912.,1737394566,Relave Final,2.169,0.083,0.000,0.008,0.000,30.65
2025-01-20,12:41:00,  110.5 ,1132.5,  89.5 ,1022.,1737394642,Cola Scavenger L1,8.441,0.376,0.000,0.016,0.000,8.76
2025-01-20,12:47:00,  110.5 ,981.5,  136.0 ,871.,1737395002,Concentrado 1ra Limpieza L1,24.798,24.629,0.188,1.456,11.980,15.61
2025-01-20,12:49:00,  109.5 ,1119.5,  354.0 ,1010.,1737395008,Concentrado Primario L2,20.184,18.968,0.146,1.125,27.380,35.05
2025-01-20,12:53:00,  110.0 ,1035.,  235.5 ,925.,1737395338,Concentrado 1ra Limpieza L2,24.994,22.941,0.171,1.400,13.120,25.46
2025-01-20,12:57:00,  110.0 ,1057.5,  226.0 ,947.5,1737395400,Concentrado Primario L1,17.251,17.528,0.130,1.192,35.600,23.85
2025-01-20,12:58:00,  110.0 ,1083.,  249.5 ,973.,1737395402,Concentrado Colectivo,25.441,25.970,0.201,1.510,10.040,25.64
2025-01-20,14:28:00,  110.5 ,1070.,  402.0 ,959.5,1737401188,Rebose Hidrociclones L1,2.884,0.641,0.007,0.036,0.000,41.90
2025-01-20,14:36:00,  110.0 ,1054.,  377.5 ,944.,1737401557,Rebose Hidrociclones L2,2.589,0.591,0.007,0.036,0.000,39.99
2025-01-22,11:48:00,  110.5 ,1068.,  379.5 ,957.5,1737564373,Rebose Hidrociclones L1,2.453,0.698,0.008,0.044,0.000,39.63
2025-01-22,11:53:00,  110.0 ,1079.,  386.5 ,969.,1737564578,Rebose Hidrociclones L2,2.461,0.700,0.007,0.046,0.000,39.89
2025-01-22,11:56:00,  109.0 ,1001.5,  296.0 ,892.5,1737564845,Relave Final,2.165,0.085,0.000,0.009,0.000,33.17
2025-01-22,12:00:00,  110.5 ,1328.5,  119.0 ,1218.,1737564847,Cola Scavenger L1,5.013,0.245,0.000,0.015,0.000,9.77
2025-01-22,12:02:00,  110.5 ,953.5,  100.0 ,843.,1737564889,Concentrado 1ra Limpieza L1,27.277,24.886,0.157,1.628,12.280,11.86
2025-01-22,12:03:00,  109.5 ,1116.5,  337.0 ,1007.,1737564891,Concentrado Primario L2,23.544,19.712,0.133,1.326,26.660,33.47
2025-01-22,12:06:00,  110.0 ,1026.,  222.0 ,916.,1737564892,Concentrado 1ra Limpieza L2,27.510,22.964,0.140,1.611,14.060,24.24
2025-01-22,12:07:00,  110.0 ,1100.5,  321.0 ,990.5,1737564894,Concentrado Primario L1,20.303,15.868,0.113,1.139,34.800,32.41
2025-01-22,12:09:00,  110.0 ,1018.5,  215.5 ,908.5,1737566495,Concentrado Colectivo,27.468,26.611,0.163,1.670,10.440,23.72
2025-01-27,11:17:00,  110.0 ,794.5,  161.0 ,684.5,1737994392,Concentrado 1ra Limpieza L2,27.384,24.147,0.190,2.969,11.340,23.52
2025-01-27,11:21:00,  110.5 ,1055.5,  280.5 ,945.,1737994467,Concentrado Primario L1,20.040,17.149,0.129,1.618,33.760,29.68
2025-01-27,11:23:00,  109.0 ,1074.,  318.0 ,965.,1737994474,Concentrado Primario L2,20.383,18.234,0.135,1.670,31.700,32.95
2025-01-27,11:29:00,  110.5 ,1034.,  262.0 ,923.5,1737995102,Concentrado 1ra Limpieza L1,27.560,24.394,0.189,2.713,11.260,28.37
2025-01-29,11:07:00,  110.0 ,1020.5,  261.2 ,910.5,1738166586,Concentrado 1ra Limpieza L2,29.258,21.937,0.160,0.589,10.920,28.69
2025-01-29,11:10:00,  108.5 ,1236.5,  67.5 ,1128.,1738166665,Cola Scavenger L1,12.686,0.814,0.000,0.019,0.000,5.98
2025-01-29,11:11:00,  109.0 ,1083.5,  336.7 ,974.5,1738166675,Concentrado Primario L2,23.932,17.756,0.130,0.461,23.400,34.55
2025-01-29,11:14:00,  110.5 ,1100.5,  353.2 ,990.,1738166680,Concentrado Primario L1,25.595,16.821,0.117,0.442,21.820,35.68
2025-01-29,11:20:00,  110.5 ,955.,  139.0 ,844.5,1738166689,Concentrado 1ra Limpieza L1,28.923,23.609,0.178,0.626,9.720,16.46
2025-02-03,00:18:00,  111.0 ,1000.5,  207.8 ,889.5,1738602968,Concentrado Colectivo,26.910,29.216,0.000,1.115,6.000,23.36
2025-02-03,00:20:00,  111.0 ,884.5,  177.2 ,773.5,1738602983,Relave Final,2.239,0.091,0.000,0.006,0.000,22.91
2025-02-03,11:13:00,  108.5 ,1270.,  58.2 ,1161.5,1738598907,Cola Scavenger L1,11.423,0.505,0.000,0.010,0.000,5.01
2025-02-03,11:16:00,  108.5 ,1283.5,  68.8 ,1175.,1738598911,Cola Scavenger L2,11.059,0.482,0.000,0.012,0.000,5.86
2025-02-03,11:19:00,  111.0 ,1052.5,  350.8 ,941.5,1738599294,Rebose Hidrociclones L2,3.222,0.851,0.000,0.042,0.000,37.26
2025-02-03,11:23:00,  110.0 ,1047.,  279.4 ,937.,1738599543,Concentrado 1ra Limpieza L2,26.948,22.428,0.000,1.083,12.900,29.82
2025-02-03,11:27:00,  110.5 ,953.,  109.4 ,842.5,1738599650,Concentrado 1ra Limpieza L1,27.003,24.593,0.000,1.103,9.860,12.99
2025-02-03,11:28:00,  110.5 ,1120.,  360.4 ,1009.5,1738599793,Concentrado Primario L1,23.023,18.100,0.000,0.803,26.120,35.70
2025-02-03,11:37:00,  109.0 ,1106.,  325.0 ,997.,1738600511,Concentrado Primario L2,22.846,18.297,0.000,0.602,26.640,32.60
2025-02-05,11:14:00,  109.0 ,905.5,  197.5 ,796.5,,,,,,,,24.80
2025-02-05,11:17:00,  110.5 ,1369.5,  183.5 ,1259.,,,,,,,,14.58
2025-02-05,11:21:00,  108.5 ,1339.5,  171.8 ,1231.,,,,,,,,13.96
2025-02-05,11:23:00,  108.0 ,1062.5,  378.5 ,954.5,,,,,,,,39.65
2025-02-05,11:26:00,  110.0 ,1064.,  336.0 ,954.,,,,,,,,35.22
2025-02-05,11:28:00,  110.5 ,959.,  112.0 ,848.5,,,,,,,,13.20
2025-02-05,11:32:00,  110.0 ,1039.5,  247.0 ,929.5,,,,,,,,26.57
2025-02-05,11:35:00,  110.0 ,1042.5,  233.5 ,932.5,1738772835,Concentrado Colectivo,26.405,23.019,0.118,1.274,14.380,25.04
2025-02-05,11:41:00,  110.0 ,1115.5,  294.0 ,1005.5,1738773443,Concentrado Primario L1,20.206,18.297,0.058,1.122,31.120,29.24
2025-02-05,11:43:00,  109.5 ,1116.5,  342.5 ,1007.,1738773450,Concentrado Primario L2,21.372,18.690,0.074,0.928,28.800,34.01
2025-02-07,10:23:00,  110.5 ,953.,  113.0 ,842.5,1738941585,Concentrado 1ra Limpieza L1,24.510,25.330,0.244,1.689,12.700,13.41
2025-02-07,10:27:00,  110.0 ,1024.5,  234.5 ,914.5,1738941591,Concentrado 1ra Limpieza L2,24.292,23.654,0.245,1.877,14.340,25.64
2025-02-07,10:31:00,  110.5 ,1171.,  378.0 ,1060.5,1738941600,Concentrado Primario L1,21.765,20.008,0.192,1.306,25.200,35.64
2025-02-07,10:33:00,  111.0 ,1082.5,  249.5 ,971.5,1738941725,Concentrado Colectivo,25.030,25.626,0.255,1.993,11.740,25.68
2025-02-07,10:40:00,  109.0 ,1109.5,  338.0 ,1000.5,1738942343,Concentrado Primario L2,21.132,18.529,0.175,1.246,28.740,33.78
2025-02-07,10:42:00,  108.5 ,1306.,  129.5 ,1197.5,1738942351,Cola Scavenger L2,6.589,0.548,0.000,0.059,0.000,10.81
2025-02-07,10:46:00,  108.5 ,1308.,  131.0 ,1199.5,1738942355,Cola Scavenger L1,6.068,0.483,0.000,0.054,0.000,10.92
2025-02-07,10:50:00,  111.0 ,1059.,  342.0 ,948.,1738943358,Rebose Hidrociclones L2,2.726,0.586,0.009,0.046,0.000,36.08
2025-02-10,09:31:00,  110.0 ,1049.5,  348.0 ,939.5,1739240877,Rebose Hidrociclones L2,1.801,0.674,0.000,0.051,0.000,37.04
2025-02-10,09:33:00,  110.5 ,926.,  27.0 ,815.5,1739240881,Concentrado 1ra Limpieza L1,24.381,22.275,0.000,2.149,15.680,3.31
2025-02-10,09:36:00,  110.5 ,1287.,  60.0 ,1176.5,1739240888,Cola Scavenger L1,7.651,0.235,0.000,0.027,0.000,5.10
2025-02-10,09:37:00,  109.5 ,1043.,  233.0 ,933.5,1739240891,Concentrado Primario L2,15.181,12.517,0.000,0.899,44.640,24.96
2025-02-10,09:40:00,  110.0 ,956.,  83.5 ,846.,1739240895,Concentrado 1ra Limpieza L2,23.191,20.303,0.000,2.015,19.340,9.87
2025-02-12,15:38:00,  108.5 ,1288.5,  103.5 ,1180.,1739392571,Cola Scavenger L1,4.827,0.222,0.000,0.027,0.000,8.77
2025-02-12,15:41:00,  110.5 ,922.5,  62.0 ,812.,1739392631,Concentrado 1ra Limpieza L1,24.665,25.428,0.143,1.323,12.680,7.64
2025-02-12,15:45:00,  110.0 ,935.5,  79.5 ,825.5,1739392635,Concentrado 1ra Limpieza L2,25.439,24.640,0.140,1.396,13.840,9.63
2025-02-12,15:48:00,  110.5 ,1096.5,  303.0 ,986.,1739392776,Concentrado Primario L1,17.640,16.164,0.090,0.959,36.900,30.73
2025-02-12,15:50:00,  109.0 ,1063.5,  322.0 ,954.5,1739392779,Concentrado Primario L2,18.964,16.558,0.086,0.874,34.500,33.73
2025-02-14,16:07:00,  111.0 ,1014.,  331.5 ,903.,1739567030,Rebose Hidrociclones L2,2.826,0.708,0.007,0.027,0.000,36.71
2025-02-14,16:10:00,  108.5 ,1307.,  117.5 ,1198.5,1739567103,Cola Scavenger L1,8.046,0.151,0.000,0.010,0.000,9.80
2025-02-14,16:14:00,  108.5 ,1309.,  117.5 ,1200.5,1739567107,Cola Scavenger L2,8.144,0.146,0.000,0.010,0.000,9.79
2025-02-14,16:16:00,  109.0 ,1026.,  304.0 ,917.,1739567113,Relave Final,2.523,0.076,0.000,0.005,0.000,33.15
2025-02-14,16:20:00,  109.5 ,937.,  106.0 ,827.5,1739567760,Concentrado 1ra Limpieza L1,24.981,21.887,0.141,1.048,20.900,12.81
2025-02-14,16:27:00,  110.5 ,998.,  216.0 ,887.5,1739568189,Concentrado 1ra Limpieza L2,25.065,21.445,0.140,1.075,20.740,24.34
2025-02-14,16:30:00,  110.0 ,999.,  197.0 ,889.,1739568284,Concentrado Colectivo,26.860,24.888,0.153,1.077,15.340,22.16
2025-02-14,16:31:00,  110.0 ,1047.,  386.0 ,937.,1739568375,Concentrado Primario L2,17.828,14.264,0.084,0.619,40.620,41.20
2025-02-14,16:34:00,  110.0 ,1079.,  385.5 ,969.,1739568379,Concentrado Primario L1,18.938,14.559,0.093,0.660,38.360,39.78
2025-02-17,10:36:00,  110.0 ,1282.5,  60.0 ,1172.5,1739806386,Cola Scavenger L2,7.772,0.194,0.000,0.012,0.000,5.12
2025-02-17,10:40:00,  110.5 ,1271.5,  56.0 ,1161.,1739806389,Cola Scavenger L1,7.562,0.201,0.000,0.012,0.000,4.82
2025-02-17,10:44:00,  110.5 ,1089.,  368.5 ,978.5,1739806502,Concentrado Primario L1,22.803,18.592,0.146,0.813,28.700,37.66
2025-02-17,10:46:00,  109.5 ,1007.,  241.5 ,897.5,1739807011,Concentrado Primario L2,25.893,23.609,0.183,1.219,17.920,26.91
2025-02-17,10:49:00,  110.5 ,940.5,  98.5 ,830.,1739807111,Concentrado 1ra Limpieza L1,26.701,25.871,0.182,1.004,14.400,11.87
2025-02-17,10:53:00,  110.0 ,1061.,  306.0 ,951.,1739807153,Concentrado 1ra Limpieza L2,22.446,19.576,0.150,0.865,27.760,32.18
2025-02-17,10:55:00,  111.6 ,1004.5,  187.5 ,892.9,1739807166,Concentrado Colectivo,27.075,27.544,0.187,0.986,12.040,21.00
2025-02-17,10:57:00,  110.5 ,1001.,  300.0 ,890.5,1739807280,Relave Final,2.459,0.083,0.000,0.006,0.000,33.69
2025-02-17,11:00:00,  110.0 ,1048.,  352.0 ,938.,1739807282,Rebose Hidrociclones L2,3.147,0.631,0.010,0.028,0.000,37.53
2025-02-26,12:06:00,  110.0 ,1118.5,  281.5 ,1008.5,1740589303,Concentrado 1ra Limpieza L2,25.617,20.525,0.179,1.366,20.00,27.91
2025-02-26,12:11:00,  108.5 ,1414.,  241.5 ,1305.5,1740589432,Cola Scavenger L1,9.021,0.415,0.000,0.020,0.000,18.50
2025-02-26,12:17:00,  140.0 ,1081.5,  214.5 ,941.5,1740589435,Concentrado 1ra Limpieza L1,24.771,21.574,0.185,1.303,20.44,22.78
2025-02-26,12:20:00,  111.0 ,1155.5,  277.0 ,1044.5,1740589442,Concentrado Colectivo,27.438,27.467,0.189,1.143,10.54,26.52
2025-02-26,12:21:00,  109.5 ,1239.5,  248.0 ,1130.,1740589445,Concentrado Primario L2,21.197,14.782,0.149,0.852,34.62,21.95
2025-02-26,12:24:00,  109.5 ,1239.,  458.5 ,1129.5,1740589447,Concentrado Primario L1,21.275,14.383,0.154,0.817,34.24,40.59
2025-02-26,12:36:00,  110.5 ,1055.5,  363.0 ,945.,1740591155,Rebose Hidrociclones L1,1.196,0.260,0.000,0.012,0.000,38.41
2025-02-26,12:44:00,  108.5 ,1395.,  217.0 ,1286.5,1740589433,Cola Scavenger L2,8.825,0.317,0.000,0.011,0.000,16.87
2025-02-28,12:21:00,  108.0 ,1023.,  276.5 ,915.,1740762944,Rebose Hidrociclones L2,  2.534 ,  0.474 ,  0.008 ,  0.041 ,0,30.22
2025-02-28,12:24:00,  110.5 ,934.,  149.5 ,823.5,1740763347,Relave Final,  1.784 ,  0.079 ,0,  0.008 ,0,18.15
2025-02-28,12:28:00,  108.5 ,1385.5,  223.5 ,1277.,1740763351,Cola Scavenger L1,  7.093 ,  0.140 ,0,  0.008 ,0,17.50
2025-02-28,12:31:00,  110.0 ,1354.5,  203.0 ,1244.5,1740763354,Cola Scavenger L2,  7.844 ,  0.135 ,0,  0.008 ,0,16.31
2025-02-28,12:34:00,  110.5 ,767.5,  95.5 ,657.,1740763689,Concentrado 1ra Limpieza L1,  25.093 ,  20.597 ,  0.186 ,  1.673 ,  20.500 ,14.54
2025-02-28,12:37:00,  110.5 ,1020.,  255.5 ,909.5,1740763693,Concentrado 1ra Limpieza L2,  25.410 ,  20.099 ,  0.200 ,  1.684 ,  19.880 ,28.09
2025-02-28,12:39:00,  110.0 ,1079.5,  326.5 ,969.5,1740763795,Concentrado Primario L1,20.532,15.224, 0.125 ,1.140,32.140,33.68
2025-02-28,12:41:00,  110.0 ,1076.,  326.5 ,966.,1740763798,Concentrado Primario L2,  20.974 ,  14.328 ,  0.132 ,  1.213 ,  33.940 ,33.80
2025-02-28,12:43:00,  110.0 ,972.5,  104.0 ,862.5,1740764327,Concentrado Colectivo,  25.111 ,  19.403 ,  0.187 ,  1.768 ,  20.660 ,12.06
2025-03-03,11:11:00,  111.0 ,610.,  159.0 ,499.,1741018031,Relave Final,1.326,0.085,0,0.009,0,31.86
2025-03-03,11:14:00,  109.5 ,872.5,  98.0 ,763.,1741018213,Cola Scavenger L1,6.150,0.180,0,0.016,0,12.84
2025-03-03,11:18:00,  108.5 ,885.,  96.5 ,776.5,1741018218,Cola Scavenger L2,5.858,0.117,0,0.011,0,12.43
2025-03-03,11:20:00,  110.0 ,780.,  102.0 ,670.,1741018552,Concentrado 1ra Limpieza L1,24.592,21.890,0.170,1.619,18.040,15.22
2025-03-03,11:24:00,  110.0 ,738.5,  190.0 ,628.5,1741018556,Concentrado 1ra Limpieza L2,25.336,21.492,0.163,1.568,18.560,30.23
2025-03-03,11:27:00,  111.0 ,680.,  135.5 ,569.,1741018740,Concentrado Colectivo,25.878,25.870,0.177,1.577,12.620,23.81
2025-03-03,11:29:00,  109.5 ,780.5,  224.0 ,671.,1741019270,Concentrado Primario L2,19.378,15.721,0.118,1.135,35.380,33.38
2025-03-03,11:32:00,  109.5 ,706.,  206.0 ,596.5,1741019274,Concentrado Primario L1,18.808,15.025,0.120,1.133,41.300,34.53
2025-03-05,11:59:00,  110.0 ,886.,  297.0 ,776.,1741193660,Concentrado Primario L1,21.008,17.313,0,0.983,31.120,38.27
2025-03-05,12:00:00,  110.5 ,773.5,  149.0 ,663.,1741193810,Relave Final,1.749,0.055,0,0.005,0,22.47
2025-03-05,12:03:00,  110.5 ,926.5,  230.5 ,816.,1741193814,Concentrado 1ra Limpieza L2,24.898,19.701,0,1.563,20.980,28.25
2025-03-05,12:05:00,  108.5 ,1334.,  155.0 ,1225.5,1741193818,Cola Scavenger L1,6.751,0.166,0,0.014,0,12.65
2025-03-05,12:09:00,  110.0 ,1357.5,  181.5 ,1247.5,1741193827,Cola Scavenger L2,6.604,0.160,0,0.011,0,14.55
2025-03-05,12:21:00,  108.0 ,1029.5,  322.5 ,921.5,1741195161,Rebose Hidrociclones L1,2.033,0.619,0,0.031,0,35.00
2025-03-05,12:26:00,  110.0 ,1200.,  187.0 ,1090.,1741195487,Concentrado Colectivo,26.548,24.378,0,1.490,12.840,17.16
2025-03-07,11:22:00,  108.0 ,999.5,  358.0 ,891.5,1741364329,Rebose Hidrociclones L1,2.042,0.645,0,0.037,0,40.16
2025-03-07,11:25:00,  109.5 ,1106.5,  400.5 ,997.,1741364401,Concentrado Primario L2,21.234,16.069,0,0.957,32.980,40.17
2025-03-07,11:27:00,  111.0 ,996.5,  101.0 ,885.5,1741364406,Relave Final,1.821,0.106,0,0.007,0,11.41
2025-03-07,11:29:00,  110.0 ,968.5,  149.5 ,858.5,1741364413,Concentrado 1ra Limpieza L1,26.644,22.189,0,1.299,17.460,17.41
2025-03-07,11:32:00,  108.5 ,1155.,  107.0 ,1046.5,1741364419,Cola Scavenger L1,9.023,0.132,0,0.010,0,10.22
2025-03-07,11:34:00,  110.0 ,1051.,  293.0 ,941.,1741364423,Concentrado 1ra Limpieza L2,25.599,21.343,0,1.256,17.900,31.14
2025-03-07,11:37:00,  108.5 ,1338.,  127.5 ,1229.5,1741364428,Cola Scavenger L2,8.943,0.152,0,0.010,0,10.37
2025-03-07,11:38:00,  111.0 ,923.5,  185.0 ,812.5,1741364432,Concentrado Colectivo,27.766,24.676,0,1.348,12.740,22.77
2025-03-07,11:40:00,  110.5 ,1063.5,  366.0 ,953.,1741365004,Rebose Hidrociclones L2,1.987,0.492,0,0.032,0,38.41
2025-03-10,11:58:00,  110.5 ,968.,  111.0 ,857.5,1741625688,Concentrado 1ra Limpieza L1,28.657,23.781,0.267,1.387,12.160,12.94
2025-03-10,12:00:00,  109.0 ,928.,  209.5 ,819.,1741625767,Relave Final,2.367,0.063,0,0.004,0,25.58
2025-03-10,12:01:00,  109.0 ,1031.5,  261.0 ,922.5,1741625773,Concentrado Primario L2,18.740,13.134,0.149,0.780,40.840,28.29
2025-03-10,12:04:00,  110.5 ,1349.,  130.0 ,1238.5,1741625775,Cola Scavenger L1,10.738,0.315,0,0.014,0,10.50
2025-03-10,12:06:00,  110.5 ,967.,  156.5 ,856.5,1741625776,Concentrado 1ra Limpieza L2,28.494,23.383,0.273,1.358,12.380,18.27
2025-03-10,12:08:00,  110.0 ,1016.5,  288.5 ,906.5,1741625777,Concentrado Primario L1,19.274,14.627,0.156,0.846,37.440,31.83
2025-03-10,12:11:00,  110.0 ,1342.5,  129.0 ,1232.5,1741625779,Cola Scavenger L2,10.171,0.273,0,0.012,0,10.47
2025-03-10,12:14:00,  110.0 ,1003.5,  324.5 ,893.5,1741626789,Rebose Hidrociclones L1,2.492,0.640,0.012,0.042,0,36.32
2025-03-10,12:17:00,  111.0 ,1017.,  325.5 ,906.,1741626843,Rebose Hidrociclones L2,2.393,0.480,0.012,0.034,0,35.93
2025-03-12,11:17:00,  110.5 ,1023.,  313.0 ,912.5,7229,Rebose Hidrociclones L1,2.460,0.550,0.019,0.021,0,34.30
2025-03-12,11:20:00,  110.0 ,989.,  250.0 ,879.,7230,Rebose Hidrociclones L2,2.430,0.402,0.018,0.021,0,28.44
2025-03-12,11:22:00,  109.0 ,961.5,  181.0 ,852.5,7231,Relave Final,2.445,0.058,0,0.003,0,21.23
2025-03-12,11:26:00,  110.5 ,1369.,  142.0 ,1258.5,7232,Cola Scavenger L1,9.984,0.277,0,0.010,0,11.28
2025-03-12,11:29:00,  108.5 ,1361.,  141.0 ,1252.5,7233,Cola Scavenger L2,10.203,0.320,0,0.021,0,11.26
2025-03-12,11:32:00,  110.5 ,965.,  84.0 ,854.5,7234,Concentrado 1ra Limpieza L1,27.446,20.825,0.404,1.616,15.300,9.83
2025-03-12,11:35:00,  110.0 ,1026.,  213.0 ,916.,7235,Concentrado 1ra Limpieza L2,27.527,21.175,0.423,1.454,15.620,23.25
2025-03-12,11:38:00,  110.0 ,1010.,  142.5 ,900.,7236,Concentrado Colectivo,27.983,27.567,0.518,1.097,8.460,15.83
2025-03-12,11:40:00,  109.5 ,1091.5,  354.0 ,982.,7237,Concentrado Primario L2,20.512,15.082,0.354,0.784,34.500,36.05
2025-03-12,11:42:00,  110.0 ,1093.5,  365.0 ,983.5,7238,Concentrado Primario L1,22.142,15.481,0.358,0.770,33.180,37.11
2025-03-14,00:33:00,  110.5 ,1383.5,  175.0 ,1273.,7246,Cola Scavenger L1,12.221,0.536,0,0.019,0,13.75
2025-03-14,00:37:00,  108.5 ,1365.,  170.5 ,1256.5,7247,Cola Scavenger L2,11.992,0.467,0,0.019,0,13.57
2025-03-14,00:39:00,  109.0 ,958.5,  200.0 ,849.5,7245,Relave Final,1.842,0.049,0,0.005,0,23.54
2025-03-14,00:42:00,  110.5 ,994.,  152.0 ,883.5,7248,Concentrado 1ra Limpieza L1,27.434,22.885,0.155,1.748,13.300,17.20
2025-03-14,00:46:00,  110.0 ,1032.,  215.0 ,922.,7249,Concentrado 1ra Limpieza L2,26.977,21.741,0.143,1.791,17.040,23.32
2025-03-14,00:48:00,  110.0 ,1015.5,  144.0 ,905.5,7250,Concentrado Colectivo,27.342,26.268,0.175,1.898,10.380,15.90
2025-03-14,00:50:00,  109.5 ,1055.5,  304.0 ,946.,7251,Concentrado Primario L2,22.482,14.776,0.099,0.969,31.880,32.14
2025-03-14,00:53:00,  110.0 ,1092.,  364.0 ,982.,7252,Concentrado Primario L1,22.548,14.925,0.104,0.949,32.300,37.07
2025-03-14,11:45:00,  110.0 ,1027.,  332.5 ,917.,7244,Rebose Hidrociclones L2,2.400,0.520,0.007,0.036,0,36.26
2025-03-14,11:51:00,  110.5 ,1034.,  353.0 ,923.5,7243,Rebose Hidrociclones L1,2.466,0.509,0.007,0.035,0,38.22
2025-03-17,15:36:00,  109.0 ,950.5,  208.0 ,841.5,7254,Relave Final,1.673,0.076,0,0.004,0,24.72
2025-03-17,15:40:00,  110.0 ,1335.5,  131.0 ,1225.5,7255,Cola Scavenger L1,12.700,0.403,0,0.009,0,10.69
2025-03-17,15:43:00,  108.5 ,1345.5,  127.0 ,1237.,7256,Cola Scavenger L2,12.191,0.381,0,0.006,0,10.27
2025-03-17,15:45:00,  110.5 ,940.5,  93.5 ,830.,7257,Concentrado 1ra Limpieza L1,28.151,25.671,0.158,0.716,10.300,11.27
2025-03-17,15:50:00,  110.0 ,920.5,  83.0 ,810.5,7258,Concentrado 1ra Limpieza L2,28.024,27.164,0.170,0.729,7.440,10.24
2025-03-17,15:54:00,  109.5 ,880.,  284.0 ,770.5,7260,Concentrado Primario L2,20.753,16.020,0.070,0.556,32.720,36.86
2025-03-17,16:00:00,  110.0 ,941.5,  261.5 ,831.5,7253,Rebose Hidrociclones L2,1.871,0.478,0.006,0.017,0,31.45
2025-03-17,16:02:00,  110.0 ,932.5,  146.5 ,822.5,7259,Concentrado Colectivo,28.353,28.457,0.152,0.667,6.260,17.81
2025-03-22,05:06:00,  110.5 ,1055.,  378.0 ,944.5,7266,Rebose Hidrociclones L1,2.797,0.637,0.007,0.040,0,40.02
2025-03-22,05:09:00,  110.0 ,991.,  254.5 ,881.,7267,Rebose Hidrociclones L2,2.327,0.630,0.007,0.041,0,28.89
2025-03-22,05:11:00,  110.5 ,990.,  170.5 ,879.5,7270,Concentrado 1ra Limpieza L1,27.784,28.756,0.206,1.268,8.220,19.39
2025-03-22,05:12:00,  109.0 ,929.,  152.5 ,820.,7268,Relave Final,2.012,0.046,0,0.005,0,18.60
2025-03-22,05:15:00,  110.0 ,1017.,  283.0 ,907.,7271,Concentrado 1ra Limpieza L2,26.477,26.069,0.203,1.920,11.640,31.20
2025-03-22,05:17:00,  108.5 ,1323.,  81.0 ,1214.5,7269,Cola Scavenger L2,10.003,0.376,0,0.039,0,6.67
2025-03-22,05:19:00,  110.0 ,1043.,  216.0 ,933.,7272,Concentrado Colectivo,27.677,28.159,0.217,1.514,8.500,23.15
2025-03-22,05:20:00,  109.5 ,958.,  375.0 ,848.5,7273,Concentrado Primario L2,22.897,16.716,0.106,1.151,29.400,44.20
2025-03-24,16:26:00,  110.0 ,978.,  245.0 ,868.,7277,Relave Final,2.470,0.088,0,0.009,0,28.23
2025-03-24,16:30:00,  108.5 ,1304.5,  79.5 ,1196.,7278,Cola Scavenger L2,6.859,0.320,0,0.019,0,6.65
2025-03-24,16:32:00,  110.5 ,969.,  116.0 ,858.5,7279,Concentrado 1ra Limpieza L1,27.304,27.960,0.352,1.542,8.880,13.51
2025-03-24,16:36:00,  110.0 ,993.5,  187.0 ,883.5,7280,Concentrado 1ra Limpieza L2,26.211,25.970,0.346,2.238,11.700,21.17
2025-03-24,16:51:00,  109.0 ,1059.,  321.0 ,950.,7281,Concentrado Primario L2,23.441,22.388,0.268,1.358,22.160,33.79
2025-03-31,10:48:00,  111.0 ,970.,  230.5 ,859.,7285,Relave Final,1.700,0.104,0,0.010,0,26.83
2025-03-31,10:51:00,  108.5 ,1131.5,  77.5 ,1023.,7286,Cola Scavenger L1,4.265,0.136,0,0.014,0,7.58
2025-03-31,10:55:00,  108.5 ,1101.,  85.0 ,992.5,7287,Cola Scavenger L2,4.281,0.118,0,0.014,0,8.56
2025-03-31,10:57:00,  110.5 ,960.5,  120.8 ,850.,7288,Concentrado 1ra Limpieza L1,24.277,25.971,0,1.093,0,14.21
2025-03-31,11:01:00,  110.0 ,995.5,  216.4 ,885.5,7289,Concentrado 1ra Limpieza L2,24.032,24.786,0,1.228,0,24.44
2025-03-31,11:05:00,  109.0 ,1025.5,  304.2 ,916.5,7291,Concentrado Primario L2,17.245,16.886,0,0.756,0,33.19
2025-03-31,11:08:00,  109.5 ,1032.,  307.4 ,922.5,7292,Concentrado Primario L1,18.028,18.170,0,0.828,0,33.32
2025-03-31,11:17:00,  111.0 ,1042.,  190.2 ,931.,7290,Concentrado Colectivo,25.889,27.354,0,1.130,0,20.43
2025-04-02,12:13:00,  110.0 ,1024.5,  390.0 ,914.5,,Rebose Hidrociclones L2,2.973,0.545,0.009,0.038,0,42.65
2025-04-02,12:40:00,  109.0 ,984.,  237.5 ,875.,,Relave Final,2.425,0.104,0,0.023,0,27.14
2025-04-02,12:43:00,  110.5 ,1336.5,  126.0 ,1226.,,Cola Scavenger L1,4.961,0.195,0,0.027,0,10.28
2025-04-02,12:47:00,  108.5 ,1337.5,  123.5 ,1229.,,Cola Scavenger L2,5.080,0.146,0,0.025,0,10.05
2025-04-02,12:49:00,  110.5 ,989.,  133.6 ,878.5,,Concentrado 1ra Limpieza L1,28.019,29.971,0.125,1.375,7.580,15.21
2025-04-02,12:52:00,  109.5 ,836.,  242.6 ,726.5,,Concentrado Primario L2,17.222,17.084,0.086,0.684,40.660,33.39
2025-04-02,12:54:00,  110.0 ,1012.5,  314.0 ,902.5,,Concentrado Primario L1,19.540,20.244,0.083,0.677,34.060,34.79
2025-04-02,12:59:00,  110.0 ,1009.,  210.8 ,899.,,Concentrado 1ra Limpieza L2,27.784,29.230,0.136,1.758,7.800,23.45
2025-04-02,13:02:00,  110.0 ,1013.,  143.2 ,903.,,Concentrado Colectivo,28.149,30.020,0.142,1.606,6.780,15.86
2025-04-04,10:39:00,  110.0 ,919.5,  211.0 ,809.5,,Relave Final,3.249,0.047,0,0.008,0,26.07
2025-04-04,10:42:00,  110.0 ,1317.5,  95.0 ,1207.5,,Cola Scavenger L2,5.635,0.127,0,0.016,0,7.87
2025-04-04,10:50:00,  110.0 ,1047.5,  231.5 ,937.5,,Concentrado Primario L2,17.188,13.381,0.124,1.097,41.660,24.69
2025-04-04,10:53:00,  110.5 ,1029.,  238.0 ,918.5,,Concentrado Primario L1,19.780,16.639,0.123,1.313,33.500,25.91
2025-04-07,16:40:00,  110.5 ,928.5,  65.0 ,818.,1744061775,Concentrado 1ra Limpieza L1,23.770,26.468,0,1.045,14.020,7.95
2025-04-07,16:41:00,  110.0 ,953.,  212.5 ,843.,1744061780,Relave Final,1.903,0.073,0,0.006,0,25.21
2025-04-07,16:44:00,  110.0 ,973.5,  142.5 ,863.5,1744061786,Concentrado 1ra Limpieza L2,23.492,24.770,0,1.205,16.180,16.50
2025-04-07,16:46:00,  108.5 ,1314.5,  103.5 ,1206.,1744061794,Cola Scavenger L1,4.746,0.153,0,0.016,0,8.58
2025-04-07,16:48:00,  109.5 ,1086.,  343.0 ,976.5,1744061799,Concentrado Primario L2,20.281,21.225,0,0.797,25.820,35.13
2025-04-07,16:50:00,  108.5 ,1335.5,  142.0 ,1227.,1744061807,Cola Scavenger L2,4.559,0.107,0,0.013,0,11.57
2025-04-07,16:52:00,  110.5 ,1075.,  242.5 ,964.5,1744061818,Concentrado Colectivo,24.598,27.367,0,1.116,11.980,25.14
2025-04-07,16:54:00,  110.0 ,1074.,  367.0 ,964.,1477061839,Rebose Hidrociclones L2,2.311,0.588,0,0.027,0,38.07
2025-04-07,16:56:00,  108.0 ,1062.,  386.5 ,954.,1744062655,Rebose Hidrociclones L1,2.242,0.565,0,0.028,0,40.51
2025-04-07,17:00:00,  110.0 ,1029.5,  201.5 ,919.5,1744062823,Concentrado Primario L1,7.081,5.593,0,0.310,69.880,21.91
2025-04-09,05:18:00,  109.0 ,1067.,  328.5 ,958.,1744236290,Concentrado Primario L2,21.781,20.895,0,0.850,24.720,34.29
2025-04-09,17:06:00,  110.5 ,1048.,  372.0 ,937.5,1744236267,Rebose Hidrociclones L1,3.103,0.563,0,0.027,0,39.68
2025-04-09,17:08:00,  110.5 ,730.5,  16.5 ,620.,1744236271,Concentrado 1ra Limpieza L1,25.602,25.970,0,1.223,11.960,2.66
2025-04-09,17:10:00,  109.0 ,978.,  213.0 ,869.,1744236275,Relave Final,2.570,0.057,0,0.007,0,24.51
2025-04-09,17:12:00,  110.0 ,987.5,  187.0 ,877.5,1744236279,Concentrado 1ra Limpieza L2,25.570,26.169,0,1.374,11.800,21.31
2025-04-09,17:15:00,  110.5 ,1340.5,  130.5 ,1230.,1744236283,Cola Scavenger L1,6.364,0.233,0,0.011,0,10.61
2025-04-09,17:16:00,  110.0 ,1018.,  159.0 ,908.,1744236287,Concentrado Colectivo,26.353,27.761,0,1.197,8.880,17.51
2025-04-09,17:20:00,  110.0 ,1343.,  131.5 ,1233.,1744236295,Cola Scavenger L2,6.117,0.139,0,0.010,0,10.67
2025-04-09,17:25:00,  111.0 ,1049.5,  337.0 ,938.5,1744237433,Rebose Hidrociclones L2,3.054,0.570,0,0.027,0,35.91
2025-04-11,10:35:00,  110.0 ,1054.,  356.0 ,944.,1744385590,Rebose Hidrociclones L2,2.515,0.565,0.008,0.027,0,37.71
2025-04-11,10:37:00,  110.0 ,981.,  211.5 ,871.,1744385639,Relave Final,1.913,0.063,0,0.005,0,24.28
2025-04-11,10:41:00,  108.5 ,1346.5,  131.5 ,1238.,1744385642,Cola Scavenger L1,6.182,0.195,0,0.012,0,10.62
2025-04-11,10:44:00,  108.5 ,1338.,  122.5 ,1229.5,1744385644,Cola Scavenger L2,6.128,0.177,0,0.009,0,9.96
2025-04-11,10:47:00,  110.5 ,949.5,  74.5 ,839.,1744385968,Concentrado 1ra Limpieza L1,23.371,23.781,0.131,1.226,16.360,8.88
2025-04-11,10:50:00,  110.0 ,995.5,  200.5 ,885.5,1744385973,Concentrado 1ra Limpieza L2,23.193,22.587,0.138,1.351,18.260,22.64
2025-04-11,10:53:00,  110.5 ,1001.,  148.0 ,890.5,1744386320,Concentrado Colectivo,23.361,23.781,0.139,1.407,16.200,16.62
2025-04-11,10:55:00,  109.5 ,1085.,  294.5 ,975.5,1744386466,Concentrado Primario L2,16.911,12.935,0.088,0.769,41.000,30.19
2025-04-11,10:58:00,  110.5 ,1071.,  286.0 ,960.5,1744386470,Concentrado Primario L1,17.271,14.129,0.091,0.808,39.740,29.78
2025-04-16,10:55:00,  110.0 ,977.5,  280.5 ,867.5,1744818861,Relave Final,1.908,0.083,0.000,0.011,0.000,32.33
2025-04-16,10:59:00,  108.5 ,1343.,  185.5 ,1234.5,1744818888,Cola Scavenger L1,7.845,0.372,0.000,0.015,0.000,15.03
2025-04-16,11:02:00,  108.5 ,1338.5,  178.5 ,1230.,1744818891,Cola Scavenger L2,7.519,0.319,0.000,0.011,0.000,14.51
2025-04-16,11:05:00,  110.5 ,915.1,  117.0 ,804.6,1744819043,Concentrado 1ra Limpieza L1,26.661,21.248,0.393,1.374,16.1,14.54
2025-04-16,11:08:00,  110.0 ,986.5,  214.5 ,876.5,1744819047,Concentrado 1ra Limpieza L2,27.371,22.527,0.404,1.241,14.22,24.47
2025-04-16,11:11:00,  110.5 ,1036.5,  216.5 ,926.,1744819050,Concentrado Colectivo,27.433,24.396,0.447,1.486,12.28,23.38
2025-04-16,11:13:00,  109.5 ,1099.,  354.5 ,989.5,1744819052,Concentrado Primario L2,22.411,17.116,0.283,1.06,30.54,35.83
2025-04-16,11:16:00,  110.5 ,1113.5,  380.0 ,1003.,1744819055,Concentrado Primario L1,22.858,17.903,0.279,1.07,28.6,37.89
2025-04-16,11:17:00,  110.0 ,1044.5,  362.5 ,934.5,1744819964,Rebose Hidrociclones L2,2.309,0.589,0.013,0.037,0.000,38.79
2025-04-18,11:59:00,  109.0 ,965.5,  209.5 ,856.5,1744995334,Relave Final,1.949,0.066,0.000,0.007,0.000,24.46
2025-04-18,12:02:00,  110.5 ,1305.5,  112.5 ,1195.,1744995337,Cola Scavenger L1,9.419,0.315,0.000,0.011,0.000,9.41
2025-04-18,12:06:00,  108.5 ,1136.5,  89.5 ,1028.,1744995339,Cola Scavenger L2,8.491,0.292,0.000,0.009,0.000,8.71
2025-04-18,12:08:00,  110.5 ,978.5,  125.5 ,868.,1744995341,Concentrado 1ra Limpieza L1,25.56,24.691,0.000,1.493,0.000,14.46
2025-04-18,12:12:00,  110.0 ,1009.,  205.5 ,899.,1744995343,Concentrado 1ra Limpieza L2,25.132,23.314,0.000,1.767,0.000,22.86
2025-04-18,12:15:00,  110.0 ,1037.,  241.5 ,927.,1744995346,Concentrado Colectivo,25.994,26.462,0.000,16.770,0.000,26.05
2025-04-18,12:16:00,  109.0 ,1131.,  399.0 ,1022.,1744995348,Concentrado Primario L2,21.817,18.887,0.000,12.820,0.000,39.04
2025-04-18,12:27:00,  110.0 ,1084.,  286.5 ,974.,1744996759,Concentrado Primario L1,16.293,12.985,0.000,0.989,0.000,29.41
2025-04-21,11:55:00,  109.5 ,1116.,  382.0 ,1006.5,1745254145,Concentrado Primario L2,23.03,19.576,0.13,1.214,26.3,37.95
2025-04-21,12:00:00,  110.0 ,1025.,  172.5 ,915.,1745254573,Concentrado Colectivo,27.719,25.576,0.172,1.95,11.48,18.85
2025-04-21,12:04:00,  110.5 ,999.,  100.5 ,888.5,1745254851,Concentrado 1ra Limpieza L1,28.422,26.855,0.181,1.591,9.32,11.31
2025-04-21,12:08:00,  110.5 ,1024.5,  21.5 ,914.,1745254854,Concentrado 1ra Limpieza L2,27.512,24.101,0.163,1.767,13.38,2.35
2025-04-21,12:10:00,  109.0 ,1033.,  290.0 ,924.,1745255146,Relave Final,2.417,0.107,0.000,0.012,0.000,31.39
2025-04-21,12:13:00,  100.5 ,1324.,  113.0 ,1223.5,1745255418,Cola Scavenger L1,9.16,0.267,0.000,0.017,0.000,9.24
2025-04-21,12:17:00,  108.5 ,1105.,  80.0 ,996.5,1745255420,Cola Scavenger L2,8.527,0.229,0.000,0.012,0.000,8.03
2025-04-21,12:19:00,  110.5 ,1091.,  398.0 ,980.5,1745255557,Rebose Hidrociclones L1,2.854,0.633,0.004,0.043,0.000,40.59
2025-04-23,12:03:00,  110.5 ,1084.5,  358.0 ,974.,1745427579,Rebose Hidrociclones L1,2.012,0.615,0.000,0.054,0.000,36.76
2025-04-23,12:05:00,  110.5 ,904.5,  138.5 ,794.,1745427585,Concentrado 1ra Limpieza L1,24.105,21.248,0.000,2.445,19.2,17.44
2025-04-23,12:06:00,  111.0 ,1074.5,  396.0 ,963.5,1745427589,Rebose Hidrociclones L2,2.066,0.686,0.000,0.06,0.000,41.10
2025-04-23,12:09:00,  110.0 ,1044.5,  238.0 ,934.5,1745427594,Concentrado 1ra Limpieza L2,24.655,21.248,0.000,2.096,18.88,25.47
2025-04-23,12:10:00,  109.0 ,826.,  185.5 ,717.,1745427598,Relave Final,1.473,0.092,0.000,0.01,0.000,25.87
2025-04-23,12:12:00,  110.0 ,1075.,  262.5 ,965.,1745427603,Concentrado Colectivo,24.922,22.723,0.000,2.641,17.72,27.20
2025-04-23,12:14:00,  110.5 ,1346.5,  155.5 ,1236.,1745427609,Cola Scavenger L1,7.046,0.192,0.000,0.02,0.000,12.58
2025-04-23,12:16:00,  109.5 ,1091.5,  281.0 ,982.,1745427616,Concentrado Primario L1,20.040,13.969,0.000,1.289,35.96,28.62
2025-04-23,12:18:00,  108.5 ,895.5,  70.0 ,787.,1745427622,Cola Scavenger L2,6.363,0.169,0.000,0.014,0.000,8.89
2025-04-23,12:20:00,  110.0 ,1108.,  310.5 ,998.,1745427626,Concentrado Primario L2,18.227,14.067,0.000,1.536,36.62,31.11
2025-04-25,11:36:00,  110.0 ,1075.,  274.0 ,965.,1745598849,Concentrado Colectivo,25.887,23.52,0.000,1.283,16.46,28.39
2025-04-25,11:38:00,  110.5 ,1295.,  92.0 ,1184.5,1745598852,Cola Scavenger L1,6.795,0.284,0.000,0.013,0.000,7.77
2025-04-25,11:40:00,  109.0 ,887.,  282.5 ,778.,1745598856,Concentrado Primario L1,22.021,17.444,0.000,0.818,29.74,36.31
2025-04-25,11:42:00,  108.5 ,1319.5,  120.0 ,1211.,1745598862,Cola Scavenger L2,6.635,0.233,0.000,0.011,0.000,9.91
2025-04-25,11:45:00,  110.0 ,1030.,  207.5 ,920.,1745598867,Concentrado 1ra Limpieza L2,26.109,22.54,0.000,1.148,17.1,22.55
2025-04-25,11:46:00,  110.0 ,1131.5,  391.5 ,1021.5,1745598882,Concentrado Primario L2,21.338,17.101,0.000,0.794,31.22,38.33
2025-04-25,11:49:00,  110.5 ,1004.5,  152.0 ,894.,1745598886,Concentrado 1ra Limpieza L1,25.841,21.805,0.000,1.233,18.54,17.00
2025-04-25,11:50:00,  109.0 ,1023.5,  252.5 ,914.5,1745598892,Relave Final,1.662,0.112,0.000,0.007,0.000,27.61
2025-04-25,18:09:00,  110.5 ,1083.,  365.5 ,972.5,1745622428,Rebose Hidrociclones L1,1.941,0.637,0.000,0.033,0.000,37.58
2025-04-25,18:12:00,  111.0 ,1077.5,  367.5 ,966.5,1745622509,Rebose Hidrociclones L2,1.946,0.585,0.000,0.031,0.000,38.02
2025-04-28,09:55:00,  110.0 ,1058.,  334.0 ,948.,7919,Rebose Hidrociclones L2,1.846,0.645,0.009,0.055,0.000,35.23
2025-04-28,09:58:00,  108.0 ,1068.5,  376.0 ,960.5,7918,Rebose Hidrociclones L1,1.849,0.750,0.009,0.057,0.000,39.15
2025-04-28,10:00:00,  110.0 ,1015.,  273.0 ,905.,7920,Relave Final,1.378,0.087,0.000,0.011,0.000,30.17
2025-04-28,10:04:00,  108.5 ,1334.5,  113.5 ,1226.,7921,Cola Scavenger L1,6.066,0.257,0.000,0.018,0.000,9.26
2025-04-28,10:07:00,  110.0 ,1309.,  119.0 ,1199.,7922,Cola Scavenger L2,6.100,0.218,0.000,0.016,0.000,9.92
2025-04-28,10:10:00,  110.5 ,975.5,  126.0 ,865.,7923,Concentrado 1ra Limpieza L1,25.830,27.453,0.303,2.048,11.940,14.57
2025-04-28,10:14:00,  111.0 ,1027.5,  212.0 ,916.5,7924,Concentrado 1ra Limpieza L2,24.590,25.774,0.299,2.466,14.340,23.13
2025-04-28,10:16:00,  110.5 ,1073.,  248.5 ,962.5,7925,Concentrado Colectivo,26.028,28.045,0.314,2.237,10.320,25.82
2025-04-28,10:18:00,  110.5 ,1147.5,  431.0 ,1037.,7926,Concentrado Primario L2,22.514,21.528,0.232,1.725,21.860,41.56
2025-04-28,10:42:00,  109.5 ,1163.5,  431.0 ,1054.,7927,Concentrado Primario L1,22.945,21.626,0.223,1.765,22.640,40.89
2025-04-30,09:49:00,  108.0 ,1069.,  373.0 ,961.,7932,Rebose Hidrociclones L1,2.583,0.556,0.007,0.056,0.000,38.81
2025-04-30,09:52:00,  110.0 ,1021.5,  260.5 ,911.5,7933,Rebose Hidrociclones L2,2.340,0.316,0.006,0.031,0.000,28.58
2025-04-30,09:54:00,  110.0 ,1014.,  245.0 ,904.,7934,Relave Final,1.899,0.056,0.000,0.008,0.000,27.10
2025-04-30,09:58:00,  108.5 ,1295.,  85.5 ,1186.5,7935,Cola Scavenger L1,9.727,0.559,0.000,0.053,0.000,7.21
2025-04-30,10:01:00,  110.0 ,1305.5,  99.0 ,1195.5,7936,Cola Scavenger L2,10.004,0.597,0.000,0.048,0.000,8.28
2025-04-30,10:03:00,  110.5 ,991.5,  131.0 ,881.,7937,Concentrado 1ra Limpieza L1,26.418,27.946,0.250,2.740,8.200,14.87
2025-04-30,10:07:00,  111.0 ,1031.5,  201.0 ,920.5,7938,Concentrado 1ra Limpieza L2,25.712,25.576,0.235,3.759,11.120,21.84
2025-04-30,10:10:00,  110.5 ,1046.5,  208.5 ,936.,7939,Concentrado Colectivo,26.279,28.638,0.251,3.063,7.680,22.28
2025-04-30,10:11:00,  110.5 ,1078.5,  238.5 ,968.,7940,Concentrado Primario L2,21.846,17.281,0.152,1.696,28.640,24.64
2025-04-30,10:43:00,  109.5 ,1148.,  378.5 ,1038.5,7941,Concentrado Primario L1,20.356,18.269,0.156,1.797,30.220,36.45
2025-05-02,11:54:00,  108.5 ,1344.,  152.0 ,1235.5,7948,Cola Scavenger L1,0.555,0.249,0.000,0.040,0.000,12.30
2025-05-02,11:57:00,  110.0 ,1317.,  134.5 ,1207.,7949,Cola Scavenger L2,6.685,0.234,0.000,0.035,0.000,11.14
2025-05-02,12:00:00,  108.0 ,1065.,  355.5 ,957.,7946,Rebose Hidrociclones L1,1.931,0.486,0.007,0.037,0.000,37.15
2025-05-02,12:02:00,  110.0 ,1042.,  309.5 ,932.,7947,Rebose Hidrociclones L2,1.814,0.324,0.007,0.030,0.000,33.21
2025-05-02,12:04:00,  109.5 ,1088.,  298.0 ,978.5,7954,Concentrado Primario L1,20.157,13.530,0.111,1.015,36.780,30.45
2025-05-02,12:06:00,  110.5 ,1080.5,  302.5 ,970.,7953,Concentrado Primario L2,19.182,13.480,0.104,0.949,38.380,31.19
2025-05-02,12:09:00,  110.5 ,930.,  50.5 ,819.5,7950,Concentrado 1ra Limpieza L1,25.710,23.117,0.157,1.821,13.360,6.16
2025-05-02,12:13:00,  111.0 ,996.,  206.5 ,885.,7951,Concentrado 1ra Limpieza L2,24.597,23.127,0.157,1.656,18.240,23.33
2025-05-02,12:15:00,  110.6 ,1025.5,  206.0 ,914.9,7952,Concentrado Colectivo,25.914,24.929,0.196,1.919,12.080,22.52
2025-05-05,11:55:00,  109.0 ,1032.5,  306.5 ,923.5,7960,Relave Final,1.805,0.075,0.000,0.007,0.000,33.19
2025-05-05,11:59:00,  110.5 ,1338.,  125.5 ,1227.5,7961,Cola Scavenger L1,8.544,0.295,0.000,0.014,0.000,10.22
2025-05-05,12:02:00,  108.5 ,1334.,  118.5 ,1225.5,7962,Cola Scavenger L2,8.387,0.264,0.000,0.011,0.000,9.67
2025-05-05,12:05:00,  110.5 ,1000.,  160.5 ,889.5,7963,Concentrado 1ra Limpieza L1,26.879,22.599,0.132,1.564,13.460,18.04
2025-05-05,12:08:00,  110.0 ,1004.,  247.5 ,894.,7964,Concentrado 1ra Limpieza L2,26.422,22.550,0.131,1.553,14.620,27.68
2025-05-05,12:11:00,  110.0 ,1040.,  189.5 ,930.,7965,Concentrado Colectivo,27.516,26.663,0.149,1.748,11.460,20.38
2025-05-05,12:18:00,  109.0 ,1109.5,  361.5 ,1000.5,7966,Concentrado Primario L2,21.995,17.148,0.091,1.046,31.560,36.13
2025-05-05,12:20:00,  110.0 ,1119.,  375.5 ,1009.,7967,Concentrado Primario L1,21.364,16.355,0.093,1.086,33.400,37.22
2025-05-05,12:29:00,  111.0 ,1067.,  358.5 ,956.,7959,Rebose Hidrociclones L2,1.955,0.469,0.006,0.031,0.000,37.50
2025-05-07,10:07:00,  110.0 ,1092.,  390.5 ,982.,7972,Rebose Hidrociclones L1,2.587,0.567,0.007,0.028,0.000,39.77
2025-05-07,11:37:00,  109.0 ,1115.5,  388.5 ,1006.5,7980,Concentrado Primario L2,21.632,17.445,0.120,1.046,31.620,38.60
2025-05-07,11:43:00,  110.0 ,1097.5,  303.5 ,987.5,7981,Concentrado Primario L1,21.238,17.742,0.123,1.190,32.060,30.73
2025-05-07,11:46:00,  109.5 ,1330.5,  124.0 ,1221.,7975,Cola Scavenger L1,6.248,0.230,0.000,0.011,0.000,10.16
2025-05-07,11:49:00,  109.0 ,977.,  227.5 ,868.,7974,Relave Final,2.066,0.070,0.000,0.006,0.000,26.21
2025-05-07,11:52:00,  108.5 ,1332.5,  146.0 ,1224.,7976,Cola Scavenger L2,6.405,0.190,0.000,0.010,0.000,11.93
2025-05-07,11:57:00,  111.0 ,1062.,  332.0 ,951.,7973,Rebose Hidrociclones L2,2.421,0.477,0.006,0.027,0.000,34.91
2025-05-07,11:58:00,  110.0 ,1043.,  210.5 ,933.,7979,Concentrado Colectivo,25.898,25.077,0.173,1.533,15.480,22.56
2025-05-07,12:02:00,  110.5 ,992.,  121.0 ,881.5,7977,Concentrado 1ra Limpieza L1,26.094,24.780,0.175,1.384,15.460,13.73
2025-05-07,12:05:00,  110.0 ,1018.,  209.5 ,908.,7978,Concentrado 1ra Limpieza L2,25.298,23.293,0.160,1.427,18.540,23.07
2025-05-12,12:42:00,  110.0 ,1060.,  394.5 ,950.,7982,Rebose Hidrociclones L1,2.603,0.527,0.000,0.031,0.000,41.53
2025-05-12,12:45:00,  110.5 ,966.,  126.5 ,855.5,7987,Concentrado 1ra Limpieza L1,27.241,26.268,0.000,1.643,11.540,14.79
2025-05-12,12:47:00,  111.0 ,1063.,  386.0 ,952.,7983,Rebose Hidrociclones L2,2.521,0.479,0.000,0.028,0.000,40.55
2025-05-12,12:49:00,  110.0 ,996.5,  213.0 ,886.5,7988,Concentrado 1ra Limpieza L2,27.546,26.268,0.000,1.656,10.880,24.03
2025-05-12,12:51:00,  110.0 ,989.5,  218.0 ,879.5,7984,Relave Final,2.001,0.080,0.000,0.009,0.000,24.79
2025-05-12,12:52:00,  110.0 ,1129.5,  321.5 ,1019.5,7989,Concentrado Colectivo,27.787,27.263,0.000,1.804,9.400,31.54
2025-05-12,12:56:00,  108.5 ,1331.5,  150.0 ,1223.,7986,Cola Scavenger L2,9.201,0.270,0.000,0.016,0.000,12.26
2025-05-12,12:58:00,  109.0 ,1077.,  323.5 ,968.,7990,Concentrado Primario L2,22.631,17.910,0.000,1.029,29.540,33.42
2025-05-12,13:31:00,  109.5 ,1333.5,  159.5 ,1224.,7985,Cola Scavenger L1,9.644,0.258,0.000,0.015,0.000,13.03
2025-05-12,18:15:00,  110.0 ,1065.5,  245.0 ,955.5,7991,Concentrado Primario L1,23.959,21.890,0.000,0.978,22.800,25.64
2025-05-14,10:28:00,  111.0 ,1046.,  335.0 ,935.,1747236422,Rebose Hidrociclones L2,1.855,0.521,0.005,0.040,0.000,35.83
2025-05-14,10:31:00,  110.5 ,1079.5,  398.0 ,969.,1747236436,Rebose Hidrociclones L1,1.848,0.571,0.005,0.041,0.000,41.07
2025-05-14,10:49:00,  110.5 ,1336.,  143.5 ,1225.5,1747237486,Cola Scavenger L1,7.629,0.268,0.000,0.013,0.000,11.71
2025-05-14,10:52:00,  108.5 ,1318.5,  137.0 ,1210.,1747237488,Cola Scavenger L2,7.410,0.251,0.000,0.012,0.000,11.32
2025-05-14,10:55:00,  109.0 ,963.5,  197.5 ,854.5,1747237629,Relave Final,1.596,0.071,0.000,0.009,0.000,23.11
2025-05-14,10:56:00,  110.0 ,1143.,  324.0 ,1033.,1747237811,Concentrado Colectivo,27.771,25.919,0.130,1.931,9.620,31.36
2025-05-14,11:00:00,  110.5 ,1007.5,  166.5 ,897.,1747238009,Concentrado 1ra Limpieza L1,17.254,15.731,0.085,1.010,37.580,18.56
2025-05-14,11:04:00,  110.0 ,1032.,  254.5 ,922.,1747238012,Concentrado 1ra Limpieza L2,26.339,23.622,0.117,1.817,13.200,27.60
2025-05-14,11:05:00,  109.0 ,1107.,  354.0 ,998.,1747238240,Concentrado Primario L2,22.566,17.279,0.092,1.207,28.660,35.47
2025-05-14,11:08:00,  110.0 ,1089.5,  303.5 ,979.5,1747238243,Concentrado Primario L1,27.097,23.572,0.121,1.806,13.540,30.99
2025-05-16,00:00:00,  110.0 ,1103.,  274.0 ,993.,1747413605,Concentrado Colectivo,24.149,25.424,0.154,1.474,16.000,27.59
2025-05-16,00:02:00,  109.0 ,608.,  172.5 ,499.,1747413606,Concentrado Primario L2,21.166,21.113,0.116,1.008,27.460,34.57
2025-05-16,00:15:00,  110.0 ,1122.,  367.5 ,1012.,1747415619,Concentrado Primario L1,22.550,22.599,0.120,0.892,24.340,36.31
2025-05-16,11:42:00,  110.5 ,1064.5,  401.0 ,954.,1747413560,Rebose Hidrociclones L1,2.035,0.627,0.007,0.038,0.000,42.03
2025-05-16,11:44:00,  109.0 ,986.,  239.5 ,877.,1747413597,Relave Final,1.677,0.102,0.000,0.013,0.000,27.31
2025-05-16,11:47:00,  110.5 ,1367.,  215.0 ,1256.5,1747413599,Cola Scavenger L1,7.502,0.276,0.000,0.010,0.000,17.11
2025-05-16,11:51:00,  108.5 ,1374.5,  227.0 ,1266.,1747413600,Cola Scavenger L2,7.932,0.282,0.000,0.013,0.000,17.93
2025-05-16,11:53:00,  110.5 ,972.5,  124.5 ,862.,1747413602,Concentrado 1ra Limpieza L1,17.758,15.661,0.088,0.965,38.800,14.44
2025-05-16,11:57:00,  110.0 ,1002.,  163.5 ,892.,1747413603,Concentrado 1ra Limpieza L2,20.048,19.130,0.117,1.130,30.100,18.33
2025-05-19,11:48:00,  110.0 ,1034.5,  377.5 ,924.5,1747673145,Rebose Hidrociclones L1,2.150,0.686,0.007,0.047,0.000,40.83
2025-05-19,11:51:00,  110.0 ,955.,  195.0 ,845.,1747673151,Relave Final,1.964,0.066,0.000,0.009,0.000,23.08
2025-05-19,11:54:00,  108.5 ,1353.,  169.0 ,1244.5,1747673154,Cola Scavenger L1,8.556,0.267,0.000,0.044,0.000,13.58
2025-05-19,11:57:00,  110.5 ,926.,  71.5 ,815.5,1747673164,Concentrado 1ra Limpieza L1,27.810,22.698,0.168,1.971,12.300,8.77
2025-05-19,12:03:00,  110.5 ,1081.,  260.0 ,970.5,1747673167,Concentrado Colectivo,26.189,26.168,0.176,1.958,9.900,26.79
2025-05-19,12:05:00,  109.5 ,1118.,  373.5 ,1008.5,1747671869,Concentrado Primario L2,22.359,16.553,0.114,1.165,29.740,37.04
2025-05-19,12:07:00,  110.5 ,1125.5,  380.0 ,1015.,1747673171,Concentrado Primario L1,23.630,17.148,0.116,1.207,27.580,37.44
2025-05-19,12:11:00,  110.0 ,1333.5,  170.5 ,1223.5,1747673875,Cola Scavenger L2,8.814,0.282,0.000,0.041,0.000,13.94
2025-05-19,00:00:00,  111.0 ,1040.,  275.0 ,929.,1747673165,Concentrado 1ra Limpieza L2,26.343,21.212,0.147,2.082,15.020,29.60
2025-05-26,12:20:00,  110.0 ,974.5,  350.5 ,864.5,1748279884,Rebose Hidrociclones L1,2.198,0.695,0.000,0.066,0.000,40.54
2025-05-26,12:22:00,  110.5 ,1033.,  277.5 ,922.5,1748279888,Concentrado 1ra Limpieza L1,26.365,25.374,0.000,2.817,13.260,30.08
2025-05-26,12:23:00,  111.0 ,1053.,  349.5 ,942.,1748279892,Rebose Hidrociclones L2,1.992,0.640,0.000,0.065,0.000,37.10
2025-05-26,12:26:00,  111.0 ,1031.,  270.0 ,920.,1748279896,Concentrado 1ra Limpieza L2,25.898,25.324,0.000,2.996,14.040,29.35
2025-05-26,12:27:00,  110.0 ,945.5,  169.5 ,835.5,1748279900,Relave Final,1.363,0.078,0.000,0.013,0.000,20.29
2025-05-26,12:29:00,  110.6 ,1103.,  292.0 ,992.4,1748279904,Concentrado Colectivo,26.119,26.963,0.000,3.116,11.440,29.42
2025-05-26,12:31:00,  108.5 ,1286.,  68.0 ,1177.5,1748279909,Cola Scavenger L1,7.645,0.285,0.000,0.082,0.000,5.77
2025-05-26,12:33:00,  109.0 ,1095.5,  363.0 ,986.5,1748279914,Concentrado Primario L2,22.934,19.763,0.000,1.958,26.140,36.80
2025-05-26,12:36:00,  108.5 ,1310.,  83.5 ,1201.5,1748279918,Cola Scavenger L2,7.966,0.224,0.000,0.095,0.000,6.95
2025-05-26,12:45:00,  110.5 ,1092.5,  287.5 ,982.,1748281068,Concentrado Primario L1,22.706,20.110,0.000,2.248,25.580,29.28
2025-05-28,15:47:00,  110.5 ,1138.5,  410.5 ,1028.,1748464955,Concentrado 1ra Limpieza L1,25.401,23.194,0.151,1.791,16.900,39.93
2025-05-28,15:48:00,  110.0 ,929.,  166.5 ,819.,1748465025,Relave Final,1.434,0.142,0.000,0.013,0.000,20.33
2025-05-28,15:54:00,  111.0 ,1019.,  265.0 ,908.,1748465325,Concentrado 1ra Limpieza L2,24.813,22.153,0.170,2.424,18.560,29.19
2025-05-28,15:56:00,  108.5 ,1309.,  81.0 ,1200.5,1748465364,Cola Scavenger L1,9.198,0.192,0.000,0.016,0.000,6.75
2025-05-28,16:00:00,  108.5 ,1311.5,  87.0 ,1203.,1748465367,Cola Scavenger L2,8.604,0.190,0.000,0.024,0.000,7.23
2025-05-28,16:01:00,  110.5 ,1090.5,  268.5 ,980.,1748465742,Concentrado Colectivo,25.494,23.789,0.166,2.063,16.720,27.40
2025-05-28,16:03:00,  109.0 ,1103.,  329.5 ,994.,1748466051,Concentrado Primario L2,21.219,16.157,0.119,1.457,32.080,33.15
2025-05-28,16:09:00,  110.5 ,1013.5,  144.0 ,903.,1748466053,Concentrado Primario L1,20.126,19.180,0.156,1.850,27.040,15.95
2025-05-28,16:14:00,  108.0 ,942.5,  158.0 ,834.5,1748466724,Rebose Hidrociclones L1,1.835,0.597,0.009,0.047,0.000,18.93
2025-05-30,10:03:00,  108.5 ,1346.5,  144.0 ,1238.,1748617090,Cola Scavenger L1,6.165,0.148,0.000,0.015,0.000,11.63
2025-05-30,10:06:00,  108.5 ,1335.5,  137.0 ,1227.,1748617094,Cola Scavenger L2,6.149,0.122,0.000,0.013,0.000,11.17
2025-05-30,10:29:00,  110.0 ,995.,  227.0 ,885.,1748618818,Relave Final,1.779,0.083,0.000,0.008,0.000,25.65
2025-05-30,10:30:00,  110.5 ,1101.,  274.5 ,990.5,1748618833,Concentrado Colectivo,26.295,22.897,0.171,1.561,14.400,27.71
2025-05-30,10:32:00,  110.5 ,1079.5,  288.0 ,969.,1748618871,Concentrado Primario L1,18.520,13.976,0.109,0.690,38.460,29.72
2025-05-30,10:34:00,  109.0 ,1084.,  296.5 ,975.,1748619052,Concentrado Primario L2,19.772,14.372,0.118,0.718,35.800,30.41
2025-05-30,10:37:00,  110.5 ,1135.,  378.5 ,1024.5,1748619084,Concentrado 1ra Limpieza L1,27.364,22.104,0.171,1.128,14.360,36.94
2025-05-30,10:41:00,  111.0 ,1022.5,  277.0 ,911.5,1748619087,Concentrado 1ra Limpieza L2,27.289,22.005,0.165,1.117,13.980,30.39
2025-05-30,10:42:00,  108.0 ,1070.,  370.5 ,962.,1748619317,Rebose Hidrociclones L1,2.206,0.548,0.009,0.028,0.000,38.51
2025-05-30,10:45:00,  111.0 ,1053.5,  354.0 ,942.5,1748619320,Rebose Hidrociclones L2,2.386,0.591,0.008,0.029,0.000,37.56
2025-06-02,11:19:00,  108.0 ,1045.,  361.5 ,937.,1748880956,Rebose Hidrociclones L1,3.290,0.409,0.010,0.027,0.000,38.58
2025-06-02,11:21:00,  110.0 ,792.,  246.0 ,682.,1748881006,Rebose Hidrociclones L2,3.286,0.429,0.010,0.027,0.000,36.07
2025-06-02,11:24:00,  110.0 ,685.5,  114.0 ,575.5,1748881320,Relave Final,2.617,0.048,0.000,0.007,0.000,19.81
2025-06-02,11:28:00,  108.5 ,1059.5,  79.5 ,951.,1748881336,Cola Scavenger L1,5.939,0.113,0.000,0.023,0.000,8.36
2025-06-02,11:30:00,  111.0 ,873.,  332.0 ,762.,1748881337,Concentrado 1ra Limpieza L2,27.367,24.681,0.207,1.717,12.160,43.57
2025-06-02,11:32:00,  109.0 ,869.5,  238.0 ,760.5,1748881338,Concentrado Primario L2,23.122,20.022,0.207,1.425,24.940,31.30
2025-06-02,11:35:00,  108.5 ,1068.,  93.5 ,959.5,1748881339,Cola Scavenger L2,5.896,0.111,0.000,0.022,0.000,9.74
2025-06-02,11:36:00,  110.5 ,860.5,  181.5 ,750.,1748881340,Concentrado Colectivo,27.847,24.582,0.228,2.000,11.960,24.20
2025-06-06,10:43:00,  109.5 ,1109.5,  346.5 ,1000.,1749224457,Concentrado Primario L1,23.140,16.119,0.089,1.208,30.560,34.65
2025-06-06,10:46:00,  110.0 ,1102.,  347.0 ,992.,1749224479,Concentrado Primario L2,22.910,15.920,0.090,1.261,30.560,34.98
2025-06-06,10:49:00,  110.0 ,833.,  183.5 ,723.,1749224869,Concentrado Colectivo,26.500,24.179,0.119,1.632,15.520,25.38
2025-06-06,10:53:00,  110.5 ,994.5,  179.0 ,884.,1749224945,Concentrado 1ra Limpieza L1,27.675,21.890,0.111,1.702,16.620,20.25
2025-06-06,10:59:00,  110.0 ,1006.,  204.5 ,896.,1749225004,Concentrado 1ra Limpieza L2,26.871,20.398,0.111,1.685,18.500,22.82
2025-06-06,10:59:00,  109.0 ,968.5,  212.5 ,859.5,1749225496,Relave Final,1.957,0.082,0.000,0.010,0.000,24.72
2025-06-06,11:03:00,  110.5 ,1322.,  101.0 ,1211.5,1749225499,Cola Scavenger L1,9.028,0.136,0.000,0.020,0.000,8.34
2025-06-06,11:06:00,  108.5 ,1326.5,  106.5 ,1218.,1749225502,Cola Scavenger L2,8.933,0.126,0.000,0.019,0.000,8.74
2025-06-06,11:11:00,  110.0 ,1064.5,  345.0 ,954.5,1749225510,Rebose Hidrociclones L2,2.279,0.523,0.007,0.039,0.000,36.14
2025-06-09,10:41:00,  110.0 ,1025.5,  239.5 ,915.5,1749483375,Relave Final,1.271,0.073,0.000,0.013,0.000,26.16
2025-06-09,10:44:00,  108.5 ,1304.,  78.0 ,1195.5,1749483379,Cola Scavenger L1,8.507,0.180,0.000,0.028,0.000,6.52
2025-06-09,10:48:00,  110.0 ,1338.5,  113.5 ,1228.5,1749483433,Cola Scavenger L2,7.797,0.139,0.000,0.026,0.000,9.24
2025-06-09,10:50:00,  110.5 ,777.5,  295.0 ,667.,1749483499,Concentrado 1ra Limpieza L1,20.863,15.920,0.000,1.544,33.520,44.23
2025-06-09,10:54:00,  111.0 ,1016.,  196.5 ,905.,1749483502,Concentrado 1ra Limpieza L2,26.104,19.602,0.000,2.218,19.960,21.71
2025-06-09,10:57:00,  110.6 ,1071.,  213.5 ,960.4,1749483509,Concentrado Colectivo,27.026,23.681,0.000,2.198,15.000,22.23
2025-06-09,11:05:00,  110.5 ,1107.5,  134.5 ,997.,1749484928,Concentrado Primario L2,21.437,16.318,0.000,1.501,31.980,13.49
2025-06-09,11:07:00,  109.0 ,1099.,  280.0 ,990.,1749484930,Concentrado Primario L1,26.867,21.691,0.000,2.164,16.260,28.28
2025-06-09,11:12:00,  108.0 ,1017.5,  312.0 ,909.5,1749485382,Rebose Hidrociclones L1,2.032,0.607,0.000,0.056,0.000,34.30
2025-06-11,11:59:00,  109.0 ,990.5,  262.5 ,881.5,1749660976,Relave Final,1.545,0.069,0.000,0.009,0.000,29.78
2025-06-11,12:03:00,  110.5 ,1348.5,  134.0 ,1238.,1749660978,Cola Scavenger L1,8.840,0.184,0.000,0.013,0.000,10.82
2025-06-11,12:06:00,  108.5 ,1349.5,  148.5 ,1241.,1749660981,Cola Scavenger L2,8.924,0.159,0.000,0.010,0.000,11.97
2025-06-11,12:12:00,  110.5 ,1976.,  222.5 ,1865.5,1749661738,Concentrado Colectivo,26.322,22.288,0.122,1.417,17.700,11.93
2025-06-11,12:15:00,  110.0 ,1017.,  198.0 ,907.,1749661740,Concentrado 1ra Limpieza L2,25.908,21.990,0.122,1.341,18.560,21.83
2025-06-11,12:19:00,  110.5 ,995.5,  160.0 ,885.,1749661741,Concentrado 1ra Limpieza L1,26.609,22.587,0.121,1.305,17.360,18.08
2025-06-11,23:55:00,  110.0 ,1124.,  346.5 ,1014.,1749660814,Concentrado Primario L2,21.501,17.313,0.096,0.961,31.420,34.17
2025-06-11,23:58:00,  109.5 ,1138.5,  367.5 ,1029.,1749660817,Concentrado Primario L1,20.684,17.711,0.100,1.050,32.120,35.71
2025-06-13,10:55:00,  111.0 ,998.,  179.0 ,887.,1749829817,Concentrado 1ra Limpieza L2,24.924,18.706,0.000,1.555,22.040,20.18
2025-06-13,10:56:00,  110.0 ,987.5,  235.6 ,877.5,1749829942,Rebose Hidrociclones L2,2.523,0.634,0.000,0.044,0.000,26.85
2025-06-13,11:02:00,  108.0 ,1085.5,  371.0 ,977.5,1749830193,Rebose Hidrociclones L1,2.483,0.625,0.000,0.043,0.000,37.95
2025-06-13,11:05:00,  109.0 ,1144.,  360.6 ,1035.,1749830494,Concentrado Primario L1,24.075,20.000,0.000,1.507,22.900,34.84
2025-06-13,11:06:00,  110.0 ,1059.,  213.8 ,949.,1749830497,Concentrado Colectivo,25.616,20.746,0.000,1.618,18.620,22.53
2025-06-13,11:09:00,  108.5 ,1338.,  105.6 ,1229.5,1749830502,Cola Scavenger L1,13.607,0.193,0.000,0.014,0.000,8.59
2025-06-13,11:10:00,  110.5 ,1145.5,  375.4 ,1035.,1749830505,Concentrado Primario L2,21.892,16.020,0.000,1.315,29.980,36.27
2025-06-13,11:13:00,  110.0 ,1347.,  140.4 ,1237.,1749830509,Cola Scavenger L2,13.760,0.168,0.000,0.014,0.000,11.35
2025-06-13,11:22:00,  110.0 ,1008.5,  251.4 ,898.5,1749831641,Relave Final,7.029,0.086,0.000,0.009,0.000,27.98
2025-06-13,00:00:00,  110.5 ,966.5,  115.2 ,856.,1749830039,Concentrado 1ra Limpieza L1,25.751,20.398,0.000,1.380,18.640,13.46
2025-06-16,10:48:00,  110.5 ,1207.5,  107.5 ,1097.,1750088667,Cola Scavenger L1,13.048,0.172,0.000,0.021,0.000,9.80
2025-06-16,10:51:00,  108.5 ,1212.5,  99.5 ,1104.,1750088669,Cola Scavenger L2,11.650,0.161,0.000,0.019,0.000,9.01
2025-06-16,10:56:00,  109.5 ,1017.,  308.5 ,907.5,1750088982,Concentrado Primario L2,24.344,12.985,0.209,1.669,29.520,33.99
2025-06-16,10:58:00,  110.0 ,1248.,  593.0 ,1138.,1750088985,Concentrado Primario L1,37.370,9.453,0.098,1.061,8.980,52.11
2025-06-16,10:59:00,  110.5 ,937.5,  168.5 ,827.,1750089336,Concentrado Colectivo,26.434,22.786,0.316,3.160,14.480,20.37
2025-06-16,11:03:00,  110.5 ,972.,  104.0 ,861.5,1750089560,Concentrado 1ra Limpieza L1,27.254,25.273,0.329,2.498,11.260,12.07
2025-06-16,11:07:00,  110.0 ,1011.5,  185.5 ,901.5,1750089562,Concentrado 1ra Limpieza L2,26.231,22.388,0.323,2.850,15.700,20.58
2025-06-16,11:10:00,  110.0 ,1073.5,  355.5 ,963.5,1750089707,Rebose Hidrociclones L2,3.153,0.475,0.012,0.055,0.000,36.90
2025-06-16,12:03:00,  110.0 ,996.5,  228.0 ,886.5,1750093157,Relave Final,3.270,0.049,0.000,0.009,0.000,25.72
2025-06-16,12:06:00,  110.5 ,1095.5,  390.5 ,985.,17500093176,Rebose Hidrociclones L1,2.903,0.524,0.012,0.052,0.000,39.64
2025-06-23,12:15:00,  109.0 ,960.5,  255.5 ,851.5,1750698840,Relave Final,2.020,0.108,0.000,0.011,0.000,30.01
2025-06-23,12:21:00,  110.5 ,1341.,  112.0 ,1230.5,1750698869,Cola Scavenger L1,10.163,0.146,0.000,0.017,0.000,9.10
2025-06-23,12:24:00,  108.5 ,1333.,  110.0 ,1224.5,1750698871,Cola Scavenger L2,9.846,0.137,0.000,0.017,0.000,8.98
2025-06-23,12:27:00,  109.5 ,1078.5,  373.5 ,969.,1750698873,Rebose Hidrociclones L1,2.354,0.477,0.008,0.032,0.000,38.54
2025-06-23,12:32:00,  110.5 ,999.,  139.0 ,888.5,1750699318,Concentrado 1ra Limpieza L1,30.543,22.345,0.164,1.472,10.520,15.64
2025-06-23,12:35:00,  110.0 ,1034.5,  216.5 ,924.5,1750699320,Concentrado 1ra Limpieza L2,30.649,21.848,0.165,1.620,11.600,23.42
2025-06-23,12:38:00,  109.5 ,1142.,  365.0 ,1032.5,1750699412,Concentrado Primario L2,25.943,19.068,0.132,1.236,24.900,35.35
2025-06-23,12:40:00,  110.0 ,1057.,  204.0 ,947.,1750700350,Concentrado Colectivo,30.419,23.934,0.175,1.668,10.440,21.54
2025-06-25,12:32:00,  110.5 ,845.5,  283.5 ,735.,1750872010,Rebose Hidrociclones L1,2.902,0.579,0.000,0.026,0.000,38.57
2025-06-25,12:36:00,  111.0 ,988.5,  224.0 ,877.5,1750872613,Relave Final,2.507,0.044,0.000,0.003,0.000,25.53
2025-06-25,12:40:00,  108.5 ,1301.,  123.5 ,1192.5,1750872614,Cola Scavenger L1,9.759,0.182,0.000,0.007,0.000,10.36
2025-06-25,12:43:00,  108.0 ,1352.5,  138.5 ,1244.5,1750872316,Cola Scavenger L2,8.911,0.165,0.000,0.008,0.000,11.13
2025-06-25,12:46:00,  109.0 ,746.,  52.0 ,637.,1750873231,Concentrado 1ra Limpieza L1,28.676,20.875,0.000,0.966,15.260,8.16
2025-06-25,12:49:00,  110.5 ,1008.5,  153.5 ,898.,1750873233,Concentrado 1ra Limpieza L2,28.154,20.475,0.000,1.128,16.540,17.09
2025-06-25,12:52:00,  110.5 ,1060.5,  238.5 ,950.,1750873235,Concentrado Colectivo,27.831,22.873,0.000,1.066,15.100,25.11
2025-06-25,12:54:00,  110.0 ,1131.5,  357.5 ,1021.5,1750873238,Concentrado Primario L2,23.300,18.578,0.000,0.847,26.920,35.00
2025-06-25,12:57:00,  110.0 ,1156.5,  375.0 ,1046.5,1750873239,Concentrado Primario L1,23.109,17.579,0.000,0.823,28.640,35.83
2025-06-27,11:36:00,  109.0 ,1001.5,  260.5 ,892.5,1751041995,Relave Final,1.817,0.120,0.000,0.005,0.000,29.19
2025-06-27,11:39:00,  108.5 ,1351.,  180.5 ,1242.5,1751042003,Cola Scavenger L2,9.390,0.112,0.000,0.005,0.000,14.53
2025-06-27,11:42:00,  110.5 ,1088.,  388.0 ,977.5,1721042009,Rebose Hidrociclones L1,2.223,0.796,0.005,0.027,0.000,39.69
2025-06-27,11:45:00,  110.5 ,997.,  114.5 ,886.5,1751042161,Concentrado 1ra Limpieza L1,27.277,23.572,0.094,0.642,15.240,12.92
2025-06-27,11:48:00,  110.0 ,1014.5,  263.5 ,904.5,1751042162,Concentrado 1ra Limpieza L2,25.975,21.474,0.093,0.770,19.180,29.13
2025-06-27,11:53:00,  110.0 ,1117.,  299.5 ,1007.,1751042170,Concentrado Colectivo,26.874,20.376,0.089,0.812,18.900,29.74
2025-06-27,11:55:00,  110.5 ,1366.,  179.0 ,1255.5,1751042206,Cola Scavenger L1,9.683,0.122,0.000,0.006,0.000,14.26
2025-06-30,12:16:00,  109.0 ,941.,  167.5 ,832.,1751303667,Relave Final,1.671,0.099,0.000,0.005,0.000,20.13
2025-06-30,12:20:00,  110.5 ,1363.5,  177.0 ,1253.,1751303670,Cola Scavenger L1,6.468,0.090,0.000,0.006,0.000,14.13
2025-06-30,12:23:00,  108.5 ,1369.,  176.5 ,1260.5,1751303672,Cola Scavenger L2,6.180,0.089,0.000,0.006,0.000,14.00
2025-06-30,12:28:00,  110.0 ,1091.,  412.5 ,981.,1751303677,Rebose Hidrociclones L2,2.294,0.765,0.005,0.025,0.000,42.05
2025-06-30,12:30:00,  109.5 ,1096.,  326.0 ,986.5,1751304302,Concentrado Primario L2,19.103,15.174,0.041,0.425,38.120,33.05
2025-06-30,12:35:00,  110.5 ,999.,  134.0 ,888.5,1751304586,Concentrado 1ra Limpieza L1,22.553,19.502,0.053,0.778,26.360,15.08
2025-06-30,12:39:00,  110.0 ,1016.5,  182.0 ,906.5,1751304588,Concentrado 1ra Limpieza L2,22.665,18.408,0.054,0.819,26.520,20.08
2025-06-30,12:41:00,  110.0 ,1067.5,  229.5 ,957.5,1751304590,Concentrado Colectivo,24.860,22.786,0.059,0.861,18.440,23.97
2025-07-02,10:50:00,  109.0 ,963.5,  177.5 ,854.5,1751471306,Relave Final,1.516,0.100,0.000,0.008,0.000,20.77
2025-07-02,10:53:00,  110.5 ,1344.5,  129.5 ,1234.,1751471497,Cola Scavenger L1,5.950,0.100,0.000,0.017,0.000,10.49
2025-07-02,10:56:00,  110.0 ,1081.,  381.5 ,971.,1751471530,Rebose Hidrociclones L2,1.978,0.387,0.004,0.035,0.000,39.29
2025-07-02,10:58:00,  110.0 ,985.5,  101.0 ,875.5,1751471590,Concentrado 1ra Limpieza L2,23.479,20.875,0.115,1.944,14.360,11.54
2025-07-02,11:01:00,  108.5 ,1350.,  119.0 ,1241.5,1751471595,Cola Scavenger L2,5.583,0.113,0.000,0.016,0.000,9.59
2025-07-02,11:05:00,  110.5 ,995.5,  96.0 ,885.,1751471603,Concentrado 1ra Limpieza L1,24.873,23.072,0.110,1.549,13.320,10.85
2025-07-02,11:08:00,  110.0 ,1014.,  163.5 ,904.,1751471604,Concentrado Colectivo,25.207,21.075,0.112,2.116,14.880,18.09
2025-07-02,11:12:00,  110.0 ,1109.,  317.5 ,999.,1751472667,Concentrado Primario L1,21.999,18.278,0.083,1.136,24.680,31.78
2025-07-07,10:12:00,  110.0 ,976.,  222.0 ,866.,1751900906,Relave Final,1.593,0.110,0.000,0.007,0.000,25.64
2025-07-07,10:15:00,  110.5 ,9306.5,  100.0 ,9196.,1751900912,Cola Scavenger L1,11.042,0.171,0.000,0.017,0.000,1.09
2025-07-07,10:19:00,  109.0 ,1242.5,  100.5 ,1133.5,1751900915,Cola Scavenger L2,11.055,0.164,0.000,0.020,0.000,8.87
2025-07-07,10:21:00,  110.0 ,985.,  200.5 ,875.,1751901101,Rebose Hidrociclones L2,1.930,0.396,0.005,0.022,0.000,22.91
2025-07-07,10:24:00,  110.5 ,999.,  218.0 ,888.5,1751901105,Rebose Hidrociclones L1,1.668,0.389,0.004,0.023,0.000,24.54
2025-07-07,10:26:00,  110.5 ,1003.,  148.0 ,892.5,1751901378,Concentrado 1ra Limpieza L1,25.586,24.720,0.120,2.105,9.720,16.58
2025-07-07,10:30:00,  110.0 ,1044.,  289.5 ,934.,1751901381,Concentrado 1ra Limpieza L2,24.615,23.572,0.114,1.967,10.420,31.00
2025-07-07,10:33:00,  110.0 ,1046.5,  183.5 ,936.5,1751901384,Concentrado Colectivo,24.350,25.270,0.132,2.102,8.660,19.59
2025-07-07,10:35:00,  109.5 ,1186.,  414.0 ,1076.5,1751901386,Concentrado Primario L2,25.055,14.383,0.082,1.002,21.980,38.46
2025-07-07,11:01:00,  110.0 ,1105.,  297.0 ,995.,1751903969,Concentrado Primario L1,22.869,12.485,0.081,0.969,27.480,29.85
2025-07-09,09:54:00,  110.0 ,850.,  154.5 ,740.,1752072678,Relave Final,1.422,0.075,0.000,0.004,0.000,20.88
2025-07-09,09:57:00,  107.0 ,1320.,  126.0 ,1213.,1752072680,Cola Scavenger L1,12.345,0.208,0.000,0.014,0.000,10.39
2025-07-09,10:01:00,  108.5 ,1330.,  115.5 ,1221.5,1752072683,Cola Scavenger L2,12.413,0.207,0.000,0.050,0.000,9.46
2025-07-09,10:03:00,  110.0 ,1002.5,  168.0 ,892.5,1752072685,Concentrado 1ra Limpieza L1,24.536,26.169,0.132,1.706,9.860,18.82
2025-07-09,10:07:00,  110.0 ,1001.,  223.5 ,891.,1752072687,Concentrado 1ra Limpieza L2,24.039,24.171,0.113,2.154,12.460,25.08
2025-07-09,10:10:00,  110.0 ,1068.,  210.0 ,958.,1752072689,Concentrado Colectivo,24.961,26.069,0.152,2.007,9.820,21.92
2025-07-09,10:11:00,  110.0 ,1175.,  405.0 ,1065.,1752072691,Concentrado Primario L2,23.231,14.383,0.091,1.184,24.580,38.03
2025-07-09,10:16:00,  108.0 ,1088.,  377.0 ,980.,1752073936,Rebose Hidrociclones L2,1.668,0.430,0.004,0.028,0.000,38.47
2025-07-09,10:22:00,  110.0 ,1128.,  313.5 ,1018.,1752074088,Concentrado Primario L1,22.487,16.780,0.106,1.466,24.620,30.80
2025-07-09,10:23:00,  110.0 ,1061.5,  327.5 ,951.5,1752074276,Rebose Hidrociclones L1,1.564,0.429,0.004,0.032,0.000,34.42
2025-07-11,09:40:00,  110.0 ,1033.5,  273.0 ,923.5,1752244568,Relave Final,1.770,0.048,0.000,0.003,0.000,29.56
2025-07-11,09:43:00,  110.5 ,1307.5,  125.5 ,1197.,1752244574,Cola Scavenger L1,11.071,0.125,0.000,0.006,0.000,10.48
2025-07-11,09:47:00,  109.0 ,1243.,  121.0 ,1134.,1752244577,Cola Scavenger L2,10.996,0.132,0.000,0.006,0.000,10.67
2025-07-11,09:49:00,  110.5 ,1177.,  222.0 ,1066.5,1752244584,Concentrado 1ra Limpieza L1,27.034,23.771,0.000,1.059,0.000,20.82
2025-07-11,09:53:00,  110.0 ,765.5,  108.0 ,655.5,1752244586,Concentrado 1ra Limpieza L2,26.906,24.521,0.000,1.007,0.000,16.48
2025-07-11,09:56:00,  109.0 ,1032.5,  221.0 ,923.5,1752244589,Concentrado Colectivo,27.603,25.769,0.000,1.039,0.000,23.93
2025-07-11,09:57:00,  109.5 ,605.5,  166.5 ,496.,1752244592,Concentrado Primario L2,22.516,18.328,0.000,0.743,0.000,33.57
2025-07-11,10:16:00,  110.5 ,1034.,  309.0 ,923.5,1752246842,Rebose Hidrociclones L1,2.420,0.460,0.000,0.021,0.000,33.46
2025-07-16,12:08:00,  110.0 ,987.5,  157.5 ,877.5,1752688826,Concentrado 1ra Limpieza L1,26.128,25.569,0.108,1.032,14.000,17.95
2025-07-16,12:12:00,  109.0 ,1020.5,  261.0 ,911.5,1752688829,Concentrado 1ra Limpieza L2,25.696,24.371,0.116,1.405,15.980,28.63
2025-07-16,12:48:00,  110.0 ,1145.5,  381.0 ,1035.5,1752687872,Concentrado Primario L2,23.127,19.477,0.097,1.048,26.100,36.79
2025-07-16,12:51:00,  110.0 ,1121.,  369.0 ,1011.,1752687944,Concentrado Primario L1,22.899,18.278,0.085,1.050,27.980,36.50
2025-07-16,12:53:00,  110.0 ,960.5,  196.5 ,850.5,1752688215,Rebose Hidrociclones L1,2.114,0.642,0.006,0.031,0.000,23.10
2025-07-16,12:55:00,  110.0 ,950.5,  199.5 ,840.5,1752688219,Rebose Hidrociclones L2,2.033,0.514,0.005,0.024,0.000,23.74
2025-07-16,12:58:00,  110.0 ,996.,  220.5 ,886.,1752688331,Relave Final,1.897,0.053,0.000,0.005,0.000,24.89
2025-07-16,12:59:00,  110.5 ,1072.5,  214.5 ,962.,1752688338,Concentrado Colectivo,26.582,26.668,0.124,1.412,13.080,22.30
2025-07-16,13:02:00,  107.0 ,1342.5,  128.5 ,1235.5,1752688580,Cola Scavenger L1,14.392,0.244,0.000,0.008,0.000,10.40
2025-07-16,13:06:00,  108.5 ,1329.,  121.0 ,1220.5,1752688582,Cola Scavenger L2,14.812,0.226,0.000,0.009,0.000,9.91
2025-07-18,11:12:00,  109.0 ,979.5,  195.0 ,870.5,1752855002,Relave Final,1.645,0.054,0.000,0.004,0.000,22.40
2025-07-18,11:15:00,  110.5 ,1072.5,  325.0 ,962.,1752855041,Rebose Hidrociclones L1,2.186,0.577,0.006,0.057,0.000,33.78
2025-07-18,11:17:00,  110.0 ,968.,  163.0 ,858.,1752855045,Rebose Hidrociclones L2,2.143,0.479,0.006,0.036,0.000,19.00
2025-07-18,11:19:00,  110.0 ,1152.5,  410.0 ,1042.5,1752855223,Concentrado Primario L1,23.614,18.478,0.104,0.996,27.940,39.33
2025-07-18,11:22:00,  109.5 ,1164.,  411.5 ,1054.5,1752855228,Concentrado Primario L2,22.814,16.480,0.090,0.997,31.000,39.02
2025-07-18,11:23:00,  109.0 ,1065.5,  212.9 ,956.5,1752855231,Concentrado Colectivo,27.072,23.771,0.142,1.535,16.000,22.25
2025-07-18,11:27:00,  110.5 ,977.,  72.0 ,866.5,1752855766,Concentrado 1ra Limpieza L1,27.680,24.471,0.138,1.165,15.060,8.31
2025-07-18,11:30:00,  110.0 ,1031.5,  274.5 ,921.5,1752855768,Concentrado 1ra Limpieza L2,24.683,21.075,0.127,1.292,22.740,29.79
2025-07-18,11:33:00,  110.5 ,1347.5,  171.5 ,1237.,1752855836,Cola Scavenger L1,12.965,0.103,0.000,0.008,0.000,13.86
2025-07-18,11:36:00,  110.5 ,1358.5,  177.0 ,1248.,1752855839,Cola Scavenger L2,12.878,0.102,0.000,0.007,0.000,14.18
2025-07-21,10:09:00,  110.0 ,647.,  132.5 ,537.,1753110335,Relave Final,1.053,0.051,0.000,0.006,0.000,24.67
2025-07-21,10:13:00,  108.5 ,994.5,  104.5 ,886.,1753110340,Cola Scavenger L2,7.950,0.259,0.000,0.016,0.000,11.79
2025-07-21,10:18:00,  107.0 ,1010.,  110.0 ,903.,1753110435,Cola Scavenger L1,7.811,0.287,0.000,0.018,0.000,12.18
2025-07-21,10:19:00,  110.0 ,725.,  212.5 ,615.,1753110439,Concentrado Primario L2,20.605,19.077,0.083,1.841,27.100,34.55
2025-07-21,10:24:00,  110.0 ,773.5,  142.0 ,663.5,1753111137,Concentrado 1ra Limpieza L1,25.186,26.119,0.116,2.495,12.460,21.40
2025-07-21,10:28:00,  110.0 ,822.5,  182.0 ,712.5,1753111139,Concentrado 1ra Limpieza L2,24.984,25.519,0.117,3.103,12.720,25.54
2025-07-21,10:31:00,  110.5 ,869.5,  181.0 ,759.,1753111140,Concentrado Colectivo,25.605,27.717,0.116,2.783,9.640,23.85
2025-07-21,10:40:00,  110.0 ,973.,  320.0 ,863.,1753112112,Concentrado Primario L1,21.154,18.977,0.078,1.656,27.200,37.08
2025-07-28,14:00:00,  107.0 ,1269.,  116.0 ,1162.,1753715342,Cola Scavenger L1,9.388,0.255,0.000,0.026,0.000,9.98
2025-07-28,14:00:00,  108.5 ,1288.5,  138.0 ,1180.,1753715346,Cola Scavenger L2,9.329,0.264,0.000,0.022,0.000,11.69
2025-07-28,14:00:00,  110.0 ,1059.5,  367.0 ,949.5,1753716126,Concentrado 1ra Limpieza L1,24.066,25.320,0.209,1.834,11.180,38.65
2025-07-28,14:00:00,  110.0 ,1030.5,  332.5 ,920.5,1753716128,Concentrado 1ra Limpieza L2,23.162,24.920,0.203,2.225,11.720,36.12
2025-07-28,14:00:00,  110.5 ,995.5,  163.5 ,885.,1753714839,Concentrado Colectivo,22.847,25.120,0.209,2.178,12.820,18.47
2025-07-28,14:00:00,  110.0 ,1016.,  278.5 ,906.,1753714808,Concentrado Primario L1,21.485,18.815,0.151,1.584,22.660,30.74
2025-07-28,14:00:00,  110.0 ,1112.,  403.5 ,1002.,1753715973,Concentrado Primario L2,21.275,17.564,0.133,1.331,24.640,40.27
2025-07-28,14:00:00,  110.0 ,914.5,  206.5 ,804.5,1753715405,Relave Final,1.480,0.095,0.000,0.008,0.000,25.67
2025-07-31,11:37:00,  110.0 ,1081.5,  386.0 ,971.5,1753893308,Rebose Hidrociclones L2,2.668,0.598,0.000,0.037,0.000,39.73
2025-07-31,11:39:00,  110.0 ,1102.,  331.0 ,992.,1753893309,Concentrado 1ra Limpieza L2,24.936,23.819,0.000,1.576,11.140,33.37
2025-07-31,11:41:00,  110.5 ,947.,  313.0 ,836.5,1753893337,Rebose Hidrociclones L1,2.467,0.522,0.000,0.039,0.000,37.42
2025-07-31,11:45:00,  110.5 ,1138.,  398.0 ,1027.5,1753893367,Concentrado 1ra Limpieza L1,24.527,24.219,0.000,1.434,10.780,38.73
2025-07-31,11:48:00,  110.5 ,1334.5,  161.5 ,1224.,1753893722,Cola Scavenger L1,6.768,0.174,0.000,0.014,0.000,13.19
2025-07-31,11:52:00,  109.5 ,1165.,  393.5 ,1055.5,1753894258,Concentrado Primario L2,21.257,18.865,0.000,1.312,22.740,37.28
2025-07-31,11:56:00,  109.0 ,1029.,  265.5 ,920.,1753894421,Relave Final,2.060,0.087,0.000,0.010,0.000,28.86
2025-07-31,12:05:00,  109.0 ,1163.5,  364.0 ,1054.5,1753895029,Concentrado Colectivo,25.212,25.921,0.000,1.484,6.960,34.52
2025-07-31,12:27:00,  110.0 ,1054.,  249.5 ,944.,1753895935,Concentrado Primario L1,19.600,18.915,0.000,1.575,26.300,26.43
2025-08-04,10:21:00,  109.0 ,997.,  205.5 ,888.,1754320741,Relave Final,2.189,0.060,0.000,0.012,0.000,23.14
2025-08-04,10:24:00,  110.5 ,1085.5,  357.5 ,975.,1754320750,Rebose Hidrociclones L1,2.247,0.462,0.005,0.061,0.000,36.67
2025-08-04,10:26:00,  110.0 ,1088.5,  367.5 ,978.5,1754320751,Rebose Hidrociclones L2,2.514,0.512,0.005,0.064,0.000,37.56
2025-08-04,10:28:00,  109.0 ,1128.5,  262.5 ,1019.5,1754320755,Concentrado Colectivo,27.044,22.148,0.110,3.157,10.920,25.75
2025-08-04,10:30:00,  109.5 ,1188.,  417.0 ,1078.5,1754320756,Concentrado Primario L2,24.858,16.023,0.073,1.950,22.700,38.66
2025-08-04,10:32:00,  110.5 ,1375.,  133.0 ,1264.5,1754320758,Cola Scavenger L1,9.483,0.197,0.000,0.018,0.000,10.52
2025-08-04,10:34:00,  110.0 ,1139.5,  375.0 ,1029.5,1754320761,Concentrado 1ra Limpieza L2,28.134,20.972,0.100,2.767,10.640,36.43
2025-08-04,10:36:00,  110.0 ,1199.5,  426.0 ,1089.5,1754320762,Concentrado Primario L1,23.555,16.464,0.076,1.989,24.600,39.10
2025-08-04,10:39:00,  108.5 ,1349.5,  131.5 ,1241.,1754320764,Cola Scavenger L2,9.585,0.177,0.000,0.015,0.000,10.60
2025-08-06,17:35:00,  109.0 ,971.,  205.0 ,862.,1754519613,Relave Final,3.688,0.043,0.000,0.004,0.000,23.78
2025-08-06,17:38:00,  108.5 ,1372.5,  186.0 ,1264.,1754519641,Cola Scavenger L2,24.820,0.152,0.000,0.004,0.000,14.72
2025-08-06,17:40:00,  109.5 ,1188.5,  394.5 ,1079.,1754519652,Concentrado Primario L2,29.658,11.956,0.125,0.424,20.120,36.56
2025-08-06,17:49:00,  110.0 ,971.,  134.5 ,861.,1754519755,Concentrado 1ra Limpieza L2,29.099,19.649,0.215,0.741,13.080,15.62
2025-08-06,17:52:00,  109.0 ,1204.5,  195.0 ,1095.5,1754519758,Concentrado Colectivo,26.187,17.836,0.189,0.781,18.720,17.80
2025-08-06,17:54:00,  110.0 ,1150.5,  351.0 ,1040.5,1754520407,Concentrado Primario L1,28.879,12.544,0.137,0.463,21.480,33.73
2025-08-06,17:57:00,  110.5 ,1158.,  124.5 ,1047.5,1754520933,Cola Scavenger L1,24.030,0.167,0.000,0.005,0.000,11.89
2025-08-06,18:00:00,  110.0 ,1039.5,  286.5 ,929.5,1754521039,Rebose Hidrociclones L2,4.194,0.289,0.011,0.011,0.000,30.82
2025-08-11,12:08:00,  110.5 ,1045.,  334.5 ,934.5,1754932045,Rebose Hidrociclones L1,2.567,0.416,0.008,0.011,0.000,35.79
2025-08-11,12:12:00,  110.5 ,1320.,  142.0 ,1209.5,1754932084,Cola Scavenger L1,23.943,0.182,0.000,0.006,0.000,11.74
2025-08-11,12:13:00,  109.0 ,1019.,  207.5 ,910.,1754932089,Concentrado Colectivo,30.827,26.567,0.226,0.593,7.960,22.80
2025-08-11,12:16:00,  108.5 ,1267.,  29.5 ,1158.5,1754932174,Cola Scavenger L2,22.285,0.327,0.000,0.015,0.000,2.55
2025-08-11,12:21:00,  110.0 ,1098.5,  253.5 ,988.5,1754932370,Concentrado Primario L1,32.117,15.423,0.168,0.515,19.720,25.64
2025-08-13,11:58:00,  109.0 ,958.,  202.5 ,849.,1755104108,Relave Final,2.645,0.069,0.000,0.004,0.000,23.85
2025-08-13,12:02:00,  107.0 ,1131.,  128.5 ,1024.,1755104112,Cola Scavenger L1,15.555,0.221,0.000,0.012,0.000,12.55
2025-08-13,12:04:00,  110.5 ,954.5,  93.0 ,844.,1755104122,Concentrado 1ra Limpieza L1,29.787,22.686,0.000,0.599,13.380,11.02
2025-08-13,12:08:00,  110.0 ,1004.,  177.5 ,894.,1755104124,Concentrado 1ra Limpieza L2,27.742,21.592,0.000,0.632,14.780,19.85
2025-08-13,12:11:00,  110.6 ,1039.5,  190.5 ,928.9,1755104126,Concentrado Colectivo,27.743,24.676,0.000,0.804,11.760,20.51
2025-08-13,12:13:00,  109.5 ,1221.5,  443.0 ,1112.,1755104129,Concentrado Primario L2,28.140,16.119,0.000,0.350,19.620,39.84
2025-08-15,12:30:00,  111.0 ,768.5,  150.0 ,657.5,1755278961,Relave Final,1.987,0.044,0.000,0.003,0.000,22.81
2025-08-15,12:33:00,  110.0 ,949.,  87.0 ,839.,1755278995,Concentrado 1ra Limpieza L1,30.387,20.099,0.000,0.662,11.720,10.37
2025-08-15,12:37:00,  109.0 ,988.,  181.0 ,879.,1755279005,Concentrado 1ra Limpieza L2,28.883,19.303,0.000,0.721,13.280,20.59
2025-08-15,12:39:00,  110.0 ,828.,  236.5 ,718.,1755279009,Rebose Hidrociclones L2,2.566,0.377,0.000,0.013,0.000,32.94
2025-08-15,12:40:00,  110.0 ,1306.,  563.0 ,1196.,1755279017,Concentrado Primario L2,33.100,8.458,0.000,0.299,19.120,47.07
2025-08-15,12:43:00,  108.5 ,1369.5,  189.5 ,1261.,1755279028,Cola Scavenger L2,26.140,0.173,0.000,0.003,0.000,15.03
2025-08-15,12:46:00,  110.5 ,1367.,  172.0 ,1256.5,1755279036,Cola Scavenger L1,24.304,0.174,0.000,0.003,0.000,13.69
2025-08-15,12:48:00,  109.0 ,1024.,  204.0 ,915.,1755279041,Concentrado Colectivo,30.313,22.985,0.000,0.914,9.640,22.30
2025-08-18,16:58:00,  110.0 ,1057.,  356.5 ,947.,1755554158,Rebose Hidrociclones L1,2.700,0.484,0.000,0.024,0.000,37.65
2025-08-18,17:01:00,  110.0 ,951.5,  80.0 ,841.5,1755554168,Concentrado 1ra Limpieza L1,28.063,23.582,0.000,0.785,12.080,9.51
2025-08-18,17:02:00,  110.0 ,1057.5,  320.5 ,947.5,1755544175,Rebose Hidrociclones L2,2.686,0.475,0.000,0.023,0.000,33.83
2025-08-18,17:04:00,  110.0 ,992.5,  201.0 ,882.5,1755554178,Concentrado 1ra Limpieza L2,28.198,20.995,0.000,0.915,15.840,22.78
2025-08-18,17:06:00,  111.0 ,930.,  155.0 ,819.,1755554191,Relave Final,2.441,0.059,0.000,0.006,0.000,18.93
2025-08-18,17:07:00,  109.0 ,861.,  247.5 ,752.,1755554195,Concentrado Colectivo,30.874,22.686,0.000,0.679,7.660,32.91
2025-08-18,17:10:00,  110.5 ,1378.5,  206.5 ,1268.,1755554201,Cola Scavenger L1,19.516,0.134,0.000,0.005,0.000,16.29
2025-08-18,17:13:00,  108.5 ,1362.,  232.5 ,1253.5,1755554209,Cola Scavenger L2,19.224,0.111,0.000,0.004,0.000,18.55
2025-08-18,17:15:00,  110.0 ,949.,  317.0 ,839.,1755554212,Concentrado Primario L2,27.133,14.328,0.000,0.620,21.620,37.78
2025-08-18,17:20:00,  110.0 ,1490.,  577.5 ,1380.,1755555555,Concentrado Primario L1,27.886,14.229,0.000,0.634,20.920,41.85
2025-08-20,17:14:00,  110.5 ,1285.,  113.5 ,1174.5,1755727900,Cola Scavenger L1,13.220,0.147,0.000,0.013,0.000,9.66
2025-08-20,17:17:00,  110.0 ,948.,  455.0 ,838.,1755727905,Concentrado 1ra Limpieza L1,27.285,22.885,0.000,1.342,13.000,54.30
2025-08-20,17:19:00,  108.5 ,985.5,  118.5 ,877.,1755727908,Cola Scavenger L2,12.470,0.186,0.000,0.014,0.000,13.51
2025-08-20,17:22:00,  110.0 ,1322.,  123.5 ,1212.,1755727912,Concentrado 1ra Limpieza L2,27.212,23.383,0.000,1.402,12.440,10.19
2025-08-20,17:24:00,  109.5 ,1020.5,  165.0 ,911.,1755727916,Concentrado Colectivo,30.147,21.094,0.000,1.590,12.540,18.11
2025-08-20,17:31:00,  110.0 ,963.,  325.5 ,853.,1755729026,Concentrado Primario L2,33.528,11.940,0.000,0.627,13.020,38.16
2025-08-27,17:00:00,  110.5 ,966.5,  97.0 ,856.,1755729028,Concentrado 1ra Limpieza L1,28.284,26.267,0.149,1.880,11.160,11.33
2025-08-27,17:00:00,  110.0 ,1010.5,  225.0 ,900.5,1755729029,Concentrado 1ra Limpieza L2,26.337,24.235,0.154,2.297,13.880,24.99
2025-08-27,17:00:00,  109.0 ,999.,  131.0 ,890.,1755729030,Concentrado Colectivo,25.721,24.433,0.155,2.029,13.780,14.72
2025-08-27,17:00:00,  109.5 ,1122.,  372.5 ,1012.5,1755729032,Concentrado Primario L1,22.693,20.468,0.121,1.644,24.060,36.79
2025-08-27,17:00:00,  110.0 ,1160.5,  385.0 ,1050.5,1755729031,Concentrado Primario L2,21.264,18.882,0.115,1.482,27.340,36.65
2025-08-27,17:00:00,  110.5 ,1079.,  381.0 ,968.5,1755729027,Rebose Hidrociclones L1,2.642,0.654,0.008,0.051,0.000,39.34
2025-08-29,16:02:00,  111.0 ,1084.,  250.0 ,973.,1756501217,Relave Final,2.624,0.363,0.000,0.042,0.000,25.69
2025-08-29,16:03:00,  110.0 ,1050.5,  243.5 ,940.5,1756501360,Concentrado Colectivo,25.583,22.897,0.196,2.371,15.880,25.89
2025-08-29,16:06:00,  110.5 ,1289.,  82.5 ,1178.5,1756501380,Cola Scavenger L1,9.122,0.250,0.000,0.024,0.000,7.00
2025-08-29,16:08:00,  110.0 ,1096.,  293.0 ,986.,1756501416,Concentrado Primario L1,18.450,14.670,0.126,1.471,35.940,29.72
2025-08-29,16:09:00,  110.0 ,1082.5,  402.0 ,972.5,1756501481,Rebose Hidrociclones L1,3.366,0.662,0.010,0.062,0.000,41.34
2025-08-29,16:12:00,  108.0 ,1084.,  388.0 ,976.,1756501728,Rebose Hidrociclones L2,3.026,0.594,0.009,0.061,0.000,39.75
2025-09-01,11:46:00,  110.5 ,1070.5,  360.5 ,960.,1756744966,Rebose Hidrociclones L1,2.831,0.504,0.000,0.032,0.000,37.55
2025-09-01,11:49:00,  109.0 ,943.5,  103.0 ,834.5,1756744999,Concentrado 1ra Limpieza L1,27.299,25.176,0.000,1.721,12.280,12.34
2025-09-01,11:51:00,  108.5 ,1293.5,  106.5 ,1185.,1756745009,Cola Scavenger L1,6.363,0.135,0.000,0.011,0.000,8.99
2025-09-01,11:53:00,  110.0 ,1140.5,  374.5 ,1030.5,1756745014,Concentrado Primario L2,22.967,19.130,0.000,1.293,27.180,36.34
2025-09-01,11:55:00,  108.0 ,1310.,  113.5 ,1202.,1756745020,Cola Scavenger L2,6.115,0.117,0.000,0.008,0.000,9.44
2025-09-01,11:58:00,  110.5 ,1006.5,  270.0 ,896.,1756745025,Concentrado 1ra Limpieza L2,27.659,24.037,0.000,1.745,13.280,30.13
2025-09-01,11:59:00,  110.0 ,1117.,  323.0 ,1007.,1756745151,Concentrado Primario L1,21.830,17.445,0.000,1.168,31.140,32.08
2025-09-01,12:01:00,  110.5 ,1048.,  233.5 ,937.5,1756745157,Concentrado Colectivo,27.082,26.217,0.000,1.813,12.240,24.91
2025-09-03,11:03:00,  110.5 ,1082.,  392.0 ,971.5,1756915287,Rebose Hidrociclones L1,2.579,0.617,0.000,0.046,0.000,40.35
2025-09-03,11:06:00,  110.0 ,963.,  105.5 ,853.,1756915292,Concentrado 1ra Limpieza L1,28.684,24.185,0.000,1.650,12.740,12.37
2025-09-03,11:08:00,  108.5 ,1341.,  177.5 ,1232.5,1756915295,Cola Scavenger L1,5.821,0.171,0.000,0.008,0.000,14.40
2025-09-03,11:10:00,  110.5 ,833.5,  243.9 ,723.,1756915301,Concentrado 1ra Limpieza L2,27.727,22.104,0.000,1.685,15.520,33.73
2025-09-03,11:13:00,  108.0 ,1332.,  149.0 ,1224.,1756915306,Cola Scavenger L2,5.820,0.152,0.000,0.006,0.000,12.17
2025-09-03,11:18:00,  112.5 ,1330.5,  401.0 ,1218.,1756916198,Concentrado Colectivo,28.527,22.599,0.000,1.757,13.760,32.92
2025-09-05,11:18:00,  111.0 ,999.,  212.0 ,888.,1757088957,Relave Final,1.656,0.075,0.000,0.008,0.000,23.87
2025-09-05,11:20:00,  110.0 ,1075.5,  327.5 ,965.5,1757089071,Rebose Hidrociclones L1,2.336,0.582,0.012,0.040,0.000,33.92
2025-09-05,11:23:00,  110.5 ,967.5,  119.5 ,857.,1757089127,Concentrado 1ra Limpieza L1,25.999,22.005,0.322,1.832,16.500,13.94
2025-09-05,11:29:00,  110.0 ,1121.,  279.0 ,1011.,1757088274,Concentrado Primario L1,20.953,15.463,0.229,1.345,33.300,27.60
2025-09-05,11:32:00,  110.0 ,1010.,  284.0 ,900.,1757089335,Concentrado 1ra Limpieza L2,25.985,22.798,0.329,1.804,16.080,31.56
2025-09-05,11:33:00,  110.0 ,1172.5,  380.5 ,1062.5,1757089415,Concentrado Primario L2,22.836,16.751,0.245,1.307,28.360,35.81
2025-09-05,11:36:00,  110.5 ,1333.,  147.5 ,1222.5,1757089810,Cola Scavenger L1,8.405,0.156,0.000,0.014,0.000,12.07
2025-09-05,11:40:00,  109.0 ,1328.5,  146.0 ,1219.5,1757089983,Cola Scavenger L2,8.199,0.179,0.000,0.011,0.000,11.97
2025-09-05,11:43:00,  108.0 ,1055.,  352.0 ,947.,1757089988,Rebose Hidrociclones L2,2.618,0.620,0.012,0.043,0.000,37.17
2025-09-05,11:45:00,  110.0 ,1275.5,  327.0 ,1165.5,1757090653,Concentrado Colectivo,25.828,20.518,0.299,1.828,18.960,28.06
2025-09-08,11:21:00,  110.0 ,1067.,  229.5 ,957.,1757348386,Concentrado Primario L2,19.766,16.115,0.097,1.188,35.700,23.98
2025-09-08,11:23:00,  110.0 ,982.5,  226.5 ,872.5,1757348389,Relave Final,2.368,0.078,0.000,0.011,0.000,25.96
2025-09-08,11:25:00,  110.5 ,937.5,  296.5 ,827.,1757348393,Concentrado 1ra Limpieza L2,27.011,24.739,0.153,1.528,13.680,35.85
2025-09-08,11:27:00,  110.0 ,1109.5,  285.0 ,999.5,1757348395,Concentrado Primario L1,20.559,16.164,0.093,1.057,37.060,28.51
2025-09-08,11:30:00,  108.5 ,1288.,  139.0 ,1179.5,1757348396,Cola Scavenger L1,6.432,0.135,0.000,0.016,0.000,11.78
2025-09-08,11:33:00,  108.0 ,1284.,  133.0 ,1176.,1757348409,Cola Scavenger L2,6.380,0.139,0.000,0.016,0.000,11.31
2025-09-08,11:35:00,  110.5 ,1024.5,  250.0 ,914.,1757348411,Concentrado Colectivo,27.015,24.788,0.144,1.752,12.800,27.35
2025-09-08,11:38:00,  109.0 ,859.5,  106.0 ,750.5,1757348459,Concentrado 1ra Limpieza L1,26.989,25.576,0.145,1.528,12.300,14.12
2025-09-08,11:40:00,  110.5 ,1078.,  382.0 ,967.5,1757348882,Rebose Hidrociclones L1,2.496,0.593,0.007,0.035,0.000,39.48
2025-09-10,16:49:00,  110.5 ,1237.5,  129.5 ,1127.,1757540629,Cola Scavenger L1,18.773,0.152,0.000,0.012,0.000,11.49
2025-09-10,16:53:00,  109.0 ,1203.,  125.0 ,1094.,1657540631,Cola Scavenger L2,17.958,0.139,0.000,0.013,0.000,11.43
2025-09-10,16:55:00,  110.5 ,766.,  109.5 ,655.5,1757540634,Concentrado 1ra Limpieza L1,29.054,22.964,0.000,0.785,12.380,16.70
2025-09-10,16:59:00,  110.0 ,793.,  231.5 ,683.,1757540636,Concentrado 1ra Limpieza L2,29.456,22.225,0.000,0.847,13.240,33.89
2025-09-10,17:02:00,  110.0 ,899.5,  200.0 ,789.5,1757540637,Concentrado Colectivo,27.740,24.541,0.000,0.970,13.620,25.33
2025-09-12,11:07:00,  110.5 ,871.,  112.0 ,760.5,1757693082,Cola Scavenger L1,21.193,0.122,0.000,0.007,0.000,14.73
2025-09-12,11:09:00,  110.0 ,791.5,  154.5 ,681.5,1757693085,Rebose Hidrociclones L1,2.803,0.610,0.000,0.017,0.000,22.67
2025-09-12,11:12:00,  110.0 ,802.,  172.0 ,692.,1759693091,Relave Final,2.534,0.038,0.000,0.002,0.000,24.86
2025-09-12,11:18:00,  109.0 ,915.,  124.0 ,806.,1757693769,Cola Scavenger L2,21.809,0.115,0.000,0.005,0.000,15.38
2025-09-12,11:22:00,  110.5 ,536.,  67.0 ,425.5,1757693896,Concentrado 1ra Limpieza L1,31.082,23.194,0.000,0.798,11.700,15.75
2025-09-12,11:26:00,  110.0 ,533.,  134.0 ,423.,1757693897,Concentrado 1ra Limpieza L2,30.883,21.906,0.000,0.763,12.580,31.68
2025-09-12,11:28:00,  110.0 ,670.,  134.0 ,560.,1757693901,Concentrado Colectivo,29.451,23.888,0.000,0.859,13.340,23.93
2025-09-12,11:30:00,  110.0 ,894.5,  288.0 ,784.5,1757694287,Concentrado Primario L1,31.663,11.101,0.000,0.402,22.060,36.71
2025-09-15,18:09:00,  110.0 ,591.,  111.0 ,481.,1757977416,Relave Final,1.914,0.067,0.000,0.006,0.000,23.08
2025-09-15,18:12:00,  110.5 ,659.,  41.0 ,548.5,1757977420,Cola Scavenger L1,21.805,0.252,0.000,0.009,0.000,7.47
2025-09-15,18:16:00,  109.0 ,611.5,  38.0 ,502.5,1757977422,Cola Scavenger L2,22.680,0.211,0.000,0.009,0.000,7.56
2025-09-15,18:18:00,  110.5 ,373.,  44.0 ,262.5,1757977984,Concentrado 1ra Limpieza L1,31.062,22.798,0.000,1.322,0.000,16.76
2025-09-15,18:22:00,  110.0 ,364.,  82.5 ,254.,1757977985,Concentrado 1ra Limpieza L2,30.246,22.104,0.000,1.335,0.000,32.48
2025-09-15,18:25:00,  110.0 ,472.,  103.0 ,362.,1757977988,Concentrado Colectivo,30.822,23.888,0.000,1.488,0.000,28.45
2025-09-17,17:20:00,  110.0 ,266.5,  21.5 ,156.5,1758147359,Concentrado 1ra Limpieza L1,28.565,21.013,0.000,1.102,17.060,13.74
2025-09-17,17:27:00,  108.0 ,481.5,  110.5 ,373.5,1758147371,Rebose Hidrociclones L2,2.786,0.761,0.000,0.040,0.000,29.59
2025-09-17,17:29:00,  110.5 ,298.,  62.0 ,187.5,1758147375,Concentrado 1ra Limpieza L2,28.695,19.031,0.000,1.130,18.600,33.07
2025-09-17,17:34:00,  107.0 ,400.,  35.0 ,293.,1758147388,Cola Scavenger L1,21.027,0.154,0.000,0.008,0.000,11.95
2025-09-17,17:38:00,  108.5 ,422.5,  35.5 ,314.,1758147393,Cola Scavenger L2,22.228,0.151,0.000,0.008,0.000,11.31
2025-09-17,17:40:00,  110.0 ,422.,  98.5 ,312.,1758148707,Rebose Hidrociclones L1,3.004,0.596,0.000,0.033,0.000,31.57
2025-09-17,17:42:00,  110.5 ,320.5,  50.0 ,210.,1758148711,Concentrado Colectivo,27.797,20.022,0.000,1.217,18.660,23.81
2025-09-24,11:35:00,  110.0 ,929.,  218.0 ,819.,1758731480,Concentrado Primario L1,17.286,12.489,0.062,1.284,42.300,26.62
2025-09-24,11:38:00,  110.5 ,945.5,  128.0 ,835.,1758731687,Concentrado 1ra Limpieza L1,29.069,23.095,0.115,2.332,12.440,15.33
2025-09-24,11:40:00,  111.0 ,975.,  227.5 ,864.,1758731690,Relave Final,1.442,0.067,0.000,0.008,0.000,26.33
2025-09-24,11:41:00,  110.0 ,1024.5,  202.5 ,914.5,1758731708,Concentrado Colectivo,28.597,25.771,0.132,2.785,10.420,22.14
2025-09-24,11:44:00,  108.5 ,1285.,  111.0 ,1176.5,1758731716,Cola Scavenger L2,15.500,0.182,0.000,0.014,0.000,9.43
2025-09-24,11:45:00,  110.0 ,1006.,  313.0 ,896.,1758731749,Concentrado Primario L2,23.131,13.877,0.075,1.635,30.060,34.93
2025-09-24,11:47:00,  108.0 ,1069.5,  376.5 ,961.5,1758731755,Rebose Hidrociclones L2,1.783,0.601,0.005,0.048,0.000,39.16
2025-09-24,11:50:00,  110.0 ,1006.,  254.0 ,896.,1758731771,Concentrado 1ra Limpieza L2,28.729,22.500,0.107,2.476,13.720,28.35
2025-09-24,11:52:00,  110.5 ,1288.5,  110.0 ,1178.,1758731774,Cola Scavenger L1,16.518,0.150,0.000,0.012,0.000,9.34
2025-09-26,11:19:00,  110.0 ,999.5,  227.5 ,889.5,1758903369,Concentrado Colectivo,26.736,23.412,0.000,3.202,13.480,25.58
2025-09-26,11:20:00,  111.0 ,953.5,  217.0 ,842.5,1758903374,Relave Final,1.088,0.063,0.000,0.011,0.000,25.76
2025-09-26,11:23:00,  110.0 ,1007.,  279.0 ,897.,1758903375,Concentrado 1ra Limpieza L2,28.401,21.445,0.000,2.613,13.840,31.10
2025-09-26,11:25:00,  110.5 ,1215.,  165.5 ,1104.5,1758903380,Cola Scavenger L1,16.868,0.177,0.000,0.012,0.000,14.98
2025-09-26,11:27:00,  110.5 ,937.,  129.0 ,826.5,1758903383,Concentrado 1ra Limpieza L1,28.239,21.937,0.000,2.870,12.620,15.61
2025-09-26,11:29:00,  108.0 ,1041.5,  374.5 ,933.5,1758903388,Rebose Hidrociclones L2,1.467,0.525,0.006,0.072,0.000,40.12
2025-09-26,11:31:00,  110.0 ,976.5,  327.5 ,866.5,1758903758,Concentrado Primario L2,24.322,16.329,0.000,2.016,25.740,37.80
2025-09-26,11:34:00,  108.5 ,1277.5,  128.0 ,1169.,1758904230,Cola Scavenger L2,15.914,0.154,0.000,0.010,0.000,10.95
2025-09-26,11:37:00,  110.0 ,960.5,  265.0 ,850.5,1758904233,Concentrado Primario L1,23.853,14.756,0.000,2.322,27.680,31.16
2025-09-29,11:26:00,  111.0 ,953.,  213.5 ,842.,1759162977,Relave Final,1.936,0.069,0.000,0.008,0.000,25.36
2025-09-29,11:29:00,  110.5 ,1275.,  123.5 ,1164.5,1759162979,Cola Scavenger L1,21.953,0.170,0.000,0.013,0.000,10.61
2025-09-29,11:33:00,  108.5 ,1269.,  115.5 ,1160.5,1759162981,Cola Scavenger L2,23.689,0.167,0.000,0.013,0.000,9.95
2025-09-29,11:35:00,  110.5 ,941.,  114.0 ,830.5,1759162984,Concentrado 1ra Limpieza L1,30.226,22.401,0.000,2.051,12.040,13.73
2025-09-29,11:39:00,  110.0 ,1013.5,  296.5 ,903.5,1759162986,Concentrado 1ra Limpieza L2,28.028,21.592,0.000,2.085,12.560,32.82
2025-09-29,11:42:00,  110.0 ,1011.5,  209.5 ,901.5,1759162988,Concentrado Colectivo,26.526,22.985,0.000,2.096,14.780,23.24
2025-09-29,11:44:00,  110.0 ,1172.5,  432.0 ,1062.5,1759164178,Concentrado Primario L2,27.161,16.020,0.000,1.338,19.640,40.66
2025-09-29,11:47:00,  110.0 ,1065.5,  235.0 ,955.5,1759164179,Concentrado Primario L1,24.996,16.915,0.000,1.637,23.120,24.59
2025-10-03,12:15:00,  111.0 ,970.5,  224.0 ,859.5,1759511612,Relave Final,2.790,0.079,0.000,0.010,0.000,26.06
2025-10-03,12:18:00,  110.0 ,996.,  270.5 ,886.,1759511617,Concentrado 1ra Limpieza L2,27.965,24.086,0.000,2.883,12.020,30.53
2025-10-03,12:20:00,  108.5 ,1249.,  84.0 ,1140.5,1759511623,Cola Scavenger L2,19.291,0.370,0.000,0.035,0.000,7.37
2025-10-03,12:24:00,  108.5 ,1237.5,  80.0 ,1129.,1759511627,Cola Scavenger L1,19.253,0.377,0.000,0.038,0.000,7.09
2025-10-03,12:25:00,  110.0 ,1172.5,  424.5 ,1062.5,1759511631,Concentrado Primario L2,28.511,15.562,0.000,1.834,21.520,39.95
2025-10-03,12:27:00,  110.0 ,1040.5,  239.0 ,930.5,1759511635,Concentrado Colectivo,28.440,26.465,0.000,3.190,8.340,25.69
2025-10-13,10:04:00,  111.0 ,951.,  198.5 ,840.,1760367812,Relave Final,1.895,0.103,0.000,0.011,0.000,23.63
2025-10-13,10:08:00,  110.5 ,1248.,  69.5 ,1137.5,1760367827,Cola Scavenger L1,17.085,0.257,0.000,0.031,0.000,6.11
2025-10-13,10:11:00,  113.0 ,1247.5,  89.0 ,1134.5,1760367830,Cola Scavenger L2,16.650,0.267,0.000,0.038,0.000,7.84
2025-10-13,10:14:00,  115.0 ,970.5,  167.0 ,855.5,1760367834,Concentrado 1ra Limpieza L1,27.448,23.681,0.000,2.376,11.860,19.52
2025-10-13,10:18:00,  113.5 ,1014.5,  284.5 ,901.,1760367837,Concentrado 1ra Limpieza L2,27.345,24.278,0.000,2.179,11.080,31.58
2025-10-13,10:20:00,  110.0 ,1067.,  293.5 ,957.,1760367840,Concentrado Colectivo,27.211,26.368,0.000,2.187,9.500,30.67
2025-10-13,10:22:00,  113.5 ,1157.5,  401.0 ,1044.,1760367842,Concentrado Primario L2,23.663,18.607,0.000,1.628,24.800,38.41
2025-10-13,10:35:00,  100.0 ,1105.5,  289.0 ,1005.5,1760369509,Concentrado Primario L1,24.490,17.313,0.000,1.708,25.100,28.74
2025-10-15,10:49:00,  110.5 ,1034.,  356.6 ,923.5,1760543228,Rebose Hidrociclones L1,2.388,0.618,0.000,0.025,0.000,38.61
2025-10-15,10:53:00,  110.0 ,971.5,  236.0 ,861.5,1760543233,Relave Final,2.000,0.066,0.000,0.007,0.000,27.39
2025-10-15,10:56:00,  108.5 ,1268.,  148.0 ,1159.5,1760543235,Cola Scavenger L1,18.148,0.171,0.000,0.015,0.000,12.76
2025-10-15,10:59:00,  109.0 ,1252.5,  148.5 ,1143.5,1760543236,Cola Scavenger L2,18.019,0.156,0.000,0.013,0.000,12.99
2025-10-15,11:02:00,  109.0 ,940.5,  137.0 ,831.5,1760543802,Concentrado 1ra Limpieza L1,28.768,24.776,0.000,1.215,11.280,16.48
2025-10-15,11:06:00,  110.5 ,987.5,  239.0 ,877.,1760543803,Concentrado 1ra Limpieza L2,28.238,23.482,0.000,1.227,12.460,27.25
2025-10-15,11:08:00,  110.6 ,979.,  187.5 ,868.4,1760543805,Concentrado Colectivo,27.914,26.368,0.000,1.222,10.380,21.59
2025-10-15,11:31:00,  110.0 ,1131.5,  353.5 ,1021.5,1760545785,Concentrado Primario L2,27.676,13.731,0.000,0.496,24.220,34.61
2025-10-15,11:36:00,  110.6 ,1087.,  260.0 ,976.4,1760545787,Concentrado Primario L1,24.034,16.816,0.000,0.878,28.480,26.63
2025-10-17,10:39:00,  110.0 ,1017.5,  271.0 ,907.5,1760715353,Rebose Hidrociclones L1,2.029,0.609,0.000,1.716,86.070,29.86
2025-10-17,10:45:00,  107.0 ,1278.5,  150.0 ,1171.5,1760715368,Cola Scavenger L1,14.081,0.100,0.000,0.011,61.600,12.80
2025-10-17,10:48:00,  108.5 ,1295.5,  157.0 ,1187.,1760715381,Cola Scavenger L2,15.022,0.099,0.000,0.011,64.240,13.23
2025-10-17,10:51:00,  110.5 ,930.5,  115.0 ,820.,1760715383,Concentrado 1ra Limpieza L1,26.516,25.174,0.000,1.592,13.240,14.02
2025-10-17,10:54:00,  110.0 ,981.,  239.5 ,871.,1760715385,Concentrado 1ra Limpieza L2,26.297,24.875,0.000,1.469,27.420,27.50
2025-10-17,10:56:00,  110.0 ,1206.5,  470.5 ,1096.5,1760715387,Concentrado Primario L1,28.049,14.328,0.000,0.822,21.320,42.91
2025-10-22,18:07:00,  110.0 ,1043.,  369.5 ,933.,1761174281,Concentrado Primario L2,29.120,17.114,0.105,1.049,18.460,39.60
2025-10-22,18:08:00,  110.5 ,1386.,  285.0 ,1275.5,1761174332,Concentrado Colectivo,28.375,26.467,0.150,1.640,10.620,22.34
2025-10-22,18:18:00,  110.5 ,957.5,  271.0 ,847.,1761174846,Concentrado 1ra Limpieza L2,29.131,24.079,0.146,1.660,11.700,32.00
2025-10-22,18:21:00,  110.5 ,982.5,  95.5 ,872.,1761174928,Cola Scavenger L1,18.141,0.189,0.000,0.014,0.000,10.95
2025-10-22,18:23:00,  109.0 ,756.,  63.5 ,647.,1761174936,Concentrado 1ra Limpieza L1,29.446,26.268,0.155,1.392,9.200,9.81
2025-10-22,18:26:00,  113.0 ,958.,  95.0 ,845.,1761174943,Cola Scavenger L2,18.155,0.191,0.000,0.014,0.000,11.24
2025-10-22,18:28:00,  111.0 ,658.5,  168.0 ,547.5,1761175335,Relave Final,1.944,0.078,0.000,0.006,0.000,30.68
2025-10-22,18:31:00,  110.5 ,694.,  229.5 ,583.5,1761175479,Rebose Hidrociclones L1,2.681,0.480,0.007,0.032,0.000,39.33
2025-10-22,18:36:00,  109.0 ,687.,  222.0 ,578.,1761176097,Rebose Hidrociclones L2,2.667,0.523,0.007,0.034,0.000,38.41
2025-10-24,12:07:00,  100.0 ,1152.5,  209.5 ,1052.5,1761325588,Concentrado Colectivo,27.825,21.890,0.124,1.801,15.220,19.90
2025-10-24,12:09:00,  110.0 ,968.5,  303.0 ,858.5,1761325594,Concentrado Primario L2,25.092,16.169,0.089,1.396,26.000,35.29
2025-10-24,12:11:00,  108.5 ,1085.,  106.5 ,976.5,1761325623,Cola Scavenger L1,16.325,0.179,0.000,0.012,0.000,10.91
2025-10-24,12:13:00,  113.5 ,984.,  393.5 ,870.5,1761325708,Concentrado Primario L1,27.416,15.472,0.083,1.326,22.500,45.20
2025-10-24,12:15:00,  115.0 ,903.5,  89.5 ,788.5,1761325802,Concentrado 1ra Limpieza L1,28.584,23.582,0.122,1.700,12.120,11.35
2025-10-24,12:17:00,  110.3 ,823.,  143.0 ,712.75,1761325978,Relave Final,1.565,0.090,0.000,0.009,0.000,20.06
2025-10-24,12:21:00,  108.5 ,936.5,  88.5 ,828.,1761326282,Cola Scavenger L2,17.057,0.151,0.000,0.010,0.000,10.69
2025-10-24,12:24:00,  113.5 ,1113.5,  257.5 ,1000.,1761326289,Concentrado 1ra Limpieza L2,28.437,22.288,0.118,1.774,13.460,25.75
2025-10-29,11:32:00,  110.0 ,880.,  281.5 ,770.,1761755381,Rebose Hidrociclones L1,2.221,0.625,0.005,0.037,0.000,36.56
2025-10-29,11:34:00,  108.0 ,1711.,  331.0 ,1603.,1761755383,Rebose Hidrociclones L2,2.154,0.591,0.005,0.038,0.000,20.65
2025-10-29,11:37:00,  110.0 ,803.,  153.0 ,693.,1761755384,Relave Final,1.454,0.069,0.000,0.007,0.000,22.08
2025-10-29,11:47:00,  107.0 ,1125.5,  152.0 ,1018.5,1761756335,Cola Scavenger L1,9.913,0.133,0.000,0.011,0.000,14.92
2025-10-29,11:51:00,  108.5 ,1102.,  129.5 ,993.5,1761756489,Cola Scavenger L2,8.023,0.125,0.000,0.010,0.000,13.03
2025-10-29,11:53:00,  109.0 ,968.,  208.5 ,859.,1761756512,Concentrado 1ra Limpieza L1,27.274,21.859,0.091,1.560,16.600,24.27
2025-10-29,11:57:00,  113.5 ,843.5,  75.5 ,730.,1761756513,Concentrado 1ra Limpieza L2,28.963,24.867,0.102,1.616,11.620,10.34
2025-10-29,12:00:00,  110.0 ,947.,  161.0 ,837.,1761756516,Concentrado Colectivo,28.483,25.569,0.099,1.679,12.360,19.24
2025-10-29,12:01:00,  110.0 ,1135.,  320.5 ,1025.,1761756943,Concentrado Primario L2,22.852,14.439,0.050,1.049,32.760,31.27
2025-11-03,10:22:00,  110.5 ,707.,  216.0 ,596.5,1762183170,Rebose Hidrociclones L1,2.421,0.463,0.006,0.027,0.000,36.21
2025-11-03,10:26:00,  108.5 ,1007.5,  101.0 ,899.,1762183233,Cola Scavenger L1,14.987,0.121,0.000,0.009,0.000,11.23
2025-11-03,10:29:00,  108.0 ,1005.,  83.5 ,897.,1762183236,Cola Scavenger L2,13.076,0.113,0.000,0.008,0.000,9.31
2025-11-03,10:32:00,  115.0 ,941.,  145.0 ,826.,1762183239,Concentrado 1ra Limpieza L1,25.226,21.393,0.120,1.352,19.920,17.55
2025-11-03,10:34:00,  110.0 ,1057.5,  242.0 ,947.5,1762183242,Concentrado Colectivo,26.148,24.776,0.132,1.378,14.560,25.54
2025-11-03,10:36:00,  110.0 ,1200.,  443.0 ,1090.,1762183245,Concentrado Primario L2,27.788,12.139,0.073,0.811,24.020,40.64
2025-11-03,10:47:00,  100.0 ,1203.,  293.5 ,1103.,1762184598,Concentrado Primario L1,24.441,15.671,0.083,0.981,26.780,26.61
2025-11-10,11:16:00,  107.0 ,1057.5,  69.0 ,950.5,9517,Cola Scavenger L1,11.183,0.235,0.000,0.012,0.000,7.26
2025-11-10,11:17:00,  113.5 ,1071.5,  296.5 ,958.,9522,Concentrado Primario L2,21.350,16.751,0.169,0.572,32.720,30.95
2025-11-10,11:20:00,  108.5 ,1050.,  77.0 ,941.5,9518,Cola Scavenger L2,13.227,0.193,0.000,0.009,0.000,8.18
2025-11-10,11:24:00,  110.0 ,945.5,  117.0 ,835.5,9521,Concentrado Colectivo,29.459,22.401,0.265,1.218,12.460,14.00
2025-11-10,11:30:00,  115.0 ,874.5,  135.5 ,759.5,9519,Concentrado 1ra Limpieza L1,29.858,26.762,0.253,0.689,7.840,17.84
2025-11-10,11:33:00,  113.5 ,923.5,  116.5 ,810.,9520,Concentrado 1ra Limpieza L2,30.351,24.185,0.267,0.735,9.440,14.38
2025-11-12,09:23:00,  115.0 ,857.,  57.0 ,742.,9531,Concentrado 1ra Limpieza L1,28.987,25.375,0.180,1.313,9.940,7.68
2025-11-12,09:24:00,  110.0 ,996.,  258.0 ,886.,9527,Rebose Hidrociclones L1,2.103,0.580,0.006,0.040,0.000,29.12
2025-11-12,09:26:00,  113.5 ,1073.,  473.0 ,959.5,9534,Concentrado Primario L2,28.703,17.445,0.110,1.276,19.680,49.30
2025-11-12,09:28:00,  114.5 ,923.5,  143.5 ,809.,9528,Relave Final,1.480,0.114,0.000,0.009,0.000,17.74
2025-11-12,09:30:00,  113.5 ,983.5,  183.5 ,870.,9532,Concentrado 1ra Limpieza L2,29.157,22.500,0.161,1.544,12.720,21.09
2025-11-12,09:32:00,  100.0 ,1019.,  419.0 ,919.,9535,Concentrado Primario L1,27.965,20.220,0.123,1.320,16.740,45.59
2025-11-12,09:34:00,  115.5 ,1085.,  97.5 ,969.5,9529,Cola Scavenger L1,14.809,0.187,0.000,0.009,0.000,10.06
2025-11-12,09:36:00,  110.0 ,925.5,  225.5 ,815.5,9533,Concentrado Colectivo,28.742,22.401,0.158,1.573,13.760,27.65
2025-11-12,09:38:00,  113.5 ,1097.5,  95.5 ,984.,9530,Cola Scavenger L2,14.316,0.171,0.000,0.008,0.000,9.71
2025-11-14,10:57:00,  110.0 ,879.3,  145.0 ,769.3,9540,Relave Final,1.755,0.097,0.000,0.012,0.000,18.85
2025-11-14,11:00:00,  107.0 ,1042.5,  98.5 ,935.5,9541,Cola Scavenger L1,12.274,0.330,0.000,0.026,0.000,10.53
2025-11-14,11:04:00,  108.5 ,1035.,  99.0 ,926.49,9542,Cola Scavenger L2,12.321,0.322,0.000,0.026,0.000,10.69
2025-11-14,11:09:00,  115.0 ,922.5,  232.5 ,807.5,9539,Rebose Hidrociclones L1,2.215,0.689,0.007,0.057,0.000,28.79
2025-11-14,11:12:00,  110.0 ,823.,  106.5 ,713.,9543,Concentrado 1ra Limpieza L1,27.516,23.987,0.141,2.267,11.740,14.94
2025-11-14,11:15:00,  115.5 ,845.2,  231.0 ,729.7,9544,Concentrado 1ra Limpieza L2,27.295,22.599,0.131,2.585,13.500,31.66
2025-11-14,11:18:00,  115.5 ,885.,  150.0 ,769.5,9545,Concentrado Colectivo,27.652,26.069,0.146,2.307,10.360,19.49
2025-11-14,11:20:00,  110.0 ,1050.,  371.0 ,940.,9546,Concentrado Primario L2,23.498,16.355,0.106,1.662,27.840,39.47
2025-11-14,11:22:00,  100.0 ,1063.5,  395.0 ,963.5,9547,Concentrado Primario L1,25.858,19.229,0.106,1.612,20.840,41.00
2025-11-17,10:53:00,  108.0 ,1030.,  36.0 ,922.,9549,Cola Scavenger L2,12.560,0.665,0.000,0.088,0.000,3.90
2025-11-17,10:56:00,  115.0 ,814.5,  254.5 ,699.5,9548,Rebose Hidrociclones L1,2.979,0.581,0.008,0.110,0.000,36.38
2025-11-17,10:58:00,  114.5 ,1021.,  291.5 ,906.5,9550,Concentrado 1ra Limpieza L2,25.493,24.483,0.174,7.341,8.080,32.16
2025-11-17,11:00:00,  110.0 ,1100.5,  373.5 ,990.5,9552,Concentrado Primario L1,23.077,18.436,0.104,3.158,25.340,37.71
2025-11-17,11:02:00,  110.5 ,1284.,  320.0 ,1173.5,9551,Concentrado Colectivo,27.694,27.456,0.163,3.933,6.700,27.27
2025-11-24,11:11:00,  114.5 ,732.5,  127.5 ,618.,9559,Relave Final,4.025,0.139,0.000,0.011,0.000,20.63
2025-11-24,11:15:00,  110.0 ,1134.5,  343.0 ,1024.5,9564,Concentrado Primario L2,25.832,18.010,0.062,1.342,23.220,33.48
2025-11-24,11:18:00,  108.5 ,1091.5,  77.0 ,983.,9560,Cola Scavenger L1,11.563,0.378,0.000,0.028,0.000,7.83
2025-11-24,11:24:00,  114.5 ,952.5,  162.5 ,838.,9562,Concentrado 1ra Limpieza L1,27.946,22.885,0.079,1.795,13.980,19.39
2025-11-24,11:27:00,  108.0 ,1054.5,  76.0 ,946.5,9561,Cola Scavenger L2,15.480,0.310,0.000,0.022,0.000,8.03
2025-11-24,11:29:00,  115.5 ,966.5,  206.0 ,851.,9563,Concentrado 1ra Limpieza L2,26.472,23.184,0.078,1.737,14.500,24.21
2025-11-24,11:31:00,  115.0 ,863.5,  267.5 ,748.5,9557,Rebose Hidrociclones L1,3.187,0.616,0.004,0.039,0.000,35.74
2025-11-24,11:33:00,  114.5 ,867.,  284.0 ,752.5,9558,Rebose Hidrociclones L2,3.131,0.620,0.004,0.039,0.000,37.74
2025-11-26,11:11:00,  110.5 ,961.5,  193.0 ,851.,9572,Concentrado Colectivo,28.961,27.263,0.428,1.471,8.120,22.68
2025-11-26,11:14:00,  108.5 ,1040.5,  66.5 ,932.,9568,Cola Scavenger L1,10.358,0.242,0.000,0.017,0.000,7.14
2025-11-26,11:16:00,  114.5 ,943.,  144.0 ,828.5,9570,Concentrado 1ra Limpieza L1,28.931,25.870,0.387,1.340,8.560,17.38
2025-11-26,11:18:00,  114.5 ,746.,  123.5 ,631.5,9567,Relave Final,2.271,0.096,0.000,0.007,0.000,19.56
2025-11-26,11:20:00,  110.0 ,1135.5,  338.5 ,1025.5,9573,Concentrado Primario L2,24.973,15.224,0.241,0.816,28.120,33.01
2025-11-26,11:22:00,  108.0 ,1322.5,  101.5 ,1214.5,9569,Cola Scavenger L2,11.083,0.282,0.000,0.017,0.000,8.36
2025-11-26,11:25:00,  115.0 ,872.5,  292.0 ,757.5,9565,Rebose Hidrociclones L1,2.894,0.503,0.009,0.024,0.000,38.55
2025-11-26,11:28:00,  115.5 ,954.5,  162.5 ,839.,9571,Concentrado 1ra Limpieza L2,29.060,23.482,0.351,1.340,12.200,19.37
2025-11-26,11:30:00,  114.5 ,878.5,  288.5 ,764.,9566,Rebose Hidrociclones L2,2.667,0.500,0.009,0.022,0.000,37.76
2025-11-26,11:31:00,  110.0 ,1052.5,  240.5 ,942.5,9574,Concentrado Primario L1,18.816,14.328,0.196,0.672,39.520,25.52
2025-11-28,12:13:00,  108.0 ,1039.4,  77.5 ,931.4,1764349866,Cola Scavenger L2,5.534,0.147,0.000,0.010,0.000,8.32
2025-11-28,12:14:00,  110.0 ,1054.8,  228.5 ,944.8,1764349894,Concentrado Primario L1,16.259,11.300,0.100,0.512,46.160,24.19
2025-11-28,12:16:00,  115.0 ,866.8,  271.0 ,751.8,1764349898,Rebose Hidrociclones L1,2.821,0.481,0.008,0.021,0.000,36.05
2025-11-28,12:18:00,  114.5 ,919.,  130.0 ,804.5,1764349899,Concentrado 1ra Limpieza L1,26.772,23.095,0.294,0.752,15.020,16.16
2025-11-28,12:20:00,  114.5 ,863.,  297.0 ,748.5,1764349901,Rebose Hidrociclones L2,2.732,0.504,0.007,0.021,0.000,39.68
2025-11-28,12:22:00,  110.0 ,1039.6,  342.0 ,929.6,1764349903,Concentrado Primario L2,21.413,18.139,0.185,0.781,29.160,36.79
2025-11-28,12:24:00,  108.5 ,1316.8,  115.5 ,1208.3,1764349905,Cola Scavenger L1,4.983,0.294,0.000,0.014,0.000,9.56
2025-11-28,12:27:00,  115.5 ,948.,  172.0 ,832.5,1764349908,Concentrado 1ra Limpieza L2,25.214,20.419,0.245,1.025,19.280,20.66
2025-11-28,12:28:00,  114.5 ,717.6,  110.0 ,603.1,1764349909,Relave Final,1.992,0.101,0.000,0.006,0.000,18.24
2025-11-28,12:29:00,  110.5 ,1002.,  246.0 ,891.5,1764349910,Concentrado Colectivo,26.403,23.690,0.247,0.975,13.860,27.59
2025-12-01,10:40:00,  115.0 ,898.,  898.0 ,783.,1764603416,Rebose Hidrociclones L2,2.844,0.460,0.007,0.032,0.000,114.69
2025-12-01,10:43:00,  110.0 ,728.5,  728.5 ,618.5,1764603430,Relave Final,2.092,0.066,0.000,0.006,0.000,117.78
2025-12-01,10:46:00,  107.0 ,1075.,"  1,075.0 ",968.,1764603432,Cola Scavenger L1,7.448,0.213,0.000,0.009,0.000,111.05
2025-12-01,10:49:00,  108.5 ,1068.5,"  1,068.5 ",960.,1764603434,Cola Scavenger L2,7.341,0.149,0.000,0.005,0.000,111.30
2025-12-01,10:52:00,  110.0 ,719.,  719.0 ,609.,1764604087,Concentrado 1ra Limpieza L1,25.358,23.293,0.115,0.637,16.200,118.06
2025-12-01,10:56:00,  109.0 ,921.,  921.0 ,812.,1764604089,Concentrado 1ra Limpieza L2,23.758,19.031,0.085,0.731,23.180,113.42
2025-12-01,10:57:00,  110.0 ,1044.,"  1,044.0 ",934.,1764604089,Concentrado Primario L2,11.859,8.326,0.040,0.546,57.140,111.78
2025-12-01,11:00:00,  108.0 ,1056.5,"  1,056.5 ",948.5,1764604100,Concentrado Primario L1,14.132,10.268,0.108,0.871,48.900,111.39
2025-12-01,11:04:00,  115.5 ,945.5,  945.5 ,830.,1764604983,Concentrado Colectivo,26.106,22.798,0.086,1.519,14.900,113.92
2025-12-03,10:43:00,  114.5 ,788.,  151.5 ,673.5,1764776456,Relave Final,3.236,0.046,0.000,0.004,0.000,22.49
2025-12-03,10:46:00,  108.5 ,1083.,  102.5 ,974.5,1764776460,Cola Scavenger L1,8.365,0.230,0.000,0.007,0.000,10.52
2025-12-03,10:50:00,  108.0 ,1082.5,  95.0 ,974.5,1764776463,Cola Scavenger L2,8.130,0.164,0.000,0.005,0.000,9.75
2025-12-03,10:54:00,  114.5 ,985.5,  72.0 ,871.,1764777022,Concentrado 1ra Limpieza L1,27.642,24.574,0.387,1.012,11.080,8.27
2025-12-03,10:58:00,  115.5 ,930.,  145.5 ,814.5,1764777023,Concentrado 1ra Limpieza L2,26.328,22.729,0.377,1.274,13.460,17.86
2025-12-03,11:01:00,  110.5 ,954.,  148.5 ,843.5,1764777025,Concentrado Colectivo,26.970,26.518,0.406,1.033,8.360,17.61
2025-12-03,11:02:00,  110.0 ,854.,  164.0 ,744.,1764777027,Concentrado Primario L2,15.891,12.860,0.164,0.478,41.920,22.04
2025-12-03,11:17:00,  110.0 ,1070.5,  225.5 ,960.5,1764778542,Concentrado Primario L1,20.433,17.147,0.284,0.638,31.700,23.48
2025-12-05,11:29:00,  111.0 ,840.5,  191.0 ,729.5,1764951953,Relave Final,2.648,0.083,0.000,0.007,0.000,26.18
2025-12-05,11:32:00,  110.5 ,1062.5,  86.0 ,952.,1764951960,Cola Scavenger L1,11.991,0.460,0.000,0.010,0.000,9.03
2025-12-05,11:36:00,  113.5 ,1058.5,  75.0 ,945.,1764951963,Cola Scavenger L2,10.903,0.453,0.000,0.011,0.000,7.94
2025-12-05,11:38:00,  115.0 ,897.5,  75.0 ,782.5,1764952083,Concentrado 1ra Limpieza L1,28.243,25.033,0.262,1.189,12.060,9.58
2025-12-05,11:42:00,  113.5 ,930.5,  147.5 ,817.,1764952088,Concentrado 1ra Limpieza L2,27.245,22.169,0.250,1.323,15.860,18.05
2025-12-05,11:45:00,  110.0 ,929.5,  116.5 ,819.5,1764952091,Concentrado Colectivo,27.987,26.268,0.268,1.304,9.760,14.22
2025-12-05,11:47:00,  113.5 ,847.5,  203.0 ,734.,1764952413,Concentrado Primario L2,23.062,16.195,0.149,0.893,31.380,27.66
2025-12-15,10:49:00,  110.0 ,1343.5,  215.0 ,1233.5,1765794791,Concentrado Colectivo,27.483,21.182,0.120,2.583,15.900,17.43
2025-12-15,10:50:00,  111.0 ,576.5,  47.0 ,465.5,1765795441,Relave Final,2.010,0.061,0.000,0.009,0.000,10.10
2025-12-15,10:54:00,  113.5 ,584.,  37.5 ,470.5,1765795442,Cola Scavenger L2,15.411,0.173,0.000,0.025,0.000,7.97
2025-12-15,10:56:00,  115.0 ,734.,  71.0 ,619.,1765795596,Concentrado 1ra Limpieza L1,28.206,22.910,0.110,2.021,13.940,11.47
2025-12-15,10:58:00,  100.0 ,888.5,  290.5 ,788.5,1765796213,Concentrado Primario L1,29.271,16.393,0.096,1.550,24.780,36.84
2025-12-15,11:21:00,  108.0 ,713.,  231.0 ,605.,1765797614,Rebose Hidrociclones L2,2.376,0.558,0.007,0.049,0.000,38.18
2025-12-17,10:09:00,  114.5 ,719.,  241.5 ,604.5,1765965903,Rebose Hidrociclones L2,2,0.59,0.006,0.057,0,39.95
2025-12-17,10:12:00,  108.0 ,576.,  35.0 ,468.,1765965939,Cola Scavenger L2,8,0.248,0,0.026,0,7.48
2025-12-17,10:15:00,  115.5 ,720.5,  155.5 ,605.,1765965943,Concentrado 1ra Limpieza L2,26,25,0.165,6.404,10.2,25.70
2025-12-17,10:17:00,  110.5 ,831.,  103.0 ,720.5,1765965945,Concentrado Colectivo,28,29,0.163,2.588,5.56,14.30
2025-12-17,10:19:00,  110.0 ,755.5,  257.5 ,645.5,1765965949,Concentrado Primario L1,21,20,0.111,1.995,29.32,39.89
2025-12-17,11:06:00,  114.5 ,598.,  42.5 ,483.5,1765965895,Relave Final,1,0.052,0,0.009,0,8.79
2025-12-19,12:30:00,  110.0 ,573.5,  96.5 ,463.5,1766147221,Relave Final,1,0.07,0,0.011,0,20.82
2025-12-19,12:34:00,  113.5 ,471.,  20.5 ,357.5,1766147224,Cola Scavenger L2,14.68,0.808,0,0.046,0,5.73
2025-12-19,12:37:00,  115.0 ,581.5,  170.0 ,466.5,1766147228,Concentrado 1ra Limpieza L1,30,23,0.126,2.214,10.48,36.44
2025-12-19,12:40:00,  113.5 ,589.,  128.0 ,475.5,1766147229,Concentrado 1ra Limpieza L2,28,23,0.136,2.85,12.68,26.92
2025-12-19,12:43:00,  110.0 ,602.,  112.0 ,492.,1766147231,Concentrado Colectivo,28,25,0.145,2.783,10.6,22.76
2025-12-19,12:46:00,  100.0 ,756.,  248.0 ,656.,1766147234,Concentrado Primario L1,27,17,0.101,1.971,21.34,37.80
2025-12-24,12:04:00,  110.0 ,750.,  216.0 ,640.,9654,Concentrado Primario L1,20,18,0.129,2.601,30.28,33.75
2025-12-24,12:30:00,  114.5 ,671.5,  228.5 ,557.,9648,Rebose Hidrociclones L2,1.96,0.548,0.007,0.073,0,41.02
2025-12-24,12:31:00,  114.5 ,530.,  85.5 ,415.5,9649,Relave Final,1.26,0.057,0,0.012,0,20.58
2025-12-24,12:34:00,  108.0 ,481.,  23.0 ,373.,9650,Cola Scavenger L2,8,0.473,0,0.058,0,6.17
2025-12-24,12:40:00,  115.5 ,613.5,  154.0 ,498.,9651,Concentrado 1ra Limpieza L2,25,21,0.14,3.224,20.08,30.92
2025-12-24,12:43:00,  110.5 ,628.5,  154.5 ,518.,9652,Concentrado Colectivo,26,22,0.147,3.164,17.92,29.83
2025-12-24,12:46:00,  110.0 ,756.,  226.0 ,646.,9653,Concentrado Primario L2,16,15,0.112,2.372,40.94,34.98
2026-01-09,11:43:00,  108.0 ,740.,  153.5 ,632.,9676,Concentrado Primario L1,22.112,16.792,0.160,1.005,22.500,24.29
2026-01-09,11:46:00,  110.0 ,571.,  99.0 ,461.,9673,Concentrado 1ra Limpieza L1,25.536,22.455,0.197,1.379,8.720,21.48
2026-01-09,11:51:00,  110.5 ,605.5,  121.0 ,495.,9674,Concentrado 1ra Limpieza L2,27.864,20.014,0.184,2.048,10.400,24.44
2026-01-09,11:54:00,  110.0 ,475.,  21.0 ,365.,9672,Cola Scavenger L2,17.379,0.615,,0.051,,5.75
2026-01-09,11:55:00,  110.0 ,588.,  84.5 ,478.,9675,Concentrado Colectivo,24.301,26.165,0.225,1.539,7.600,17.68
2026-01-09,11:57:00,  110.0 ,595.,  114.0 ,485.,9671,Relave Final,2.176,0.094,,0.007,,23.51
2026-01-14,16:20:00,  110.0 ,574.,  62.0 ,464.,9682,Relave Final,2.196,0.054,,0.007,,13.36
2026-01-14,16:23:00,  110.5 ,345.,  17.5 ,234.5,9683,Cola Scavenger L1,19.692,0.183,,0.030,,7.46
2026-01-14,16:27:00,  110.0 ,474.5,  23.5 ,364.5,9684,Cola Scavenger L2,20.621,0.106,,0.029,,6.45
2026-01-14,16:29:00,  110.0 ,552.5,  80.5 ,442.5,9686,Concentrado Colectivo,29.441,25.576,0.170,1.511,8.760,18.19
2026-01-14,16:37:00,  108.0 ,626.5,  218.5 ,518.5,9681,Rebose Hidrociclones L2,3.198,0.642,0.010,0.044,,42.14
2026-01-14,16:40:00,  108.0 ,807.5,  307.5 ,699.5,9687,Concentrado Primario L1,31.424,13.477,0.098,0.909,18.180,43.96
2026-01-14,16:44:00,  110.0 ,577.5,  87.5 ,467.5,9685,Concentrado 1ra Limpieza L1,30.012,20.658,0.148,1.481,11.060,18.72
2026-01-19,10:35:00,  108.5 ,454.,  44.5 ,345.5,9692,Cola Scavenger L1,25.558,0.141,,0.016,,12.88
2026-01-19,10:38:00,  108.0 ,439.,  35.5 ,331.,9693,Cola Scavenger L2,24.366,0.169,,0.017,,10.73
2026-01-19,10:41:00,  114.5 ,503.5,  62.0 ,389.,9691,Relave Final,3.515,0.071,,0.005,,15.94
2026-01-19,10:46:00,  115.5 ,528.,  128.0 ,412.5,9695,Concentrado 1ra Limpieza L2,30.191,20.854,0.097,0.658,10.940,31.03
2026-01-19,10:50:00,  109.0 ,496.5,  82.2 ,387.5,9694,Concentrado 1ra Limpieza L1,29.855,22.035,0.101,0.660,9.740,21.21
2026-01-19,11:00:00,  110.0 ,529.5,  170.0 ,419.5,9690,Rebose Hidrociclones L2,3.861,1.080,0.011,0.031,,40.52
2026-01-19,11:03:00,  110.0 ,578.5,  70.5 ,468.5,9696,Concentrado Primario L1,20.153,13.673,0.076,0.537,18.460,15.05
2026-01-21,11:10:00,  110.0 ,561.,  94.0 ,451.,9701,Relave Final,3.107,0.060,,0.003,,20.84
2026-01-21,11:13:00,  110.5 ,488.,  45.0 ,377.5,9702,Cola Scavenger L1,26.061,0.274,,0.008,,11.92
2026-01-21,11:17:00,  110.0 ,485.,  37.5 ,375.,9703,Cola Scavenger L2,24.579,0.088,,0.006,,10.00
2026-01-21,11:19:00,  108.0 ,514.,  136.0 ,406.,9700,Rebose Hidrociclones L2,3.768,0.427,0.012,0.021,,33.50
2026-01-21,11:21:00,  110.0 ,600.,  114.0 ,490.,9706,Concentrado Colectivo,29.156,23.806,0.252,0.920,10.380,23.27
2026-01-21,11:25:00,  110.0 ,578.,  78.5 ,468.,9704,Concentrado 1ra Limpieza L1,28.890,17.510,0.211,0.892,16.460,16.77
2026-01-21,11:28:00,  110.5 ,616.,  147.5 ,505.5,9705,Concentrado 1ra Limpieza L2,30.580,10.722,0.148,0.507,19.120,29.18
2026-01-21,11:30:00,  108.0 ,759.,  224.0 ,651.,9707,Concentrado Primario L1,28.314,18.297,0.218,0.854,15.980,34.41
2026-01-23,10:33:00,  110.5 ,503.,  52.5 ,392.5,9710,Cola Scavenger L1,27.879,0.115,,0.008,,13.38
2026-01-23,10:37:00,  110.0 ,491.5,  43.5 ,381.5,9711,Cola Scavenger L2,26.023,0.101,,0.007,,11.40
2026-01-23,10:40:00,  108.0 ,660.5,  229.0 ,552.5,9708,Rebose Hidrociclones L2,3.000,0.330,0.011,0.019,,41.45
2026-01-23,10:41:00,  110.0 ,590.,  89.5 ,480.,9712,Concentrado Colectivo,29.284,22.070,0.296,0.920,12.080,18.65
2026-01-23,10:43:00,  108.0 ,737.,  213.0 ,629.,9713,Concentrado Primario L1,26.016,15.808,0.209,0.730,25.340,33.86
2026-01-23,11:40:00,  110.0 ,561.,  92.5 ,451.,9709,Relave Final,2.522,0.067,,0.005,,20.51
2026-01-26,11:07:00,  108.5 ,525.5,  30.0 ,417.,9717,Cola Scavenger L1,17.414,0.222,,0.014,,7.19
2026-01-26,11:10:00,  108.0 ,544.5,  33.5 ,436.5,9718,Cola Scavenger L2,14.646,0.161,,0.006,,7.67
2026-01-26,11:12:00,  110.5 ,552.,  67.0 ,441.5,9719,Concentrado Colectivo,26.888,23.199,0.119,1.195,14.840,15.18
2026-01-26,11:13:00,  110.0 ,670.,  207.5 ,560.,9720,Concentrado Primario L1,23.124,15.398,0.071,0.639,31.460,37.05
2026-01-26,11:15:00,  110.0 ,562.5,  114.0 ,452.5,9715,Rebose Hidrociclones L2,1.895,0.393,0.005,0.022,,25.19
2026-01-26,11:18:00,  114.5 ,589.5,  114.0 ,475.,9716,Relave Final,1.402,0.043,,0.004,,24.00
2026-01-28,11:11:00,  114.5 ,555.,  89.5 ,440.5,9722,Relave Final,1.616,0.068,,0.005,,20.32
2026-01-28,11:14:00,  108.0 ,471.5,  37.0 ,363.5,9724,Cola Scavenger L2,15.423,0.158,,0.004,,10.18
2026-01-28,11:18:00,  108.5 ,476.5,  49.5 ,368.,9723,Cola Scavenger L1,15.259,0.125,,0.005,,13.45
2026-01-28,11:20:00,  110.0 ,600.,  176.5 ,490.,9721,Rebose Hidrociclones L2,1.703,0.581,0.006,0.027,,36.02
2026-01-28,11:22:00,  110.0 ,677.5,  201.5 ,567.5,9728,Concentrado Primario L1,20.622,15.295,0.070,0.733,36.580,35.51
2026-01-28,11:24:00,  115.5 ,676.,  107.5 ,560.5,9726,Concentrado 1ra Limpieza L2,23.899,18.990,0.107,1.110,24.720,19.18
2026-01-28,11:28:00,  109.0 ,532.5,  54.5 ,423.5,9725,Concentrado 1ra Limpieza L1,25.940,23.250,0.124,0.938,15.800,12.87
2026-01-28,11:31:00,  110.0 ,551.,  98.5 ,441.,9727,Concentrado Colectivo,26.577,24.790,0.122,1.027,14.020,22.34
2026-01-30,17:43:00,  114.5 ,419.5,  43.0 ,305.,9733,Relave Final,0.967,0.097,,0.006,,14.10
2026-01-30,17:47:00,  108.5 ,490.,  40.5 ,381.5,9734,Cola Scavenger L1,8.414,0.158,,0.012,,10.62
2026-01-30,17:50:00,  108.0 ,477.5,  36.5 ,369.5,9735,Cola Scavenger L2,7.705,0.121,,0.011,,9.88
2026-01-30,17:53:00,  110.0 ,485.,  138.0 ,375.,9732,Rebose Hidrociclones L2,1.498,0.701,0.005,0.040,,36.80
2026-01-30,17:55:00,  109.0 ,555.5,  67.5 ,446.5,9736,Concentrado 1ra Limpieza L1,27.477,23.610,0.117,1.452,17.380,15.12
2026-01-30,17:59:00,  110.5 ,591.5,  136.5 ,481.,9737,Concentrado 1ra Limpieza L2,27.595,21.095,0.106,1.513,18.720,28.38
2026-01-30,18:06:00,  110.0 ,676.,  152.0 ,566.,9740,Concentrado Primario L1,17.132,14.884,0.075,1.118,43.600,26.86
2026-01-30,18:08:00,  110.5 ,929.5,  179.0 ,819.,9738,Concentrado Colectivo,26.786,24.431,0.114,1.520,16.640,21.86
2026-01-30,18:09:00,  110.0 ,752.5,  230.5 ,642.5,9739,Concentrado Primario L2,24.583,13.242,0.066,0.938,28.920,35.88
2026-02-02,09:45:00,  110.0 ,511.,  47.5 ,401.,9746,Relave Final,1.447,0.092,,0.008,,11.85
2026-02-02,09:48:00,  107.0 ,505.,  59.5 ,398.,9747,Cola Scavenger L1,13.701,0.153,,0.016,,14.95
2026-02-02,09:52:00,  108.5 ,495.5,  53.0 ,387.,9748,Cola Scavenger L2,12.755,0.156,,0.015,,13.70
2026-02-02,09:55:00,  115.0 ,633.,  223.5 ,518.,9745,Rebose Hidrociclones L2,2.150,0.483,0.009,0.024,,43.15
2026-02-02,09:57:00,  110.0 ,601.5,  81.5 ,491.5,9749,Concentrado 1ra Limpieza L1,29.154,27.305,0.284,1.252,8.600,16.58
2026-02-02,10:01:00,  109.0 ,630.,  126.0 ,521.,9750,Concentrado 1ra Limpieza L2,28.262,25.663,0.282,1.516,11.000,24.18
2026-02-02,10:02:00,  110.0 ,755.5,  221.5 ,645.5,9752,Concentrado Primario L2,22.824,18.580,0.193,0.803,28.600,34.31
2026-02-02,10:05:00,  110.0 ,763.5,  213.0 ,653.5,9753,Concentrado Primario L1,27.598,12.831,0.161,0.719,25.140,32.59
2026-02-02,10:07:00,  114.5 ,1022.,  255.5 ,907.5,9751,Concentrado Colectivo,27.904,27.613,0.281,1.299,9.360,28.15
2026-02-04,09:50:00,  110.0 ,544.5,  46.5 ,434.5,9755,Relave Final,2.050,0.060,,0.006,,10.70
2026-02-04,09:54:00,  107.0 ,499.,  38.5 ,392.,9756,Cola Scavenger L1,6.408,0.099,,0.007,,9.82
2026-02-04,09:57:00,  108.5 ,502.5,  37.0 ,394.,9757,Cola Scavenger L2,6.179,0.101,,0.007,,9.39
2026-02-04,09:59:00,  110.0 ,592.5,  77.0 ,482.5,9758,Concentrado 1ra Limpieza L1,26.889,25.765,0.222,1.052,12.640,15.96
2026-02-04,10:03:00,  109.0 ,620.,  220.5 ,511.,9759,Concentrado 1ra Limpieza L2,25.391,20.838,0.199,1.498,20.560,43.15
2026-02-04,10:06:00,  114.5 ,592.,  86.0 ,477.5,9760,Concentrado Colectivo,27.578,23.610,0.232,1.302,13.080,18.01
2026-02-04,10:08:00,  110.0 ,750.5,  117.5 ,640.5,9761,Concentrado Primario L2,22.387,16.835,0.154,0.864,32.600,18.35
2026-02-04,10:10:00,  109.0 ,731.,  215.5 ,622.,9762,Concentrado Primario L1,21.962,17.245,0.160,0.904,31.620,34.65
2026-02-04,10:12:00,  115.0 ,644.5,  224.5 ,529.5,9754,Rebose Hidrociclones L2,2.499,0.460,0.008,0.024,,42.40
2026-02-06,10:11:00,  110.0 ,471.5,  44.0 ,361.5,9763,Relave Final,2.459,0.065,,0.004,,12.17
2026-02-06,10:15:00,  107.0 ,488.5,  21.0 ,381.5,9764,Cola Scavenger L1,9.909,0.369,,0.015,,5.50
2026-02-06,10:21:00,  110.0 ,589.,  67.0 ,479.,9766,Concentrado 1ra Limpieza L1,21.590,16.629,0.066,1.062,31.120,13.99
2026-02-06,10:23:00,  110.0 ,765.5,  231.5 ,655.5,9768,Concentrado Primario L2,26.228,23.404,0.099,1.503,15.400,35.32
2026-02-06,10:25:00,  114.5 ,769.5,  102.5 ,655.,9767,Concentrado Colectivo,27.452,26.484,0.101,1.434,10.160,15.65
2026-02-09,11:25:00,  110.0 ,493.,  26.0 ,383.,9770,Relave Final,1.614,0.180,,0.012,,6.79
2026-02-09,11:28:00,  107.0 ,584.,  39.0 ,477.,9771,Cola Scavenger L1,13.690,0.112,,0.007,,8.18
2026-02-09,11:32:00,  108.5 ,547.,  37.5 ,438.5,9772,Cola Scavenger L2,13.822,0.105,,0.008,,8.55
2026-02-09,11:35:00,  115.0 ,585.,  205.0 ,470.,9769,Rebose Hidrociclones L2,1.968,0.413,0.006,0.023,,43.62
2026-02-09,11:37:00,  110.0 ,672.,  82.0 ,562.,9773,Concentrado 1ra Limpieza L1,26.639,20.975,0.130,1.293,18.360,14.59
2026-02-09,11:41:00,  109.0 ,711.,  136.5 ,602.,9774,Concentrado 1ra Limpieza L2,21.874,15.082,0.089,0.885,36.520,22.67
2026-02-09,11:44:00,  114.5 ,682.5,  120.0 ,568.,9775,Concentrado Colectivo,26.878,21.924,0.130,1.285,18.520,21.13
2026-02-09,11:45:00,  110.0 ,619.5,  179.0 ,509.5,9776,Concentrado Primario L2,25.848,19.327,0.121,1.317,23.100,35.13
2026-02-09,11:48:00,  109.0 ,772.,  233.5 ,663.,9777,Concentrado Primario L1,21.788,16.081,0.094,0.853,34.120,35.22
2026-02-11,10:43:00,  107.0 ,481.5,  36.5 ,374.5,9779,Cola Scavenger L1,11.301,0.201,,0.017,,9.75
2026-02-11,10:46:00,  108.5 ,468.5,  29.5 ,360.,9780,Cola Scavenger L2,10.990,0.135,,0.009,,8.19
2026-02-11,10:49:00,  115.0 ,896.5,  345.0 ,781.5,9778,Rebose Hidrociclones L2,1.421,0.424,0.005,0.038,,44.15
2026-02-11,10:52:00,  110.0 ,1230.5,  204.0 ,1120.5,9781,Concentrado 1ra Limpieza L1,25.333,20.656,0.114,1.733,19.140,18.21
2026-02-11,10:55:00,  109.0 ,1074.,  268.5 ,965.,9782,Concentrado 1ra Limpieza L2,24.855,18.550,0.102,1.753,22.680,27.82
2026-02-11,10:58:00,  114.5 ,1052.5,  225.0 ,938.,9783,Concentrado Colectivo,25.866,23.363,0.127,1.913,15.360,23.99
2026-02-16,10:04:00,  110.0 ,611.5,  104.5 ,501.5,9784,Relave Final,1.691,0.086,,0.014,,20.84
2026-02-16,10:08:00,  107.0 ,598.,  38.5 ,491.,9785,Cola Scavenger L1,12.571,0.146,,0.019,,7.84
2026-02-16,10:11:00,  108.5 ,592.,  37.0 ,483.5,9786,Cola Scavenger L2,12.342,0.187,,0.021,,7.65
2026-02-16,10:16:00,  110.0 ,705.,  55.5 ,595.,9787,Concentrado 1ra Limpieza L1,28.525,25.469,0.188,2.480,9.300,9.33
2026-02-16,10:20:00,  117.0 ,774.5,  167.5 ,657.5,9788,Concentrado 1ra Limpieza L2,27.191,20.605,0.169,3.048,15.340,25.48
2026-02-16,10:22:00,  110.0 ,833.,  255.0 ,723.,9790,Concentrado Primario L2,23.952,24.466,0.121,2.057,25.560,35.27
2026-02-16,10:24:00,  110.0 ,832.,  252.0 ,722.,9791,Concentrado Primario L1,23.679,17.547,0.101,1.886,27.980,34.90
2026-02-16,10:26:00,  114.5 ,174.5,  177.0 ,60.,9789,Concentrado Colectivo,27.426,15.943,0.184,2.794,11.280,295.00
2026-02-18,10:25:00,  110.0 ,554.,  92.0 ,444.,9793,Relave Final,1.421,0.067,,0.010,,20.72
2026-02-18,10:29:00,  107.0 ,600.5,  45.5 ,493.5,9794,Cola Scavenger L1,9.742,0.107,,0.011,,9.22
2026-02-18,10:32:00,  108.5 ,599.5,  45.0 ,491.,9795,Cola Scavenger L2,9.087,0.105,,0.010,,9.16
2026-02-18,10:37:00,  110.0 ,712.5,  128.0 ,602.5,9796,Concentrado 1ra Limpieza L1,27.032,23.563,0.166,2.172,13.820,21.24
2026-02-18,10:39:00,  110.0 ,832.,  194.5 ,722.,9798,Concentrado Primario L2,16.475,10.528,0.068,1.020,52.860,26.94
2026-02-18,10:40:00,  114.5 ,1266.5,  277.5 ,1152.,9797,Concentrado Colectivo,26.741,24.867,0.163,2.128,15.100,24.09
2026-02-18,10:42:00,  109.0 ,826.,  207.0 ,717.,9799,Concentrado Primario L1,16.509,9.225,0.056,0.925,48.000,28.87
2026-02-18,10:44:00,  115.0 ,634.,  240.0 ,519.,9792,Rebose Hidrociclones L2,1.709,0.464,0.007,0.045,,46.24
2026-02-20,10:24:00,  115.0 ,644.5,  231.5 ,529.5,9800,Rebose Hidrociclones L2,1.688,0.632,0.008,0.076,,43.72
2026-02-20,10:26:00,  114.5 ,758.5,  148.5 ,644.,9805,Concentrado Colectivo,27.961,26.070,0.192,2.802,9.600,23.06
2026-02-20,10:27:00,  110.0 ,854.,  254.0 ,744.,9806,Concentrado Primario L2,20.481,18.249,0.142,1.986,29.980,34.14
2026-02-20,10:29:00,  110.0 ,581.,  123.5 ,471.,9801,Relave Final,1.294,0.136,,0.019,,26.22
2026-02-20,10:31:00,  110.0 ,733.,  107.0 ,623.,9804,Concentrado 1ra Limpieza L1,26.993,25.569,0.196,2.843,11.000,17.17
2026-02-20,10:36:00,  108.5 ,588.5,  36.0 ,480.,9803,Cola Scavenger L2,6.439,0.807,,0.038,,7.50
2026-02-20,10:40:00,  107.0 ,586.,  37.5 ,479.,9802,Cola Scavenger L1,6.663,0.219,,0.023,,7.83
2026-02-20,10:41:00,  110.0 ,799.5,  239.0 ,689.5,9807,Concentrado Primario L1,22.069,20.555,0.152,2.393,25.160,34.66
2026-02-23,09:40:00,  107.0 ,584.,  35.0 ,477.,9810,Cola Scavenger L1,6.929,0.219,,0.036,,7.34
2026-02-23,09:43:00,  108.5 ,580.,  34.5 ,471.5,9811,Cola Scavenger L2,6.718,0.229,,0.032,,7.32
2026-02-23,09:48:00,  110.0 ,559.,  90.0 ,449.,9809,Relave Final,1.324,0.059,,0.014,,20.04
2026-02-23,09:51:00,  110.0 ,680.5,  15.0 ,570.5,9812,Concentrado 1ra Limpieza L1,22.467,19.427,0.160,3.211,23.620,2.63
2026-02-23,09:54:00,  114.5 ,751.,  120.0 ,636.5,9813,Concentrado Colectivo,26.303,23.771,0.189,3.304,12.080,18.85
2026-02-23,09:55:00,  110.0 ,872.5,  261.0 ,762.5,9814,Concentrado Primario L2,20.328,16.680,0.121,2.251,31.700,34.23
2026-02-23,09:58:00,  109.5 ,862.5,  254.0 ,753.,9815,Concentrado Primario L1,20.453,17.379,0.131,2.247,30.740,33.73
2026-02-23,11:05:00,  115.0 ,634.,  215.0 ,519.,9808,Rebose Hidrociclones L2,1.951,0.576,0.006,0.077,,41.43
2026-02-25,11:22:00,  117.0 ,668.,  116.0 ,551.,9821,Concentrado 1ra Limpieza L2,25.335,21.358,0.117,2.205,18.020,21.05
2026-02-25,11:23:00,  110.0 ,529.,  80.5 ,419.,9817,Relave Final,1.718,0.081,,0.010,,19.21
2026-02-25,11:27:00,  107.0 ,574.5,  39.5 ,467.5,9818,Cola Scavenger L1,9.002,0.100,,0.011,,8.45
2026-02-25,11:30:00,  108.5 ,571.,  40.0 ,462.5,9819,Cola Scavenger L2,8.729,0.101,,0.009,,8.65
2026-02-25,11:33:00,  115.0 ,607.5,  202.0 ,492.5,9816,Rebose Hidrociclones L2,1.565,0.428,0.005,0.041,,41.02
2026-02-25,11:36:00,  110.0 ,786.,  205.5 ,676.,9823,Concentrado Primario L2,15.319,14.940,0.110,1.456,37.560,30.40
2026-02-25,11:39:00,  110.0 ,643.5,  13.0 ,533.5,9820,Concentrado 1ra Limpieza L1,25.263,20.555,0.110,1.996,18.180,2.44
2026-02-25,11:42:00,  117.5 ,692.,  121.5 ,574.5,9822,Concentrado Colectivo,25.824,23.563,0.118,2.004,15.100,21.15
2026-02-27,11:32:00,  110.5 ,653.,  14.5 ,542.5,9828,Concentrado 1ra Limpieza L1,26.414,20.856,0.135,1.594,17.460,2.67
2026-02-27,11:33:00,  114.5 ,526.6,  84.5 ,412.1,9825,Relave Final,2.263,0.532,,0.037,,20.50
2026-02-27,11:37:00,  110.5 ,571.5,  35.5 ,461.,9826,Cola Scavenger L1,10.088,0.154,,0.013,,7.70
2026-02-27,11:40:00,  110.0 ,560.,  28.0 ,450.,9827,Cola Scavenger L2,9.769,0.140,,0.011,,6.22
2026-02-27,11:46:00,  110.5 ,710.5,  119.5 ,600.,9829,Concentrado 1ra Limpieza L2,26.069,20.756,0.140,1.790,16.900,19.92
2026-02-27,11:47:00,  108.0 ,605.,  218.0 ,497.,9824,Rebose Hidrociclones L2,2.576,0.395,0.005,0.027,,43.86
2026-02-27,11:49:00,  113.5 ,826.,  235.0 ,712.5,9831,Concentrado Primario L2,21.810,15.742,0.105,1.287,31.220,32.98
2026-02-27,11:51:00,  108.0 ,803.,  209.0 ,695.,9832,Concentrado Primario L1,21.010,15.442,0.102,1.224,33.000,30.07
2026-02-27,11:53:00,  110.0 ,1022.5,  169.5 ,912.5,9830,Concentrado Colectivo,26.891,25.569,0.153,1.609,11.340,18.58
2026-03-02,03:39:00,  110.0 ,679.,  15.0 ,569.,9836,Concentrado 1ra Limpieza L1,26.187,20.255,0.128,2.105,17.100,2.64
2026-03-02,03:42:00,  114.0 ,836.,  233.0 ,722.,9839,Concentrado Primario L1,22.560,16.394,0.096,1.371,29.240,32.27
2026-03-02,03:44:00,  114.5 ,1204.,  264.5 ,1089.5,9838,Concentrado Colectivo,26.594,23.764,0.136,1.958,12.440,24.28
2026-03-02,03:46:00,  108.5 ,569.,  17.0 ,460.5,9835,Cola Scavenger L2,12.669,0.580,,0.023,,3.69
2026-03-02,03:49:00,  117.0 ,735.5,  108.5 ,618.5,9837,Concentrado 1ra Limpieza L2,25.924,21.157,0.134,2.027,17.320,17.54
2026-03-02,15:40:00,  110.0 ,546.5,  87.0 ,436.5,9833,Relave Final,2.335,0.089,,0.010,,19.93
2026-03-02,15:51:00,  107.0 ,573.,  20.0 ,466.,9834,Cola Scavenger L1,14.057,0.280,,0.010,,4.29
2026-03-06,10:04:00,  110.0 ,882.5,  138.5 ,772.5,9841,Relave Final,1.735,0.062,,0.010,,17.93
2026-03-06,10:07:00,  110.5 ,1121.,  92.5 ,1010.5,9842,Cola Scavenger L1,8.992,0.157,,0.019,,9.15
2026-03-06,10:11:00,  110.0 ,1115.,  96.0 ,1005.,9843,Cola Scavenger L2,8.058,0.143,,0.016,,9.55
2026-03-06,10:13:00,  108.0 ,992.5,  368.5 ,884.5,9840,Rebose Hidrociclones L2,2.109,0.413,0.004,0.050,,41.66
2026-03-06,10:16:00,  110.0 ,729.5,  36.5 ,619.5,9844,Concentrado 1ra Limpieza L1,23.979,20.675,0.098,2.894,15.140,5.89
2026-03-06,10:20:00,  110.5 ,764.,  82.5 ,653.5,9845,Concentrado 1ra Limpieza L2,21.720,16.680,0.087,2.623,24.080,12.62
2026-03-06,10:21:00,  108.0 ,848.,  210.5 ,740.,9848,Concentrado Primario L1,18.588,16.280,0.076,1.839,29.920,28.45
2026-03-06,10:23:00,  109.0 ,1198.,  215.0 ,1089.,9846,Concentrado Colectivo,24.760,24.570,0.107,2.719,11.520,19.74
2026-03-06,10:49:00,  113.5 ,862.,  217.5 ,748.5,9847,Concentrado Primario L2,19.008,16.780,0.085,1.950,29.520,29.06
2026-03-09,02:48:00,  110.0 ,770.,  115.5 ,660.,9856,Relave Final,1.503,0.064,,0.006,,17.50
2026-03-09,14:51:00,  110.5 ,1111.,  90.0 ,1000.5,9857,Cola Scavenger L1,9.263,0.150,,0.007,,9.00
2026-03-09,14:55:00,  110.0 ,1092.,  74.0 ,982.,9858,Cola Scavenger L2,9.160,0.157,,0.008,,7.54
2026-03-09,14:57:00,  110.0 ,745.5,  76.5 ,635.5,9859,Concentrado 1ra Limpieza L1,27.171,23.383,0.130,1.345,14.460,12.04
2026-03-09,15:01:00,  110.5 ,790.,  154.5 ,679.5,9860,Concentrado 1ra Limpieza L2,26.804,20.597,0.122,1.494,18.300,22.74
2026-03-09,15:04:00,  109.0 ,588.5,  62.0 ,479.5,9861,Concentrado Colectivo,28.417,26.368,0.148,1.357,9.980,12.93
2026-03-09,15:06:00,  108.0 ,878.,  263.0 ,770.,9863,Concentrado Primario L1,19.925,13.134,0.083,0.896,37.120,34.16
2026-03-09,15:08:00,  113.0 ,893.5,  262.0 ,780.5,9862,Concentrado Primario L2,21.848,12.935,0.079,0.956,35.520,33.57
2026-03-09,15:30:00,  108.0 ,969.,  375.0 ,861.,9855,Rebose Hidrociclones L2,2.230,0.637,0.005,0.042,,43.55
2026-03-11,11:55:00,  110.0 ,738.,  66.5 ,628.,9852,Concentrado 1ra Limpieza L1,26.875,24.477,0.377,1.086,11.740,10.59
2026-03-11,11:59:00,  114.5 ,821.,  136.0 ,706.5,9853,Concentrado Colectivo,27.427,24.676,0.382,1.186,11.000,19.25
2026-03-11,12:00:00,  110.0 ,846.,  218.0 ,736.,9854,Concentrado Primario L1,18.073,13.532,0.190,0.746,40.760,29.62
2026-03-11,12:03:00,  107.0 ,1142.,  82.5 ,1035.,9850,Cola Scavenger L1,10.846,0.243,,0.012,,7.97
2026-03-11,12:06:00,  108.5 ,1098.,  78.5 ,989.5,9851,Cola Scavenger L2,10.424,0.203,,0.009,,7.93
2026-03-11,12:09:00,  110.0 ,820.5,  133.5 ,710.5,9849,Relave Final,3.004,0.076,,0.004,,18.79
2026-03-13,11:19:00,  110.0 ,786.5,  113.5 ,676.5,9865,Relave Final,2.552,0.063,,0.001,,16.78
2026-03-13,11:22:00,  110.5 ,1117.,  104.5 ,1006.5,9866,Cola Scavenger L1,17.214,0.253,,0.008,,10.38
2026-03-13,11:26:00,  110.0 ,1108.,  108.0 ,998.,9867,Cola Scavenger L2,16.707,0.235,,0.008,,10.82
2026-03-13,11:28:00,  108.0 ,906.,  329.0 ,798.,9864,Rebose Hidrociclones L2,2.955,0.509,0.008,0.004,,41.23
2026-03-13,11:31:00,  110.0 ,684.5,  72.5 ,574.5,9868,Concentrado 1ra Limpieza L1,28.306,26.564,0.272,1.051,9.260,12.62
2026-03-13,11:32:00,  113.5 ,868.,  236.0 ,754.5,9870,Concentrado Primario L2,21.558,25.573,0.152,0.643,35.600,31.28
2026-03-13,11:35:00,  109.0 ,830.5,  119.0 ,721.5,9869,Concentrado Colectivo,28.524,26.564,0.275,1.151,9.040,16.49
2026-03-16,10:20:00,  110.0 ,879.5,  184.0 ,769.5,9872,Relave Final,2.776,0.076,,0.006,,23.91
2026-03-16,10:24:00,  107.0 ,1092.,  50.0 ,985.,9873,Cola Scavenger L1,7.870,0.238,,0.015,,5.08
2026-03-16,10:28:00,  108.5 ,1097.5,  51.5 ,989.,9874,Cola Scavenger L2,7.204,0.221,,0.014,,5.21
2026-03-16,10:30:00,  115.0 ,1004.5,  354.0 ,889.5,9871,Rebose Hidrociclones L2,2.720,0.492,0.011,0.026,,39.80
2026-03-16,10:33:00,  110.0 ,753.,  84.0 ,643.,9875,Concentrado 1ra Limpieza L1,26.299,24.477,0.395,1.161,13.680,13.06
2026-03-16,10:37:00,  117.0 ,783.5,  134.0 ,666.5,9876,Concentrado 1ra Limpieza L2,24.600,22.786,0.373,1.161,16.220,20.11
2026-03-16,10:38:00,  110.0 ,874.5,  234.5 ,764.5,9878,Concentrado Primario L2,21.471,16.816,0.264,0.841,31.060,30.67
2026-03-16,10:41:00,  114.5 ,923.,  175.5 ,808.5,9877,Concentrado Colectivo,26.529,25.572,0.409,1.227,11.740,21.71
2026-03-25,11:06:00,  115.0 ,1060.5,  401.5 ,945.5,9964,Rebose Hidrociclones L2,2.502,0.514,0.006,0.040,0.000,42.46
2026-03-25,11:09:00,  110.0 ,893.,  140.0 ,783.,9965,Relave Final,2.523,0.101,0.000,0.014,0.000,17.88
2026-03-25,11:12:00,  108.5 ,1092.,  60.0 ,983.5,9967,Cola Scavenger L2,8.907,0.268,0.000,0.041,0.000,6.10
2026-03-25,11:16:00,  107.0 ,1092.,  72.5 ,985.,9966,Cola Scavenger L1,9.308,0.267,0.000,0.039,0.000,7.36
2026-03-25,11:18:00,  110.0 ,724.5,  42.5 ,614.5,9968,Concentrado 1ra Limpieza L1,29.117,22.073,0.110,1.195,8.200,6.92
2026-03-25,11:22:00,  117.0 ,835.,  218.0 ,718.,9969,Concentrado 1ra Limpieza L2,29.285,21.175,0.108,1.243,8.460,30.36
2026-03-25,11:25:00,  114.5 ,633.5,  118.5 ,519.,9970,Concentrado Colectivo,29.674,20.775,0.103,1.263,7.280,22.83
2026-03-25,11:28:00,  110.0 ,855.5,  195.5 ,745.5,9971,Concentrado Primario L1,22.922,18.228,0.092,1.346,23.320,26.22
2026-03-27,10:26:00,  110.0 ,1060.5,  397.4 ,950.5,9976,Rebose Hidrociclones L2,2.810,0.540,0.006,0.043,0.000,41.81
2026-03-27,10:28:00,  114.5 ,894.,  106.4 ,779.5,9977,Relave Final,2.375,0.109,0.000,0.013,0.000,13.65
2026-03-27,10:32:00,  108.5 ,1092.5,  76.0 ,984.,9978,Cola Scavenger L1,7.776,0.415,0.000,0.045,0.000,7.72
2026-03-27,10:36:00,  108.0 ,1087.,  68.4 ,979.,9979,Cola Scavenger L2,8.008,0.343,0.000,0.034,0.000,6.99
2026-03-27,10:38:00,  109.0 ,710.,  28.8 ,601.,9980,Concentrado 1ra Limpieza L1,26.825,25.969,0.142,1.809,11.540,4.79
2026-03-27,10:45:00,  110.5 ,600.,  98.6 ,489.5,9982,Concentrado Colectivo,27.000,25.771,0.142,1.837,10.760,20.14
2026-03-27,10:46:00,  110.0 ,832.,  214.8 ,722.,9983,Concentrado Primario L1,20.964,16.454,0.091,1.281,32.480,29.75
2026-04-01,11:55:00,  108.0 ,823.5,  125.5 ,715.5,9999,Concentrado Primario L1,18.643,12.885,0.380,0.660,38.060,17.54
2026-04-01,11:57:00,  110.5 ,721.5,  30.0 ,611.,9995,Concentrado 1ra Limpieza L1,26.149,18.977,0.584,0.734,16.960,4.91
2026-04-01,12:00:00,  110.0 ,1121.,  101.0 ,1011.,9994,Cola Scavenger L2,9.386,0.125,0.000,0.008,0.000,9.99
2026-04-01,12:01:00,  113.5 ,848.5,  178.5 ,735.,9998,Concentrado Primario L2,22.056,12.934,0.401,0.570,32.500,24.29
2026-04-01,12:04:00,  110.5 ,1226.,  113.0 ,1115.5,9993,Cola Scavenger L1,9.455,0.145,0.000,0.017,0.000,10.13
2026-04-01,12:08:00,  110.5 ,778.5,  119.5 ,668.,9996,Concentrado 1ra Limpieza L2,26.595,16.880,0.558,0.777,18.120,17.89
2026-04-01,12:09:00,  108.0 ,1031.5,  381.0 ,923.5,9991,Rebose Hidrociclones L2,2.665,0.386,0.015,0.015,0.000,41.26
2026-04-01,12:11:00,  110.5 ,590.5,  82.0 ,480.,9997,Concentrado Colectivo,26.955,19.576,0.602,0.963,14.160,17.08
2026-04-01,12:13:00,  110.0 ,836.,  110.0 ,726.,9992,Relave Final,2.267,0.047,0.000,0.005,0.000,15.15
2026-04-03,16:30:00,  107.0 ,1134.5,  108.0 ,1027.5,10004,Cola Scavenger L1,9.333,0.208,0.000,0.009,0.000,10.51
2026-04-03,16:32:00,  110.0 ,726.5,  19.0 ,616.5,10006,Concentrado 1ra Limpieza L1,28.140,24.179,0.279,0.979,0.000,3.08
2026-04-03,16:35:00,  108.5 ,1137.5,  103.5 ,1029.,10005,Cola Scavenger L2,8.733,0.182,0.000,0.009,0.000,10.06
2026-04-03,16:37:00,  110.0 ,853.,  186.0 ,743.,10009,Concentrado Primario L2,21.383,13.731,0.172,0.675,34.280,25.03
2026-04-03,16:41:00,  117.0 ,780.,  105.5 ,663.,10007,Concentrado 1ra Limpieza L2,21.946,13.930,0.191,0.885,32.640,15.91
2026-04-03,16:42:00,  110.0 ,851.,  194.0 ,741.,10010,Concentrado Primario L1,16.635,10.547,0.137,0.556,46.380,26.18
2026-04-03,16:44:00,  114.5 ,879.,  167.0 ,764.5,10008,Concentrado Colectivo,27.533,23.333,0.272,1.089,14.520,21.84
2026-04-03,16:46:00,  110.0 ,828.5,  112.5 ,718.5,10003,Relave Final,2.429,0.070,0.000,0.004,0.000,15.66
2026-04-06,11:51:00,  110.0 ,877.5,  74.0 ,767.5,10012,Relave Final,3.563,0.061,0.000,0.004,0.000,9.64
2026-04-06,11:54:00,  110.0 ,718.,  10.5 ,608.,10015,Concentrado 1ra Limpieza L1,26.783,23.681,0.213,0.834,15.420,1.73
2026-04-06,11:56:00,  110.5 ,1135.,  100.5 ,1024.5,10013,Cola Scavenger L1,5.632,0.107,0.000,0.013,0.000,9.81
2026-04-06,11:58:00,  113.5 ,848.,  226.0 ,734.5,10018,Concentrado Primario L2,21.265,17.064,0.160,0.647,33.000,30.77
2026-04-06,12:01:00,  110.0 ,1223.,  102.5 ,1113.,10014,Cola Scavenger L2,5.579,0.117,0.000,0.007,0.000,9.21
2026-04-06,12:02:00,  108.0 ,857.,  203.5 ,749.,10019,Concentrado Primario L1,21.433,17.462,0.164,0.784,32.740,27.17
2026-04-06,12:04:00,  108.0 ,1073.,  396.5 ,965.,10011,Rebose Hidrociclones L2,2.747,0.390,0.009,0.016,0.000,41.09
2026-04-06,12:06:00,  110.5 ,809.,  171.5 ,698.5,10016,Concentrado 1ra Limpieza L2,26.995,22.985,0.221,1.097,16.040,24.55
2026-04-06,12:09:00,  109.0 ,615.5,  100.0 ,506.5,10017,Concentrado Colectivo,26.534,21.890,0.215,1.023,18.480,19.74
2026-04-08,10:39:00,  108.0 ,1044.,  377.5 ,936.,10020,Rebose Hidrociclones L2,2.014,0.352,0.008,0.042,0.000,40.33
2026-04-08,10:42:00,  110.5 ,858.,  264.5 ,747.5,10025,Concentrado 1ra Limpieza L2,27.387,19.377,0.197,1.993,16.900,35.38
2026-04-08,10:44:00,  110.0 ,860.5,  69.0 ,750.5,10021,Relave Final,1.932,0.046,0.000,0.008,0.000,9.19
2026-04-08,10:46:00,  109.0 ,630.,  100.0 ,521.,10026,Concentrado Colectivo,28.037,23.272,0.225,1.384,11.800,19.19
2026-04-08,10:48:00,  110.5 ,1135.,  86.0 ,1024.5,10022,Cola Scavenger L1,6.826,0.106,0.000,0.012,0.000,8.39
2026-04-08,10:50:00,  113.5 ,847.5,  193.5 ,734.,10027,Concentrado Primario L2,18.928,12.685,0.130,1.326,38.640,26.36
2026-04-08,10:52:00,  110.0 ,1163.5,  86.5 ,1053.5,10023,Cola Scavenger L2,6.779,0.101,0.000,0.011,0.000,8.21
2026-04-08,10:56:00,  108.0 ,868.5,  190.0 ,760.5,10028,Concentrado Primario L1,19.585,12.984,0.127,1.329,37.820,24.98
2026-04-08,10:59:00,  110.0 ,708.5,  8.0 ,598.5,10024,Concentrado 1ra Limpieza L1,28.037,21.874,0.199,1.553,13.900,1.34
2026-04-13,10:32:00,  109.0 ,713.,  34.5 ,604.,10032,Concentrado 1ra Limpieza L1,27.056,22.173,0.167,1.071,16.660,5.71
2026-04-13,10:33:00,  114.5 ,837.5,  86.0 ,723.,10029,Relave Final,2.138,0.107,,0.007,,11.89
2026-04-13,10:37:00,  108.5 ,1101.,  60.5 ,992.5,10030,Cola Scavenger L1,7.036,0.228,,0.011,,6.10
2026-04-13,10:40:00,  108.0 ,1113.,  84.0 ,1005.,10031,Cola Scavenger L2,6.750,0.190,,0.009,,8.36
2026-04-13,10:43:00,  110.0 ,855.5,  254.0 ,745.5,10034,Concentrado Primario L2,23.859,19.477,0.134,0.786,25.940,34.07
2026-04-13,10:45:00,  110.0 ,839.5,  230.5 ,729.5,10035,Concentrado Primario L1,23.383,19.277,0.126,0.728,27.140,31.60
2026-04-13,10:47:00,  110.5 ,855.5,  142.5 ,745.,10033,Concentrado Colectivo,28.631,25.170,0.170,1.095,11.660,19.13
2026-04-15,10:03:00,  109.0 ,928.5,  336.5 ,819.5,10036,Rebose Hidrociclones L2,2.768,0.482,0.005,0.019,,41.06
2026-04-15,10:06:00,  110.0 ,881.,  94.5 ,771.,10037,Relave Final,2.307,0.037,,0.004,,12.26
2026-04-15,10:09:00,  110.5 ,1115.5,  79.5 ,1005.,10038,Cola Scavenger L1,6.597,0.109,,0.009,,7.91
2026-04-15,10:13:00,  110.0 ,1110.,  75.5 ,1000.,10039,Cola Scavenger L2,6.645,0.102,,0.009,,7.55
2026-04-15,10:15:00,  110.5 ,708.5,  31.8 ,598.,10040,Concentrado 1ra Limpieza L1,28.666,23.519,0.150,0.974,14.680,5.32
2026-04-15,10:19:00,  110.5 ,763.5,  109.4 ,653.,10041,Concentrado 1ra Limpieza L2,28.469,19.816,0.145,0.875,15.980,16.75
2026-04-15,10:22:00,  109.0 ,603.,  100.6 ,494.,10042,Concentrado Colectivo,29.641,23.419,0.155,0.915,10.400,20.36
2026-04-15,10:24:00,  113.5 ,113.5,  180.0 ,0.,10043,Concentrado Primario L2,18.947,11.609,0.082,0.466,42.380,#DIV/0!
2026-04-15,10:26:00,  108.0 ,819.,  183.6 ,711.,10044,Concentrado Primario L1,18.275,10.558,0.079,0.444,43.900,25.82
2026-04-17,11:13:00,  108.0 ,1076.,  39.0 ,968.,10047,Cola Scavenger L2,10.824,0.209,,0.027,,4.03
2026-04-17,11:16:00,  109.0 ,708.5,  39.0 ,599.5,10048,Concentrado 1ra Limpieza L1,27.108,23.965,0.114,1.327,14.620,6.51
2026-04-17,11:22:00,  110.5 ,614.5,  119.0 ,504.,10049,Concentrado Colectivo,28.143,25.469,0.113,1.368,11.260,23.61
2026-04-17,11:24:00,  110.0 ,854.,  225.0 ,744.,10050,Concentrado Primario L2,23.439,19.051,0.086,1.093,26.300,30.24
2026-04-17,11:26:00,  110.0 ,865.,  208.5 ,755.,10051,Concentrado Primario L1,21.960,17.146,0.083,0.988,31.480,27.62
2026-04-17,11:29:00,  114.5 ,878.,  120.5 ,763.5,10045,Relave Final,1.669,0.073,,0.007,,15.78
2026-04-17,11:33:00,  108.5 ,1085.,  36.0 ,976.5,10046,Cola Scavenger L1,9.750,0.275,,0.028,,3.69
2026-04-20,12:25:00,  113.5 ,828.5,  211.5 ,715.,10058,Concentrado Primario L2,,,,,,29.58
2026-04-20,12:27:00,  109.0 ,945.,  176.0 ,836.,10057,Concentrado Colectivo,,,,,,21.05
2026-04-20,12:30:00,  110.0 ,1104.5,  93.0 ,994.5,10054,Cola Scavenger L2,,,,,,9.35
2026-04-20,12:32:00,  110.5 ,755.5,  103.0 ,645.,10056,Concentrado 1ra Limpieza L2,,,,,,15.97
2026-04-20,12:35:00,  108.0 ,828.,  171.5 ,720.,10059,Concentrado Primario L1,,,,,,23.82
2026-04-20,12:37:00,  110.0 ,860.5,  98.0 ,750.5,10052,Relave Final,,,,,,13.06
2026-04-20,12:39:00,  110.0 ,712.,  32.5 ,602.,10055,Concentrado 1ra Limpieza L1,,,,,,5.40
2026-04-20,12:42:00,  110.5 ,1110.,  91.5 ,999.5,10053,Cola Scavenger L1,,,,,,9.15