fecha_hora,segundos,temperatura,meta_temp,humedad,meta_hum,foco,ingreso,humidificador,extractor
2026-09-04 05:59:39,77.1,18.7,22.0,49.7,50.0,0,0,0,0
2026-09-04 05:59:41,79.0,18.7,22.0,49.6,50.0,0,0,0,0
2026-09-04 05:59:43,81.0,18.7,22.0,49.6,50.0,0,0,0,0
2026-09-04 05:59:45,83.0,18.7,22.0,49.5,50.0,0,0,0,0
2026-09-04 05:59:47,85.0,18.7,22.0,49.5,50.0,0,0,0,0
2026-09-04 05:59:49,87.0,18.7,22.0,49.5,50.0,0,0,0,0
2026-09-04 05:59:51,89.0,18.7,22.0,49.4,50.0,0,0,0,0
2026-09-04 05:59:53,91.1,18.8,22.0,49.4,50.0,1,0,0,0
2026-09-04 05:59:55,93.1,18.8,22.0,49.4,50.0,1,0,0,0
2026-09-04 05:59:57,95.1,18.8,22.0,49.3,50.0,1,0,0,0
2026-09-04 05:59:59,97.1,18.8,22.0,49.3,50.0,1,0,0,0
2026-09-04 06:00:02,99.1,18.8,22.0,49.3,50.0,1,0,0,0
2026-09-04 06:00:04,101.1,18.8,22.0,49.3,50.0,1,0,0,0
2026-09-04 06:00:06,103.1,18.8,22.0,49.2,50.0,1,0,0,0
2026-09-04 06:00:08,105.1,18.8,22.0,49.2,50.0,1,0,0,0
2026-09-04 06:00:10,107.1,18.9,22.0,49.2,50.0,1,0,0,0
2026-09-04 06:00:12,109.1,18.9,22.0,49.1,50.0,1,0,0,0
2026-09-04 06:00:14,111.1,18.9,22.0,49.1,50.0,1,0,0,0
2026-09-04 06:00:16,113.1,18.9,22.0,49.1,50.0,1,0,0,0
2026-09-04 06:00:18,115.1,18.9,22.0,49.1,50.0,1,0,0,0
2026-09-04 06:00:20,117.1,18.9,22.0,49.1,50.0,1,0,0,0
2026-09-04 06:00:22,119.1,18.9,22.0,49.0,50.0,1,0,0,0
2026-09-04 06:00:24,121.2,18.9,22.0,49.0,50.0,1,0,0,0
2026-09-04 06:00:26,123.2,18.9,22.0,49.0,50.0,1,0,0,0
2026-09-04 06:00:28,125.2,19.0,22.0,48.9,50.0,1,0,0,0
2026-09-04 06:00:30,127.2,19.0,22.0,48.9,50.0,1,0,0,0
2026-09-04 06:00:32,129.2,19.0,22.0,48.9,50.0,1,0,0,0
2026-09-04 06:00:34,131.2,19.0,22.0,48.9,50.0,1,0,0,0
2026-09-04 06:00:36,133.2,19.0,22.0,48.9,50.0,1,0,0,0
2026-09-04 06:00:38,135.2,19.0,22.0,48.9,50.0,1,0,0,0
2026-09-04 06:00:40,137.2,19.0,22.0,48.9,50.0,1,0,0,0
2026-09-04 06:00:42,139.2,19.0,22.0,48.9,50.0,1,0,0,0
2026-09-04 06:00:44,141.2,19.0,22.0,48.8,50.0,1,0,0,0
2026-09-04 06:00:46,143.2,19.1,22.0,48.8,50.0,1,0,0,0
2026-09-04 06:00:48,145.2,19.1,22.0,48.8,50.0,1,0,0,0
2026-09-04 06:00:50,147.2,19.1,22.0,48.8,50.0,1,0,0,0
2026-09-04 06:00:52,149.2,19.1,22.0,48.8,50.0,1,0,0,0
2026-09-04 06:00:54,151.2,19.1,22.0,48.8,50.0,1,0,0,0
2026-09-04 06:00:56,153.3,19.1,22.0,48.8,50.0,1,0,0,0
2026-09-04 06:00:58,155.3,19.1,22.0,48.8,50.0,1,0,0,0
2026-09-04 06:01:00,157.3,19.1,22.0,48.8,50.0,1,0,0,0
2026-09-04 06:01:02,159.3,19.1,22.0,48.8,50.0,1,0,0,0
2026-09-04 06:01:04,161.3,19.1,22.0,48.8,50.0,1,0,0,0
2026-09-04 06:01:06,163.3,19.2,22.0,48.8,50.0,1,0,0,0
2026-09-04 06:01:08,165.3,19.2,22.0,48.8,50.0,1,0,0,0
2026-09-04 06:01:10,167.3,19.2,22.0,48.8,50.0,1,0,0,0
2026-09-04 06:01:12,169.3,19.2,22.0,48.8,50.0,1,0,0,0
2026-09-04 06:01:14,171.3,19.2,22.0,48.8,50.0,1,0,0,0
2026-09-04 06:01:16,173.3,19.2,22.0,48.8,50.0,1,0,0,0
2026-09-04 06:01:18,175.3,19.2,22.0,48.8,50.0,1,0,0,0
2026-09-04 06:01:20,177.3,19.2,22.0,48.8,50.0,1,0,0,0
2026-09-04 06:01:22,179.3,19.2,22.0,48.8,50.0,1,0,0,0
2026-09-04 06:01:24,181.3,19.3,22.0,48.8,50.0,1,0,0,0
2026-09-04 06:01:26,183.4,19.3,22.0,48.8,50.0,1,0,0,0
2026-09-04 06:01:28,185.4,19.3,22.0,48.8,50.0,1,0,0,0
2026-09-04 06:01:30,187.4,19.3,22.0,48.8,50.0,1,0,0,0
2026-09-04 06:01:32,189.4,19.3,22.0,48.8,50.0,1,0,0,0
2026-09-04 06:01:34,191.4,19.3,22.0,48.8,50.0,1,0,0,0
2026-09-04 06:01:36,193.4,19.3,22.0,48.9,50.0,1,0,0,0
2026-09-04 06:01:38,195.4,19.3,22.0,48.9,50.0,1,0,0,0
2026-09-04 06:01:40,197.4,19.3,22.0,48.9,50.0,1,0,0,0
2026-09-04 06:01:42,199.4,19.4,22.0,48.9,50.0,1,0,0,0
2026-09-04 06:01:44,201.4,19.4,22.0,48.9,50.0,1,0,0,0
2026-09-04 06:01:46,203.4,19.4,22.0,48.9,50.0,1,0,0,0
2026-09-04 06:01:48,205.4,19.4,22.0,48.9,50.0,1,0,0,0
2026-09-04 06:01:50,207.4,19.4,22.0,48.9,50.0,1,0,0,0
2026-09-04 06:01:52,209.4,19.4,22.0,48.9,50.0,1,0,0,0
2026-09-04 06:01:54,211.4,19.4,22.0,48.9,50.0,1,0,0,0
2026-09-04 06:01:56,213.5,19.4,22.0,48.9,50.0,1,0,0,0
2026-09-04 06:01:58,215.5,19.4,22.0,48.9,50.0,1,0,0,0
2026-09-04 06:02:00,217.5,19.4,22.0,48.9,50.0,1,0,0,0
2026-09-04 06:02:02,219.5,19.4,22.0,48.9,50.0,1,0,0,0
2026-09-04 06:02:04,221.5,19.5,22.0,48.9,50.0,1,0,0,0
2026-09-04 06:02:06,223.5,19.5,22.0,48.9,50.0,1,0,0,0
2026-09-04 06:02:08,225.5,19.5,22.0,48.9,50.0,1,0,0,0
2026-09-04 06:02:10,227.5,19.5,22.0,48.9,50.0,1,0,0,0
2026-09-04 06:02:12,229.5,19.5,22.0,48.9,50.0,1,0,0,0
2026-09-04 06:02:14,231.5,19.5,22.0,48.9,50.0,1,0,0,0
2026-09-04 06:02:16,233.5,19.5,22.0,48.9,50.0,1,0,0,0
2026-09-04 06:02:18,235.5,19.5,22.0,48.9,50.0,1,0,0,0
2026-09-04 06:02:20,237.5,19.5,22.0,48.8,50.0,1,0,0,0
2026-09-04 06:02:22,239.5,19.5,22.0,48.8,50.0,1,0,0,0
2026-09-04 06:02:24,241.5,19.6,22.0,48.8,50.0,1,0,0,0
2026-09-04 06:02:26,243.5,19.6,22.0,48.8,50.0,1,0,0,0
2026-09-04 06:02:28,245.6,19.6,22.0,48.8,50.0,1,0,0,0
2026-09-04 06:02:30,247.6,19.6,22.0,48.8,50.0,1,0,0,0
2026-09-04 06:02:32,249.6,19.6,22.0,48.8,50.0,1,0,0,0
2026-09-04 06:02:34,251.6,19.6,22.0,48.8,50.0,1,0,0,0
2026-09-04 06:02:36,253.6,19.6,22.0,48.8,50.0,1,0,0,0
2026-09-04 06:02:38,255.6,19.6,22.0,48.8,50.0,1,0,0,0
2026-09-04 06:02:40,257.6,19.6,22.0,48.7,50.0,1,0,0,0
2026-09-04 06:02:42,259.6,19.6,22.0,48.7,50.0,1,0,0,0
2026-09-04 06:02:44,261.6,19.6,22.0,48.7,50.0,1,0,0,0
2026-09-04 06:02:46,263.6,19.6,22.0,48.7,50.0,1,0,0,0
2026-09-04 06:02:48,265.6,19.6,22.0,48.7,50.0,1,0,0,0
2026-09-04 06:02:50,267.6,19.7,22.0,48.7,50.0,1,0,0,0
2026-09-04 06:02:52,269.6,19.7,22.0,48.7,50.0,1,0,0,0
2026-09-04 06:02:54,271.6,19.7,22.0,48.6,50.0,1,0,0,0
2026-09-04 06:02:56,273.6,19.7,22.0,48.6,50.0,1,0,0,0
2026-09-04 06:02:58,275.7,19.7,22.0,48.6,50.0,1,0,0,0
2026-09-04 06:03:00,277.7,19.7,22.0,48.6,50.0,1,0,0,0
2026-09-04 06:03:02,279.7,19.7,22.0,48.6,50.0,1,0,0,0
2026-09-04 06:03:04,281.7,19.7,22.0,48.6,50.0,1,0,0,0
2026-09-04 06:03:06,283.7,19.7,22.0,48.6,50.0,1,0,0,0
2026-09-04 06:03:08,285.7,19.7,22.0,48.6,50.0,1,0,0,0
2026-09-04 06:03:10,287.7,19.8,22.0,48.5,50.0,1,0,0,0
2026-09-04 06:03:12,289.7,19.8,22.0,48.6,50.0,1,0,0,0
2026-09-04 06:03:14,291.7,19.8,22.0,48.5,50.0,1,0,0,0
2026-09-04 06:03:16,293.7,19.8,22.0,48.5,50.0,1,0,0,0
2026-09-04 06:03:18,295.7,19.8,22.0,48.5,50.0,1,0,0,0
2026-09-04 06:03:20,297.7,19.8,22.0,48.5,50.0,1,0,0,0
2026-09-04 06:03:22,299.7,19.8,22.0,48.5,50.0,1,0,0,0
2026-09-04 06:03:24,301.7,19.8,22.0,48.5,50.0,1,0,0,0
2026-09-04 06:03:26,303.7,19.8,22.0,48.4,50.0,1,0,0,0
2026-09-04 06:03:28,305.7,19.8,22.0,48.5,50.0,1,0,0,0
2026-09-04 06:03:30,307.8,19.8,22.0,48.4,50.0,1,0,0,0
2026-09-04 06:03:32,309.8,19.9,22.0,48.4,50.0,1,0,0,0
2026-09-04 06:03:34,311.8,19.9,22.0,48.4,50.0,1,0,0,0
2026-09-04 06:03:36,313.8,19.9,22.0,48.4,50.0,1,0,0,0
2026-09-04 06:03:38,315.8,19.9,22.0,48.3,50.0,1,0,0,0
2026-09-04 06:03:40,317.8,19.9,22.0,48.3,50.0,1,0,0,0
2026-09-04 06:03:42,319.8,19.9,22.0,48.4,50.0,1,0,0,0
2026-09-04 06:03:44,321.8,19.9,22.0,48.3,50.0,1,0,0,0
2026-09-04 06:03:46,323.8,19.9,22.0,48.3,50.0,1,0,0,0
2026-09-04 06:03:48,325.8,19.9,22.0,48.3,50.0,1,0,0,0
2026-09-04 06:03:50,327.8,19.9,22.0,48.3,50.0,1,0,0,0
2026-09-04 06:03:52,329.8,19.9,22.0,48.3,50.0,1,0,0,0
2026-09-04 06:03:54,331.8,19.9,22.0,48.3,50.0,1,0,0,0
2026-09-04 06:03:56,333.8,19.9,22.0,48.3,50.0,1,0,0,0
2026-09-04 06:03:58,335.8,20.0,22.0,48.3,50.0,1,0,0,0
2026-09-04 06:04:00,337.9,20.0,22.0,48.3,50.0,1,0,0,0
2026-09-04 06:04:02,339.9,20.0,22.0,48.3,50.0,1,0,0,0
2026-09-04 06:04:04,341.9,20.0,22.0,48.2,50.0,1,0,0,0
2026-09-04 06:04:06,343.9,20.0,22.0,48.2,50.0,1,0,0,0
2026-09-04 06:04:08,345.9,20.0,22.0,48.2,50.0,1,0,0,0
2026-09-04 06:04:10,347.9,20.0,22.0,48.2,50.0,1,0,0,0
2026-09-04 06:04:12,349.9,20.0,22.0,48.1,50.0,1,0,0,0
2026-09-04 06:04:14,351.9,20.0,22.0,48.1,50.0,1,0,0,0
2026-09-04 06:04:16,353.9,20.0,22.0,48.1,50.0,1,0,0,0
2026-09-04 06:04:18,355.9,20.0,22.0,48.1,50.0,1,0,0,0
2026-09-04 06:04:20,357.9,20.0,22.0,48.1,50.0,1,0,0,0
2026-09-04 06:04:22,359.9,20.1,22.0,48.1,50.0,1,0,0,0
2026-09-04 06:04:24,361.9,20.1,22.0,48.1,50.0,1,0,0,0
2026-09-04 06:04:26,363.9,20.1,22.0,48.1,50.0,1,0,0,0
2026-09-04 06:04:28,365.9,20.1,22.0,48.1,50.0,1,0,0,0
2026-09-04 06:04:30,368.0,20.1,22.0,48.0,50.0,1,0,0,0
2026-09-04 06:04:32,370.0,20.1,22.0,48.0,50.0,1,0,0,0
2026-09-04 06:04:34,372.0,20.1,22.0,48.0,50.0,1,0,0,0
2026-09-04 06:04:36,374.0,20.1,22.0,48.0,50.0,1,0,0,0
2026-09-04 06:04:38,376.0,20.1,22.0,48.0,50.0,1,0,0,0
2026-09-04 06:04:40,378.0,20.1,22.0,48.0,50.0,1,0,0,0
2026-09-04 06:04:42,380.0,20.1,22.0,48.0,50.0,1,0,0,0
2026-09-04 06:04:44,382.0,20.1,22.0,47.9,50.0,1,0,0,0
2026-09-04 06:04:46,384.0,20.1,22.0,47.9,50.0,1,0,0,0
2026-09-04 06:04:48,386.0,20.2,22.0,47.9,50.0,1,0,0,0
2026-09-04 06:04:50,388.0,20.2,22.0,47.9,50.0,1,0,0,0
2026-09-04 06:04:52,390.0,20.2,22.0,47.9,50.0,1,0,0,0
2026-09-04 06:04:54,392.0,20.2,22.0,47.9,50.0,1,0,0,0
2026-09-04 06:04:56,394.0,20.2,22.0,47.9,50.0,1,0,0,0
2026-09-04 06:04:58,396.0,20.2,22.0,47.9,50.0,1,0,0,0
2026-09-04 06:05:00,398.0,20.2,22.0,47.8,50.0,1,0,0,0
2026-09-04 06:05:02,400.1,20.2,22.0,47.8,50.0,1,0,0,0
2026-09-04 06:05:04,402.1,20.2,22.0,47.8,50.0,1,0,0,0
2026-09-04 06:05:06,404.1,20.2,22.0,47.8,50.0,1,0,0,0
2026-09-04 06:05:08,406.1,20.2,22.0,47.8,50.0,1,0,0,0
2026-09-04 06:05:11,408.1,20.2,22.0,47.8,50.0,1,0,0,0
2026-09-04 06:05:13,410.1,20.3,22.0,47.8,50.0,1,0,0,0
2026-09-04 06:05:15,412.1,20.3,22.0,47.8,50.0,1,0,0,0
2026-09-04 06:05:17,414.1,20.3,22.0,47.8,50.0,1,0,0,0
2026-09-04 06:05:19,416.1,20.3,22.0,47.8,50.0,1,0,0,0
2026-09-04 06:05:21,418.1,20.3,22.0,47.8,50.0,1,0,0,0
2026-09-04 06:05:23,420.1,20.3,22.0,47.8,50.0,1,0,0,0
2026-09-04 06:05:25,422.1,20.3,22.0,47.7,50.0,1,0,0,0
2026-09-04 06:05:27,424.1,20.3,22.0,47.7,50.0,1,0,0,0
2026-09-04 06:05:29,426.1,20.3,22.0,47.7,50.0,1,0,0,0
2026-09-04 06:05:31,428.1,20.3,22.0,47.7,50.0,1,0,0,0
2026-09-04 06:05:33,430.2,20.3,22.0,47.7,50.0,1,0,0,0
2026-09-04 06:05:35,432.2,20.3,22.0,47.7,50.0,1,0,0,0
2026-09-04 06:05:37,434.2,20.3,22.0,47.7,50.0,1,0,0,0
2026-09-04 06:05:39,436.2,20.3,22.0,47.7,50.0,1,0,0,0
2026-09-04 06:05:41,438.2,20.3,22.0,47.7,50.0,1,0,0,0
2026-09-04 06:05:43,440.2,20.4,22.0,47.7,50.0,1,0,0,0
2026-09-04 06:05:45,442.2,20.4,22.0,47.7,50.0,1,0,0,0
2026-09-04 06:05:47,444.2,20.4,22.0,47.6,50.0,1,0,0,0
2026-09-04 06:05:49,446.2,20.4,22.0,47.6,50.0,1,0,0,0
2026-09-04 06:05:51,448.2,20.4,22.0,47.6,50.0,1,0,0,0
2026-09-04 06:05:53,450.2,20.4,22.0,47.6,50.0,1,0,0,0
2026-09-04 06:05:55,452.2,20.4,22.0,47.6,50.0,1,0,0,0
2026-09-04 06:05:57,454.2,20.4,22.0,47.6,50.0,1,0,0,0
2026-09-04 06:05:59,456.2,20.4,22.0,47.6,50.0,1,0,0,0
2026-09-04 06:06:01,458.2,20.4,22.0,47.5,50.0,1,0,0,0
2026-09-04 06:06:03,460.3,20.4,22.0,47.6,50.0,1,0,0,0
2026-09-04 06:06:05,462.3,20.4,22.0,47.5,50.0,1,0,0,0
2026-09-04 06:06:07,464.3,20.4,22.0,47.5,50.0,1,0,0,0
2026-09-04 06:06:09,466.3,20.5,22.0,47.5,50.0,1,0,0,0
2026-09-04 06:06:11,468.3,20.4,22.0,47.5,50.0,1,0,0,0
2026-09-04 06:06:13,470.3,20.5,22.0,47.5,50.0,1,0,0,0
2026-09-04 06:06:15,472.3,20.5,22.0,47.5,50.0,1,0,0,0
2026-09-04 06:06:17,474.3,20.5,22.0,47.5,50.0,1,0,0,0
2026-09-04 06:06:19,476.3,20.5,22.0,47.5,50.0,1,0,0,0
2026-09-04 06:06:21,478.3,20.5,22.0,47.5,50.0,1,0,0,0
2026-09-04 06:06:23,480.3,20.5,22.0,47.5,50.0,1,0,0,0
2026-09-04 06:06:25,482.3,20.5,22.0,47.5,50.0,1,0,0,0
2026-09-04 06:06:27,484.3,20.5,22.0,47.5,50.0,1,0,0,0
2026-09-04 06:06:29,486.3,20.5,22.0,47.4,50.0,1,0,0,0
2026-09-04 06:06:31,488.3,20.5,22.0,47.5,50.0,1,0,0,0
2026-09-04 06:06:33,490.3,20.5,22.0,47.4,50.0,1,0,0,0
2026-09-04 06:06:35,492.4,20.5,22.0,47.5,50.0,1,0,0,0
2026-09-04 06:06:37,494.4,20.5,22.0,47.4,50.0,1,0,0,0
2026-09-04 06:06:39,496.4,20.5,22.0,47.5,50.0,1,0,0,0
2026-09-04 06:06:41,498.4,20.5,22.0,47.4,50.0,1,0,0,0
2026-09-04 06:06:43,500.4,20.5,22.0,47.4,50.0,1,0,0,0
2026-09-04 06:06:45,502.4,20.5,22.0,47.4,50.0,1,0,0,0
2026-09-04 06:06:47,504.4,20.6,22.0,47.4,50.0,1,0,0,0
2026-09-04 06:06:49,506.4,20.6,22.0,47.4,50.0,1,0,0,0
2026-09-04 06:06:51,508.4,20.6,22.0,47.4,50.0,1,0,0,0
2026-09-04 06:06:53,510.4,20.6,22.0,47.3,50.0,1,0,0,0
2026-09-04 06:06:55,512.4,20.6,22.0,47.3,50.0,1,0,0,0
2026-09-04 06:06:57,514.4,20.6,22.0,47.3,50.0,1,0,0,0
2026-09-04 06:06:59,516.4,20.6,22.0,47.3,50.0,1,0,0,0
2026-09-04 06:07:01,518.4,20.6,22.0,47.3,50.0,1,0,0,0
2026-09-04 06:07:03,520.4,20.6,22.0,47.3,50.0,1,0,0,0
2026-09-04 06:07:05,522.5,20.6,22.0,47.3,50.0,1,0,0,0
2026-09-04 06:07:07,524.5,20.6,22.0,47.3,50.0,1,0,0,0
2026-09-04 06:07:09,526.5,20.6,22.0,47.3,50.0,1,0,0,0
2026-09-04 06:07:11,528.5,20.6,22.0,47.3,50.0,1,0,0,0
2026-09-04 06:07:13,530.5,20.6,22.0,47.3,50.0,1,0,0,0
2026-09-04 06:07:15,532.5,20.6,22.0,47.2,50.0,1,0,0,0
2026-09-04 06:07:17,534.5,20.7,22.0,47.2,50.0,1,0,0,0
2026-09-04 06:07:19,536.5,20.7,22.0,47.2,50.0,1,0,0,0
2026-09-04 06:07:21,538.5,20.7,22.0,47.2,50.0,1,0,0,0
2026-09-04 06:07:23,540.5,20.7,22.0,47.2,50.0,1,0,0,0
2026-09-04 06:07:25,542.5,20.7,22.0,47.2,50.0,1,0,0,0
2026-09-04 06:07:27,544.5,20.7,22.0,47.2,50.0,1,0,0,0
2026-09-04 06:07:29,546.5,20.7,22.0,47.2,50.0,1,0,0,0
2026-09-04 06:07:31,548.5,20.7,22.0,47.2,50.0,1,0,0,0
2026-09-04 06:07:33,550.5,20.7,22.0,47.1,50.0,1,0,0,0
2026-09-04 06:07:35,552.5,20.7,22.0,47.1,50.0,1,0,0,0
2026-09-04 06:07:37,554.6,20.7,22.0,47.1,50.0,1,0,0,0
2026-09-04 06:07:39,556.6,20.7,22.0,47.1,50.0,1,0,0,0
2026-09-04 06:07:41,558.6,20.7,22.0,47.1,50.0,1,0,0,0
2026-09-04 06:07:43,560.6,20.7,22.0,47.1,50.0,1,0,0,0
2026-09-04 06:07:45,562.6,20.8,22.0,47.1,50.0,1,0,0,0
2026-09-04 06:07:47,564.6,20.8,22.0,47.1,50.0,1,0,0,0
2026-09-04 06:07:49,566.6,20.8,22.0,47.1,50.0,1,0,0,0
2026-09-04 06:07:51,568.6,20.8,22.0,47.1,50.0,1,0,0,0
2026-09-04 06:07:53,570.6,20.8,22.0,47.1,50.0,1,0,0,0
2026-09-04 06:07:55,572.6,20.8,22.0,47.1,50.0,1,0,0,0
2026-09-04 06:07:57,574.6,20.8,22.0,47.1,50.0,1,0,0,0
2026-09-04 06:07:59,576.6,20.8,22.0,47.0,50.0,1,0,0,0
2026-09-04 06:08:01,578.6,20.8,22.0,47.0,50.0,1,0,0,0
2026-09-04 06:08:03,580.6,20.8,22.0,47.0,50.0,1,0,0,0
2026-09-04 06:08:05,582.6,20.8,22.0,47.0,50.0,1,0,0,0
2026-09-04 06:08:07,584.7,20.8,22.0,47.0,50.0,1,0,0,0
2026-09-04 06:08:09,586.7,20.8,22.0,47.0,50.0,1,0,0,0
2026-09-04 06:08:11,588.7,20.8,22.0,47.0,50.0,1,0,0,0
2026-09-04 06:08:13,590.7,20.8,22.0,47.0,50.0,1,0,0,0
2026-09-04 06:08:15,592.7,20.8,22.0,47.0,50.0,1,0,0,0
2026-09-04 06:08:17,594.7,20.8,22.0,47.0,50.0,1,0,0,0
2026-09-04 06:08:19,596.7,20.8,22.0,46.9,50.0,1,0,0,0
2026-09-04 06:08:21,598.7,20.8,22.0,47.0,50.0,1,0,0,0
2026-09-04 06:08:23,600.7,20.9,22.0,46.9,50.0,1,0,0,0
2026-09-04 06:08:25,602.7,20.9,22.0,46.9,50.0,1,0,0,0
2026-09-04 06:08:27,604.7,20.9,22.0,46.9,50.0,1,0,0,0
2026-09-04 06:08:29,606.7,20.9,22.0,46.9,50.0,1,0,0,0
2026-09-04 06:08:31,608.7,20.9,22.0,46.9,50.0,1,0,0,0
2026-09-04 06:08:33,610.7,20.9,22.0,46.9,50.0,1,0,0,0
2026-09-04 06:08:35,612.7,20.9,22.0,46.9,50.0,1,0,0,0
2026-09-04 06:08:37,614.7,20.9,22.0,46.9,50.0,1,0,0,0
2026-09-04 06:08:39,616.8,20.9,22.0,46.9,50.0,1,0,0,0
2026-09-04 06:08:41,618.8,20.9,22.0,46.9,50.0,1,0,0,0
2026-09-04 06:08:43,620.8,20.9,22.0,46.9,50.0,1,0,0,0
2026-09-04 06:08:45,622.8,20.9,22.0,46.9,50.0,1,0,0,0
2026-09-04 06:08:47,624.8,20.9,22.0,46.9,50.0,1,0,0,0
2026-09-04 06:08:49,626.8,20.9,22.0,46.9,50.0,1,0,0,0
2026-09-04 06:08:51,628.8,20.9,22.0,46.9,50.0,1,0,0,0
2026-09-04 06:08:53,630.8,21.0,22.0,46.9,50.0,1,0,0,0
2026-09-04 06:08:55,632.8,21.0,22.0,46.8,50.0,1,0,0,0
2026-09-04 06:08:57,634.8,21.0,22.0,46.8,50.0,1,0,0,0
2026-09-04 06:08:59,636.8,21.0,22.0,46.8,50.0,1,0,0,0
2026-09-04 06:09:01,638.8,21.0,22.0,46.8,50.0,1,0,0,0
2026-09-04 06:09:03,640.8,21.0,22.0,46.8,50.0,1,0,0,0
2026-09-04 06:09:05,642.8,21.0,22.0,46.8,50.0,1,0,0,0
2026-09-04 06:09:07,644.8,21.0,22.0,46.8,50.0,1,0,0,0
2026-09-04 06:09:09,646.9,21.0,22.0,46.8,50.0,1,0,0,0
2026-09-04 06:09:11,648.9,21.0,22.0,46.8,50.0,1,0,0,0
2026-09-04 06:09:13,650.9,21.0,22.0,46.8,50.0,1,0,0,0
2026-09-04 06:09:15,652.9,21.0,22.0,46.8,50.0,1,0,0,0
2026-09-04 06:09:17,654.9,21.0,22.0,46.7,50.0,1,0,0,0
2026-09-04 06:09:19,656.9,21.0,22.0,46.7,50.0,1,0,0,0
2026-09-04 06:09:21,658.9,21.0,22.0,46.7,50.0,1,0,0,0
2026-09-04 06:09:23,660.9,21.0,22.0,46.7,50.0,1,0,0,0
2026-09-04 06:09:25,662.9,21.0,22.0,46.7,50.0,1,0,0,0
2026-09-04 06:09:27,664.9,21.0,22.0,46.6,50.0,1,0,0,0
2026-09-04 06:09:29,666.9,21.0,22.0,46.6,50.0,1,0,0,0
2026-09-04 06:09:31,668.9,21.0,22.0,46.6,50.0,1,0,0,0
2026-09-04 06:09:33,670.9,21.0,22.0,46.6,50.0,1,0,0,0
2026-09-04 06:09:35,672.9,21.1,22.0,46.5,50.0,1,0,0,0
2026-09-04 06:09:37,674.9,21.1,22.0,46.5,50.0,1,0,0,0
2026-09-04 06:09:39,677.0,21.1,22.0,46.5,50.0,1,0,0,0
2026-09-04 06:09:41,679.0,21.1,22.0,46.5,50.0,1,0,0,0
2026-09-04 06:09:43,681.0,21.1,22.0,46.5,50.0,1,0,0,0
2026-09-04 06:09:45,683.0,21.1,22.0,46.5,50.0,1,0,0,0
2026-09-04 06:09:47,685.0,21.1,22.0,46.5,50.0,1,0,0,0
2026-09-04 06:09:49,687.0,21.1,22.0,46.5,50.0,1,0,0,0
2026-09-04 06:09:51,689.0,21.1,22.0,46.5,50.0,1,0,0,0
2026-09-04 06:09:53,691.0,21.1,22.0,46.4,50.0,1,0,0,0
2026-09-04 06:09:55,693.0,21.1,22.0,46.4,50.0,1,0,0,0
2026-09-04 06:09:57,695.0,21.1,22.0,46.4,50.0,1,0,0,0
2026-09-04 06:09:59,697.0,21.1,22.0,46.4,50.0,1,0,0,0
2026-09-04 06:10:01,699.0,21.1,22.0,46.4,50.0,1,0,0,0
2026-09-04 06:10:03,701.0,21.1,22.0,46.4,50.0,1,0,0,0
2026-09-04 06:10:05,703.0,21.1,22.0,46.4,50.0,1,0,0,0
2026-09-04 06:10:07,705.0,21.1,22.0,46.3,50.0,1,0,0,0
2026-09-04 06:10:09,707.0,21.1,22.0,46.3,50.0,1,0,0,0
2026-09-04 06:10:11,709.1,21.1,22.0,46.3,50.0,1,0,0,0
2026-09-04 06:10:13,711.1,21.1,22.0,46.3,50.0,1,0,0,0
2026-09-04 06:10:15,713.1,21.1,22.0,46.3,50.0,1,0,0,0
2026-09-04 06:10:18,715.1,21.2,22.0,46.2,50.0,1,0,0,0
2026-09-04 06:10:20,717.1,21.2,22.0,46.2,50.0,1,0,0,0
2026-09-04 06:10:22,719.1,21.2,22.0,46.2,50.0,1,0,0,0
2026-09-04 06:10:24,721.1,21.2,22.0,46.1,50.0,1,0,0,0
2026-09-04 06:10:26,723.1,21.2,22.0,46.1,50.0,1,0,0,0
2026-09-04 06:10:28,725.1,21.2,22.0,46.1,50.0,1,0,0,0
2026-09-04 06:10:30,727.1,21.2,22.0,46.1,50.0,1,0,0,0
2026-09-04 06:10:32,729.1,21.2,22.0,46.0,50.0,1,0,0,0
2026-09-04 06:10:34,731.1,21.2,22.0,46.0,50.0,1,0,0,0
2026-09-04 06:10:36,733.1,21.2,22.0,46.0,50.0,1,0,0,0
2026-09-04 06:10:38,735.1,21.2,22.0,46.0,50.0,1,0,0,0
2026-09-04 06:10:40,737.1,21.2,22.0,46.0,50.0,1,0,0,0
2026-09-04 06:10:42,739.2,21.2,22.0,46.0,50.0,1,0,0,0
2026-09-04 06:10:44,741.2,21.2,22.0,46.0,50.0,1,0,0,0
2026-09-04 06:10:46,743.2,21.2,22.0,46.0,50.0,1,0,0,0
2026-09-04 06:10:48,745.2,21.2,22.0,45.9,50.0,1,0,0,0
2026-09-04 06:10:50,747.2,21.2,22.0,45.9,50.0,1,0,0,0
2026-09-04 06:10:52,749.2,21.2,22.0,45.9,50.0,1,0,0,0
2026-09-04 06:10:54,751.2,21.2,22.0,45.9,50.0,1,0,0,0
2026-09-04 06:10:56,753.2,21.2,22.0,45.9,50.0,1,0,0,0
2026-09-04 06:10:58,755.2,21.2,22.0,45.9,50.0,1,0,0,0
2026-09-04 06:11:00,757.2,21.3,22.0,45.9,50.0,1,0,0,0
2026-09-04 06:11:02,759.2,21.3,22.0,45.9,50.0,1,0,0,0
2026-09-04 06:11:04,761.2,21.3,22.0,45.9,50.0,1,0,0,0
2026-09-04 06:11:06,763.2,21.3,22.0,45.9,50.0,1,0,0,0
2026-09-04 06:11:08,765.2,21.3,22.0,45.8,50.0,1,0,0,0
2026-09-04 06:11:10,767.2,21.3,22.0,45.8,50.0,1,0,0,0
2026-09-04 06:11:12,769.2,21.3,22.0,45.8,50.0,1,0,0,0
2026-09-04 06:11:14,771.3,21.3,22.0,45.8,50.0,1,0,0,0
2026-09-04 06:11:16,773.3,21.3,22.0,45.8,50.0,1,0,0,0
2026-09-04 06:11:18,775.3,21.3,22.0,45.8,50.0,1,0,0,0
2026-09-04 06:11:20,777.3,21.3,22.0,45.8,50.0,1,0,0,0
2026-09-04 06:11:22,779.3,21.3,22.0,45.8,50.0,1,0,0,0
2026-09-04 06:11:24,781.3,21.3,22.0,45.8,50.0,1,0,0,0
2026-09-04 06:11:26,783.3,21.3,22.0,45.8,50.0,1,0,0,0
2026-09-04 06:11:28,785.3,21.3,22.0,45.8,50.0,1,0,0,0
2026-09-04 06:11:30,787.3,21.3,22.0,45.7,50.0,1,0,0,0
2026-09-04 06:11:32,789.3,21.3,22.0,45.7,50.0,1,0,0,0
2026-09-04 06:11:34,791.3,21.3,22.0,45.7,50.0,1,0,0,0
2026-09-04 06:11:36,793.3,21.3,22.0,45.7,50.0,1,0,0,0
2026-09-04 06:11:38,795.3,21.3,22.0,45.7,50.0,1,0,0,0
2026-09-04 06:11:40,797.3,21.3,22.0,45.7,50.0,1,0,0,0
2026-09-04 06:11:42,799.3,21.3,22.0,45.7,50.0,1,0,0,0
2026-09-04 06:11:44,801.4,21.3,22.0,45.7,50.0,1,0,0,0
2026-09-04 06:11:46,803.4,21.3,22.0,45.7,50.0,1,0,0,0
2026-09-04 06:11:48,805.4,21.4,22.0,45.7,50.0,1,0,0,0
2026-09-04 06:11:50,807.4,21.3,22.0,45.7,50.0,1,0,0,0
2026-09-04 06:11:52,809.4,21.4,22.0,45.7,50.0,1,0,0,0
2026-09-04 06:11:54,811.4,21.4,22.0,45.7,50.0,1,0,0,0
2026-09-04 06:11:56,813.4,21.4,22.0,45.7,50.0,1,0,0,0
2026-09-04 06:11:58,815.4,21.4,22.0,45.7,50.0,1,0,0,0
2026-09-04 06:12:00,817.4,21.4,22.0,45.6,50.0,1,0,0,0
2026-09-04 06:12:02,819.4,21.4,22.0,45.6,50.0,1,0,0,0
2026-09-04 06:12:04,821.4,21.4,22.0,45.6,50.0,1,0,0,0
2026-09-04 06:12:06,823.4,21.4,22.0,45.6,50.0,1,0,0,0
2026-09-04 06:12:08,825.4,21.4,22.0,45.6,50.0,1,0,0,0
2026-09-04 06:12:10,827.4,21.4,22.0,45.6,50.0,1,0,0,0
2026-09-04 06:12:12,829.4,21.4,22.0,45.6,50.0,1,0,0,0
2026-09-04 06:12:14,831.5,21.4,22.0,45.6,50.0,1,0,0,0
2026-09-04 06:12:16,833.5,21.4,22.0,45.6,50.0,1,0,0,0
2026-09-04 06:12:18,835.5,21.4,22.0,45.6,50.0,1,0,0,0
2026-09-04 06:12:20,837.5,21.4,22.0,45.6,50.0,1,0,0,0
2026-09-04 06:12:22,839.5,21.4,22.0,45.5,50.0,1,0,0,0
2026-09-04 06:12:24,841.5,21.4,22.0,45.5,50.0,1,0,0,0
2026-09-04 06:12:26,843.5,21.4,22.0,45.5,50.0,1,0,0,0
2026-09-04 06:12:28,845.5,21.4,22.0,45.5,50.0,1,0,0,0
2026-09-04 06:12:30,847.5,21.4,22.0,45.5,50.0,1,0,0,0
2026-09-04 06:12:32,849.5,21.4,22.0,45.5,50.0,1,0,0,0
2026-09-04 06:12:34,851.5,21.4,22.0,45.5,50.0,1,0,0,0
2026-09-04 06:12:36,853.5,21.4,22.0,45.5,50.0,1,0,0,0
2026-09-04 06:12:38,855.5,21.4,22.0,45.5,50.0,1,0,0,0
2026-09-04 06:12:40,857.5,21.4,22.0,45.5,50.0,1,0,0,0
2026-09-04 06:12:42,859.5,21.5,22.0,45.5,50.0,1,0,0,0
2026-09-04 06:12:44,861.5,21.5,22.0,45.4,50.0,1,0,0,0
2026-09-04 06:12:46,863.6,21.5,22.0,45.4,50.0,1,0,0,0
2026-09-04 06:12:48,865.6,21.5,22.0,45.4,50.0,1,0,0,0
2026-09-04 06:12:50,867.6,21.5,22.0,45.4,50.0,1,0,0,0
2026-09-04 06:12:52,869.6,21.5,22.0,45.4,50.0,1,0,0,0
2026-09-04 06:12:54,871.6,21.5,22.0,45.4,50.0,1,0,0,0
2026-09-04 06:12:56,873.6,21.5,22.0,45.4,50.0,1,0,0,0
2026-09-04 06:12:58,875.6,21.5,22.0,45.4,50.0,1,0,0,0
2026-09-04 06:13:00,877.6,21.5,22.0,45.4,50.0,1,0,0,0
2026-09-04 06:13:02,879.6,21.5,22.0,45.4,50.0,1,0,0,0
2026-09-04 06:13:04,881.6,21.5,22.0,45.4,50.0,1,0,0,0
2026-09-04 06:13:06,883.6,21.5,22.0,45.4,50.0,1,0,0,0
2026-09-04 06:13:08,885.6,21.5,22.0,45.4,50.0,1,0,0,0
2026-09-04 06:13:10,887.6,21.5,22.0,45.4,50.0,1,0,0,0
2026-09-04 06:13:12,889.6,21.5,22.0,45.4,50.0,1,0,0,0
2026-09-04 06:13:14,891.6,21.5,22.0,45.3,50.0,1,0,0,0
2026-09-04 06:13:16,893.7,21.5,22.0,45.3,50.0,1,0,0,0
2026-09-04 06:13:18,895.7,21.5,22.0,45.3,50.0,1,0,0,0
2026-09-04 06:13:20,897.7,21.5,22.0,45.3,50.0,1,0,0,0
2026-09-04 06:13:22,899.7,21.5,22.0,45.3,50.0,1,0,0,0
2026-09-04 06:13:24,901.7,21.5,22.0,45.3,50.0,1,0,0,0
2026-09-04 06:13:26,903.7,21.5,22.0,45.3,50.0,1,0,0,0
2026-09-04 06:13:28,905.7,21.5,22.0,45.3,50.0,1,0,0,0
2026-09-04 06:13:30,907.7,21.5,22.0,45.3,50.0,1,0,0,0
2026-09-04 06:13:32,909.7,21.6,22.0,45.3,50.0,1,0,0,0
2026-09-04 06:13:34,911.7,21.6,22.0,45.3,50.0,1,0,0,0
2026-09-04 06:13:36,913.7,21.6,22.0,45.2,50.0,1,0,0,0
2026-09-04 06:13:38,915.7,21.6,22.0,45.2,50.0,1,0,0,0
2026-09-04 06:13:40,917.7,21.6,22.0,45.2,50.0,1,0,0,0
2026-09-04 06:13:42,919.7,21.6,22.0,45.2,50.0,1,0,0,0
2026-09-04 06:13:44,921.7,21.6,22.0,45.2,50.0,1,0,0,0
2026-09-04 06:13:46,923.8,21.6,22.0,45.2,50.0,1,0,0,0
2026-09-04 06:13:48,925.8,21.6,22.0,45.1,50.0,1,0,0,0
2026-09-04 06:13:50,927.8,21.6,22.0,45.1,50.0,1,0,0,0
2026-09-04 06:13:52,929.8,21.6,22.0,45.1,50.0,1,0,0,0
2026-09-04 06:13:54,931.8,21.6,22.0,45.1,50.0,1,0,0,0
2026-09-04 06:13:56,933.8,21.6,22.0,45.0,50.0,1,0,0,0
2026-09-04 06:13:58,935.8,21.6,22.0,45.0,50.0,1,0,0,0
2026-09-04 06:14:00,937.8,21.6,22.0,45.0,50.0,1,0,0,0
2026-09-04 06:14:02,939.8,21.6,22.0,45.0,50.0,1,0,0,0
2026-09-04 06:14:04,941.8,21.6,22.0,45.0,50.0,1,0,0,0
2026-09-04 06:14:06,943.8,21.6,22.0,45.0,50.0,1,0,0,0
2026-09-04 06:14:08,945.8,21.6,22.0,45.0,50.0,1,0,0,0
2026-09-04 06:14:10,947.8,21.6,22.0,45.0,50.0,1,0,0,0
2026-09-04 06:14:12,949.8,21.6,22.0,45.0,50.0,1,0,0,0
2026-09-04 06:14:14,951.8,21.6,22.0,45.0,50.0,1,0,1,0
2026-09-04 06:14:16,953.8,21.6,22.0,44.9,50.0,1,0,1,0
2026-09-04 06:14:18,955.9,21.6,22.0,44.9,50.0,1,0,1,0
2026-09-04 06:14:20,957.9,21.7,22.0,44.9,50.0,1,0,1,0
2026-09-04 06:14:22,959.9,21.6,22.0,44.9,50.0,1,0,1,0
2026-09-04 06:14:24,961.9,21.7,22.0,44.9,50.0,1,0,0,0
2026-09-04 06:14:26,963.9,21.7,22.0,44.9,50.0,1,0,0,0
2026-09-04 06:14:28,965.9,21.7,22.0,45.0,50.0,1,0,0,0
2026-09-04 06:14:30,967.9,21.7,22.0,45.1,50.0,1,0,0,0
2026-09-04 06:14:32,969.9,21.7,22.0,45.3,50.0,1,0,0,0
2026-09-04 06:14:34,971.9,21.7,22.0,45.4,50.0,1,0,0,0
2026-09-04 06:14:36,973.9,21.7,22.0,45.7,50.0,1,0,0,0
2026-09-04 06:14:38,975.9,21.7,22.0,45.9,50.0,1,0,0,0
2026-09-04 06:14:40,977.9,21.7,22.0,46.1,50.0,1,0,0,0
2026-09-04 06:14:42,979.9,21.7,22.0,46.4,50.0,1,0,0,0
2026-09-04 06:14:44,981.9,21.7,22.0,46.6,50.0,1,0,0,0
2026-09-04 06:14:46,983.9,21.7,22.0,46.9,50.0,1,0,0,0
2026-09-04 06:14:48,986.0,21.7,22.0,47.2,50.0,1,0,0,0
2026-09-04 06:14:50,988.0,21.7,22.0,47.5,50.0,1,0,0,0
2026-09-04 06:14:52,990.0,21.7,22.0,47.7,50.0,1,0,0,0
2026-09-04 06:14:54,992.0,21.7,22.0,48.0,50.0,1,0,0,0
2026-09-04 06:14:56,994.0,21.7,22.0,48.3,50.0,1,0,0,0
2026-09-04 06:14:58,996.0,21.7,22.0,48.6,50.0,1,0,0,0
2026-09-04 06:15:00,998.0,21.7,22.0,48.8,50.0,1,0,0,0
2026-09-04 06:15:02,1000.0,21.7,22.0,49.0,50.0,1,0,0,0
2026-09-04 06:15:04,1002.0,21.7,22.0,49.2,50.0,1,0,0,0
2026-09-04 06:15:06,1004.0,21.7,22.0,49.4,50.0,1,0,0,0
2026-09-04 06:15:08,1006.0,21.7,22.0,49.5,50.0,1,0,0,0
2026-09-04 06:15:10,1008.0,21.7,22.0,49.6,50.0,1,0,0,0
2026-09-04 06:15:12,1010.0,21.7,22.0,49.7,50.0,1,0,0,0
2026-09-04 06:15:14,1012.0,21.7,22.0,49.8,50.0,1,0,0,0
2026-09-04 06:15:16,1014.0,21.7,22.0,49.9,50.0,1,0,0,0
2026-09-04 06:15:18,1016.0,21.7,22.0,49.9,50.0,1,0,0,0
2026-09-04 06:15:20,1018.1,21.7,22.0,49.9,50.0,1,0,0,0
2026-09-04 06:15:22,1020.1,21.7,22.0,49.8,50.0,1,0,0,0
2026-09-04 06:15:24,1022.1,21.7,22.0,49.8,50.0,1,0,0,0
2026-09-04 06:15:27,1024.1,21.7,22.0,49.8,50.0,1,0,0,0
2026-09-04 06:15:29,1026.1,21.7,22.0,49.7,50.0,1,0,0,0
2026-09-04 06:15:31,1028.1,21.7,22.0,49.7,50.0,1,0,0,0
2026-09-04 06:15:33,1030.1,21.8,22.0,49.6,50.0,1,0,0,0
2026-09-04 06:15:35,1032.1,21.8,22.0,49.6,50.0,1,0,0,0
2026-09-04 06:15:37,1034.1,21.8,22.0,49.5,50.0,1,0,0,0
2026-09-04 06:15:39,1036.1,21.8,22.0,49.5,50.0,1,0,0,0
2026-09-04 06:15:41,1038.1,21.8,22.0,49.4,50.0,1,0,0,0
2026-09-04 06:15:43,1040.1,21.8,22.0,49.4,50.0,1,0,0,0
2026-09-04 06:15:45,1042.1,21.8,22.0,49.3,50.0,1,0,0,0
2026-09-04 06:15:47,1044.1,21.8,22.0,49.3,50.0,1,0,0,0
2026-09-04 06:15:49,1046.1,21.8,22.0,49.2,50.0,1,0,0,0
2026-09-04 06:15:51,1048.2,21.8,22.0,49.1,50.0,1,0,0,0
2026-09-04 06:15:53,1050.2,21.8,22.0,49.0,50.0,1,0,0,0
2026-09-04 06:15:55,1052.2,21.8,22.0,48.9,50.0,1,0,0,0
2026-09-04 06:15:57,1054.2,21.8,22.0,48.8,50.0,1,0,0,0
2026-09-04 06:15:59,1056.2,21.8,22.0,48.7,50.0,1,0,0,0
2026-09-04 06:16:01,1058.2,21.8,22.0,48.7,50.0,1,0,0,0
2026-09-04 06:16:03,1060.2,21.8,22.0,48.6,50.0,1,0,0,0
2026-09-04 06:16:05,1062.2,21.8,22.0,48.5,50.0,1,0,0,0
2026-09-04 06:16:07,1064.2,21.8,22.0,48.4,50.0,1,0,0,0
2026-09-04 06:16:09,1066.2,21.8,22.0,48.3,50.0,1,0,0,0
2026-09-04 06:16:11,1068.2,21.8,22.0,48.3,50.0,1,0,0,0
2026-09-04 06:16:13,1070.2,21.8,22.0,48.2,50.0,1,0,0,0
2026-09-04 06:16:15,1072.2,21.8,22.0,48.1,50.0,1,0,0,0
2026-09-04 06:16:17,1074.2,21.8,22.0,48.1,50.0,1,0,0,0
2026-09-04 06:16:19,1076.2,21.8,22.0,48.0,50.0,1,0,0,0
2026-09-04 06:16:21,1078.2,21.8,22.0,48.0,50.0,1,0,0,0
2026-09-04 06:16:23,1080.3,21.8,22.0,47.9,50.0,1,0,0,0
2026-09-04 06:16:25,1082.3,21.8,22.0,47.8,50.0,1,0,0,0
2026-09-04 06:16:27,1084.3,21.8,22.0,47.8,50.0,1,0,0,0
2026-09-04 06:16:29,1086.3,21.8,22.0,47.7,50.0,1,0,0,0
2026-09-04 06:16:31,1088.3,21.8,22.0,47.7,50.0,1,0,0,0
2026-09-04 06:16:33,1090.3,21.8,22.0,47.7,50.0,1,0,0,0
2026-09-04 06:16:35,1092.3,21.8,22.0,47.6,50.0,1,0,0,0
2026-09-04 06:16:37,1094.3,21.8,22.0,47.6,50.0,1,0,0,0
2026-09-04 06:16:39,1096.3,21.8,22.0,47.5,50.0,1,0,0,0
2026-09-04 06:16:41,1098.3,21.8,22.0,47.5,50.0,1,0,0,0
2026-09-04 06:16:43,1100.3,21.8,22.0,47.5,50.0,1,0,0,0
2026-09-04 06:16:45,1102.3,21.8,22.0,47.4,50.0,1,0,0,0
2026-09-04 06:16:47,1104.3,21.8,22.0,47.4,50.0,1,0,0,0
2026-09-04 06:16:49,1106.3,21.8,22.0,47.3,50.0,1,0,0,0
2026-09-04 06:16:51,1108.3,21.8,22.0,47.3,50.0,1,0,0,0
2026-09-04 06:16:53,1110.4,21.9,22.0,47.3,50.0,1,0,0,0
2026-09-04 06:16:55,1112.4,21.9,22.0,47.2,50.0,1,0,0,0
2026-09-04 06:16:57,1114.4,21.9,22.0,47.2,50.0,1,0,0,0
2026-09-04 06:16:59,1116.4,21.9,22.0,47.1,50.0,1,0,0,0
2026-09-04 06:17:01,1118.4,21.9,22.0,47.1,50.0,1,0,0,0
2026-09-04 06:17:03,1120.4,21.9,22.0,47.1,50.0,1,0,0,0
2026-09-04 06:17:05,1122.4,21.9,22.0,47.0,50.0,1,0,0,0
2026-09-04 06:17:07,1124.4,21.9,22.0,47.0,50.0,1,0,0,0
2026-09-04 06:17:09,1126.4,21.9,22.0,47.0,50.0,1,0,0,0
2026-09-04 06:17:11,1128.4,21.9,22.0,46.9,50.0,1,0,0,0
2026-09-04 06:17:13,1130.4,21.9,22.0,46.9,50.0,1,0,0,0
2026-09-04 06:17:15,1132.4,21.9,22.0,46.8,50.0,1,0,0,0
2026-09-04 06:17:17,1134.4,21.9,22.0,46.8,50.0,1,0,0,0
2026-09-04 06:17:19,1136.4,21.9,22.0,46.8,50.0,1,0,0,0
2026-09-04 06:17:21,1138.4,21.9,22.0,46.8,50.0,1,0,0,0
2026-09-04 06:17:23,1140.5,21.9,22.0,46.7,50.0,1,0,0,0
2026-09-04 06:17:25,1142.5,21.9,22.0,46.7,50.0,1,0,0,0
2026-09-04 06:17:27,1144.5,21.9,22.0,46.7,50.0,1,0,0,0
2026-09-04 06:17:29,1146.5,21.9,22.0,46.6,50.0,1,0,0,0
2026-09-04 06:17:31,1148.5,21.9,22.0,46.6,50.0,1,0,0,0
2026-09-04 06:17:33,1150.5,21.9,22.0,46.5,50.0,1,0,0,0
2026-09-04 06:17:35,1152.5,21.9,22.0,46.5,50.0,1,0,0,0
2026-09-04 06:17:37,1154.5,21.9,22.0,46.5,50.0,1,0,0,0
2026-09-04 06:17:39,1156.5,21.9,22.0,46.4,50.0,1,0,0,0
2026-09-04 06:17:41,1158.5,21.9,22.0,46.4,50.0,1,0,0,0
2026-09-04 06:17:43,1160.5,21.9,22.0,46.4,50.0,1,0,0,0
2026-09-04 06:17:45,1162.5,21.9,22.0,46.4,50.0,1,0,0,0
2026-09-04 06:17:47,1164.5,21.9,22.0,46.3,50.0,1,0,0,0
2026-09-04 06:17:49,1166.5,21.9,22.0,46.3,50.0,1,0,0,0
2026-09-04 06:17:51,1168.5,21.9,22.0,46.3,50.0,1,0,0,0
2026-09-04 06:17:53,1170.5,21.9,22.0,46.3,50.0,1,0,0,0
2026-09-04 06:17:55,1172.6,21.9,22.0,46.3,50.0,1,0,0,0
2026-09-04 06:17:57,1174.6,21.9,22.0,46.2,50.0,1,0,0,0
2026-09-04 06:17:59,1176.6,21.9,22.0,46.2,50.0,1,0,0,0
2026-09-04 06:18:01,1178.6,21.9,22.0,46.2,50.0,1,0,0,0
2026-09-04 06:18:03,1180.6,22.0,22.0,46.2,50.0,1,0,0,0
2026-09-04 06:18:05,1182.6,22.0,22.0,46.2,50.0,1,0,0,0
2026-09-04 06:18:07,1184.6,22.0,22.0,46.1,50.0,1,0,0,0
2026-09-04 06:18:09,1186.6,22.0,22.0,46.1,50.0,1,0,0,0
2026-09-04 06:18:11,1188.6,22.0,22.0,46.1,50.0,1,0,0,0
2026-09-04 06:18:13,1190.6,22.0,22.0,46.1,50.0,1,0,0,0
2026-09-04 06:18:15,1192.6,22.0,22.0,46.1,50.0,1,0,0,0
2026-09-04 06:18:17,1194.6,22.0,22.0,46.1,50.0,1,0,0,0
2026-09-04 06:18:19,1196.6,22.0,22.0,46.0,50.0,1,0,0,0
2026-09-04 06:18:21,1198.6,22.0,22.0,46.0,50.0,1,0,0,0
2026-09-04 06:18:23,1200.6,22.0,22.0,46.0,50.0,1,0,0,0
2026-09-04 06:18:25,1202.7,22.0,22.0,46.0,50.0,1,0,0,0
2026-09-04 06:18:27,1204.7,22.0,22.0,46.0,50.0,1,0,0,0
2026-09-04 06:18:29,1206.7,22.0,22.0,46.0,50.0,1,0,0,0
2026-09-04 06:18:31,1208.7,22.0,22.0,45.9,50.0,1,0,0,0
2026-09-04 06:18:33,1210.7,22.0,22.0,45.9,50.0,1,0,0,0
2026-09-04 06:18:35,1212.7,22.0,22.0,45.9,50.0,1,0,0,0
2026-09-04 06:18:37,1214.7,22.0,22.0,45.9,50.0,1,0,0,0
2026-09-04 06:18:39,1216.7,22.0,22.0,45.9,50.0,1,0,0,0
2026-09-04 06:18:41,1218.7,22.0,22.0,45.9,50.0,1,0,0,0
2026-09-04 06:18:43,1220.7,22.0,22.0,45.8,50.0,1,0,0,0
2026-09-04 06:18:45,1222.7,22.0,22.0,45.8,50.0,1,0,0,0
2026-09-04 06:18:47,1224.7,22.0,22.0,45.8,50.0,1,0,0,0
2026-09-04 06:18:49,1226.7,22.0,22.0,45.8,50.0,1,0,0,0
2026-09-04 06:18:51,1228.7,22.0,22.0,45.8,50.0,1,0,0,0
2026-09-04 06:18:53,1230.7,22.0,22.0,45.7,50.0,1,0,0,0
2026-09-04 06:18:55,1232.8,22.0,22.0,45.7,50.0,1,0,0,0
2026-09-04 06:18:57,1234.8,22.0,22.0,45.7,50.0,1,0,0,0
2026-09-04 06:18:59,1236.8,22.0,22.0,45.7,50.0,1,0,0,0
2026-09-04 06:19:01,1238.8,22.0,22.0,45.7,50.0,1,0,0,0
2026-09-04 06:19:03,1240.8,22.0,22.0,45.7,50.0,1,0,0,0
2026-09-04 06:19:05,1242.8,22.0,22.0,45.6,50.0,1,0,0,0
2026-09-04 06:19:07,1244.8,22.0,22.0,45.6,50.0,1,0,0,0
2026-09-04 06:19:09,1246.8,22.0,22.0,45.6,50.0,1,0,0,0
2026-09-04 06:19:11,1248.8,22.0,22.0,45.6,50.0,1,0,0,0
2026-09-04 06:19:13,1250.8,22.0,22.0,45.6,50.0,1,0,0,0
2026-09-04 06:19:15,1252.8,22.0,22.0,45.6,50.0,1,0,0,0
2026-09-04 06:19:17,1254.8,22.0,22.0,45.6,50.0,1,0,0,0
2026-09-04 06:19:19,1256.8,22.1,22.0,45.6,50.0,1,0,0,0
2026-09-04 06:19:21,1258.8,22.1,22.0,45.6,50.0,1,0,0,0
2026-09-04 06:19:23,1260.8,22.1,22.0,45.6,50.0,1,0,0,0
2026-09-04 06:19:25,1262.8,22.1,22.0,45.5,50.0,1,0,0,0
2026-09-04 06:19:27,1264.9,22.1,22.0,45.5,50.0,1,0,0,0
2026-09-04 06:19:29,1266.9,22.1,22.0,45.5,50.0,1,0,0,0
2026-09-04 06:19:31,1268.9,22.1,22.0,45.5,50.0,1,0,0,0
2026-09-04 06:19:33,1270.9,22.1,22.0,45.5,50.0,1,0,0,0
2026-09-04 06:19:35,1272.9,22.1,22.0,45.5,50.0,1,0,0,0
2026-09-04 06:19:37,1274.9,22.1,22.0,45.4,50.0,1,0,0,0
2026-09-04 06:19:39,1276.9,22.1,22.0,45.4,50.0,1,0,0,0
2026-09-04 06:19:41,1278.9,22.1,22.0,45.4,50.0,1,0,0,0
2026-09-04 06:19:43,1280.9,22.1,22.0,45.4,50.0,1,0,0,0
2026-09-04 06:19:45,1282.9,22.1,22.0,45.4,50.0,1,0,0,0
2026-09-04 06:19:47,1284.9,22.1,22.0,45.4,50.0,1,0,0,0
2026-09-04 06:19:49,1286.9,22.1,22.0,45.3,50.0,1,0,0,0
2026-09-04 06:19:51,1288.9,22.1,22.0,45.3,50.0,1,0,0,0
2026-09-04 06:19:53,1290.9,22.1,22.0,45.3,50.0,1,0,0,0
2026-09-04 06:19:55,1292.9,22.1,22.0,45.3,50.0,1,0,0,0
2026-09-04 06:19:57,1295.0,22.1,22.0,45.3,50.0,1,0,0,0
2026-09-04 06:19:59,1297.0,22.1,22.0,45.3,50.0,1,0,0,0
2026-09-04 06:20:01,1299.0,22.1,22.0,45.3,50.0,1,0,0,0
2026-09-04 06:20:03,1301.0,22.1,22.0,45.3,50.0,1,0,0,0
2026-09-04 06:20:05,1303.0,22.1,22.0,45.3,50.0,1,0,0,0
2026-09-04 06:20:07,1305.0,22.1,22.0,45.3,50.0,1,0,0,0
2026-09-04 06:20:09,1307.0,22.1,22.0,45.3,50.0,1,0,0,0
2026-09-04 06:20:11,1309.0,22.1,22.0,45.3,50.0,1,0,0,0
2026-09-04 06:20:13,1311.0,22.1,22.0,45.2,50.0,1,0,0,0
2026-09-04 06:20:15,1313.0,22.1,22.0,45.2,50.0,1,0,0,0
2026-09-04 06:20:17,1315.0,22.1,22.0,45.2,50.0,1,0,0,0
2026-09-04 06:20:19,1317.0,22.1,22.0,45.2,50.0,1,0,0,0
2026-09-04 06:20:21,1319.0,22.1,22.0,45.2,50.0,1,0,0,0
2026-09-04 06:20:23,1321.0,22.1,22.0,45.2,50.0,1,0,0,0
2026-09-04 06:20:25,1323.0,22.1,22.0,45.2,50.0,1,0,0,0
2026-09-04 06:20:27,1325.0,22.1,22.0,45.2,50.0,1,0,0,0
2026-09-04 06:20:29,1327.1,22.1,22.0,45.2,50.0,1,0,0,0
2026-09-04 06:20:31,1329.1,22.1,22.0,45.2,50.0,1,0,0,0
2026-09-04 06:20:33,1331.1,22.1,22.0,45.2,50.0,1,0,0,0
2026-09-04 06:20:35,1333.1,22.1,22.0,45.1,50.0,1,0,0,0
2026-09-04 06:20:38,1335.1,22.1,22.0,45.1,50.0,1,0,0,0
2026-09-04 06:20:40,1337.1,22.1,22.0,45.1,50.0,1,0,0,0
2026-09-04 06:20:42,1339.1,22.1,22.0,45.1,50.0,1,0,0,0
2026-09-04 06:20:44,1341.1,22.1,22.0,45.1,50.0,1,0,0,0
2026-09-04 06:20:46,1343.1,22.1,22.0,45.1,50.0,1,0,0,0
2026-09-04 06:20:48,1345.1,22.1,22.0,45.1,50.0,1,0,0,0
2026-09-04 06:20:50,1347.1,22.1,22.0,45.1,50.0,1,0,0,0
2026-09-04 06:20:52,1349.1,22.2,22.0,45.1,50.0,1,0,0,0
2026-09-04 06:20:54,1351.1,22.2,22.0,45.1,50.0,1,0,0,0
2026-09-04 06:20:56,1353.1,22.2,22.0,45.1,50.0,1,0,0,0
2026-09-04 06:20:58,1355.1,22.2,22.0,45.1,50.0,1,0,0,0
2026-09-04 06:21:00,1357.2,22.2,22.0,45.1,50.0,1,0,0,0
2026-09-04 06:21:02,1359.2,22.2,22.0,45.1,50.0,1,0,0,0
2026-09-04 06:21:04,1361.2,22.2,22.0,45.1,50.0,1,0,0,0
2026-09-04 06:21:06,1363.2,22.2,22.0,45.1,50.0,1,0,0,0
2026-09-04 06:21:08,1365.2,22.2,22.0,45.0,50.0,1,0,0,0
2026-09-04 06:21:10,1367.2,22.2,22.0,45.0,50.0,1,0,0,0
2026-09-04 06:21:12,1369.2,22.2,22.0,45.0,50.0,1,0,0,0
2026-09-04 06:21:14,1371.2,22.2,22.0,45.0,50.0,1,0,0,0
2026-09-04 06:21:16,1373.2,22.2,22.0,45.0,50.0,1,0,0,0
2026-09-04 06:21:18,1375.2,22.2,22.0,45.0,50.0,1,0,0,0
2026-09-04 06:21:20,1377.2,22.2,22.0,45.0,50.0,1,0,0,0
2026-09-04 06:21:22,1379.2,22.2,22.0,45.0,50.0,1,0,0,0
2026-09-04 06:21:24,1381.2,22.2,22.0,45.0,50.0,1,0,0,0
2026-09-04 06:21:26,1383.2,22.2,22.0,45.0,50.0,1,0,0,0
2026-09-04 06:21:28,1385.2,22.2,22.0,45.0,50.0,1,0,0,0
2026-09-04 06:21:30,1387.2,22.2,22.0,45.0,50.0,1,0,0,0
2026-09-04 06:21:32,1389.3,22.2,22.0,45.0,50.0,1,0,0,0
2026-09-04 06:21:34,1391.3,22.2,22.0,45.0,50.0,1,0,0,0
2026-09-04 06:21:36,1393.3,22.2,22.0,45.0,50.0,1,0,0,0
2026-09-04 06:21:38,1395.3,22.2,22.0,45.0,50.0,1,0,0,0
2026-09-04 06:21:40,1397.3,22.2,22.0,45.0,50.0,1,0,0,0
2026-09-04 06:21:42,1399.3,22.2,22.0,45.0,50.0,1,0,0,0
2026-09-04 06:21:44,1401.3,22.2,22.0,45.0,50.0,1,0,0,0
2026-09-04 06:21:46,1403.3,22.2,22.0,45.0,50.0,1,0,0,0
2026-09-04 06:21:48,1405.3,22.2,22.0,45.0,50.0,1,0,0,0
2026-09-04 06:21:50,1407.3,22.2,22.0,45.0,50.0,1,0,0,0
2026-09-04 06:21:52,1409.3,22.2,22.0,45.0,50.0,1,0,0,0
2026-09-04 06:21:54,1411.3,22.2,22.0,45.0,50.0,1,0,0,0
2026-09-04 06:21:56,1413.3,22.2,22.0,45.0,50.0,1,0,0,0
2026-09-04 06:21:58,1415.3,22.2,22.0,45.0,50.0,1,0,0,0
2026-09-04 06:22:00,1417.3,22.2,22.0,45.0,50.0,1,0,0,0
2026-09-04 06:22:02,1419.4,22.2,22.0,45.0,50.0,1,0,0,0
2026-09-04 06:22:04,1421.4,22.2,22.0,45.0,50.0,1,0,0,0
2026-09-04 06:22:06,1423.4,22.2,22.0,45.0,50.0,1,0,0,0
2026-09-04 06:22:08,1425.4,22.2,22.0,45.0,50.0,1,0,0,0
2026-09-04 06:22:10,1427.4,22.2,22.0,44.9,50.0,1,0,1,0
2026-09-04 06:22:12,1429.4,22.3,22.0,44.9,50.0,1,0,1,0
2026-09-04 06:22:14,1431.4,22.3,22.0,44.9,50.0,1,0,1,0
2026-09-04 06:22:16,1433.4,22.3,22.0,44.9,50.0,1,0,1,0
2026-09-04 06:22:18,1435.4,22.3,22.0,44.9,50.0,1,0,1,0
2026-09-04 06:22:20,1437.4,22.3,22.0,44.9,50.0,1,0,0,0
2026-09-04 06:22:22,1439.4,22.3,22.0,45.0,50.0,1,0,0,0
2026-09-04 06:22:24,1441.4,22.3,22.0,45.2,50.0,1,0,0,0
2026-09-04 06:22:26,1443.4,22.3,22.0,45.4,50.0,1,0,0,0
2026-09-04 06:22:28,1445.4,22.3,22.0,45.9,50.0,1,0,0,0
2026-09-04 06:22:30,1447.4,22.3,22.0,46.4,50.0,1,0,0,0
2026-09-04 06:22:32,1449.5,22.3,22.0,47.0,50.0,1,0,0,0
2026-09-04 06:22:34,1451.5,22.3,22.0,47.5,50.0,1,0,0,0
2026-09-04 06:22:36,1453.5,22.3,22.0,47.9,50.0,1,0,0,0
2026-09-04 06:22:38,1455.5,22.3,22.0,48.2,50.0,1,0,0,0
2026-09-04 06:22:40,1457.5,22.3,22.0,48.5,50.0,1,0,0,0
2026-09-04 06:22:42,1459.5,22.3,22.0,48.7,50.0,1,0,0,0
2026-09-04 06:22:44,1461.5,22.3,22.0,49.0,50.0,1,0,0,0
2026-09-04 06:22:46,1463.5,22.3,22.0,49.2,50.0,1,0,0,0
2026-09-04 06:22:48,1465.5,22.3,22.0,49.5,50.0,1,0,0,0
2026-09-04 06:22:50,1467.5,22.3,22.0,49.7,50.0,1,0,0,0
2026-09-04 06:22:52,1469.5,22.3,22.0,50.0,50.0,1,0,0,0
2026-09-04 06:22:54,1471.5,22.3,22.0,50.2,50.0,1,0,0,0
2026-09-04 06:22:56,1473.5,22.3,22.0,50.5,50.0,1,0,0,0
2026-09-04 06:22:58,1475.5,22.3,22.0,50.7,50.0,1,0,0,0
2026-09-04 06:23:00,1477.5,22.3,22.0,50.9,50.0,1,0,0,0
2026-09-04 06:23:02,1479.5,22.3,22.0,51.1,50.0,1,0,0,0
2026-09-04 06:23:04,1481.6,22.3,22.0,51.2,50.0,1,0,0,0
2026-09-04 06:23:06,1483.6,22.3,22.0,51.2,50.0,1,0,0,0
2026-09-04 06:23:08,1485.6,22.3,22.0,51.2,50.0,1,0,0,0
2026-09-04 06:23:10,1487.6,22.3,22.0,51.1,50.0,1,0,0,0
2026-09-04 06:23:12,1489.6,22.3,22.0,51.0,50.0,1,0,0,0
2026-09-04 06:23:14,1491.6,22.3,22.0,50.8,50.0,1,0,0,0
2026-09-04 06:23:16,1493.6,22.3,22.0,50.7,50.0,1,0,0,0
2026-09-04 06:23:18,1495.6,22.3,22.0,50.6,50.0,1,0,0,0
2026-09-04 06:23:20,1497.6,22.3,22.0,50.5,50.0,1,0,0,0
2026-09-04 06:23:22,1499.6,22.3,22.0,50.5,50.0,1,0,0,0
2026-09-04 06:23:24,1501.6,22.3,22.0,50.4,50.0,1,0,0,0
2026-09-04 06:23:26,1503.6,22.3,22.0,50.3,50.0,1,0,0,0
2026-09-04 06:23:28,1505.6,22.3,22.0,50.2,50.0,1,0,0,0
2026-09-04 06:23:30,1507.6,22.3,22.0,50.1,50.0,1,0,0,0
2026-09-04 06:23:32,1509.6,22.3,22.0,50.0,50.0,1,0,0,0
2026-09-04 06:23:34,1511.7,22.3,22.0,49.9,50.0,1,0,0,0
2026-09-04 06:23:36,1513.7,22.3,22.0,49.8,50.0,1,0,0,0
2026-09-04 06:23:38,1515.7,22.3,22.0,49.7,50.0,1,0,0,0
2026-09-04 06:23:40,1517.7,22.3,22.0,49.6,50.0,1,0,0,0
2026-09-04 06:23:42,1519.7,22.3,22.0,49.5,50.0,1,0,0,0
2026-09-04 06:23:44,1521.7,22.3,22.0,49.5,50.0,1,0,0,0
2026-09-04 06:23:46,1523.7,22.3,22.0,49.4,50.0,1,0,0,0
2026-09-04 06:23:48,1525.7,22.3,22.0,49.4,50.0,1,0,0,0
2026-09-04 06:23:50,1527.7,22.3,22.0,49.3,50.0,1,0,0,0
2026-09-04 06:23:52,1529.7,22.3,22.0,49.3,50.0,1,0,0,0
2026-09-04 06:23:54,1531.7,22.3,22.0,49.2,50.0,1,0,0,0
2026-09-04 06:23:56,1533.7,22.3,22.0,49.2,50.0,1,0,0,0
2026-09-04 06:23:58,1535.7,22.3,22.0,49.2,50.0,1,0,0,0
2026-09-04 06:24:00,1537.7,22.3,22.0,49.1,50.0,1,0,0,0
2026-09-04 06:24:02,1539.7,22.3,22.0,49.1,50.0,1,0,0,0
2026-09-04 06:24:04,1541.8,22.3,22.0,49.1,50.0,1,0,0,0
2026-09-04 06:24:06,1543.8,22.3,22.0,49.0,50.0,1,0,0,0
2026-09-04 06:24:08,1545.8,22.3,22.0,49.0,50.0,1,0,0,0
2026-09-04 06:24:10,1547.8,22.3,22.0,48.9,50.0,1,0,0,0
2026-09-04 06:24:12,1549.8,22.3,22.0,48.9,50.0,1,0,0,0
2026-09-04 06:24:14,1551.8,22.4,22.0,48.8,50.0,1,0,0,0
2026-09-04 06:24:16,1553.8,22.4,22.0,48.7,50.0,1,0,0,0
2026-09-04 06:24:18,1555.8,22.3,22.0,48.6,50.0,1,0,0,0
2026-09-04 06:24:20,1557.8,22.3,22.0,48.5,50.0,1,0,0,0
2026-09-04 06:24:22,1559.8,22.4,22.0,48.4,50.0,1,0,0,0
2026-09-04 06:24:24,1561.8,22.4,22.0,48.4,50.0,1,0,0,0
2026-09-04 06:24:26,1563.8,22.3,22.0,48.3,50.0,1,0,0,0
2026-09-04 06:24:28,1565.8,22.4,22.0,48.2,50.0,1,0,0,0
2026-09-04 06:24:30,1567.8,22.4,22.0,48.1,50.0,1,0,0,0
2026-09-04 06:24:32,1569.8,22.4,22.0,48.1,50.0,1,0,0,0
2026-09-04 06:24:34,1571.8,22.4,22.0,48.0,50.0,1,0,0,0
2026-09-04 06:24:36,1573.9,22.4,22.0,48.0,50.0,1,0,0,0
2026-09-04 06:24:38,1575.9,22.4,22.0,47.9,50.0,1,0,0,0
2026-09-04 06:24:40,1577.9,22.4,22.0,47.9,50.0,1,0,0,0
2026-09-04 06:24:42,1579.9,22.4,22.0,47.8,50.0,1,0,0,0
2026-09-04 06:24:44,1581.9,22.4,22.0,47.7,50.0,1,0,0,0
2026-09-04 06:24:46,1583.9,22.4,22.0,47.6,50.0,1,0,0,0
2026-09-04 06:24:48,1585.9,22.4,22.0,47.6,50.0,1,0,0,0
2026-09-04 06:24:50,1587.9,22.4,22.0,47.5,50.0,1,0,0,0
2026-09-04 06:24:52,1589.9,22.4,22.0,47.5,50.0,1,0,0,0
2026-09-04 06:24:54,1591.9,22.4,22.0,47.5,50.0,1,0,0,0
2026-09-04 06:24:56,1593.9,22.4,22.0,47.4,50.0,1,0,0,0
2026-09-04 06:24:58,1595.9,22.4,22.0,47.4,50.0,1,0,0,0
2026-09-04 06:25:00,1597.9,22.4,22.0,47.3,50.0,1,0,0,0
2026-09-04 06:25:02,1599.9,22.4,22.0,47.3,50.0,1,0,0,0
2026-09-04 06:25:04,1601.9,22.4,22.0,47.3,50.0,1,0,0,0
2026-09-04 06:25:06,1604.0,22.4,22.0,47.3,50.0,1,0,0,0
2026-09-04 06:25:08,1606.0,22.4,22.0,47.2,50.0,1,0,0,0
2026-09-04 06:25:10,1608.0,22.4,22.0,47.2,50.0,1,0,0,0
2026-09-04 06:25:12,1610.0,22.4,22.0,47.1,50.0,1,0,0,0
2026-09-04 06:25:14,1612.0,22.4,22.0,47.1,50.0,1,0,0,0
2026-09-04 06:25:16,1614.0,22.4,22.0,47.0,50.0,1,0,0,0
2026-09-04 06:25:18,1616.0,22.4,22.0,47.0,50.0,1,0,0,0
2026-09-04 06:25:20,1618.0,22.4,22.0,47.0,50.0,1,0,0,0
2026-09-04 06:25:22,1620.0,22.4,22.0,46.9,50.0,1,0,0,0
2026-09-04 06:25:24,1622.0,22.4,22.0,46.9,50.0,1,0,0,0
2026-09-04 06:25:26,1624.0,22.4,22.0,46.8,50.0,1,0,0,0
2026-09-04 06:25:28,1626.0,22.4,22.0,46.8,50.0,1,0,0,0
2026-09-04 06:25:30,1628.0,22.4,22.0,46.8,50.0,1,0,0,0
2026-09-04 06:25:32,1630.0,22.4,22.0,46.8,50.0,1,0,0,0
2026-09-04 06:25:34,1632.0,22.4,22.0,46.7,50.0,1,0,0,0
2026-09-04 06:25:36,1634.0,22.4,22.0,46.7,50.0,1,0,0,0
2026-09-04 06:25:38,1636.1,22.4,22.0,46.7,50.0,1,0,0,0
2026-09-04 06:25:40,1638.1,22.4,22.0,46.7,50.0,1,0,0,0
2026-09-04 06:25:42,1640.1,22.4,22.0,46.6,50.0,1,0,0,0
2026-09-04 06:25:44,1642.1,22.4,22.0,46.6,50.0,1,0,0,0
2026-09-04 06:25:47,1644.1,22.4,22.0,46.6,50.0,1,0,0,0
2026-09-04 06:25:49,1646.1,22.4,22.0,46.5,50.0,1,0,0,0
2026-09-04 06:25:51,1648.1,22.4,22.0,46.5,50.0,1,0,0,0
2026-09-04 06:25:53,1650.1,22.4,22.0,46.4,50.0,1,0,0,0
2026-09-04 06:25:55,1652.1,22.4,22.0,46.4,50.0,1,0,0,0
2026-09-04 06:25:57,1654.1,22.4,22.0,46.3,50.0,1,0,0,0
2026-09-04 06:25:59,1656.1,22.5,22.0,46.3,50.0,1,0,0,0
2026-09-04 06:26:01,1658.1,22.4,22.0,46.2,50.0,1,0,0,0
2026-09-04 06:26:03,1660.1,22.4,22.0,46.2,50.0,1,0,0,0
2026-09-04 06:26:05,1662.1,22.4,22.0,46.2,50.0,1,0,0,0
2026-09-04 06:26:07,1664.1,22.4,22.0,46.1,50.0,1,0,0,0
2026-09-04 06:26:09,1666.2,22.4,22.0,46.1,50.0,1,0,0,0
2026-09-04 06:26:11,1668.2,22.4,22.0,46.1,50.0,1,0,0,0
2026-09-04 06:26:13,1670.2,22.5,22.0,46.1,50.0,1,0,0,0
2026-09-04 06:26:15,1672.2,22.5,22.0,46.0,50.0,1,0,0,0
2026-09-04 06:26:17,1674.2,22.5,22.0,46.0,50.0,1,0,0,0
2026-09-04 06:26:19,1676.2,22.5,22.0,46.0,50.0,1,0,0,0
2026-09-04 06:26:21,1678.2,22.5,22.0,45.9,50.0,1,0,0,0
2026-09-04 06:26:23,1680.2,22.5,22.0,45.9,50.0,1,0,0,0
2026-09-04 06:26:25,1682.2,22.5,22.0,45.9,50.0,1,0,0,0
2026-09-04 06:26:27,1684.2,22.5,22.0,45.8,50.0,1,0,0,0
2026-09-04 06:26:29,1686.2,22.5,22.0,45.8,50.0,1,0,0,0
2026-09-04 06:26:31,1688.2,22.5,22.0,45.8,50.0,1,0,0,0
2026-09-04 06:26:33,1690.2,22.5,22.0,45.7,50.0,1,0,0,0
2026-09-04 06:26:35,1692.2,22.5,22.0,45.7,50.0,1,0,0,0
2026-09-04 06:26:37,1694.2,22.5,22.0,45.7,50.0,1,0,0,0
2026-09-04 06:26:39,1696.2,22.5,22.0,45.6,50.0,1,0,0,0
2026-09-04 06:26:41,1698.3,22.5,22.0,45.6,50.0,1,0,0,0
2026-09-04 06:26:43,1700.3,22.5,22.0,45.6,50.0,1,0,0,0
2026-09-04 06:26:45,1702.3,22.5,22.0,45.6,50.0,1,0,0,0
2026-09-04 06:26:47,1704.3,22.5,22.0,45.6,50.0,1,0,0,0
2026-09-04 06:26:49,1706.3,22.5,22.0,45.6,50.0,1,0,0,0
2026-09-04 06:26:51,1708.3,22.5,22.0,45.6,50.0,1,0,0,0
2026-09-04 06:26:53,1710.3,22.5,22.0,45.6,50.0,1,0,0,0
2026-09-04 06:26:55,1712.3,22.5,22.0,45.5,50.0,1,0,0,0
2026-09-04 06:26:57,1714.3,22.5,22.0,45.5,50.0,1,0,0,0
2026-09-04 06:26:59,1716.3,22.5,22.0,45.5,50.0,1,0,0,0
2026-09-04 06:27:01,1718.3,22.5,22.0,45.5,50.0,1,0,0,0
2026-09-04 06:27:03,1720.3,22.5,22.0,45.4,50.0,1,0,0,0
2026-09-04 06:27:05,1722.3,22.5,22.0,45.3,50.0,1,0,0,0
2026-09-04 06:27:07,1724.3,22.5,22.0,45.3,50.0,1,0,0,0
2026-09-04 06:27:09,1726.3,22.5,22.0,45.3,50.0,1,0,0,0
2026-09-04 06:27:11,1728.4,22.5,22.0,45.2,50.0,1,0,0,0
2026-09-04 06:27:13,1730.4,22.5,22.0,45.2,50.0,1,0,0,0
2026-09-04 06:27:15,1732.4,22.5,22.0,45.2,50.0,1,0,0,0
2026-09-04 06:27:17,1734.4,22.5,22.0,45.2,50.0,1,0,0,0
2026-09-04 06:27:19,1736.4,22.5,22.0,45.1,50.0,1,0,0,0
2026-09-04 06:27:21,1738.4,22.5,22.0,45.2,50.0,1,0,0,0
2026-09-04 06:27:23,1740.4,22.5,22.0,45.1,50.0,1,0,0,0
2026-09-04 06:27:25,1742.4,22.5,22.0,45.2,50.0,1,0,0,0
2026-09-04 06:27:27,1744.4,22.5,22.0,45.1,50.0,1,0,0,0
2026-09-04 06:27:29,1746.4,22.5,22.0,45.2,50.0,1,0,0,0
2026-09-04 06:27:31,1748.4,22.5,22.0,45.2,50.0,1,0,0,0
2026-09-04 06:27:33,1750.4,22.6,22.0,45.1,50.0,1,0,0,0
2026-09-04 06:27:35,1752.4,22.5,22.0,45.1,50.0,1,0,0,0
2026-09-04 06:27:37,1754.4,22.5,22.0,45.1,50.0,1,0,0,0
2026-09-04 06:27:39,1756.4,22.5,22.0,45.1,50.0,1,0,0,0
2026-09-04 06:27:41,1758.5,22.5,22.0,45.1,50.0,1,0,0,0
2026-09-04 06:27:43,1760.5,22.6,22.0,45.1,50.0,1,0,0,0
2026-09-04 06:27:45,1762.5,22.6,22.0,45.1,50.0,1,0,0,0
2026-09-04 06:27:47,1764.5,22.6,22.0,45.1,50.0,1,0,0,0
2026-09-04 06:27:49,1766.5,22.6,22.0,45.0,50.0,1,0,0,0
2026-09-04 06:27:51,1768.5,22.6,22.0,45.0,50.0,1,0,0,0
2026-09-04 06:27:53,1770.5,22.6,22.0,45.0,50.0,1,0,1,0
2026-09-04 06:27:55,1772.5,22.6,22.0,44.9,50.0,1,0,1,0
2026-09-04 06:27:57,1774.5,22.6,22.0,44.9,50.0,1,0,1,0
2026-09-04 06:27:59,1776.5,22.6,22.0,44.9,50.0,1,0,1,0
2026-09-04 06:28:01,1778.5,22.6,22.0,44.8,50.0,1,0,1,0
2026-09-04 06:28:03,1780.5,22.6,22.0,44.8,50.0,1,0,0,0
2026-09-04 06:28:05,1782.5,22.6,22.0,44.8,50.0,1,0,0,0
2026-09-04 06:28:07,1784.5,22.6,22.0,45.0,50.0,1,0,0,0
2026-09-04 06:28:09,1786.5,22.6,22.0,45.3,50.0,1,0,0,0
2026-09-04 06:28:11,1788.5,22.6,22.0,45.8,50.0,1,0,0,0
2026-09-04 06:28:13,1790.6,22.6,22.0,46.2,50.0,1,0,0,0
2026-09-04 06:28:15,1792.6,22.6,22.0,46.7,50.0,1,0,0,0
2026-09-04 06:28:17,1794.6,22.6,22.0,47.1,50.0,1,0,0,0
2026-09-04 06:28:19,1796.6,22.6,22.0,47.4,50.0,1,0,0,0
2026-09-04 06:28:21,1798.6,22.6,22.0,47.6,50.0,1,0,0,0
2026-09-04 06:28:23,1800.6,22.6,22.0,47.9,50.0,1,0,0,0
2026-09-04 06:28:25,1802.6,22.6,22.0,48.1,50.0,1,0,0,0
2026-09-04 06:28:27,1804.6,22.6,22.0,48.3,50.0,1,0,0,0
2026-09-04 06:28:29,1806.6,22.6,22.0,48.6,50.0,1,0,0,0
2026-09-04 06:28:31,1808.6,22.6,22.0,48.8,50.0,1,0,0,0
2026-09-04 06:28:33,1810.6,22.6,22.0,49.1,50.0,1,0,0,0
2026-09-04 06:28:35,1812.6,22.6,22.0,49.4,50.0,1,0,0,0
2026-09-04 06:28:37,1814.6,22.6,22.0,49.7,50.0,1,0,0,0
2026-09-04 06:28:39,1816.6,22.6,22.0,49.9,50.0,1,0,0,0
2026-09-04 06:28:41,1818.6,22.6,22.0,50.1,50.0,1,0,0,0
2026-09-04 06:28:43,1820.7,22.6,22.0,50.4,50.0,1,0,0,0
2026-09-04 06:28:45,1822.7,22.6,22.0,50.6,50.0,1,0,0,0
2026-09-04 06:28:47,1824.7,22.6,22.0,50.8,50.0,1,0,0,0
2026-09-04 06:28:49,1826.7,22.6,22.0,51.0,50.0,1,0,0,0
2026-09-04 06:28:51,1828.7,22.6,22.0,51.1,50.0,1,0,0,0
2026-09-04 06:28:53,1830.7,22.6,22.0,51.2,50.0,1,0,0,0
2026-09-04 06:28:55,1832.7,22.6,22.0,51.3,50.0,1,0,0,0
2026-09-04 06:28:57,1834.7,22.6,22.0,51.4,50.0,1,0,0,0
2026-09-04 06:28:59,1836.7,22.6,22.0,51.5,50.0,1,0,0,0
2026-09-04 06:29:01,1838.7,22.6,22.0,51.5,50.0,1,0,0,0
2026-09-04 06:29:03,1840.7,22.6,22.0,51.5,50.0,1,0,0,0
2026-09-04 06:29:05,1842.7,22.6,22.0,51.5,50.0,1,0,0,0
2026-09-04 06:29:07,1844.7,22.6,22.0,51.4,50.0,1,0,0,0
2026-09-04 06:29:09,1846.7,22.6,22.0,51.3,50.0,1,0,0,0
2026-09-04 06:29:11,1848.7,22.6,22.0,51.2,50.0,1,0,0,0
2026-09-04 06:29:13,1850.7,22.6,22.0,51.0,50.0,1,0,0,0
2026-09-04 06:29:15,1852.8,22.6,22.0,50.9,50.0,1,0,0,0
2026-09-04 06:29:17,1854.8,22.6,22.0,50.7,50.0,1,0,0,0
2026-09-04 06:29:19,1856.8,22.6,22.0,50.6,50.0,1,0,0,0
2026-09-04 06:29:21,1858.8,22.6,22.0,50.5,50.0,1,0,0,0
2026-09-04 06:29:23,1860.8,22.6,22.0,50.4,50.0,1,0,0,0
2026-09-04 06:29:25,1862.8,22.6,22.0,50.4,50.0,1,0,0,0
2026-09-04 06:29:27,1864.8,22.6,22.0,50.3,50.0,1,0,0,0
2026-09-04 06:29:29,1866.8,22.6,22.0,50.2,50.0,1,0,0,0
2026-09-04 06:29:31,1868.8,22.6,22.0,50.1,50.0,1,0,0,0
2026-09-04 06:29:33,1870.8,22.6,22.0,50.0,50.0,1,0,0,0
2026-09-04 06:29:35,1872.8,22.6,22.0,49.9,50.0,1,0,0,0
2026-09-04 06:29:37,1874.8,22.6,22.0,49.8,50.0,1,0,0,0
2026-09-04 06:29:39,1876.8,22.6,22.0,49.7,50.0,1,0,0,0
2026-09-04 06:29:41,1878.8,22.6,22.0,49.5,50.0,1,0,0,0
2026-09-04 06:29:43,1880.8,22.6,22.0,49.4,50.0,1,0,0,0
2026-09-04 06:29:45,1882.9,22.6,22.0,49.2,50.0,1,0,0,0
2026-09-04 06:29:47,1884.9,22.6,22.0,49.1,50.0,1,0,0,0
2026-09-04 06:29:49,1886.9,22.6,22.0,49.0,50.0,1,0,0,0
2026-09-04 06:29:51,1888.9,22.6,22.0,48.9,50.0,1,0,0,0
2026-09-04 06:29:53,1890.9,22.6,22.0,48.7,50.0,1,0,0,0
2026-09-04 06:29:55,1892.9,22.6,22.0,48.6,50.0,1,0,0,0
2026-09-04 06:29:57,1894.9,22.6,22.0,48.5,50.0,1,0,0,0
2026-09-04 06:29:59,1896.9,22.6,22.0,48.4,50.0,1,0,0,0
2026-09-04 06:30:01,1898.9,22.6,22.0,48.3,50.0,1,0,0,0
2026-09-04 06:30:03,1900.9,22.6,22.0,48.2,50.0,1,0,0,0
2026-09-04 06:30:05,1902.9,22.6,22.0,48.0,50.0,1,0,0,0
2026-09-04 06:30:07,1904.9,22.6,22.0,47.9,50.0,1,0,0,0
2026-09-04 06:30:09,1906.9,22.6,22.0,47.8,50.0,1,0,0,0
2026-09-04 06:30:11,1908.9,22.6,22.0,47.7,50.0,1,0,0,0
2026-09-04 06:30:13,1910.9,22.6,22.0,47.6,50.0,1,0,0,0
2026-09-04 06:30:15,1913.0,22.6,22.0,47.5,50.0,1,0,0,0
2026-09-04 06:30:17,1915.0,22.6,22.0,47.4,50.0,1,0,0,0
2026-09-04 06:30:19,1917.0,22.6,22.0,47.3,50.0,1,0,0,0
2026-09-04 06:30:21,1919.0,22.6,22.0,47.3,50.0,1,0,0,0
2026-09-04 06:30:23,1921.0,22.6,22.0,47.2,50.0,1,0,0,0
2026-09-04 06:30:25,1923.0,22.6,22.0,47.2,50.0,1,0,0,0
2026-09-04 06:30:27,1925.0,22.6,22.0,47.1,50.0,1,0,0,0
2026-09-04 06:30:29,1927.0,22.6,22.0,47.1,50.0,1,0,0,0
2026-09-04 06:30:31,1929.0,22.6,22.0,47.0,50.0,1,0,0,0
2026-09-04 06:30:33,1931.0,22.6,22.0,46.9,50.0,1,0,0,0
2026-09-04 06:30:35,1933.0,22.6,22.0,46.8,50.0,1,0,0,0
2026-09-04 06:30:37,1935.0,22.6,22.0,46.8,50.0,1,0,0,0
2026-09-04 06:30:39,1937.0,22.6,22.0,46.7,50.0,1,0,0,0
2026-09-04 06:30:41,1939.0,22.6,22.0,46.7,50.0,1,0,0,0
2026-09-04 06:30:43,1941.0,22.6,22.0,46.7,50.0,1,0,0,0
2026-09-04 06:30:45,1943.0,22.6,22.0,46.7,50.0,1,0,0,0
2026-09-04 06:30:47,1945.1,22.6,22.0,46.7,50.0,1,0,0,0
2026-09-04 06:30:49,1947.1,22.6,22.0,46.7,50.0,1,0,0,0
2026-09-04 06:30:51,1949.1,22.6,22.0,46.6,50.0,1,0,0,0
2026-09-04 06:30:54,1951.1,22.6,22.0,46.6,50.0,1,0,0,0
2026-09-04 06:30:56,1953.1,22.6,22.0,46.5,50.0,1,0,0,0
2026-09-04 06:30:58,1955.1,22.6,22.0,46.5,50.0,1,0,0,0
2026-09-04 06:31:00,1957.1,22.6,22.0,46.4,50.0,1,0,0,0
2026-09-04 06:31:02,1959.1,22.6,22.0,46.4,50.0,1,0,0,0
2026-09-04 06:31:04,1961.1,22.6,22.0,46.4,50.0,1,0,0,0
2026-09-04 06:31:06,1963.1,22.6,22.0,46.3,50.0,1,0,0,0
2026-09-04 06:31:08,1965.1,22.6,22.0,46.3,50.0,1,0,0,0
2026-09-04 06:31:10,1967.1,22.6,22.0,46.3,50.0,1,0,0,0
2026-09-04 06:31:12,1969.1,22.6,22.0,46.3,50.0,1,0,0,0
2026-09-04 06:31:14,1971.1,22.6,22.0,46.3,50.0,1,0,0,0
2026-09-04 06:31:16,1973.1,22.6,22.0,46.2,50.0,1,0,0,0
2026-09-04 06:31:18,1975.2,22.6,22.0,46.2,50.0,1,0,0,0
2026-09-04 06:31:20,1977.2,22.6,22.0,46.2,50.0,1,0,0,0
2026-09-04 06:31:22,1979.2,22.6,22.0,46.2,50.0,1,0,0,0
2026-09-04 06:31:24,1981.2,22.6,22.0,46.2,50.0,1,0,0,0
2026-09-04 06:31:26,1983.2,22.6,22.0,46.2,50.0,1,0,0,0
2026-09-04 06:31:28,1985.2,22.6,22.0,46.1,50.0,1,0,0,0
2026-09-04 06:31:30,1987.2,22.6,22.0,46.1,50.0,1,0,0,0
2026-09-04 06:31:32,1989.2,22.7,22.0,46.1,50.0,1,0,0,0
2026-09-04 06:31:34,1991.2,22.7,22.0,46.0,50.0,1,0,0,0
2026-09-04 06:31:36,1993.2,22.7,22.0,46.0,50.0,1,0,0,0
2026-09-04 06:31:38,1995.2,22.7,22.0,45.9,50.0,1,0,0,0
2026-09-04 06:31:40,1997.2,22.7,22.0,45.8,50.0,1,0,0,0
2026-09-04 06:31:42,1999.2,22.7,22.0,45.7,50.0,1,0,0,0
2026-09-04 06:31:44,2001.2,22.7,22.0,45.7,50.0,1,0,0,0
2026-09-04 06:31:46,2003.2,22.6,22.0,45.6,50.0,1,0,0,0
2026-09-04 06:31:48,2005.3,22.7,22.0,45.5,50.0,1,0,0,0
2026-09-04 06:31:50,2007.3,22.7,22.0,45.5,50.0,1,0,0,0
2026-09-04 06:31:52,2009.3,22.7,22.0,45.4,50.0,1,0,0,0
2026-09-04 06:31:54,2011.3,22.7,22.0,45.4,50.0,1,0,0,0
2026-09-04 06:31:56,2013.3,22.7,22.0,45.3,50.0,1,0,0,0
2026-09-04 06:31:58,2015.3,22.7,22.0,45.3,50.0,1,0,0,0
2026-09-04 06:32:00,2017.3,22.7,22.0,45.3,50.0,1,0,0,0
2026-09-04 06:32:02,2019.3,22.7,22.0,45.3,50.0,1,0,0,0
2026-09-04 06:32:04,2021.3,22.7,22.0,45.3,50.0,1,0,0,0
2026-09-04 06:32:06,2023.3,22.7,22.0,45.3,50.0,1,0,0,0
2026-09-04 06:32:08,2025.3,22.7,22.0,45.2,50.0,1,0,0,0
2026-09-04 06:32:10,2027.3,22.7,22.0,45.2,50.0,1,0,0,0
2026-09-04 06:32:12,2029.3,22.7,22.0,45.2,50.0,1,0,0,0
2026-09-04 06:32:14,2031.3,22.7,22.0,45.2,50.0,1,0,0,0
2026-09-04 06:32:16,2033.3,22.7,22.0,45.2,50.0,1,0,0,0
2026-09-04 06:32:18,2035.3,22.7,22.0,45.2,50.0,1,0,0,0
2026-09-04 06:32:20,2037.4,22.7,22.0,45.2,50.0,1,0,0,0
2026-09-04 06:32:22,2039.4,22.7,22.0,45.2,50.0,1,0,0,0
2026-09-04 06:32:24,2041.4,22.7,22.0,45.1,50.0,1,0,0,0
2026-09-04 06:32:26,2043.4,22.7,22.0,45.0,50.0,1,0,0,0
2026-09-04 06:32:28,2045.4,22.7,22.0,45.0,50.0,1,0,0,0
2026-09-04 06:32:30,2047.4,22.7,22.0,44.9,50.0,1,0,1,0
2026-09-04 06:32:32,2049.4,22.7,22.0,44.8,50.0,1,0,1,0
2026-09-04 06:32:34,2051.4,22.7,22.0,44.8,50.0,1,0,1,0
2026-09-04 06:32:36,2053.4,22.7,22.0,44.7,50.0,1,0,1,0
2026-09-04 06:32:38,2055.4,22.7,22.0,44.7,50.0,1,0,1,0
2026-09-04 06:32:40,2057.4,22.7,22.0,44.7,50.0,1,0,0,0
2026-09-04 06:32:42,2059.4,22.7,22.0,44.8,50.0,1,0,0,0
2026-09-04 06:32:44,2061.4,22.7,22.0,45.1,50.0,1,0,0,0
2026-09-04 06:32:46,2063.4,22.7,22.0,45.6,50.0,1,0,0,0
2026-09-04 06:32:48,2065.4,22.7,22.0,46.1,50.0,1,0,0,0
2026-09-04 06:32:50,2067.5,22.7,22.0,46.8,50.0,1,0,0,0
2026-09-04 06:32:52,2069.5,22.7,22.0,47.4,50.0,1,0,0,0
2026-09-04 06:32:54,2071.5,22.7,22.0,47.9,50.0,1,0,0,0
2026-09-04 06:32:56,2073.5,22.7,22.0,48.2,50.0,1,0,0,0
2026-09-04 06:32:58,2075.5,22.7,22.0,48.5,50.0,1,0,0,0
2026-09-04 06:33:00,2077.5,22.7,22.0,48.7,50.0,1,0,0,0
2026-09-04 06:33:02,2079.5,22.7,22.0,48.8,50.0,1,0,0,0
2026-09-04 06:33:04,2081.5,22.7,22.0,49.0,50.0,1,0,0,0
2026-09-04 06:33:06,2083.5,22.7,22.0,49.2,50.0,1,0,0,0
2026-09-04 06:33:08,2085.5,22.7,22.0,49.4,50.0,1,0,0,0
2026-09-04 06:33:10,2087.5,22.7,22.0,49.6,50.0,1,0,0,0
2026-09-04 06:33:12,2089.5,22.7,22.0,49.8,50.0,1,0,0,0
2026-09-04 06:33:14,2091.5,22.7,22.0,50.0,50.0,1,0,0,0
2026-09-04 06:33:16,2093.5,22.7,22.0,50.2,50.0,1,0,0,0
2026-09-04 06:33:18,2095.5,22.7,22.0,50.2,50.0,1,0,0,0
2026-09-04 06:33:20,2097.5,22.7,22.0,50.2,50.0,1,0,0,0
2026-09-04 06:33:22,2099.6,22.7,22.0,50.2,50.0,1,0,0,0
2026-09-04 06:33:24,2101.6,22.7,22.0,50.0,50.0,1,0,0,0
2026-09-04 06:33:26,2103.6,22.7,22.0,49.9,50.0,1,0,0,0
2026-09-04 06:33:28,2105.6,22.7,22.0,49.8,50.0,1,0,0,0
2026-09-04 06:33:30,2107.6,22.7,22.0,49.7,50.0,1,0,0,0
2026-09-04 06:33:32,2109.6,22.7,22.0,49.6,50.0,1,0,0,0
2026-09-04 06:33:34,2111.6,22.7,22.0,49.6,50.0,1,0,0,0
2026-09-04 06:33:36,2113.6,22.7,22.0,49.5,50.0,1,0,0,0
2026-09-04 06:33:38,2115.6,22.7,22.0,49.5,50.0,1,0,0,0
2026-09-04 06:33:40,2117.6,22.7,22.0,49.4,50.0,1,0,0,0
2026-09-04 06:33:42,2119.6,22.7,22.0,49.3,50.0,1,0,0,0
2026-09-04 06:33:44,2121.6,22.7,22.0,49.1,50.0,1,0,0,0
2026-09-04 06:33:46,2123.6,22.7,22.0,49.0,50.0,1,0,0,0
2026-09-04 06:33:48,2125.6,22.7,22.0,48.9,50.0,1,0,0,0
2026-09-04 06:33:50,2127.6,22.7,22.0,48.8,50.0,1,0,0,0
2026-09-04 06:33:52,2129.7,22.7,22.0,48.6,50.0,1,0,0,0
2026-09-04 06:33:54,2131.7,22.7,22.0,48.5,50.0,1,0,0,0
2026-09-04 06:33:56,2133.7,22.7,22.0,48.4,50.0,1,0,0,0
2026-09-04 06:33:58,2135.7,22.7,22.0,48.4,50.0,1,0,0,0
2026-09-04 06:34:00,2137.7,22.7,22.0,48.3,50.0,1,0,0,0
2026-09-04 06:34:02,2139.7,22.7,22.0,48.2,50.0,1,0,0,0
2026-09-04 06:34:04,2141.7,22.7,22.0,48.1,50.0,1,0,0,0
2026-09-04 06:34:06,2143.7,22.7,22.0,48.0,50.0,1,0,0,0
2026-09-04 06:34:08,2145.7,22.7,22.0,47.9,50.0,1,0,0,0
2026-09-04 06:34:10,2147.7,22.7,22.0,47.8,50.0,1,0,0,0
2026-09-04 06:34:12,2149.7,22.7,22.0,47.7,50.0,1,0,0,0
2026-09-04 06:34:14,2151.7,22.7,22.0,47.7,50.0,1,0,0,0
2026-09-04 06:34:16,2153.7,22.7,22.0,47.7,50.0,1,0,0,0
2026-09-04 06:34:18,2155.7,22.7,22.0,47.6,50.0,1,0,0,0
2026-09-04 06:34:20,2157.7,22.7,22.0,47.7,50.0,1,0,0,0
2026-09-04 06:34:22,2159.8,22.7,22.0,47.7,50.0,1,0,0,0
2026-09-04 06:34:24,2161.8,22.7,22.0,47.7,50.0,1,0,0,0
2026-09-04 06:34:26,2163.8,22.7,22.0,47.7,50.0,1,0,0,0
2026-09-04 06:34:28,2165.8,22.7,22.0,47.8,50.0,1,0,0,0
2026-09-04 06:34:30,2167.8,22.7,22.0,47.8,50.0,1,0,0,0
2026-09-04 06:34:32,2169.8,22.7,22.0,47.8,50.0,1,0,0,0
2026-09-04 06:34:34,2171.8,22.7,22.0,47.8,50.0,1,0,0,0
2026-09-04 06:34:36,2173.8,22.7,22.0,47.7,50.0,1,0,0,0
2026-09-04 06:34:38,2175.8,22.7,22.0,47.6,50.0,1,0,0,0
2026-09-04 06:34:40,2177.8,22.7,22.0,47.5,50.0,1,0,0,0
2026-09-04 06:34:42,2179.8,22.7,22.0,47.3,50.0,1,0,0,0
2026-09-04 06:34:44,2181.8,22.7,22.0,47.2,50.0,1,0,0,0
2026-09-04 06:34:46,2183.8,22.7,22.0,47.1,50.0,1,0,0,0
2026-09-04 06:34:48,2185.8,22.7,22.0,47.0,50.0,1,0,0,0
2026-09-04 06:34:50,2187.8,22.7,22.0,46.9,50.0,1,0,0,0
2026-09-04 06:34:52,2189.8,22.7,22.0,46.8,50.0,1,0,0,0
2026-09-04 06:34:54,2191.9,22.7,22.0,46.6,50.0,1,0,0,0
2026-09-04 06:34:56,2193.9,22.7,22.0,46.6,50.0,1,0,0,0
2026-09-04 06:34:58,2195.9,22.7,22.0,46.5,50.0,1,0,0,0
2026-09-04 06:35:00,2197.9,22.7,22.0,46.4,50.0,1,0,0,0
2026-09-04 06:35:02,2199.9,22.7,22.0,46.4,50.0,1,0,0,0
2026-09-04 06:35:04,2201.9,22.7,22.0,46.4,50.0,1,0,0,0
2026-09-04 06:35:06,2203.9,22.7,22.0,46.4,50.0,1,0,0,0
2026-09-04 06:35:08,2205.9,22.7,22.0,46.3,50.0,1,0,0,0
2026-09-04 06:35:10,2207.9,22.7,22.0,46.3,50.0,1,0,0,0
2026-09-04 06:35:12,2209.9,22.7,22.0,46.3,50.0,1,0,0,0
2026-09-04 06:35:14,2211.9,22.7,22.0,46.3,50.0,1,0,0,0
2026-09-04 06:35:16,2213.9,22.7,22.0,46.3,50.0,1,0,0,0
2026-09-04 06:35:18,2215.9,22.7,22.0,46.2,50.0,1,0,0,0
2026-09-04 06:35:20,2217.9,22.7,22.0,46.2,50.0,1,0,0,0
2026-09-04 06:35:22,2219.9,22.7,22.0,46.1,50.0,1,0,0,0
2026-09-04 06:35:24,2222.0,22.7,22.0,46.0,50.0,1,0,0,0
2026-09-04 06:35:26,2224.0,22.7,22.0,45.9,50.0,1,0,0,0
2026-09-04 06:35:28,2226.0,22.7,22.0,45.8,50.0,1,0,0,0
2026-09-04 06:35:30,2228.0,22.7,22.0,45.7,50.0,1,0,0,0
2026-09-04 06:35:32,2230.0,22.7,22.0,45.6,50.0,1,0,0,0
2026-09-04 06:35:34,2232.0,22.7,22.0,45.5,50.0,1,0,0,0
2026-09-04 06:35:36,2234.0,22.7,22.0,45.4,50.0,1,0,0,0
2026-09-04 06:35:38,2236.0,22.7,22.0,45.3,50.0,1,0,0,0
2026-09-04 06:35:40,2238.0,22.7,22.0,45.2,50.0,1,0,0,0
2026-09-04 06:35:42,2240.0,22.7,22.0,45.2,50.0,1,0,0,0
2026-09-04 06:35:44,2242.0,22.7,22.0,45.1,50.0,1,0,0,0
2026-09-04 06:35:46,2244.0,22.7,22.0,45.0,50.0,1,0,0,0
2026-09-04 06:35:48,2246.0,22.7,22.0,45.0,50.0,1,0,0,0
2026-09-04 06:35:50,2248.0,22.7,22.0,44.9,50.0,1,0,1,0
2026-09-04 06:35:52,2250.0,22.7,22.0,44.9,50.0,1,0,1,0
2026-09-04 06:35:54,2252.0,22.7,22.0,44.9,50.0,1,0,1,0
2026-09-04 06:35:56,2254.1,22.7,22.0,44.9,50.0,1,0,1,0
2026-09-04 06:35:58,2256.1,22.7,22.0,44.9,50.0,1,0,1,0
2026-09-04 06:36:00,2258.1,22.7,22.0,45.0,50.0,1,0,0,0
2026-09-04 06:36:03,2260.1,22.7,22.0,45.1,50.0,1,0,0,0
2026-09-04 06:36:05,2262.1,22.7,22.0,45.4,50.0,1,0,0,0
2026-09-04 06:36:07,2264.1,22.7,22.0,45.6,50.0,1,0,0,0
2026-09-04 06:36:09,2266.1,22.7,22.0,46.0,50.0,1,0,0,0
2026-09-04 06:36:11,2268.1,22.7,22.0,46.6,50.0,1,0,0,0
2026-09-04 06:36:13,2270.1,22.7,22.0,47.2,50.0,1,0,0,0
2026-09-04 06:36:15,2272.1,22.7,22.0,47.7,50.0,1,0,0,0
2026-09-04 06:36:17,2274.1,22.7,22.0,48.1,50.0,1,0,0,0
2026-09-04 06:36:19,2276.1,22.7,22.0,48.3,50.0,1,0,0,0
2026-09-04 06:36:21,2278.1,22.7,22.0,48.5,50.0,1,0,0,0
2026-09-04 06:36:23,2280.1,22.7,22.0,48.7,50.0,1,0,0,0
2026-09-04 06:36:25,2282.1,22.7,22.0,48.9,50.0,1,0,0,0
2026-09-04 06:36:27,2284.2,22.7,22.0,49.1,50.0,1,0,0,0
2026-09-04 06:36:29,2286.2,22.7,22.0,49.3,50.0,1,0,0,0
2026-09-04 06:36:31,2288.2,22.7,22.0,49.5,50.0,1,0,0,0
2026-09-04 06:36:33,2290.2,22.7,22.0,49.7,50.0,1,0,0,0
2026-09-04 06:36:35,2292.2,22.7,22.0,49.9,50.0,1,0,0,0
2026-09-04 06:36:37,2294.2,22.7,22.0,50.0,50.0,1,0,0,0
2026-09-04 06:36:39,2296.2,22.7,22.0,50.0,50.0,1,0,0,0
2026-09-04 06:36:41,2298.2,22.7,22.0,50.0,50.0,1,0,0,0
2026-09-04 06:36:43,2300.2,22.7,22.0,50.0,50.0,1,0,0,0
2026-09-04 06:36:45,2302.2,22.7,22.0,49.9,50.0,1,0,0,0
2026-09-04 06:36:47,2304.2,22.7,22.0,49.9,50.0,1,0,0,0
2026-09-04 06:36:49,2306.2,22.7,22.0,49.8,50.0,1,0,0,0
2026-09-04 06:36:51,2308.2,22.7,22.0,49.7,50.0,1,0,0,0
2026-09-04 06:36:53,2310.2,22.7,22.0,49.7,50.0,1,0,0,0
2026-09-04 06:36:55,2312.2,22.7,22.0,49.6,50.0,1,0,0,0
2026-09-04 06:36:57,2314.3,22.7,22.0,49.6,50.0,1,0,0,0
2026-09-04 06:36:59,2316.3,22.7,22.0,49.5,50.0,1,0,0,0
2026-09-04 06:37:01,2318.3,22.7,22.0,49.4,50.0,1,0,0,0
2026-09-04 06:37:03,2320.3,22.7,22.0,49.3,50.0,1,0,0,0
2026-09-04 06:37:05,2322.3,22.7,22.0,49.2,50.0,1,0,0,0
2026-09-04 06:37:07,2324.3,22.7,22.0,49.1,50.0,1,0,0,0
2026-09-04 06:37:09,2326.3,22.7,22.0,48.9,50.0,1,0,0,0
2026-09-04 06:37:11,2328.3,22.7,22.0,48.8,50.0,1,0,0,0
2026-09-04 06:37:13,2330.3,22.7,22.0,48.6,50.0,1,0,0,0
2026-09-04 06:37:15,2332.3,22.7,22.0,48.5,50.0,1,0,0,0
2026-09-04 06:37:17,2334.3,22.7,22.0,48.3,50.0,1,0,0,0
2026-09-04 06:37:19,2336.3,22.7,22.0,48.1,50.0,1,0,0,0
2026-09-04 06:37:21,2338.3,22.7,22.0,48.0,50.0,1,0,0,0
2026-09-04 06:37:23,2340.3,22.7,22.0,47.9,50.0,1,0,0,0
2026-09-04 06:37:25,2342.3,22.7,22.0,47.8,50.0,1,0,0,0
2026-09-04 06:37:27,2344.3,22.7,22.0,47.7,50.0,1,0,0,0
2026-09-04 06:37:29,2346.4,22.7,22.0,47.6,50.0,1,0,0,0
2026-09-04 06:37:31,2348.4,22.7,22.0,47.5,50.0,1,0,0,0
2026-09-04 06:37:33,2350.4,22.7,22.0,47.4,50.0,1,0,0,0
2026-09-04 06:37:35,2352.4,22.7,22.0,47.3,50.0,1,0,0,0
2026-09-04 06:37:37,2354.4,22.7,22.0,47.3,50.0,1,0,0,0
2026-09-04 06:37:39,2356.4,22.7,22.0,47.2,50.0,1,0,0,0
2026-09-04 06:37:41,2358.4,22.7,22.0,47.2,50.0,1,0,0,0
2026-09-04 06:37:43,2360.4,22.7,22.0,47.1,50.0,1,0,0,0
2026-09-04 06:37:45,2362.4,22.7,22.0,47.1,50.0,1,0,0,0
2026-09-04 06:37:47,2364.4,22.7,22.0,47.0,50.0,1,0,0,0
2026-09-04 06:37:49,2366.4,22.7,22.0,47.0,50.0,1,0,0,0
2026-09-04 06:37:51,2368.4,22.7,22.0,46.9,50.0,1,0,0,0
2026-09-04 06:37:53,2370.4,22.7,22.0,46.9,50.0,1,0,0,0
2026-09-04 06:37:55,2372.4,22.7,22.0,46.8,50.0,1,0,0,0
2026-09-04 06:37:57,2374.4,22.7,22.0,46.7,50.0,1,0,0,0
2026-09-04 06:37:59,2376.5,22.7,22.0,46.6,50.0,1,0,0,0
2026-09-04 06:38:01,2378.5,22.7,22.0,46.5,50.0,1,0,0,0
2026-09-04 06:38:03,2380.5,22.7,22.0,46.5,50.0,1,0,0,0
2026-09-04 06:38:05,2382.5,22.7,22.0,46.4,50.0,1,0,0,0
2026-09-04 06:38:07,2384.5,22.7,22.0,46.3,50.0,1,0,0,0
2026-09-04 06:38:09,2386.5,22.7,22.0,46.3,50.0,1,0,0,0
2026-09-04 06:38:11,2388.5,22.7,22.0,46.2,50.0,1,0,0,0
2026-09-04 06:38:13,2390.5,22.7,22.0,46.1,50.0,1,0,0,0
2026-09-04 06:38:15,2392.5,22.7,22.0,46.1,50.0,1,0,0,0
2026-09-04 06:38:17,2394.5,22.7,22.0,46.0,50.0,1,0,0,0
2026-09-04 06:38:19,2396.5,22.7,22.0,45.9,50.0,1,0,0,0
2026-09-04 06:38:21,2398.5,22.7,22.0,45.9,50.0,1,0,0,0
2026-09-04 06:38:23,2400.5,22.7,22.0,45.8,50.0,1,0,0,0
2026-09-04 06:38:25,2402.5,22.7,22.0,45.7,50.0,1,0,0,0
2026-09-04 06:38:27,2404.5,22.7,22.0,45.7,50.0,1,0,0,0
2026-09-04 06:38:29,2406.5,22.7,22.0,45.6,50.0,1,0,0,0
2026-09-04 06:38:31,2408.6,22.7,22.0,45.6,50.0,1,0,0,0
2026-09-04 06:38:33,2410.6,22.7,22.0,45.5,50.0,1,0,0,0
2026-09-04 06:38:35,2412.6,22.7,22.0,45.5,50.0,1,0,0,0
2026-09-04 06:38:37,2414.6,22.7,22.0,45.5,50.0,1,0,0,0
2026-09-04 06:38:39,2416.6,22.7,22.0,45.5,50.0,1,0,0,0
2026-09-04 06:38:41,2418.6,22.7,22.0,45.5,50.0,1,0,0,0
2026-09-04 06:38:43,2420.6,22.7,22.0,45.4,50.0,1,0,0,0
2026-09-04 06:38:45,2422.6,22.7,22.0,45.4,50.0,1,0,0,0
2026-09-04 06:38:47,2424.6,22.7,22.0,45.4,50.0,1,0,0,0
2026-09-04 06:38:49,2426.6,22.7,22.0,45.4,50.0,1,0,0,0
2026-09-04 06:38:51,2428.6,22.7,22.0,45.3,50.0,1,0,0,0
2026-09-04 06:38:53,2430.6,22.7,22.0,45.3,50.0,1,0,0,0
2026-09-04 06:38:55,2432.6,22.7,22.0,45.3,50.0,1,0,0,0
2026-09-04 06:38:57,2434.6,22.7,22.0,45.3,50.0,1,0,0,0
2026-09-04 06:38:59,2436.6,22.7,22.0,45.3,50.0,1,0,0,0
2026-09-04 06:39:01,2438.7,22.7,22.0,45.3,50.0,1,0,0,0
2026-09-04 06:39:03,2440.7,22.7,22.0,45.3,50.0,1,0,0,0
2026-09-04 06:39:05,2442.7,22.7,22.0,45.3,50.0,1,0,0,0
2026-09-04 06:39:07,2444.7,22.7,22.0,45.3,50.0,1,0,0,0
2026-09-04 06:39:09,2446.7,22.8,22.0,45.3,50.0,1,0,0,0
2026-09-04 06:39:11,2448.7,22.7,22.0,45.3,50.0,1,0,0,0
2026-09-04 06:39:13,2450.7,22.7,22.0,45.3,50.0,1,0,0,0
2026-09-04 06:39:15,2452.7,22.7,22.0,45.3,50.0,1,0,0,0
2026-09-04 06:39:17,2454.7,22.7,22.0,45.3,50.0,1,0,0,0
2026-09-04 06:39:19,2456.7,22.8,22.0,45.3,50.0,1,0,0,0
2026-09-04 06:39:21,2458.7,22.7,22.0,45.2,50.0,1,0,0,0
2026-09-04 06:39:23,2460.7,22.7,22.0,45.2,50.0,1,0,0,0
2026-09-04 06:39:25,2462.7,22.8,22.0,45.2,50.0,1,0,0,0
2026-09-04 06:39:27,2464.7,22.8,22.0,45.1,50.0,1,0,0,0
2026-09-04 06:39:29,2466.7,22.8,22.0,45.1,50.0,1,0,0,0
2026-09-04 06:39:31,2468.8,22.8,22.0,45.0,50.0,1,0,0,0
2026-09-04 06:39:33,2470.8,22.8,22.0,45.0,50.0,1,0,0,0
2026-09-04 06:39:35,2472.8,22.8,22.0,44.9,50.0,1,0,1,0
2026-09-04 06:39:37,2474.8,22.8,22.0,44.9,50.0,1,0,1,0
2026-09-04 06:39:39,2476.8,22.8,22.0,44.8,50.0,1,0,1,0
2026-09-04 06:39:41,2478.8,22.8,22.0,44.8,50.0,1,0,1,0
2026-09-04 06:39:43,2480.8,22.8,22.0,44.8,50.0,1,0,1,0
2026-09-04 06:39:45,2482.8,22.8,22.0,44.8,50.0,1,0,0,0
2026-09-04 06:39:47,2484.8,22.8,22.0,44.8,50.0,1,0,0,0
2026-09-04 06:39:49,2486.8,22.8,22.0,45.0,50.0,1,0,0,0
2026-09-04 06:39:51,2488.8,22.8,22.0,45.3,50.0,1,0,0,0
2026-09-04 06:39:53,2490.8,22.8,22.0,45.7,50.0,1,0,0,0
2026-09-04 06:39:55,2492.8,22.8,22.0,46.4,50.0,1,0,0,0
2026-09-04 06:39:57,2494.8,22.8,22.0,47.0,50.0,1,0,0,0
2026-09-04 06:39:59,2496.8,22.8,22.0,47.7,50.0,1,0,0,0
2026-09-04 06:40:01,2498.8,22.8,22.0,48.2,50.0,1,0,0,0
2026-09-04 06:40:03,2500.9,22.8,22.0,48.6,50.0,1,0,0,0
2026-09-04 06:40:05,2502.9,22.8,22.0,48.9,50.0,1,0,0,0
2026-09-04 06:40:07,2504.9,22.8,22.0,49.1,50.0,1,0,0,0
2026-09-04 06:40:09,2506.9,22.8,22.0,49.2,50.0,1,0,0,0
2026-09-04 06:40:11,2508.9,22.8,22.0,49.4,50.0,1,0,0,0
2026-09-04 06:40:13,2510.9,22.8,22.0,49.5,50.0,1,0,0,0
2026-09-04 06:40:15,2512.9,22.8,22.0,49.6,50.0,1,0,0,0
2026-09-04 06:40:17,2514.9,22.8,22.0,49.6,50.0,1,0,0,0
2026-09-04 06:40:19,2516.9,22.8,22.0,49.7,50.0,1,0,0,0
2026-09-04 06:40:21,2518.9,22.8,22.0,49.8,50.0,1,0,0,0
2026-09-04 06:40:23,2520.9,22.8,22.0,49.8,50.0,1,0,0,0
2026-09-04 06:40:25,2522.9,22.8,22.0,49.7,50.0,1,0,0,0
2026-09-04 06:40:27,2524.9,22.8,22.0,49.6,50.0,1,0,0,0
2026-09-04 06:40:29,2526.9,22.8,22.0,49.5,50.0,1,0,0,0
2026-09-04 06:40:31,2528.9,22.8,22.0,49.3,50.0,1,0,0,0
2026-09-04 06:40:33,2531.0,22.8,22.0,49.2,50.0,1,0,0,0
2026-09-04 06:40:35,2533.0,22.8,22.0,49.0,50.0,1,0,0,0
2026-09-04 06:40:37,2535.0,22.8,22.0,48.9,50.0,1,0,0,0
2026-09-04 06:40:39,2537.0,22.8,22.0,48.9,50.0,1,0,0,0
2026-09-04 06:40:41,2539.0,22.8,22.0,48.8,50.0,1,0,0,0
2026-09-04 06:40:43,2541.0,22.8,22.0,48.7,50.0,1,0,0,0
2026-09-04 06:40:45,2543.0,22.8,22.0,48.6,50.0,1,0,0,0
2026-09-04 06:40:47,2545.0,22.8,22.0,48.5,50.0,1,0,0,0
2026-09-04 06:40:49,2547.0,22.8,22.0,48.4,50.0,1,0,0,0
2026-09-04 06:40:51,2549.0,22.7,22.0,48.3,50.0,1,0,0,0
2026-09-04 06:40:53,2551.0,22.8,22.0,48.2,50.0,1,0,0,0
2026-09-04 06:40:55,2553.0,22.8,22.0,48.1,50.0,1,0,0,0
2026-09-04 06:40:57,2555.0,22.8,22.0,48.1,50.0,1,0,0,0
2026-09-04 06:40:59,2557.0,22.8,22.0,48.0,50.0,1,0,0,0
2026-09-04 06:41:01,2559.0,22.8,22.0,48.0,50.0,1,0,0,0
2026-09-04 06:41:03,2561.0,22.8,22.0,47.9,50.0,1,0,0,0
2026-09-04 06:41:05,2563.1,22.8,22.0,47.9,50.0,1,0,0,0
2026-09-04 06:41:07,2565.1,22.8,22.0,47.8,50.0,1,0,0,0
2026-09-04 06:41:09,2567.1,22.8,22.0,47.7,50.0,1,0,0,0
2026-09-04 06:41:12,2569.1,22.8,22.0,47.7,50.0,1,0,0,0
2026-09-04 06:41:14,2571.1,22.8,22.0,47.6,50.0,1,0,0,0
2026-09-04 06:41:16,2573.1,22.8,22.0,47.6,50.0,1,0,0,0
2026-09-04 06:41:18,2575.1,22.8,22.0,47.6,50.0,1,0,0,0
2026-09-04 06:41:20,2577.1,22.8,22.0,47.5,50.0,1,0,0,0
2026-09-04 06:41:22,2579.1,22.8,22.0,47.6,50.0,1,0,0,0
2026-09-04 06:41:24,2581.1,22.8,22.0,47.5,50.0,1,0,0,0
2026-09-04 06:41:26,2583.1,22.8,22.0,47.5,50.0,1,0,0,0
2026-09-04 06:41:28,2585.1,22.8,22.0,47.4,50.0,1,0,0,0
2026-09-04 06:41:30,2587.1,22.8,22.0,47.3,50.0,1,0,0,0
2026-09-04 06:41:32,2589.1,22.8,22.0,47.2,50.0,1,0,0,0
2026-09-04 06:41:34,2591.1,22.8,22.0,47.1,50.0,1,0,0,0
2026-09-04 06:41:36,2593.2,22.8,22.0,47.0,50.0,1,0,0,0
2026-09-04 06:41:38,2595.2,22.8,22.0,46.9,50.0,1,0,0,0
2026-09-04 06:41:40,2597.2,22.8,22.0,46.8,50.0,1,0,0,0
2026-09-04 06:41:42,2599.2,22.8,22.0,46.7,50.0,1,0,0,0
2026-09-04 06:41:44,2601.2,22.8,22.0,46.7,50.0,1,0,0,0
2026-09-04 06:41:46,2603.2,22.8,22.0,46.6,50.0,1,0,0,0
2026-09-04 06:41:48,2605.2,22.8,22.0,46.5,50.0,1,0,0,0
2026-09-04 06:41:50,2607.2,22.8,22.0,46.4,50.0,1,0,0,0
2026-09-04 06:41:52,2609.2,22.8,22.0,46.3,50.0,1,0,0,0
2026-09-04 06:41:54,2611.2,22.8,22.0,46.3,50.0,1,0,0,0
2026-09-04 06:41:56,2613.2,22.8,22.0,46.2,50.0,1,0,0,0
2026-09-04 06:41:58,2615.2,22.8,22.0,46.1,50.0,1,0,0,0
2026-09-04 06:42:00,2617.2,22.8,22.0,46.0,50.0,1,0,0,0
2026-09-04 06:42:02,2619.2,22.8,22.0,45.9,50.0,1,0,0,0
2026-09-04 06:42:04,2621.2,22.8,22.0,45.9,50.0,1,0,0,0
2026-09-04 06:42:06,2623.2,22.8,22.0,45.9,50.0,1,0,0,0
2026-09-04 06:42:08,2625.3,22.8,22.0,45.8,50.0,1,0,0,0
2026-09-04 06:42:10,2627.3,22.8,22.0,45.8,50.0,1,0,0,0
2026-09-04 06:42:12,2629.3,22.8,22.0,45.7,50.0,1,0,0,0
2026-09-04 06:42:14,2631.3,22.8,22.0,45.6,50.0,1,0,0,0
2026-09-04 06:42:16,2633.3,22.8,22.0,45.6,50.0,1,0,0,0
2026-09-04 06:42:18,2635.3,22.8,22.0,45.5,50.0,1,0,0,0
2026-09-04 06:42:20,2637.3,22.8,22.0,45.4,50.0,1,0,0,0
2026-09-04 06:42:22,2639.3,22.8,22.0,45.4,50.0,1,0,0,0
2026-09-04 06:42:24,2641.3,22.8,22.0,45.3,50.0,1,0,0,0
2026-09-04 06:42:26,2643.3,22.8,22.0,45.3,50.0,1,0,0,0
2026-09-04 06:42:28,2645.3,22.8,22.0,45.2,50.0,1,0,0,0
2026-09-04 06:42:30,2647.3,22.8,22.0,45.1,50.0,1,0,0,0
2026-09-04 06:42:32,2649.3,22.8,22.0,45.0,50.0,1,0,0,0
2026-09-04 06:42:34,2651.3,22.8,22.0,44.9,50.0,1,0,0,0
2026-09-04 06:42:36,2653.3,22.8,22.0,44.8,50.0,1,0,1,0
2026-09-04 06:42:38,2655.4,22.8,22.0,44.7,50.0,1,0,1,0
2026-09-04 06:42:40,2657.4,22.8,22.0,44.6,50.0,1,0,1,0
2026-09-04 06:42:42,2659.4,22.8,22.0,44.6,50.0,1,0,1,0
2026-09-04 06:42:44,2661.4,22.8,22.0,44.5,50.0,1,0,1,0
2026-09-04 06:42:46,2663.4,22.8,22.0,44.5,50.0,1,0,0,0
2026-09-04 06:42:48,2665.4,22.8,22.0,44.6,50.0,1,0,0,0
2026-09-04 06:42:50,2667.4,22.8,22.0,44.8,50.0,1,0,0,0
2026-09-04 06:42:52,2669.4,22.8,22.0,45.3,50.0,1,0,0,0
2026-09-04 06:42:54,2671.4,22.8,22.0,45.9,50.0,1,0,0,0
2026-09-04 06:42:56,2673.4,22.8,22.0,46.6,50.0,1,0,0,0
2026-09-04 06:42:58,2675.4,22.8,22.0,47.5,50.0,1,0,0,0
2026-09-04 06:43:00,2677.4,22.8,22.0,48.3,50.0,1,0,0,0
2026-09-04 06:43:02,2679.4,22.8,22.0,48.9,50.0,1,0,0,0
2026-09-04 06:43:04,2681.4,22.8,22.0,49.4,50.0,1,0,0,0
2026-09-04 06:43:06,2683.4,22.8,22.0,49.7,50.0,1,0,0,0
2026-09-04 06:43:08,2685.5,22.8,22.0,49.9,50.0,1,0,0,0
2026-09-04 06:43:10,2687.5,22.8,22.0,50.1,50.0,1,0,0,0
2026-09-04 06:43:12,2689.5,22.8,22.0,50.3,50.0,1,0,0,0
2026-09-04 06:43:14,2691.5,22.8,22.0,50.4,50.0,1,0,0,0
2026-09-04 06:43:16,2693.5,22.8,22.0,50.5,50.0,1,0,0,0
2026-09-04 06:43:18,2695.5,22.8,22.0,50.4,50.0,1,0,0,0
2026-09-04 06:43:20,2697.5,22.8,22.0,50.3,50.0,1,0,0,0
2026-09-04 06:43:22,2699.5,22.8,22.0,50.1,50.0,1,0,0,0
2026-09-04 06:43:24,2701.5,22.8,22.0,49.9,50.0,1,0,0,0
2026-09-04 06:43:26,2703.5,22.8,22.0,49.7,50.0,1,0,0,0
2026-09-04 06:43:28,2705.5,22.8,22.0,49.5,50.0,1,0,0,0
2026-09-04 06:43:30,2707.5,22.8,22.0,49.2,50.0,1,0,0,0
2026-09-04 06:43:32,2709.5,22.8,22.0,49.0,50.0,1,0,0,0
2026-09-04 06:43:34,2711.5,22.8,22.0,48.9,50.0,1,0,0,0
2026-09-04 06:43:36,2713.5,22.8,22.0,48.7,50.0,1,0,0,0
2026-09-04 06:43:38,2715.5,22.8,22.0,48.5,50.0,1,0,0,0
2026-09-04 06:43:40,2717.6,22.8,22.0,48.4,50.0,1,0,0,0
2026-09-04 06:43:42,2719.6,22.8,22.0,48.4,50.0,1,0,0,0
2026-09-04 06:43:44,2721.6,22.8,22.0,48.4,50.0,1,0,0,0
2026-09-04 06:43:46,2723.6,22.8,22.0,48.4,50.0,1,0,0,0
2026-09-04 06:43:48,2725.6,22.8,22.0,48.4,50.0,1,0,0,0
2026-09-04 06:43:50,2727.6,22.8,22.0,48.5,50.0,1,0,0,0
2026-09-04 06:43:52,2729.6,22.8,22.0,48.5,50.0,1,0,0,0
2026-09-04 06:43:54,2731.6,22.8,22.0,48.6,50.0,1,0,0,0
2026-09-04 06:43:56,2733.6,22.8,22.0,48.6,50.0,1,0,0,0
2026-09-04 06:43:58,2735.6,22.8,22.0,48.7,50.0,1,0,0,0
2026-09-04 06:44:00,2737.6,22.8,22.0,48.7,50.0,1,0,0,0
2026-09-04 06:44:02,2739.6,22.8,22.0,48.7,50.0,1,0,0,0
2026-09-04 06:44:04,2741.6,22.8,22.0,48.8,50.0,1,0,0,0
2026-09-04 06:44:06,2743.6,22.8,22.0,48.8,50.0,1,0,0,0
2026-09-04 06:44:08,2745.6,22.8,22.0,48.8,50.0,1,0,0,0
2026-09-04 06:44:10,2747.7,22.8,22.0,48.8,50.0,1,0,0,0
2026-09-04 06:44:12,2749.7,22.8,22.0,48.7,50.0,1,0,0,0
2026-09-04 06:44:14,2751.7,22.8,22.0,48.6,50.0,1,0,0,0
2026-09-04 06:44:16,2753.7,22.8,22.0,48.5,50.0,1,0,0,0
2026-09-04 06:44:18,2755.7,22.8,22.0,48.3,50.0,1,0,0,0
2026-09-04 06:44:20,2757.7,22.8,22.0,48.2,50.0,1,0,0,0
2026-09-04 06:44:22,2759.7,22.8,22.0,48.0,50.0,1,0,0,0
2026-09-04 06:44:24,2761.7,22.8,22.0,47.9,50.0,1,0,0,0
2026-09-04 06:44:26,2763.7,22.8,22.0,47.8,50.0,1,0,0,0
2026-09-04 06:44:28,2765.7,22.8,22.0,47.7,50.0,1,0,0,0
2026-09-04 06:44:30,2767.7,22.8,22.0,47.6,50.0,1,0,0,0
2026-09-04 06:44:32,2769.7,22.8,22.0,47.5,50.0,1,0,0,0
2026-09-04 06:44:34,2771.7,22.8,22.0,47.5,50.0,1,0,0,0
2026-09-04 06:44:36,2773.7,22.8,22.0,47.4,50.0,1,0,0,0
2026-09-04 06:44:38,2775.7,22.8,22.0,47.4,50.0,1,0,0,0
2026-09-04 06:44:40,2777.8,22.8,22.0,47.3,50.0,1,0,0,0
2026-09-04 06:44:42,2779.8,22.8,22.0,47.2,50.0,1,0,0,0
2026-09-04 06:44:44,2781.8,22.8,22.0,47.1,50.0,1,0,0,0
2026-09-04 06:44:46,2783.8,22.8,22.0,47.0,50.0,1,0,0,0
2026-09-04 06:44:48,2785.8,22.8,22.0,46.9,50.0,1,0,0,0
2026-09-04 06:44:50,2787.8,22.8,22.0,46.7,50.0,1,0,0,0
2026-09-04 06:44:52,2789.8,22.8,22.0,46.6,50.0,1,0,0,0
2026-09-04 06:44:54,2791.8,22.8,22.0,46.5,50.0,1,0,0,0
2026-09-04 06:44:56,2793.8,22.8,22.0,46.4,50.0,1,0,0,0
2026-09-04 06:44:58,2795.8,22.8,22.0,46.3,50.0,1,0,0,0
2026-09-04 06:45:00,2797.8,22.8,22.0,46.2,50.0,1,0,0,0
2026-09-04 06:45:02,2799.8,22.8,22.0,46.1,50.0,1,0,0,0
2026-09-04 06:45:04,2801.8,22.8,22.0,45.9,50.0,1,0,0,0
2026-09-04 06:45:06,2803.8,22.8,22.0,45.8,50.0,1,0,0,0
2026-09-04 06:45:08,2805.8,22.8,22.0,45.7,50.0,1,0,0,0
2026-09-04 06:45:10,2807.8,22.8,22.0,45.6,50.0,1,0,0,0
2026-09-04 06:45:12,2809.9,22.8,22.0,45.6,50.0,1,0,0,0
2026-09-04 06:45:14,2811.9,22.8,22.0,45.5,50.0,1,0,0,0
2026-09-04 06:45:16,2813.9,22.8,22.0,45.4,50.0,1,0,0,0
2026-09-04 06:45:18,2815.9,22.8,22.0,45.3,50.0,1,0,0,0
2026-09-04 06:45:20,2817.9,22.8,22.0,45.2,50.0,1,0,0,0
2026-09-04 06:45:22,2819.9,22.8,22.0,45.2,50.0,1,0,0,0
2026-09-04 06:45:24,2821.9,22.8,22.0,45.2,50.0,1,0,0,0
2026-09-04 06:45:26,2823.9,22.8,22.0,45.2,50.0,1,0,0,0
2026-09-04 06:45:28,2825.9,22.8,22.0,45.1,50.0,1,0,0,0
2026-09-04 06:45:30,2827.9,22.8,22.0,45.1,50.0,1,0,0,0
2026-09-04 06:45:32,2829.9,22.8,22.0,45.1,50.0,1,0,0,0
2026-09-04 06:45:34,2831.9,22.8,22.0,45.1,50.0,1,0,0,0
2026-09-04 06:45:36,2833.9,22.8,22.0,45.1,50.0,1,0,0,0
2026-09-04 06:45:38,2835.9,22.8,22.0,45.1,50.0,1,0,0,0
2026-09-04 06:45:40,2837.9,22.8,22.0,45.1,50.0,1,0,0,0
2026-09-04 06:45:42,2840.0,22.8,22.0,45.1,50.0,1,0,0,0
2026-09-04 06:45:44,2842.0,22.8,22.0,45.2,50.0,1,0,0,0
2026-09-04 06:45:46,2844.0,22.8,22.0,45.2,50.0,1,0,0,0
2026-09-04 06:45:48,2846.0,22.8,22.0,45.2,50.0,1,0,0,0
2026-09-04 06:45:50,2848.0,22.8,22.0,45.2,50.0,1,0,0,0
2026-09-04 06:45:52,2850.0,22.8,22.0,45.1,50.0,1,0,0,0
2026-09-04 06:45:54,2852.0,22.8,22.0,45.1,50.0,1,0,0,0
2026-09-04 06:45:56,2854.0,22.8,22.0,45.0,50.0,1,0,0,0
2026-09-04 06:45:58,2856.0,22.8,22.0,44.9,50.0,1,0,0,0
2026-09-04 06:46:00,2858.0,22.8,22.0,44.9,50.0,1,0,1,0
2026-09-04 06:46:02,2860.0,22.8,22.0,44.8,50.0,1,0,1,0
2026-09-04 06:46:04,2862.0,22.8,22.0,44.8,50.0,1,0,1,0
2026-09-04 06:46:06,2864.0,22.8,22.0,44.7,50.0,1,0,1,0
2026-09-04 06:46:08,2866.0,22.8,22.0,44.7,50.0,1,0,1,0
2026-09-04 06:46:10,2868.0,22.8,22.0,44.7,50.0,1,0,0,0
2026-09-04 06:46:12,2870.0,22.8,22.0,44.8,50.0,1,0,0,0
2026-09-04 06:46:14,2872.1,22.8,22.0,45.1,50.0,1,0,0,0
2026-09-04 06:46:16,2874.1,22.8,22.0,45.6,50.0,1,0,0,0
2026-09-04 06:46:18,2876.1,22.8,22.0,46.3,50.0,1,0,0,0
2026-09-04 06:46:21,2878.1,22.8,22.0,47.1,50.0,1,0,0,0
2026-09-04 06:46:23,2880.1,22.8,22.0,47.9,50.0,1,0,0,0
2026-09-04 06:46:25,2882.1,22.8,22.0,48.6,50.0,1,0,0,0
2026-09-04 06:46:27,2884.1,22.8,22.0,49.0,50.0,1,0,0,0
2026-09-04 06:46:29,2886.1,22.8,22.0,49.3,50.0,1,0,0,0
2026-09-04 06:46:31,2888.1,22.8,22.0,49.4,50.0,1,0,0,0
2026-09-04 06:46:33,2890.1,22.8,22.0,49.5,50.0,1,0,0,0
2026-09-04 06:46:35,2892.1,22.8,22.0,49.6,50.0,1,0,0,0
2026-09-04 06:46:37,2894.1,22.8,22.0,49.7,50.0,1,0,0,0
2026-09-04 06:46:39,2896.1,22.9,22.0,49.9,50.0,1,0,0,0
2026-09-04 06:46:41,2898.1,22.8,22.0,50.0,50.0,1,0,0,0
2026-09-04 06:46:43,2900.1,22.8,22.0,50.2,50.0,1,0,0,0
2026-09-04 06:46:45,2902.2,22.8,22.0,50.4,50.0,1,0,0,0
2026-09-04 06:46:47,2904.2,22.8,22.0,50.6,50.0,1,0,0,0
2026-09-04 06:46:49,2906.2,22.8,22.0,50.7,50.0,1,0,0,0
2026-09-04 06:46:51,2908.2,22.9,22.0,50.8,50.0,1,0,0,0
2026-09-04 06:46:53,2910.2,22.8,22.0,50.7,50.0,1,0,0,0
2026-09-04 06:46:55,2912.2,22.9,22.0,50.6,50.0,1,0,0,0
2026-09-04 06:46:57,2914.2,22.8,22.0,50.5,50.0,1,0,0,0
2026-09-04 06:46:59,2916.2,22.8,22.0,50.3,50.0,1,0,0,0
2026-09-04 06:47:01,2918.2,22.8,22.0,50.1,50.0,1,0,0,0
2026-09-04 06:47:03,2920.2,22.8,22.0,50.0,50.0,1,0,0,0
2026-09-04 06:47:05,2922.2,22.8,22.0,49.9,50.0,1,0,0,0
2026-09-04 06:47:07,2924.2,22.8,22.0,49.8,50.0,1,0,0,0
2026-09-04 06:47:09,2926.2,22.8,22.0,49.6,50.0,1,0,0,0
2026-09-04 06:47:11,2928.2,22.8,22.0,49.5,50.0,1,0,0,0
2026-09-04 06:47:13,2930.2,22.8,22.0,49.4,50.0,1,0,0,0
2026-09-04 06:47:15,2932.3,22.8,22.0,49.2,50.0,1,0,0,0
2026-09-04 06:47:17,2934.3,22.8,22.0,49.1,50.0,1,0,0,0
2026-09-04 06:47:19,2936.3,22.8,22.0,48.9,50.0,1,0,0,0
2026-09-04 06:47:21,2938.3,22.8,22.0,48.8,50.0,1,0,0,0
2026-09-04 06:47:23,2940.3,22.8,22.0,48.7,50.0,1,0,0,0
2026-09-04 06:47:25,2942.3,22.9,22.0,48.6,50.0,1,0,0,0
2026-09-04 06:47:27,2944.3,22.9,22.0,48.5,50.0,1,0,0,0
2026-09-04 06:47:29,2946.3,22.9,22.0,48.4,50.0,1,0,0,0
2026-09-04 06:47:31,2948.3,22.9,22.0,48.3,50.0,1,0,0,0
2026-09-04 06:47:33,2950.3,22.9,22.0,48.2,50.0,1,0,0,0
2026-09-04 06:47:35,2952.3,22.9,22.0,48.2,50.0,1,0,0,0
2026-09-04 06:47:37,2954.3,22.9,22.0,48.1,50.0,1,0,0,0
2026-09-04 06:47:39,2956.3,22.9,22.0,48.1,50.0,1,0,0,0
2026-09-04 06:47:41,2958.3,22.9,22.0,48.1,50.0,1,0,0,0
2026-09-04 06:47:43,2960.3,22.9,22.0,48.0,50.0,1,0,0,0
2026-09-04 06:47:45,2962.3,22.9,22.0,48.0,50.0,1,0,0,0
2026-09-04 06:47:47,2964.4,22.9,22.0,47.9,50.0,1,0,0,0
2026-09-04 06:47:49,2966.4,22.9,22.0,47.9,50.0,1,0,0,0
2026-09-04 06:47:51,2968.4,22.9,22.0,47.8,50.0,1,0,0,0
2026-09-04 06:47:53,2970.4,22.9,22.0,47.7,50.0,1,0,0,0
2026-09-04 06:47:55,2972.4,22.9,22.0,47.6,50.0,1,0,0,0
2026-09-04 06:47:57,2974.4,22.9,22.0,47.5,50.0,1,0,0,0
2026-09-04 06:47:59,2976.4,22.9,22.0,47.4,50.0,1,0,0,0
2026-09-04 06:48:01,2978.4,22.9,22.0,47.3,50.0,1,0,0,0
2026-09-04 06:48:03,2980.4,22.9,22.0,47.2,50.0,1,0,0,0
2026-09-04 06:48:05,2982.4,22.9,22.0,47.1,50.0,1,0,0,0
2026-09-04 06:48:07,2984.4,22.9,22.0,47.0,50.0,1,0,0,0
2026-09-04 06:48:09,2986.4,22.9,22.0,46.8,50.0,1,0,0,0
2026-09-04 06:48:11,2988.4,22.9,22.0,46.7,50.0,1,0,0,0
2026-09-04 06:48:13,2990.4,22.9,22.0,46.6,50.0,1,0,0,0
2026-09-04 06:48:15,2992.4,22.9,22.0,46.5,50.0,1,0,0,0
2026-09-04 06:48:17,2994.5,22.9,22.0,46.5,50.0,1,0,0,0
2026-09-04 06:48:19,2996.5,22.9,22.0,46.4,50.0,1,0,0,0
2026-09-04 06:48:21,2998.5,22.9,22.0,46.4,50.0,1,0,0,0
2026-09-04 06:48:23,3000.5,22.9,22.0,46.4,50.0,1,0,0,0
2026-09-04 06:48:25,3002.5,22.9,22.0,46.3,50.0,1,0,0,0
2026-09-04 06:48:27,3004.5,22.9,22.0,46.3,50.0,1,0,0,0
2026-09-04 06:48:29,3006.5,22.9,22.0,46.3,50.0,1,0,0,0
2026-09-04 06:48:31,3008.5,22.9,22.0,46.2,50.0,1,0,0,0
2026-09-04 06:48:33,3010.5,22.9,22.0,46.2,50.0,1,0,0,0
2026-09-04 06:48:35,3012.5,22.9,22.0,46.2,50.0,1,0,0,0
2026-09-04 06:48:37,3014.5,22.9,22.0,46.2,50.0,1,0,0,0
2026-09-04 06:48:39,3016.5,22.9,22.0,46.2,50.0,1,0,0,0
2026-09-04 06:48:41,3018.5,22.9,22.0,46.2,50.0,1,0,0,0
2026-09-04 06:48:43,3020.5,22.9,22.0,46.2,50.0,1,0,0,0
2026-09-04 06:48:45,3022.5,22.9,22.0,46.2,50.0,1,0,0,0
2026-09-04 06:48:47,3024.5,22.9,22.0,46.1,50.0,1,0,0,0
2026-09-04 06:48:49,3026.6,22.9,22.0,46.1,50.0,1,0,0,0
2026-09-04 06:48:51,3028.6,22.9,22.0,46.0,50.0,1,0,0,0
2026-09-04 06:48:53,3030.6,22.9,22.0,45.9,50.0,1,0,0,0
2026-09-04 06:48:55,3032.6,22.9,22.0,45.9,50.0,1,0,0,0
2026-09-04 06:48:57,3034.6,22.9,22.0,45.8,50.0,1,0,0,0
2026-09-04 06:48:59,3036.6,22.9,22.0,45.7,50.0,1,0,0,0
2026-09-04 06:49:01,3038.6,22.9,22.0,45.7,50.0,1,0,0,0
2026-09-04 06:49:03,3040.6,22.9,22.0,45.7,50.0,1,0,0,0
2026-09-04 06:49:05,3042.6,22.9,22.0,45.7,50.0,1,0,0,0
2026-09-04 06:49:07,3044.6,22.9,22.0,45.7,50.0,1,0,0,0
2026-09-04 06:49:09,3046.6,22.9,22.0,45.7,50.0,1,0,0,0
2026-09-04 06:49:11,3048.6,22.9,22.0,45.6,50.0,1,0,0,0
2026-09-04 06:49:13,3050.6,22.9,22.0,45.6,50.0,1,0,0,0
2026-09-04 06:49:15,3052.6,22.9,22.0,45.6,50.0,1,0,0,0
2026-09-04 06:49:17,3054.6,22.9,22.0,45.5,50.0,1,0,0,0
2026-09-04 06:49:19,3056.7,22.9,22.0,45.5,50.0,1,0,0,0
2026-09-04 06:49:21,3058.7,22.9,22.0,45.4,50.0,1,0,0,0
2026-09-04 06:49:23,3060.7,22.9,22.0,45.4,50.0,1,0,0,0
2026-09-04 06:49:25,3062.7,22.9,22.0,45.3,50.0,1,0,0,0
2026-09-04 06:49:27,3064.7,22.9,22.0,45.3,50.0,1,0,0,0
2026-09-04 06:49:29,3066.7,22.9,22.0,45.2,50.0,1,0,0,0
2026-09-04 06:49:31,3068.7,22.9,22.0,45.2,50.0,1,0,0,0
2026-09-04 06:49:33,3070.7,22.9,22.0,45.1,50.0,1,0,0,0
2026-09-04 06:49:35,3072.7,22.9,22.0,45.1,50.0,1,0,0,0
2026-09-04 06:49:37,3074.7,22.9,22.0,45.0,50.0,1,0,0,0
2026-09-04 06:49:39,3076.7,22.9,22.0,45.0,50.0,1,0,0,0
2026-09-04 06:49:41,3078.7,22.9,22.0,44.9,50.0,1,0,1,0
2026-09-04 06:49:43,3080.7,22.9,22.0,44.8,50.0,1,0,1,0
2026-09-04 06:49:45,3082.7,22.9,22.0,44.8,50.0,1,0,1,0
2026-09-04 06:49:47,3084.7,22.9,22.0,44.7,50.0,1,0,1,0
2026-09-04 06:49:49,3086.8,22.9,22.0,44.7,50.0,1,0,1,0
2026-09-04 06:49:51,3088.8,23.0,22.0,44.7,50.0,1,0,0,0
2026-09-04 06:49:53,3090.8,22.9,22.0,44.8,50.0,1,0,0,0
2026-09-04 06:49:55,3092.8,23.0,22.0,45.0,50.0,1,0,0,0
2026-09-04 06:49:57,3094.8,23.0,22.0,45.4,50.0,1,0,0,0
2026-09-04 06:49:59,3096.8,23.0,22.0,45.9,50.0,1,0,0,0
2026-09-04 06:50:01,3098.8,23.0,22.0,46.5,50.0,1,0,0,0
2026-09-04 06:50:03,3100.8,23.0,22.0,47.1,50.0,1,0,0,0
2026-09-04 06:50:05,3102.8,23.0,22.0,47.6,50.0,1,0,0,0
2026-09-04 06:50:07,3104.8,23.0,22.0,48.0,50.0,1,0,0,0
2026-09-04 06:50:09,3106.8,23.0,22.0,48.3,50.0,1,0,0,0
2026-09-04 06:50:11,3108.8,23.0,22.0,48.5,50.0,1,0,0,0
2026-09-04 06:50:13,3110.8,23.0,22.0,48.7,50.0,1,0,0,0
2026-09-04 06:50:15,3112.8,23.0,22.0,48.9,50.0,1,0,0,0
2026-09-04 06:50:17,3114.8,23.0,22.0,49.1,50.0,1,0,0,0
2026-09-04 06:50:19,3116.8,23.0,22.0,49.2,50.0,1,0,0,0
2026-09-04 06:50:21,3118.9,23.0,22.0,49.4,50.0,1,0,0,0
2026-09-04 06:50:23,3120.9,23.0,22.0,49.5,50.0,1,0,0,0
2026-09-04 06:50:25,3122.9,23.0,22.0,49.6,50.0,1,0,0,0
2026-09-04 06:50:27,3124.9,23.0,22.0,49.7,50.0,1,0,0,0
2026-09-04 06:50:29,3126.9,23.0,22.0,49.8,50.0,1,0,0,0
2026-09-04 06:50:31,3128.9,23.0,22.0,49.8,50.0,1,0,0,0
2026-09-04 06:50:33,3130.9,23.0,22.0,49.8,50.0,1,0,0,0
2026-09-04 06:50:35,3132.9,23.0,22.0,49.9,50.0,1,0,0,0
2026-09-04 06:50:37,3134.9,23.0,22.0,49.9,50.0,1,0,0,0
2026-09-04 06:50:39,3136.9,23.0,22.0,49.9,50.0,1,0,0,0
2026-09-04 06:50:41,3138.9,23.0,22.0,50.0,50.0,1,0,0,0
2026-09-04 06:50:43,3140.9,23.0,22.0,49.9,50.0,1,0,0,0
2026-09-04 06:50:45,3142.9,23.0,22.0,49.9,50.0,1,0,0,0
2026-09-04 06:50:47,3144.9,23.0,22.0,49.8,50.0,1,0,0,0
2026-09-04 06:50:49,3146.9,23.0,22.0,49.8,50.0,1,0,0,0
2026-09-04 06:50:51,3149.0,23.0,22.0,49.7,50.0,1,0,0,0
2026-09-04 06:50:53,3151.0,23.0,22.0,49.7,50.0,1,0,0,0
2026-09-04 06:50:55,3153.0,23.0,22.0,49.7,50.0,1,0,0,0
2026-09-04 06:50:57,3155.0,23.0,22.0,49.6,50.0,1,0,0,0
2026-09-04 06:50:59,3157.0,23.0,22.0,49.6,50.0,1,0,0,0
2026-09-04 06:51:01,3159.0,23.0,22.0,49.6,50.0,1,0,0,0
2026-09-04 06:51:03,3161.0,23.0,22.0,49.6,50.0,1,0,0,0
2026-09-04 06:51:05,3163.0,23.0,22.0,49.5,50.0,1,0,0,0
2026-09-04 06:51:07,3165.0,23.0,22.0,49.5,50.0,1,0,0,0
2026-09-04 06:51:09,3167.0,23.0,22.0,49.5,50.0,1,0,0,0
2026-09-04 06:51:11,3169.0,23.0,22.0,49.4,50.0,1,0,0,0
2026-09-04 06:51:13,3171.0,23.0,22.0,49.4,50.0,1,0,0,0
2026-09-04 06:51:15,3173.0,23.0,22.0,49.3,50.0,1,0,0,0
2026-09-04 06:51:17,3175.0,23.0,22.0,49.2,50.0,1,0,0,0
2026-09-04 06:51:19,3177.0,23.0,22.0,49.2,50.0,1,0,0,0
2026-09-04 06:51:21,3179.0,23.0,22.0,49.1,50.0,1,0,0,0
2026-09-04 06:51:23,3181.1,23.0,22.0,49.0,50.0,1,0,0,0
2026-09-04 06:51:25,3183.1,23.0,22.0,48.9,50.0,1,0,0,0
2026-09-04 06:51:27,3185.1,23.0,22.0,48.9,50.0,1,0,0,0
2026-09-04 06:51:30,3187.1,23.0,22.0,48.8,50.0,1,0,0,0
2026-09-04 06:51:32,3189.1,23.0,22.0,48.7,50.0,1,0,0,0
2026-09-04 06:51:34,3191.1,23.0,22.0,48.6,50.0,1,0,0,0
2026-09-04 06:51:36,3193.1,23.0,22.0,48.4,50.0,1,0,0,0
2026-09-04 06:51:38,3195.1,23.0,22.0,48.3,50.0,1,0,0,0
2026-09-04 06:51:40,3197.1,23.0,22.0,48.1,50.0,1,0,0,0
2026-09-04 06:51:42,3199.1,23.0,22.0,48.0,50.0,1,0,0,0
2026-09-04 06:51:44,3201.1,23.0,22.0,47.8,50.0,1,0,0,0
2026-09-04 06:51:46,3203.1,23.0,22.0,47.7,50.0,1,0,0,0
2026-09-04 06:51:48,3205.1,23.0,22.0,47.6,50.0,1,0,0,0
2026-09-04 06:51:50,3207.1,23.0,22.0,47.5,50.0,1,0,0,0
2026-09-04 06:51:52,3209.1,23.0,22.0,47.4,50.0,1,0,0,0
2026-09-04 06:51:54,3211.2,23.0,22.0,47.3,50.0,1,0,0,0
2026-09-04 06:51:56,3213.2,23.0,22.0,47.3,50.0,1,0,0,0
2026-09-04 06:51:58,3215.2,23.0,22.0,47.2,50.0,1,0,0,0
2026-09-04 06:52:00,3217.2,23.0,22.0,47.2,50.0,1,0,0,0
2026-09-04 06:52:02,3219.2,23.0,22.0,47.2,50.0,1,0,0,0
2026-09-04 06:52:04,3221.2,23.0,22.0,47.1,50.0,1,0,0,0
2026-09-04 06:52:06,3223.2,23.0,22.0,47.1,50.0,1,0,0,0
2026-09-04 06:52:08,3225.2,23.0,22.0,47.1,50.0,1,0,0,0
2026-09-04 06:52:10,3227.2,23.0,22.0,47.1,50.0,1,0,0,0
2026-09-04 06:52:12,3229.2,23.0,22.0,47.1,50.0,1,0,0,0
2026-09-04 06:52:14,3231.2,23.0,22.0,47.1,50.0,1,0,0,0
2026-09-04 06:52:16,3233.2,23.0,22.0,47.0,50.0,1,0,0,0
2026-09-04 06:52:18,3235.2,23.0,22.0,47.0,50.0,1,0,0,0
2026-09-04 06:52:20,3237.2,23.0,22.0,46.9,50.0,1,0,0,0
2026-09-04 06:52:22,3239.2,23.0,22.0,46.8,50.0,1,0,0,0
2026-09-04 06:52:24,3241.3,23.0,22.0,46.8,50.0,1,0,0,0
2026-09-04 06:52:26,3243.3,23.0,22.0,46.7,50.0,1,0,0,0
2026-09-04 06:52:28,3245.3,23.0,22.0,46.6,50.0,1,0,0,0
2026-09-04 06:52:30,3247.3,23.0,22.0,46.5,50.0,1,0,0,0
2026-09-04 06:52:32,3249.3,23.0,22.0,46.4,50.0,1,0,0,0
2026-09-04 06:52:34,3251.3,23.0,22.0,46.4,50.0,1,0,0,0
2026-09-04 06:52:36,3253.3,23.0,22.0,46.3,50.0,1,0,0,0
2026-09-04 06:52:38,3255.3,23.0,22.0,46.2,50.0,1,0,0,0
2026-09-04 06:52:40,3257.3,23.0,22.0,46.1,50.0,1,0,0,0
2026-09-04 06:52:42,3259.3,23.0,22.0,46.0,50.0,1,0,0,0
2026-09-04 06:52:44,3261.3,23.0,22.0,46.0,50.0,0,1,0,0
2026-09-04 06:52:46,3263.3,23.0,22.0,45.9,50.0,0,1,0,0
2026-09-04 06:52:48,3265.3,23.0,22.0,45.7,50.0,0,1,0,0
2026-09-04 06:52:50,3267.3,23.0,22.0,45.6,50.0,0,1,0,0
2026-09-04 06:52:52,3269.3,23.0,22.0,45.3,50.0,0,1,0,0
2026-09-04 06:52:54,3271.3,23.0,22.0,45.0,50.0,0,1,0,0
2026-09-04 06:52:56,3273.4,23.0,22.0,44.7,50.0,0,1,0,0
2026-09-04 06:52:58,3275.4,23.0,22.0,44.5,50.0,0,1,1,0
2026-09-04 06:53:00,3277.4,23.0,22.0,44.2,50.0,0,1,1,0
2026-09-04 06:53:02,3279.4,22.9,22.0,43.9,50.0,0,1,1,0
2026-09-04 06:53:04,3281.4,22.9,22.0,43.7,50.0,0,0,1,0
2026-09-04 06:53:06,3283.4,22.9,22.0,43.5,50.0,0,0,1,0
2026-09-04 06:53:08,3285.4,22.9,22.0,43.4,50.0,0,0,0,0
2026-09-04 06:53:10,3287.4,22.9,22.0,43.4,50.0,0,0,0,0
2026-09-04 06:53:12,3289.4,22.8,22.0,43.4,50.0,0,0,0,0
2026-09-04 06:53:14,3291.4,22.8,22.0,43.5,50.0,0,0,0,0
2026-09-04 06:53:16,3293.4,22.8,22.0,43.8,50.0,0,0,0,0
2026-09-04 06:53:18,3295.4,22.8,22.0,44.2,50.0,0,0,0,0
2026-09-04 06:53:20,3297.4,22.8,22.0,44.5,50.0,0,0,0,0
2026-09-04 06:53:22,3299.4,22.7,22.0,44.9,50.0,0,0,0,0
2026-09-04 06:53:24,3301.4,22.7,22.0,45.2,50.0,0,0,0,0
2026-09-04 06:53:26,3303.5,22.7,22.0,45.5,50.0,0,0,0,0
2026-09-04 06:53:28,3305.5,22.7,22.0,45.8,50.0,0,0,0,0
2026-09-04 06:53:30,3307.5,22.7,22.0,46.1,50.0,0,0,0,0
2026-09-04 06:53:32,3309.5,22.7,22.0,46.3,50.0,0,0,0,0
2026-09-04 06:53:34,3311.5,22.6,22.0,46.6,50.0,0,0,0,0
2026-09-04 06:53:36,3313.5,22.6,22.0,46.7,50.0,0,0,0,0
2026-09-04 06:53:38,3315.5,22.6,22.0,46.8,50.0,0,0,0,0
2026-09-04 06:53:40,3317.5,22.6,22.0,46.9,50.0,0,0,0,0
2026-09-04 06:53:42,3319.5,22.6,22.0,46.9,50.0,0,0,0,0
2026-09-04 06:53:44,3321.5,22.6,22.0,46.9,50.0,0,0,0,0
2026-09-04 06:53:46,3323.5,22.5,22.0,46.9,50.0,0,0,0,0
2026-09-04 06:53:48,3325.5,22.5,22.0,46.9,50.0,0,0,0,0
2026-09-04 06:53:50,3327.5,22.5,22.0,46.9,50.0,0,0,0,0
2026-09-04 06:53:52,3329.5,22.5,22.0,46.8,50.0,0,0,0,0
2026-09-04 06:53:54,3331.5,22.5,22.0,46.8,50.0,0,0,0,0
2026-09-04 06:53:56,3333.5,22.5,22.0,46.8,50.0,0,0,0,0
2026-09-04 06:53:58,3335.6,22.5,22.0,46.7,50.0,0,0,0,0
2026-09-04 06:54:00,3337.6,22.5,22.0,46.7,50.0,0,0,0,0
2026-09-04 06:54:02,3339.6,22.5,22.0,46.7,50.0,0,0,0,0
2026-09-04 06:54:04,3341.6,22.4,22.0,46.6,50.0,0,0,0,0
2026-09-04 06:54:06,3343.6,22.4,22.0,46.6,50.0,0,0,0,0
2026-09-04 06:54:08,3345.6,22.4,22.0,46.5,50.0,0,0,0,0
2026-09-04 06:54:10,3347.6,22.4,22.0,46.5,50.0,0,0,0,0
2026-09-04 06:54:12,3349.6,22.4,22.0,46.4,50.0,0,0,0,0
2026-09-04 06:54:14,3351.6,22.4,22.0,46.4,50.0,0,0,0,0
2026-09-04 06:54:16,3353.6,22.4,22.0,46.3,50.0,0,0,0,0
2026-09-04 06:54:18,3355.6,22.4,22.0,46.3,50.0,0,0,0,0
2026-09-04 06:54:20,3357.6,22.4,22.0,46.2,50.0,0,0,0,0
2026-09-04 06:54:22,3359.6,22.4,22.0,46.2,50.0,0,0,0,0
2026-09-04 06:54:24,3361.6,22.4,22.0,46.1,50.0,0,0,0,0
2026-09-04 06:54:26,3363.6,22.4,22.0,46.1,50.0,0,0,0,0
2026-09-04 06:54:28,3365.7,22.3,22.0,46.1,50.0,0,0,0,0
2026-09-04 06:54:30,3367.7,22.3,22.0,46.0,50.0,0,0,0,0
2026-09-04 06:54:32,3369.7,22.3,22.0,46.0,50.0,0,0,0,0
2026-09-04 06:54:34,3371.7,22.3,22.0,46.0,50.0,0,0,0,0
2026-09-04 06:54:36,3373.7,22.3,22.0,46.0,50.0,0,0,0,0
2026-09-04 06:54:38,3375.7,22.3,22.0,46.0,50.0,0,0,0,0
2026-09-04 06:54:40,3377.7,22.3,22.0,46.0,50.0,0,0,0,0
2026-09-04 06:54:42,3379.7,22.3,22.0,46.0,50.0,0,0,0,0
2026-09-04 06:54:44,3381.7,22.3,22.0,46.0,50.0,0,0,0,0
2026-09-04 06:54:46,3383.7,22.3,22.0,46.1,50.0,0,0,0,0
2026-09-04 06:54:48,3385.7,22.3,22.0,46.1,50.0,0,0,0,0
2026-09-04 06:54:50,3387.7,22.3,22.0,46.1,50.0,0,0,0,0
2026-09-04 06:54:52,3389.7,22.3,22.0,46.1,50.0,0,0,0,0
2026-09-04 06:54:54,3391.7,22.3,22.0,46.1,50.0,0,0,0,0
2026-09-04 06:54:56,3393.7,22.3,22.0,46.1,50.0,0,0,0,0
2026-09-04 06:54:58,3395.8,22.2,22.0,46.1,50.0,0,0,0,0
2026-09-04 06:55:00,3397.8,22.2,22.0,46.1,50.0,0,0,0,0
2026-09-04 06:55:02,3399.8,22.2,22.0,46.0,50.0,0,0,0,0
2026-09-04 06:55:04,3401.8,22.2,22.0,46.0,50.0,0,0,0,0
2026-09-04 06:55:06,3403.8,22.2,22.0,46.0,50.0,0,0,0,0
2026-09-04 06:55:08,3405.8,22.2,22.0,45.9,50.0,0,0,0,0
2026-09-04 06:55:10,3407.8,22.2,22.0,45.9,50.0,0,0,0,0
2026-09-04 06:55:12,3409.8,22.2,22.0,45.8,50.0,0,0,0,0
2026-09-04 06:55:14,3411.8,22.2,22.0,45.8,50.0,0,0,0,0
2026-09-04 06:55:16,3413.8,22.2,22.0,45.8,50.0,0,0,0,0
2026-09-04 06:55:18,3415.8,22.2,22.0,45.8,50.0,0,0,0,0
2026-09-04 06:55:20,3417.8,22.2,22.0,45.8,50.0,0,0,0,0
2026-09-04 06:55:22,3419.8,22.2,22.0,45.7,50.0,0,0,0,0
2026-09-04 06:55:24,3421.8,22.2,22.0,45.7,50.0,0,0,0,0
2026-09-04 06:55:26,3423.8,22.2,22.0,45.7,50.0,0,0,0,0
2026-09-04 06:55:28,3425.8,22.2,22.0,45.8,50.0,0,0,0,0
2026-09-04 06:55:30,3427.9,22.2,22.0,45.8,50.0,0,0,0,0
2026-09-04 06:55:32,3429.9,22.2,22.0,45.8,50.0,0,0,0,0
2026-09-04 06:55:34,3431.9,22.1,22.0,45.8,50.0,0,0,0,0
2026-09-04 06:55:36,3433.9,22.1,22.0,45.8,50.0,0,0,0,0
2026-09-04 06:55:38,3435.9,22.1,22.0,45.9,50.0,0,0,0,0
2026-09-04 06:55:40,3437.9,22.1,22.0,45.9,50.0,0,0,0,0
2026-09-04 06:55:42,3439.9,22.1,22.0,45.9,50.0,0,0,0,0
2026-09-04 06:55:44,3441.9,22.1,22.0,45.9,50.0,0,0,0,0
2026-09-04 06:55:46,3443.9,22.1,22.0,45.9,50.0,0,0,0,0
2026-09-04 06:55:48,3445.9,22.1,22.0,45.9,50.0,0,0,0,0
2026-09-04 06:55:50,3447.9,22.1,22.0,45.9,50.0,0,0,0,0
2026-09-04 06:55:52,3449.9,22.1,22.0,45.9,50.0,0,0,0,0
2026-09-04 06:55:54,3451.9,22.1,22.0,45.8,50.0,0,0,0,0
2026-09-04 06:55:56,3453.9,22.1,22.0,45.8,50.0,0,0,0,0
2026-09-04 06:55:58,3455.9,22.1,22.0,45.8,50.0,0,0,0,0
2026-09-04 06:56:00,3458.0,22.1,22.0,45.7,50.0,0,0,0,0
2026-09-04 06:56:02,3460.0,22.1,22.0,45.7,50.0,0,0,0,0
2026-09-04 06:56:04,3462.0,22.1,22.0,45.7,50.0,0,0,0,0
2026-09-04 06:56:06,3464.0,22.1,22.0,45.7,50.0,0,0,0,0
2026-09-04 06:56:08,3466.0,22.0,22.0,45.6,50.0,0,0,0,0
2026-09-04 06:56:10,3468.0,22.0,22.0,45.6,50.0,0,0,0,0
2026-09-04 06:56:12,3470.0,22.0,22.0,45.6,50.0,0,0,0,0
2026-09-04 06:56:14,3472.0,22.0,22.0,45.6,50.0,0,0,0,0
2026-09-04 06:56:16,3474.0,22.0,22.0,45.6,50.0,0,0,0,0
2026-09-04 06:56:18,3476.0,22.0,22.0,45.6,50.0,0,0,0,0
2026-09-04 06:56:20,3478.0,22.0,22.0,45.5,50.0,0,0,0,0
2026-09-04 06:56:22,3480.0,22.0,22.0,45.5,50.0,0,0,0,0
2026-09-04 06:56:24,3482.0,22.0,22.0,45.5,50.0,0,0,0,0
2026-09-04 06:56:26,3484.0,22.0,22.0,45.5,50.0,0,0,0,0
2026-09-04 06:56:28,3486.0,22.0,22.0,45.6,50.0,0,0,0,0
2026-09-04 06:56:30,3488.0,22.0,22.0,45.5,50.0,0,0,0,0
2026-09-04 06:56:32,3490.1,22.0,22.0,45.6,50.0,0,0,0,0
2026-09-04 06:56:34,3492.1,22.0,22.0,45.6,50.0,0,0,0,0
2026-09-04 06:56:36,3494.1,22.0,22.0,45.6,50.0,0,0,0,0
2026-09-04 06:56:39,3496.1,22.0,22.0,45.6,50.0,0,0,0,0
2026-09-04 06:56:41,3498.1,22.0,22.0,45.6,50.0,0,0,0,0
2026-09-04 06:56:43,3500.1,22.0,22.0,45.7,50.0,0,0,0,0
2026-09-04 06:56:45,3502.1,22.0,22.0,45.7,50.0,0,0,0,0
2026-09-04 06:56:47,3504.1,22.0,22.0,45.7,50.0,0,0,0,0
2026-09-04 06:56:49,3506.1,21.9,22.0,45.8,50.0,0,0,0,0
2026-09-04 06:56:51,3508.1,21.9,22.0,45.8,50.0,0,0,0,0
2026-09-04 06:56:53,3510.1,21.9,22.0,45.8,50.0,0,0,0,0
2026-09-04 06:56:55,3512.1,21.9,22.0,45.9,50.0,0,0,0,0
2026-09-04 06:56:57,3514.1,21.9,22.0,45.9,50.0,0,0,0,0
2026-09-04 06:56:59,3516.1,21.9,22.0,45.9,50.0,0,0,0,0
2026-09-04 06:57:01,3518.1,21.9,22.0,45.9,50.0,0,0,0,0
2026-09-04 06:57:03,3520.2,21.9,22.0,45.9,50.0,0,0,0,0
2026-09-04 06:57:05,3522.2,21.9,22.0,45.9,50.0,0,0,0,0
2026-09-04 06:57:07,3524.2,21.9,22.0,46.0,50.0,0,0,0,0
2026-09-04 06:57:09,3526.2,21.9,22.0,46.0,50.0,0,0,0,0
2026-09-04 06:57:11,3528.2,21.9,22.0,46.0,50.0,0,0,0,0
2026-09-04 06:57:13,3530.2,21.9,22.0,46.0,50.0,0,0,0,0
2026-09-04 06:57:15,3532.2,21.9,22.0,46.0,50.0,0,0,0,0
2026-09-04 06:57:17,3534.2,21.9,22.0,46.0,50.0,0,0,0,0
2026-09-04 06:57:19,3536.2,21.9,22.0,46.0,50.0,0,0,0,0
2026-09-04 06:57:21,3538.2,21.9,22.0,46.0,50.0,0,0,0,0
2026-09-04 06:57:23,3540.2,21.9,22.0,46.0,50.0,0,0,0,0
2026-09-04 06:57:25,3542.2,21.9,22.0,46.0,50.0,0,0,0,0
2026-09-04 06:57:27,3544.2,21.9,22.0,46.0,50.0,0,0,0,0
2026-09-04 06:57:29,3546.2,21.9,22.0,46.1,50.0,0,0,0,0
2026-09-04 06:57:31,3548.2,21.9,22.0,46.1,50.0,0,0,0,0
2026-09-04 06:57:33,3550.3,21.9,22.0,46.1,50.0,0,0,0,0
2026-09-04 06:57:35,3552.3,21.8,22.0,46.1,50.0,0,0,0,0
2026-09-04 06:57:37,3554.3,21.8,22.0,46.1,50.0,0,0,0,0
2026-09-04 06:57:39,3556.3,21.8,22.0,46.1,50.0,0,0,0,0
2026-09-04 06:57:41,3558.3,21.8,22.0,46.2,50.0,0,0,0,0
2026-09-04 06:57:43,3560.3,21.8,22.0,46.2,50.0,0,0,0,0
2026-09-04 06:57:45,3562.3,21.8,22.0,46.2,50.0,0,0,0,0
2026-09-04 06:57:47,3564.3,21.8,22.0,46.2,50.0,0,0,0,0
2026-09-04 06:57:49,3566.3,21.8,22.0,46.2,50.0,0,0,0,0
2026-09-04 06:57:51,3568.3,21.8,22.0,46.3,50.0,0,0,0,0
2026-09-04 06:57:53,3570.3,21.8,22.0,46.3,50.0,0,0,0,0
2026-09-04 06:57:55,3572.3,21.8,22.0,46.3,50.0,0,0,0,0
2026-09-04 06:57:57,3574.3,21.8,22.0,46.4,50.0,0,0,0,0
2026-09-04 06:57:59,3576.3,21.8,22.0,46.4,50.0,0,0,0,0
2026-09-04 06:58:01,3578.3,21.8,22.0,46.5,50.0,0,0,0,0
2026-09-04 06:58:03,3580.3,21.8,22.0,46.5,50.0,0,0,0,0
2026-09-04 06:58:05,3582.4,21.8,22.0,46.5,50.0,0,0,0,0
2026-09-04 06:58:07,3584.4,21.8,22.0,46.5,50.0,0,0,0,0
2026-09-04 06:58:09,3586.4,21.8,22.0,46.6,50.0,0,0,0,0
2026-09-04 06:58:11,3588.4,21.8,22.0,46.6,50.0,0,0,0,0
2026-09-04 06:58:13,3590.4,21.8,22.0,46.6,50.0,0,0,0,0
2026-09-04 06:58:15,3592.4,21.8,22.0,46.7,50.0,0,0,0,0
2026-09-04 06:58:17,3594.4,21.8,22.0,46.7,50.0,0,0,0,0
2026-09-04 06:58:19,3596.4,21.7,22.0,46.6,50.0,0,0,0,0
2026-09-04 06:58:21,3598.4,21.7,22.0,46.6,50.0,0,0,0,0
2026-09-04 06:58:23,3600.4,21.7,22.0,46.7,50.0,0,0,0,0
2026-09-04 06:58:25,3602.4,21.7,22.0,46.6,50.0,0,0,0,0
2026-09-04 06:58:27,3604.4,21.7,22.0,46.7,50.0,0,0,0,0
2026-09-04 06:58:29,3606.4,21.7,22.0,46.7,50.0,0,0,0,0
2026-09-04 06:58:31,3608.4,21.7,22.0,46.7,50.0,0,0,0,0
2026-09-04 06:58:33,3610.4,21.7,22.0,46.7,50.0,0,0,0,0
2026-09-04 06:58:35,3612.5,21.7,22.0,46.7,50.0,0,0,0,0
2026-09-04 06:58:37,3614.5,21.7,22.0,46.7,50.0,0,0,0,0
2026-09-04 06:58:39,3616.5,21.7,22.0,46.7,50.0,0,0,0,0
2026-09-04 06:58:41,3618.5,21.7,22.0,46.7,50.0,0,0,0,0
2026-09-04 06:58:43,3620.5,21.7,22.0,46.7,50.0,0,0,0,0
2026-09-04 06:58:45,3622.5,21.7,22.0,46.7,50.0,0,0,0,0
2026-09-04 06:58:47,3624.5,21.7,22.0,46.7,50.0,0,0,0,0
2026-09-04 06:58:49,3626.5,21.7,22.0,46.7,50.0,0,0,0,0
2026-09-04 06:58:51,3628.5,21.7,22.0,46.7,50.0,0,0,0,0
2026-09-04 06:58:53,3630.5,21.7,22.0,46.7,50.0,0,0,0,0
2026-09-04 06:58:55,3632.5,21.7,22.0,46.7,50.0,0,0,0,0
2026-09-04 06:58:57,3634.5,21.7,22.0,46.7,50.0,0,0,0,0
2026-09-04 06:58:59,3636.5,21.6,22.0,46.7,50.0,0,0,0,0
2026-09-04 06:59:01,3638.5,21.7,22.0,46.7,50.0,0,0,0,0
2026-09-04 06:59:03,3640.5,21.6,22.0,46.7,50.0,0,0,0,0
2026-09-04 06:59:05,3642.6,21.6,22.0,46.7,50.0,0,0,0,0
2026-09-04 06:59:07,3644.6,21.6,22.0,46.7,50.0,0,0,0,0
2026-09-04 06:59:09,3646.6,21.6,22.0,46.7,50.0,0,0,0,0
2026-09-04 06:59:11,3648.6,21.6,22.0,46.7,50.0,0,0,0,0
2026-09-04 06:59:13,3650.6,21.6,22.0,46.7,50.0,0,0,0,0
2026-09-04 06:59:15,3652.6,21.6,22.0,46.7,50.0,0,0,0,0
2026-09-04 06:59:17,3654.6,21.6,22.0,46.7,50.0,0,0,0,0
2026-09-04 06:59:19,3656.6,21.6,22.0,46.7,50.0,0,0,0,0
2026-09-04 06:59:21,3658.6,21.6,22.0,46.8,50.0,0,0,0,0
2026-09-04 06:59:23,3660.6,21.6,22.0,46.8,50.0,0,0,0,0
2026-09-04 06:59:25,3662.6,21.6,22.0,46.8,50.0,0,0,0,0
2026-09-04 06:59:27,3664.6,21.6,22.0,46.8,50.0,0,0,0,0
2026-09-04 06:59:29,3666.6,21.6,22.0,46.8,50.0,0,0,0,0
2026-09-04 06:59:31,3668.6,21.6,22.0,46.8,50.0,0,0,0,0
2026-09-04 06:59:33,3670.6,21.6,22.0,46.8,50.0,0,0,0,0
2026-09-04 06:59:35,3672.6,21.6,22.0,46.8,50.0,0,0,0,0
2026-09-04 06:59:37,3674.7,21.6,22.0,46.8,50.0,0,0,0,0
2026-09-04 06:59:39,3676.7,21.6,22.0,46.8,50.0,0,0,0,0
2026-09-04 06:59:41,3678.7,21.6,22.0,46.8,50.0,0,0,0,0
2026-09-04 06:59:43,3680.7,21.6,22.0,46.8,50.0,0,0,0,0
2026-09-04 06:59:45,3682.7,21.6,22.0,46.8,50.0,0,0,0,0
2026-09-04 06:59:47,3684.7,21.6,22.0,46.9,50.0,0,0,0,0
2026-09-04 06:59:49,3686.7,21.6,22.0,46.8,50.0,0,0,0,0
2026-09-04 06:59:51,3688.7,21.6,22.0,46.9,50.0,0,0,0,0
2026-09-04 06:59:53,3690.7,21.5,22.0,46.9,50.0,0,0,0,0
2026-09-04 06:59:55,3692.7,21.5,22.0,46.9,50.0,0,0,0,0
2026-09-04 06:59:57,3694.7,21.5,22.0,46.9,50.0,0,0,0,0
2026-09-04 06:59:59,3696.7,21.5,22.0,46.9,50.0,0,0,0,0
2026-09-04 07:00:01,3698.7,21.5,22.0,46.9,50.0,0,0,0,0
2026-09-04 07:00:03,3700.7,21.5,22.0,46.9,50.0,0,0,0,0
2026-09-04 07:00:05,3702.7,21.5,22.0,47.0,50.0,0,0,0,0
2026-09-04 07:00:07,3704.8,21.5,22.0,47.0,50.0,0,0,0,0
2026-09-04 07:00:09,3706.8,21.5,22.0,47.0,50.0,0,0,0,0
2026-09-04 07:00:11,3708.8,21.5,22.0,47.0,50.0,0,0,0,0
2026-09-04 07:00:13,3710.8,21.5,22.0,47.0,50.0,0,0,0,0
2026-09-04 07:00:15,3712.8,21.5,22.0,47.0,50.0,0,0,0,0
2026-09-04 07:00:17,3714.8,21.5,22.0,47.0,50.0,0,0,0,0
2026-09-04 07:00:19,3716.8,21.5,22.0,47.0,50.0,0,0,0,0
2026-09-04 07:00:21,3718.8,21.5,22.0,47.0,50.0,0,0,0,0
2026-09-04 07:00:23,3720.8,21.5,22.0,47.1,50.0,0,0,0,0
2026-09-04 07:00:25,3722.8,21.5,22.0,47.1,50.0,0,0,0,0
2026-09-04 07:00:27,3724.8,21.5,22.0,47.1,50.0,0,0,0,0
2026-09-04 07:00:29,3726.8,21.5,22.0,47.1,50.0,0,0,0,0
2026-09-04 07:00:31,3728.8,21.5,22.0,47.1,50.0,0,0,0,0
2026-09-04 07:00:33,3730.8,21.5,22.0,47.1,50.0,0,0,0,0
2026-09-04 07:00:35,3732.8,21.5,22.0,47.1,50.0,0,0,0,0
2026-09-04 07:00:37,3734.9,21.5,22.0,47.1,50.0,0,0,0,0
2026-09-04 07:00:39,3736.9,21.5,22.0,47.1,50.0,0,0,0,0
2026-09-04 07:00:41,3738.9,21.5,22.0,47.1,50.0,0,0,0,0
2026-09-04 07:00:43,3740.9,21.5,22.0,47.1,50.0,0,0,0,0
2026-09-04 07:00:45,3742.9,21.5,22.0,47.1,50.0,0,0,0,0
2026-09-04 07:00:47,3744.9,21.5,22.0,47.1,50.0,0,0,0,0
2026-09-04 07:00:49,3746.9,21.5,22.0,47.1,50.0,0,0,0,0
2026-09-04 07:00:51,3748.9,21.5,22.0,47.2,50.0,0,0,0,0
2026-09-04 07:00:53,3750.9,21.5,22.0,47.2,50.0,0,0,0,0
2026-09-04 07:00:55,3752.9,21.5,22.0,47.2,50.0,0,0,0,0
2026-09-04 07:00:57,3754.9,21.4,22.0,47.2,50.0,0,0,0,0
2026-09-04 07:00:59,3756.9,21.4,22.0,47.2,50.0,0,0,0,0
2026-09-04 07:01:01,3758.9,21.4,22.0,47.2,50.0,0,0,0,0
2026-09-04 07:01:03,3760.9,21.4,22.0,47.2,50.0,0,0,0,0
2026-09-04 07:01:05,3762.9,21.4,22.0,47.2,50.0,0,0,0,0
2026-09-04 07:01:07,3764.9,21.4,22.0,47.2,50.0,0,0,0,0
2026-09-04 07:01:09,3767.0,21.4,22.0,47.2,50.0,0,0,0,0
2026-09-04 07:01:11,3769.0,21.4,22.0,47.2,50.0,0,0,0,0
2026-09-04 07:01:13,3771.0,21.4,22.0,47.3,50.0,0,0,0,0
2026-09-04 07:01:15,3773.0,21.4,22.0,47.3,50.0,0,0,0,0
2026-09-04 07:01:17,3775.0,21.4,22.0,47.3,50.0,0,0,0,0
2026-09-04 07:01:19,3777.0,21.4,22.0,47.3,50.0,0,0,0,0
2026-09-04 07:01:21,3779.0,21.4,22.0,47.4,50.0,0,0,0,0
2026-09-04 07:01:23,3781.0,21.4,22.0,47.4,50.0,0,0,0,0
2026-09-04 07:01:25,3783.0,21.4,22.0,47.4,50.0,0,0,0,0
2026-09-04 07:01:27,3785.0,21.4,22.0,47.4,50.0,0,0,0,0
2026-09-04 07:01:29,3787.0,21.4,22.0,47.4,50.0,0,0,0,0
2026-09-04 07:01:31,3789.0,21.4,22.0,47.4,50.0,0,0,0,0
2026-09-04 07:01:33,3791.0,21.4,22.0,47.4,50.0,0,0,0,0
2026-09-04 07:01:35,3793.0,21.4,22.0,47.4,50.0,0,0,0,0
2026-09-04 07:01:37,3795.0,21.4,22.0,47.5,50.0,0,0,0,0
2026-09-04 07:01:39,3797.1,21.4,22.0,47.5,50.0,0,0,0,0
2026-09-04 07:01:41,3799.1,21.4,22.0,47.5,50.0,0,0,0,0
2026-09-04 07:01:43,3801.1,21.4,22.0,47.5,50.0,0,0,0,0
2026-09-04 07:01:45,3803.1,21.3,22.0,47.5,50.0,0,0,0,0
2026-09-04 07:01:48,3805.1,21.3,22.0,47.5,50.0,0,0,0,0
2026-09-04 07:01:50,3807.1,21.3,22.0,47.5,50.0,0,0,0,0
2026-09-04 07:01:52,3809.1,21.3,22.0,47.5,50.0,0,0,0,0
2026-09-04 07:01:54,3811.1,21.3,22.0,47.6,50.0,0,0,0,0
2026-09-04 07:01:56,3813.1,21.3,22.0,47.6,50.0,0,0,0,0
2026-09-04 07:01:58,3815.1,21.3,22.0,47.6,50.0,0,0,0,0
2026-09-04 07:02:00,3817.1,21.3,22.0,47.6,50.0,0,0,0,0
2026-09-04 07:02:02,3819.1,21.3,22.0,47.6,50.0,0,0,0,0
2026-09-04 07:02:04,3821.1,21.3,22.0,47.7,50.0,0,0,0,0
2026-09-04 07:02:06,3823.1,21.3,22.0,47.7,50.0,0,0,0,0
2026-09-04 07:02:08,3825.1,21.3,22.0,47.7,50.0,0,0,0,0
2026-09-04 07:02:10,3827.1,21.3,22.0,47.7,50.0,0,0,0,0
2026-09-04 07:02:12,3829.2,21.3,22.0,47.7,50.0,0,0,0,0
2026-09-04 07:02:14,3831.2,21.3,22.0,47.7,50.0,0,0,0,0
2026-09-04 07:02:16,3833.2,21.3,22.0,47.7,50.0,0,0,0,0
2026-09-04 07:02:18,3835.2,21.3,22.0,47.7,50.0,0,0,0,0
2026-09-04 07:02:20,3837.2,21.3,22.0,47.8,50.0,0,0,0,0
2026-09-04 07:02:22,3839.2,21.3,22.0,47.8,50.0,0,0,0,0
2026-09-04 07:02:24,3841.2,21.3,22.0,47.8,50.0,0,0,0,0
2026-09-04 07:02:26,3843.2,21.3,22.0,47.8,50.0,0,0,0,0
2026-09-04 07:02:28,3845.2,21.3,22.0,47.8,50.0,0,0,0,0
2026-09-04 07:02:30,3847.2,21.3,22.0,47.8,50.0,0,0,0,0
2026-09-04 07:02:32,3849.2,21.3,22.0,47.8,50.0,0,0,0,0
2026-09-04 07:02:34,3851.2,21.3,22.0,47.8,50.0,0,0,0,0
2026-09-04 07:02:36,3853.2,21.3,22.0,47.8,50.0,0,0,0,0
2026-09-04 07:02:38,3855.2,21.3,22.0,47.8,50.0,0,0,0,0
2026-09-04 07:02:40,3857.2,21.3,22.0,47.8,50.0,0,0,0,0
2026-09-04 07:02:42,3859.3,21.2,22.0,47.8,50.0,0,0,0,0
2026-09-04 07:02:44,3861.3,21.2,22.0,47.9,50.0,0,0,0,0
2026-09-04 07:02:46,3863.3,21.2,22.0,47.9,50.0,0,0,0,0
2026-09-04 07:02:48,3865.3,21.2,22.0,47.8,50.0,0,0,0,0
2026-09-04 07:02:50,3867.3,21.2,22.0,47.9,50.0,0,0,0,0
2026-09-04 07:02:52,3869.3,21.2,22.0,47.9,50.0,0,0,0,0
2026-09-04 07:02:54,3871.3,21.2,22.0,47.9,50.0,0,0,0,0
2026-09-04 07:02:56,3873.3,21.2,22.0,47.9,50.0,0,0,0,0
2026-09-04 07:02:58,3875.3,21.2,22.0,47.9,50.0,0,0,0,0
2026-09-04 07:03:00,3877.3,21.2,22.0,47.9,50.0,0,0,0,0
2026-09-04 07:03:02,3879.3,21.2,22.0,47.9,50.0,0,0,0,0
2026-09-04 07:03:04,3881.3,21.2,22.0,47.9,50.0,0,0,0,0
2026-09-04 07:03:06,3883.3,21.2,22.0,47.9,50.0,0,0,0,0
2026-09-04 07:03:08,3885.3,21.2,22.0,47.9,50.0,0,0,0,0
2026-09-04 07:03:10,3887.3,21.2,22.0,47.9,50.0,0,0,0,0
2026-09-04 07:03:12,3889.3,21.2,22.0,48.0,50.0,0,0,0,0
2026-09-04 07:03:14,3891.4,21.2,22.0,48.0,50.0,0,0,0,0
2026-09-04 07:03:16,3893.4,21.2,22.0,48.0,50.0,0,0,0,0
2026-09-04 07:03:18,3895.4,21.2,22.0,48.0,50.0,0,0,0,0
2026-09-04 07:03:20,3897.4,21.2,22.0,48.0,50.0,0,0,0,0
2026-09-04 07:03:22,3899.4,21.2,22.0,48.0,50.0,0,0,0,0
2026-09-04 07:03:24,3901.4,21.2,22.0,48.0,50.0,0,0,0,0
2026-09-04 07:03:26,3903.4,21.2,22.0,48.1,50.0,0,0,0,0
2026-09-04 07:03:28,3905.4,21.2,22.0,48.1,50.0,0,0,0,0
2026-09-04 07:03:30,3907.4,21.2,22.0,48.1,50.0,0,0,0,0
2026-09-04 07:03:32,3909.4,21.2,22.0,48.1,50.0,0,0,0,0
2026-09-04 07:03:34,3911.4,21.2,22.0,48.1,50.0,0,0,0,0
2026-09-04 07:03:36,3913.4,21.2,22.0,48.1,50.0,0,0,0,0
2026-09-04 07:03:38,3915.4,21.2,22.0,48.1,50.0,0,0,0,0
2026-09-04 07:03:40,3917.4,21.2,22.0,48.1,50.0,0,0,0,0
2026-09-04 07:03:42,3919.4,21.2,22.0,48.1,50.0,0,0,0,0
2026-09-04 07:03:44,3921.5,21.2,22.0,48.1,50.0,0,0,0,0
2026-09-04 07:03:46,3923.5,21.2,22.0,48.1,50.0,0,0,0,0
2026-09-04 07:03:48,3925.5,21.2,22.0,48.2,50.0,0,0,0,0
2026-09-04 07:03:50,3927.5,21.2,22.0,48.2,50.0,0,0,0,0
2026-09-04 07:03:52,3929.5,21.2,22.0,48.2,50.0,0,0,0,0
2026-09-04 07:03:54,3931.5,21.2,22.0,48.2,50.0,0,0,0,0
2026-09-04 07:03:56,3933.5,21.1,22.0,48.3,50.0,0,0,0,0
2026-09-04 07:03:58,3935.5,21.1,22.0,48.2,50.0,0,0,0,0
2026-09-04 07:04:00,3937.5,21.1,22.0,48.3,50.0,0,0,0,0
2026-09-04 07:04:02,3939.5,21.1,22.0,48.3,50.0,0,0,0,0
2026-09-04 07:04:04,3941.5,21.1,22.0,48.3,50.0,0,0,0,0
2026-09-04 07:04:06,3943.5,21.1,22.0,48.3,50.0,0,0,0,0
2026-09-04 07:04:08,3945.5,21.1,22.0,48.3,50.0,0,0,0,0
2026-09-04 07:04:10,3947.5,21.1,22.0,48.4,50.0,0,0,0,0
2026-09-04 07:04:12,3949.5,21.1,22.0,48.4,50.0,0,0,0,0
2026-09-04 07:04:14,3951.6,21.1,22.0,48.4,50.0,0,0,0,0
2026-09-04 07:04:16,3953.6,21.1,22.0,48.5,50.0,0,0,0,0
2026-09-04 07:04:18,3955.6,21.1,22.0,48.5,50.0,0,0,0,0
2026-09-04 07:04:20,3957.6,21.1,22.0,48.5,50.0,0,0,0,0
2026-09-04 07:04:22,3959.6,21.1,22.0,48.5,50.0,0,0,0,0
2026-09-04 07:04:24,3961.6,21.1,22.0,48.5,50.0,0,0,0,0
2026-09-04 07:04:26,3963.6,21.1,22.0,48.5,50.0,0,0,0,0
2026-09-04 07:04:28,3965.6,21.1,22.0,48.5,50.0,0,0,0,0
2026-09-04 07:04:30,3967.6,21.1,22.0,48.5,50.0,0,0,0,0
2026-09-04 07:04:32,3969.6,21.1,22.0,48.5,50.0,0,0,0,0
2026-09-04 07:04:34,3971.6,21.1,22.0,48.5,50.0,0,0,0,0
2026-09-04 07:04:36,3973.6,21.1,22.0,48.5,50.0,0,0,0,0
2026-09-04 07:04:38,3975.6,21.1,22.0,48.5,50.0,0,0,0,0
2026-09-04 07:04:40,3977.6,21.1,22.0,48.6,50.0,0,0,0,0
2026-09-04 07:04:42,3979.6,21.1,22.0,48.5,50.0,0,0,0,0
2026-09-04 07:04:44,3981.6,21.1,22.0,48.5,50.0,0,0,0,0
2026-09-04 07:04:46,3983.7,21.1,22.0,48.6,50.0,0,0,0,0
2026-09-04 07:04:48,3985.7,21.1,22.0,48.6,50.0,0,0,0,0
2026-09-04 07:04:50,3987.7,21.1,22.0,48.6,50.0,0,0,0,0
2026-09-04 07:04:52,3989.7,21.1,22.0,48.6,50.0,0,0,0,0
2026-09-04 07:04:54,3991.7,21.1,22.0,48.6,50.0,0,0,0,0
2026-09-04 07:04:56,3993.7,21.1,22.0,48.6,50.0,0,0,0,0
2026-09-04 07:04:58,3995.7,21.1,22.0,48.6,50.0,0,0,0,0
2026-09-04 07:05:00,3997.7,21.1,22.0,48.6,50.0,0,0,0,0
2026-09-04 07:05:02,3999.7,21.1,22.0,48.6,50.0,0,0,0,0
2026-09-04 07:05:04,4001.7,21.1,22.0,48.6,50.0,0,0,0,0
2026-09-04 07:05:06,4003.7,21.1,22.0,48.6,50.0,0,0,0,0
2026-09-04 07:05:08,4005.7,21.0,22.0,48.6,50.0,0,0,0,0
2026-09-04 07:05:10,4007.7,21.0,22.0,48.6,50.0,0,0,0,0
2026-09-04 07:05:12,4009.7,21.0,22.0,48.6,50.0,0,0,0,0
2026-09-04 07:05:14,4011.7,21.0,22.0,48.7,50.0,0,0,0,0
2026-09-04 07:05:16,4013.8,21.0,22.0,48.7,50.0,0,0,0,0
2026-09-04 07:05:18,4015.8,21.0,22.0,48.7,50.0,0,0,0,0
2026-09-04 07:05:20,4017.8,21.0,22.0,48.7,50.0,0,0,0,0
2026-09-04 07:05:22,4019.8,21.0,22.0,48.7,50.0,0,0,0,0
2026-09-04 07:05:24,4021.8,21.0,22.0,48.7,50.0,0,0,0,0
2026-09-04 07:05:26,4023.8,21.0,22.0,48.7,50.0,0,0,0,0
2026-09-04 07:05:28,4025.8,21.0,22.0,48.7,50.0,0,0,0,0
2026-09-04 07:05:30,4027.8,21.0,22.0,48.7,50.0,0,0,0,0
2026-09-04 07:05:32,4029.8,21.0,22.0,48.7,50.0,0,0,0,0
2026-09-04 07:05:34,4031.8,21.0,22.0,48.7,50.0,0,0,0,0
2026-09-04 07:05:36,4033.8,21.0,22.0,48.7,50.0,0,0,0,0
2026-09-04 07:05:38,4035.8,21.0,22.0,48.7,50.0,0,0,0,0
2026-09-04 07:05:40,4037.8,21.0,22.0,48.8,50.0,0,0,0,0
2026-09-04 07:05:42,4039.8,21.0,22.0,48.8,50.0,0,0,0,0
2026-09-04 07:05:44,4041.8,21.0,22.0,48.8,50.0,0,0,0,0
2026-09-04 07:05:46,4043.9,21.0,22.0,48.8,50.0,0,0,0,0
2026-09-04 07:05:48,4045.9,21.0,22.0,48.8,50.0,0,0,0,0
2026-09-04 07:05:50,4047.9,21.0,22.0,48.8,50.0,0,0,0,0
2026-09-04 07:05:52,4049.9,21.0,22.0,48.8,50.0,0,0,0,0
2026-09-04 07:05:54,4051.9,21.0,22.0,48.9,50.0,0,0,0,0
2026-09-04 07:05:56,4053.9,21.0,22.0,48.8,50.0,0,0,0,0
2026-09-04 07:05:58,4055.9,21.0,22.0,48.8,50.0,0,0,0,0
2026-09-04 07:06:00,4057.9,21.0,22.0,48.9,50.0,0,0,0,0
2026-09-04 07:06:02,4059.9,21.0,22.0,48.8,50.0,0,0,0,0
2026-09-04 07:06:04,4061.9,21.0,22.0,48.9,50.0,0,0,0,0
2026-09-04 07:06:06,4063.9,21.0,22.0,48.8,50.0,0,0,0,0
2026-09-04 07:06:08,4065.9,21.0,22.0,48.9,50.0,0,0,0,0
2026-09-04 07:06:10,4067.9,21.0,22.0,48.9,50.0,0,0,0,0
2026-09-04 07:06:12,4069.9,21.0,22.0,48.9,50.0,0,0,0,0
2026-09-04 07:06:14,4071.9,21.0,22.0,48.9,50.0,0,0,0,0
2026-09-04 07:06:16,4073.9,21.0,22.0,48.9,50.0,0,0,0,0
2026-09-04 07:06:18,4076.0,21.0,22.0,48.9,50.0,0,0,0,0
2026-09-04 07:06:20,4078.0,21.0,22.0,48.9,50.0,0,0,0,0
2026-09-04 07:06:22,4080.0,21.0,22.0,48.9,50.0,0,0,0,0
2026-09-04 07:06:24,4082.0,21.0,22.0,48.9,50.0,1,0,0,0
2026-09-04 07:06:26,4084.0,21.0,22.0,49.0,50.0,1,0,0,0
2026-09-04 07:06:28,4086.0,21.0,22.0,49.0,50.0,1,0,0,0
2026-09-04 07:06:30,4088.0,21.0,22.0,49.0,50.0,1,0,0,0
2026-09-04 07:06:32,4090.0,21.0,22.0,48.9,50.0,1,0,0,0
2026-09-04 07:06:34,4092.0,21.0,22.0,49.0,50.0,1,0,0,0
2026-09-04 07:06:36,4094.0,21.0,22.0,49.0,50.0,1,0,0,0
2026-09-04 07:06:38,4096.0,21.0,22.0,49.0,50.0,1,0,0,0
2026-09-04 07:06:40,4098.0,21.0,22.0,49.0,50.0,1,0,0,0
2026-09-04 07:06:42,4100.0,21.0,22.0,49.0,50.0,1,0,0,0
2026-09-04 07:06:44,4102.0,21.0,22.0,49.0,50.0,1,0,0,0
2026-09-04 07:06:46,4104.0,21.0,22.0,48.9,50.0,1,0,0,0
2026-09-04 07:06:48,4106.1,21.0,22.0,48.9,50.0,1,0,0,0
2026-09-04 07:06:50,4108.1,21.0,22.0,48.9,50.0,1,0,0,0
2026-09-04 07:06:52,4110.1,21.0,22.0,48.9,50.0,1,0,0,0
2026-09-04 07:06:54,4112.1,21.0,22.0,48.9,50.0,1,0,0,0
2026-09-04 07:06:57,4114.1,21.0,22.0,48.9,50.0,1,0,0,0
2026-09-04 07:06:59,4116.1,21.0,22.0,48.9,50.0,1,0,0,0
2026-09-04 07:07:01,4118.1,21.0,22.0,48.8,50.0,1,0,0,0
2026-09-04 07:07:03,4120.1,21.1,22.0,48.8,50.0,1,0,0,0
2026-09-04 07:07:05,4122.1,21.1,22.0,48.8,50.0,1,0,0,0
2026-09-04 07:07:07,4124.1,21.1,22.0,48.8,50.0,1,0,0,0
2026-09-04 07:07:09,4126.1,21.1,22.0,48.8,50.0,1,0,0,0
2026-09-04 07:07:11,4128.1,21.1,22.0,48.8,50.0,1,0,0,0
2026-09-04 07:07:13,4130.1,21.1,22.0,48.8,50.0,1,0,0,0
2026-09-04 07:07:15,4132.1,21.1,22.0,48.8,50.0,1,0,0,0
2026-09-04 07:07:17,4134.1,21.1,22.0,48.8,50.0,1,0,0,0
2026-09-04 07:07:19,4136.2,21.1,22.0,48.8,50.0,1,0,0,0
2026-09-04 07:07:21,4138.2,21.1,22.0,48.7,50.0,1,0,0,0
2026-09-04 07:07:23,4140.2,21.1,22.0,48.7,50.0,1,0,0,0
2026-09-04 07:07:25,4142.2,21.1,22.0,48.7,50.0,1,0,0,0
2026-09-04 07:07:27,4144.2,21.1,22.0,48.7,50.0,1,0,0,0
2026-09-04 07:07:29,4146.2,21.1,22.0,48.7,50.0,1,0,0,0
2026-09-04 07:07:31,4148.2,21.2,22.0,48.8,50.0,1,0,0,0
2026-09-04 07:07:33,4150.2,21.2,22.0,48.8,50.0,1,0,0,0
2026-09-04 07:07:35,4152.2,21.2,22.0,48.8,50.0,1,0,0,0
2026-09-04 07:07:37,4154.2,21.2,22.0,48.8,50.0,1,0,0,0
2026-09-04 07:07:39,4156.2,21.2,22.0,48.8,50.0,1,0,0,0
2026-09-04 07:07:41,4158.2,21.2,22.0,48.7,50.0,1,0,0,0
2026-09-04 07:07:43,4160.2,21.2,22.0,48.7,50.0,1,0,0,0
2026-09-04 07:07:45,4162.2,21.2,22.0,48.8,50.0,1,0,0,0
2026-09-04 07:07:47,4164.2,21.2,22.0,48.7,50.0,1,0,0,0
2026-09-04 07:07:49,4166.2,21.2,22.0,48.7,50.0,1,0,0,0
2026-09-04 07:07:51,4168.3,21.2,22.0,48.7,50.0,1,0,0,0
2026-09-04 07:07:53,4170.3,21.2,22.0,48.7,50.0,1,0,0,0
2026-09-04 07:07:55,4172.3,21.2,22.0,48.7,50.0,1,0,0,0
2026-09-04 07:07:57,4174.3,21.2,22.0,48.7,50.0,1,0,0,0
2026-09-04 07:07:59,4176.3,21.2,22.0,48.7,50.0,1,0,0,0
2026-09-04 07:08:01,4178.3,21.2,22.0,48.7,50.0,1,0,0,0
2026-09-04 07:08:03,4180.3,21.2,22.0,48.7,50.0,1,0,0,0
2026-09-04 07:08:05,4182.3,21.2,22.0,48.7,50.0,1,0,0,0
2026-09-04 07:08:07,4184.3,21.3,22.0,48.7,50.0,1,0,0,0
2026-09-04 07:08:09,4186.3,21.3,22.0,48.7,50.0,1,0,0,0
2026-09-04 07:08:11,4188.3,21.3,22.0,48.7,50.0,1,0,0,0
2026-09-04 07:08:13,4190.3,21.3,22.0,48.7,50.0,1,0,0,0
2026-09-04 07:08:15,4192.3,21.3,22.0,48.7,50.0,1,0,0,0
2026-09-04 07:08:17,4194.3,21.3,22.0,48.7,50.0,1,0,0,0
2026-09-04 07:08:19,4196.3,21.3,22.0,48.7,50.0,1,0,0,0
2026-09-04 07:08:21,4198.4,21.3,22.0,48.7,50.0,1,0,0,0
2026-09-04 07:08:23,4200.4,21.3,22.0,48.7,50.0,1,0,0,0
2026-09-04 07:08:25,4202.4,21.3,22.0,48.7,50.0,1,0,0,0
2026-09-04 07:08:27,4204.4,21.3,22.0,48.7,50.0,1,0,0,0
2026-09-04 07:08:29,4206.4,21.3,22.0,48.7,50.0,1,0,0,0
2026-09-04 07:08:31,4208.4,21.3,22.0,48.7,50.0,1,0,0,0
2026-09-04 07:08:33,4210.4,21.3,22.0,48.7,50.0,1,0,0,0
2026-09-04 07:08:35,4212.4,21.4,22.0,48.7,50.0,1,0,0,0
2026-09-04 07:08:37,4214.4,21.4,22.0,48.7,50.0,1,0,0,0
2026-09-04 07:08:39,4216.4,21.4,22.0,48.7,50.0,1,0,0,0
2026-09-04 07:08:41,4218.4,21.4,22.0,48.7,50.0,1,0,0,0
2026-09-04 07:08:43,4220.4,21.4,22.0,48.7,50.0,1,0,0,0
2026-09-04 07:08:45,4222.4,21.4,22.0,48.6,50.0,1,0,0,0
2026-09-04 07:08:47,4224.4,21.4,22.0,48.6,50.0,1,0,0,0
2026-09-04 07:08:49,4226.4,21.4,22.0,48.6,50.0,1,0,0,0
2026-09-04 07:08:51,4228.4,21.4,22.0,48.6,50.0,1,0,0,0
2026-09-04 07:08:53,4230.5,21.4,22.0,48.6,50.0,1,0,0,0
2026-09-04 07:08:55,4232.5,21.4,22.0,48.6,50.0,1,0,0,0
2026-09-04 07:08:57,4234.5,21.4,22.0,48.6,50.0,1,0,0,0
2026-09-04 07:08:59,4236.5,21.4,22.0,48.6,50.0,1,0,0,0
2026-09-04 07:09:01,4238.5,21.4,22.0,48.6,50.0,1,0,0,0
2026-09-04 07:09:03,4240.5,21.4,22.0,48.5,50.0,1,0,0,0
2026-09-04 07:09:05,4242.5,21.4,22.0,48.5,50.0,1,0,0,0
2026-09-04 07:09:07,4244.5,21.4,22.0,48.5,50.0,1,0,0,0
2026-09-04 07:09:09,4246.5,21.4,22.0,48.5,50.0,1,0,0,0
2026-09-04 07:09:11,4248.5,21.5,22.0,48.5,50.0,1,0,0,0
2026-09-04 07:09:13,4250.5,21.5,22.0,48.5,50.0,1,0,0,0
2026-09-04 07:09:15,4252.5,21.5,22.0,48.5,50.0,1,0,0,0
2026-09-04 07:09:17,4254.5,21.5,22.0,48.5,50.0,1,0,0,0
2026-09-04 07:09:19,4256.5,21.5,22.0,48.5,50.0,1,0,0,0
2026-09-04 07:09:21,4258.5,21.5,22.0,48.4,50.0,1,0,0,0
2026-09-04 07:09:23,4260.6,21.5,22.0,48.4,50.0,1,0,0,0
2026-09-04 07:09:25,4262.6,21.5,22.0,48.4,50.0,1,0,0,0
2026-09-04 07:09:27,4264.6,21.5,22.0,48.4,50.0,1,0,0,0
2026-09-04 07:09:29,4266.6,21.5,22.0,48.4,50.0,1,0,0,0
2026-09-04 07:09:31,4268.6,21.5,22.0,48.4,50.0,1,0,0,0
2026-09-04 07:09:33,4270.6,21.5,22.0,48.4,50.0,1,0,0,0
2026-09-04 07:09:35,4272.6,21.5,22.0,48.4,50.0,1,0,0,0
2026-09-04 07:09:37,4274.6,21.5,22.0,48.4,50.0,1,0,0,0
2026-09-04 07:09:39,4276.6,21.5,22.0,48.4,50.0,1,0,0,0
2026-09-04 07:09:41,4278.6,21.6,22.0,48.4,50.0,1,0,0,0
2026-09-04 07:09:43,4280.6,21.5,22.0,48.4,50.0,1,0,0,0
2026-09-04 07:09:45,4282.6,21.6,22.0,48.4,50.0,1,0,0,0
2026-09-04 07:09:47,4284.6,21.6,22.0,48.4,50.0,1,0,0,0
2026-09-04 07:09:49,4286.6,21.6,22.0,48.4,50.0,1,0,0,0
2026-09-04 07:09:51,4288.6,21.6,22.0,48.4,50.0,1,0,0,0
2026-09-04 07:09:53,4290.6,21.6,22.0,48.3,50.0,1,0,0,0
2026-09-04 07:09:55,4292.7,21.6,22.0,48.3,50.0,1,0,0,0
